timestamp,zone_name,people_count,density,avg_speed_mps,stagnation_ratio,avg_dwell_time_sec,flow_conflict_ratio,directional_entropy,acceleration_variance,zone_transitions,inflow,outflow,risk_label,scenario
0.0,FOOD_COURT_A,8.26,0.0551,0.8958,0.0817,42.11,0.0397,0.2359,0.0013,2.11,2.11,0.0,SAFE,weekday_normal
1.0,FOOD_COURT_A,23.01,0.1534,0.9315,0.1077,34.6,0.0284,0.4739,0.002174,4.79,3.6,1.19,SAFE,weekday_normal
2.0,FOOD_COURT_A,22.5,0.15,1.0292,0.0771,51.83,0.0727,0.3688,0.001322,5.78,3.26,2.52,SAFE,weekday_normal
3.0,FOOD_COURT_A,21.59,0.144,1.2927,0.0419,49.24,0.0229,0.2791,0.002772,8.19,4.61,3.58,SAFE,weekday_normal
4.0,FOOD_COURT_A,15.35,0.1023,0.9507,0.1151,40.62,0.0252,0.2897,0.001349,7.9,3.7,4.2,SAFE,weekday_normal
5.0,FOOD_COURT_A,24.76,0.1651,0.9784,0.0915,47.16,0.0909,0.3267,0.002245,3.37,1.84,1.53,SAFE,weekday_normal
6.0,FOOD_COURT_A,27.27,0.1818,1.1854,0.0539,44.85,0.1105,0.4448,0.004867,12.39,4.01,8.38,SAFE,weekday_normal
7.0,FOOD_COURT_A,17.58,0.1172,1.2109,0.0736,45.92,0.0335,0.395,0.00406,8.26,5.72,2.55,SAFE,weekday_normal
8.0,FOOD_COURT_A,18.89,0.1259,1.1286,0.1131,57.44,0.0732,0.4249,0.005239,6.62,3.76,2.86,SAFE,weekday_normal
9.0,FOOD_COURT_A,24.55,0.1636,1.1099,0.0425,51.84,0.0853,0.4079,0.003343,4.07,1.38,2.69,SAFE,weekday_normal
10.0,FOOD_COURT_A,24.93,0.1662,1.1439,0.0918,25.82,0.0552,0.5203,0.003077,2.71,0.99,1.72,SAFE,weekday_normal
11.0,FOOD_COURT_A,16.45,0.1097,1.1937,0.201,37.23,0.081,0.4332,0.001387,9.67,5.21,4.45,SAFE,weekday_normal
12.0,FOOD_COURT_A,15.04,0.1003,1.4403,0.1893,57.29,0.0556,0.4164,0.001825,10.77,4.88,5.88,SAFE,weekday_normal
13.0,FOOD_COURT_A,24.58,0.1639,1.0007,0.1297,37.53,0.086,0.3277,0.004817,5.17,2.33,2.84,SAFE,weekday_normal
14.0,FOOD_COURT_A,43.5,0.29,0.8253,0.378,86.97,0.3453,0.752,0.00871,9.54,6.49,3.05,WARNING,weekday_normal
15.0,FOOD_COURT_A,60.23,0.4015,0.7684,0.4002,96.98,0.3518,0.654,0.011826,12.6,7.73,4.86,WARNING,weekday_normal
16.0,FOOD_COURT_A,33.98,0.2266,0.8576,0.2341,74.51,0.1821,0.396,0.004596,6.28,1.8,4.48,SAFE,weekday_normal
17.0,FOOD_COURT_A,32.62,0.2174,1.2411,0.2199,51.28,0.0895,0.3241,0.002337,7.22,3.38,3.84,SAFE,weekday_normal
18.0,FOOD_COURT_A,31.86,0.2124,1.3065,0.2508,47.87,0.0435,0.3743,0.001453,8.35,4.97,3.39,SAFE,weekday_normal
19.0,FOOD_COURT_A,23.62,0.1574,1.1928,0.1752,50.83,0.067,0.3212,0.000436,7.44,2.83,4.61,SAFE,weekday_normal
20.0,FOOD_COURT_A,26.18,0.1746,1.214,0.149,65.26,0.0826,0.3084,0.003711,8.21,3.58,4.63,SAFE,weekday_normal
21.0,FOOD_COURT_A,29.07,0.1938,0.9631,0.0753,56.49,0.0952,0.4158,0.008607,9.38,4.36,5.03,SAFE,weekday_normal
22.0,FOOD_COURT_A,24.98,0.1665,1.1598,0.0442,32.69,0.0892,0.3328,0.004627,3.34,2.7,0.64,SAFE,weekday_normal
23.0,FOOD_COURT_A,24.49,0.1633,1.1053,0.129,41.98,0.0526,0.3198,0.004439,6.05,2.4,3.65,SAFE,weekday_normal
24.0,FOOD_COURT_A,36.44,0.2429,1.4942,0.166,52.8,0.0722,0.4131,0.004899,5.22,2.56,2.66,SAFE,weekday_normal
25.0,FOOD_COURT_A,15.88,0.1058,1.3766,0.1562,34.74,0.0683,0.364,0.002655,10.08,6.15,3.93,SAFE,weekday_normal
26.0,FOOD_COURT_A,21.88,0.1459,1.542,0.0611,61.28,0.056,0.2817,0.002564,9.6,6.31,3.3,SAFE,weekday_normal
27.0,FOOD_COURT_A,15.89,0.1059,1.2584,0.0359,67.02,0.0328,0.3275,0.003052,6.83,5.66,1.17,SAFE,weekday_normal
28.0,FOOD_COURT_A,22.05,0.147,1.3767,0.0723,52.25,0.0839,0.3889,0.000916,7.82,5.42,2.4,SAFE,weekday_normal
29.0,FOOD_COURT_A,34.05,0.227,1.2265,0.1164,50.12,0.0637,0.3792,0.001685,7.22,2.62,4.6,SAFE,weekday_normal
30.0,FOOD_COURT_A,30.76,0.205,1.4621,0.1201,52.64,0.0575,0.4674,0.003378,3.08,2.43,0.64,SAFE,weekday_normal
31.0,FOOD_COURT_A,16.84,0.1123,1.3744,0.0975,45.01,0.104,0.4896,0.004252,8.81,5.46,3.36,SAFE,weekday_normal
32.0,FOOD_COURT_A,18.5,0.1234,1.4018,0.0879,38.56,0.1407,0.5163,0.001276,7.96,2.83,5.13,SAFE,weekday_normal
33.0,FOOD_COURT_A,13.31,0.0887,1.3697,0.1228,42.94,0.0731,0.4413,0.001535,8.07,4.96,3.1,SAFE,weekday_normal
34.0,FOOD_COURT_A,22.52,0.1501,1.4886,0.0886,46.52,0.0936,0.4857,0.004176,5.11,2.78,2.33,SAFE,weekday_normal
35.0,FOOD_COURT_A,29.72,0.1982,1.341,0.1586,54.46,0.0796,0.4241,0.001949,6.36,3.47,2.89,SAFE,weekday_normal
36.0,FOOD_COURT_A,31.36,0.209,1.3772,0.1383,48.77,0.0394,0.3363,0.002204,7.62,4.19,3.43,SAFE,weekday_normal
37.0,FOOD_COURT_A,55.1,0.3674,0.8805,0.2534,81.56,0.2707,0.6785,0.012419,17.11,12.38,4.73,WARNING,weekday_normal
38.0,FOOD_COURT_A,54.41,0.3628,0.8422,0.2403,104.69,0.2942,0.5847,0.01574,4.34,2.47,1.87,WARNING,weekday_normal
39.0,FOOD_COURT_A,57.59,0.3839,0.5944,0.3725,74.8,0.4405,0.734,0.01148,12.75,2.72,10.03,WARNING,weekday_normal
40.0,FOOD_COURT_A,82.21,0.5481,0.3518,0.4098,123.2,0.5305,0.8121,0.022397,26.91,11.91,15.0,HIGH,weekday_normal
41.0,FOOD_COURT_A,89.93,0.5995,0.228,0.6792,133.07,0.5552,0.8454,0.0271,20.21,13.13,7.08,HIGH,weekday_normal
42.0,FOOD_COURT_A,82.06,0.5471,0.2011,0.7281,223.25,0.5806,0.9355,0.026582,27.99,14.46,13.53,HIGH,weekday_normal
43.0,FOOD_COURT_A,88.58,0.5905,0.2595,0.8374,165.96,0.6282,0.9349,0.015626,11.78,7.45,4.33,HIGH,weekday_normal
44.0,FOOD_COURT_A,90.83,0.6056,0.0849,0.7143,213.15,0.6632,0.894,0.022105,23.0,13.39,9.61,HIGH,weekday_normal
45.0,FOOD_COURT_A,74.87,0.4991,0.0347,0.7108,153.42,0.6518,0.8837,0.018868,16.73,9.46,7.27,HIGH,weekday_normal
46.0,FOOD_COURT_A,103.28,0.6885,0.1421,0.6797,158.71,0.5445,0.8288,0.01513,21.05,10.43,10.62,HIGH,weekday_normal
47.0,FOOD_COURT_A,73.08,0.4872,0.1476,0.7259,170.47,0.5539,0.878,0.026281,18.13,9.41,8.72,HIGH,weekday_normal
48.0,FOOD_COURT_A,77.55,0.517,0.4601,0.4399,79.28,0.4498,0.6703,0.016384,13.64,9.42,4.22,WARNING,weekday_normal
49.0,FOOD_COURT_A,62.51,0.4167,0.3906,0.4122,77.05,0.2594,0.6318,0.00953,20.07,11.22,8.85,WARNING,weekday_normal
50.0,FOOD_COURT_A,51.19,0.3412,0.5718,0.5559,107.37,0.271,0.7763,0.009901,15.47,5.33,10.14,WARNING,weekday_normal
51.0,FOOD_COURT_A,44.68,0.2979,0.4503,0.4722,87.32,0.2712,0.6674,0.008346,11.69,7.12,4.57,WARNING,weekday_normal
52.0,FOOD_COURT_A,54.87,0.3658,0.5794,0.4243,97.48,0.2547,0.6389,0.012753,19.28,7.52,11.76,WARNING,weekday_normal
53.0,FOOD_COURT_A,66.7,0.4447,0.5453,0.4332,82.39,0.1741,0.5538,0.012394,12.04,7.65,4.39,WARNING,weekday_normal
54.0,FOOD_COURT_A,50.55,0.337,0.6523,0.5908,63.02,0.2658,0.6136,0.010011,18.32,8.9,9.42,WARNING,weekday_normal
55.0,FOOD_COURT_A,59.35,0.3957,0.3393,0.3875,95.51,0.2895,0.6861,0.009289,13.48,7.22,6.26,WARNING,weekday_normal
56.0,FOOD_COURT_A,55.62,0.3708,0.5711,0.3406,105.45,0.2886,0.6595,0.013089,10.72,9.59,1.13,WARNING,weekday_normal
57.0,FOOD_COURT_A,82.38,0.5492,0.4094,0.5719,100.57,0.422,0.6881,0.019458,26.53,11.06,15.48,HIGH,weekday_normal
58.0,FOOD_COURT_A,61.68,0.4112,0.6815,0.5,98.34,0.2887,0.7025,0.014816,12.89,8.42,4.46,WARNING,weekday_normal
59.0,FOOD_COURT_A,54.32,0.3621,0.7392,0.575,99.19,0.328,0.6546,0.00987,13.59,9.08,4.51,WARNING,weekday_normal
60.0,FOOD_COURT_A,40.15,0.2677,1.1321,0.2279,69.96,0.1904,0.439,0.004463,7.44,2.67,4.77,SAFE,weekday_normal
61.0,FOOD_COURT_A,32.71,0.2181,1.252,0.2172,44.36,0.0783,0.2623,0.005533,7.72,4.48,3.24,SAFE,weekday_normal
62.0,FOOD_COURT_A,25.76,0.1718,1.6782,0.1266,45.3,0.1294,0.4083,0.004064,7.86,4.16,3.7,SAFE,weekday_normal
63.0,FOOD_COURT_A,15.82,0.1055,1.6223,0.0865,34.7,0.0913,0.4072,0.004851,6.58,0.96,5.62,SAFE,weekday_normal
64.0,FOOD_COURT_A,25.99,0.1733,1.2247,0.1318,17.54,0.077,0.4549,0.005333,3.34,2.27,1.07,SAFE,weekday_normal
65.0,FOOD_COURT_A,21.12,0.1408,1.1644,0.0981,8.76,0.0776,0.3971,0.004675,11.29,6.27,5.01,SAFE,weekday_normal
66.0,FOOD_COURT_A,15.16,0.1011,1.2797,0.0659,32.4,0.0793,0.4124,0.002554,5.88,3.72,2.15,SAFE,weekday_normal
67.0,FOOD_COURT_A,23.43,0.1562,1.1235,0.0668,40.88,0.0646,0.3438,0.003015,8.7,3.12,5.58,SAFE,weekday_normal
68.0,FOOD_COURT_A,9.54,0.0636,0.9599,0.0406,45.9,0.0835,0.3617,0.002795,8.87,4.29,4.57,SAFE,weekday_normal
69.0,FOOD_COURT_A,9.84,0.0656,1.2917,0.1356,52.85,0.0494,0.3445,0.003624,6.06,1.67,4.39,SAFE,weekday_normal
70.0,FOOD_COURT_A,22.67,0.1511,1.0629,0.1205,50.01,0.1169,0.2987,0.002267,2.91,2.09,0.82,SAFE,weekday_normal
71.0,FOOD_COURT_A,32.18,0.2145,1.0674,0.1502,39.11,0.0516,0.2389,0.003628,7.54,1.58,5.96,SAFE,weekday_normal
72.0,FOOD_COURT_A,14.09,0.094,1.0649,0.1559,42.91,0.0621,0.4647,0.006206,6.9,4.51,2.39,SAFE,weekday_normal
73.0,FOOD_COURT_A,16.62,0.1108,1.1627,0.1314,38.7,0.0528,0.4359,0.002592,4.88,4.11,0.77,SAFE,weekday_normal
74.0,FOOD_COURT_A,17.07,0.1138,1.281,0.1775,59.6,0.0437,0.4536,0.002656,8.61,4.71,3.9,SAFE,weekday_normal
75.0,FOOD_COURT_A,5.9,0.0393,1.3149,0.0928,51.34,0.048,0.3647,0.000928,3.41,2.12,1.3,SAFE,weekday_normal
76.0,FOOD_COURT_A,20.06,0.1337,0.9276,0.1852,43.7,0.0731,0.4045,0.003229,4.54,1.22,3.32,SAFE,weekday_normal
77.0,FOOD_COURT_A,16.97,0.1132,1.3194,0.096,44.24,0.1275,0.3487,0.005606,7.04,4.56,2.48,SAFE,weekday_normal
78.0,FOOD_COURT_A,13.49,0.09,1.3985,0.0288,56.79,0.0573,0.3656,0.005272,8.23,3.68,4.55,SAFE,weekday_normal
79.0,FOOD_COURT_A,22.6,0.1507,1.4055,0.0979,47.8,0.0267,0.4258,0.003972,5.32,3.91,1.41,SAFE,weekday_normal
80.0,FOOD_COURT_A,24.31,0.1621,1.2243,0.1468,45.0,0.051,0.4822,0.001325,6.01,4.25,1.76,SAFE,weekday_normal
81.0,FOOD_COURT_A,29.77,0.1985,1.1746,0.0956,60.19,0.0768,0.5113,0.000418,8.56,3.9,4.66,SAFE,weekday_normal
82.0,FOOD_COURT_A,28.05,0.187,1.2006,0.15,42.38,0.0648,0.2247,0.003513,4.77,3.97,0.8,SAFE,weekday_normal
83.0,FOOD_COURT_A,12.83,0.0855,1.1266,0.1032,30.1,0.0497,0.2631,0.002079,7.12,3.45,3.68,SAFE,weekday_normal
84.0,FOOD_COURT_A,12.35,0.0824,1.2975,0.094,31.86,0.1356,0.3032,0.004358,6.9,5.93,0.97,SAFE,weekday_normal
85.0,FOOD_COURT_A,19.02,0.1268,1.1202,0.0749,34.37,0.13,0.4903,0.002608,6.28,2.25,4.03,SAFE,weekday_normal
86.0,FOOD_COURT_A,16.39,0.1092,1.0529,0.1915,51.66,0.0715,0.4409,0.002375,8.52,4.38,4.14,SAFE,weekday_normal
87.0,FOOD_COURT_A,26.24,0.1749,1.1249,0.0939,32.51,0.057,0.4095,0.005325,6.38,2.72,3.66,SAFE,weekday_normal
88.0,FOOD_COURT_A,8.47,0.0564,1.0252,0.1488,44.86,0.1102,0.3078,0.001597,7.88,4.19,3.69,SAFE,weekday_normal
89.0,FOOD_COURT_A,19.23,0.1282,1.2911,0.1359,56.16,0.1218,0.4884,0.003487,6.79,3.25,3.55,SAFE,weekday_normal
90.0,FOOD_COURT_A,16.54,0.1103,1.314,0.1284,52.55,0.0862,0.4268,0.004291,4.63,1.27,3.36,SAFE,weekday_normal
91.0,FOOD_COURT_A,20.37,0.1358,1.3471,0.1994,44.03,0.088,0.429,0.005596,7.1,3.36,3.74,SAFE,weekday_normal
92.0,FOOD_COURT_A,22.03,0.1469,1.3156,0.122,40.46,0.0722,0.4234,0.001679,7.55,4.95,2.6,SAFE,weekday_normal
93.0,FOOD_COURT_A,22.24,0.1483,1.1369,0.1224,60.08,0.0758,0.3604,0.005237,1.35,1.33,0.03,SAFE,weekday_normal
94.0,FOOD_COURT_A,25.41,0.1694,1.3538,0.1538,63.28,0.0725,0.2918,0.003511,5.93,4.45,1.48,SAFE,weekday_normal
95.0,FOOD_COURT_A,32.38,0.2158,1.2382,0.1264,47.95,0.0876,0.2624,0.005174,8.38,3.38,5.0,SAFE,weekday_normal
96.0,FOOD_COURT_A,50.31,0.3354,0.7975,0.3535,93.53,0.2825,0.5972,0.006647,17.58,7.81,9.77,WARNING,weekday_normal
97.0,FOOD_COURT_A,57.28,0.3819,0.609,0.4981,93.86,0.2086,0.6641,0.00801,14.12,9.1,5.02,WARNING,weekday_normal
98.0,FOOD_COURT_A,53.88,0.3592,0.6345,0.4033,82.61,0.4596,0.6405,0.014385,11.85,4.27,7.58,WARNING,weekday_normal
99.0,FOOD_COURT_A,33.89,0.2259,0.8611,0.189,56.25,0.1615,0.5984,0.007644,6.53,3.17,3.37,SAFE,weekday_normal
100.0,FOOD_COURT_A,19.83,0.1322,1.1049,0.1154,47.47,0.0994,0.3981,0.004667,6.71,1.91,4.81,SAFE,weekday_normal
101.0,FOOD_COURT_A,24.53,0.1635,1.4164,0.1435,46.37,0.0677,0.4581,0.004051,9.12,4.84,4.28,SAFE,weekday_normal
102.0,FOOD_COURT_A,22.92,0.1528,1.4312,0.1047,59.24,0.0876,0.6008,0.002798,5.58,3.81,1.78,SAFE,weekday_normal
103.0,FOOD_COURT_A,18.6,0.124,1.2651,0.1914,67.41,0.0945,0.4634,0.003107,6.21,4.42,1.79,SAFE,weekday_normal
104.0,FOOD_COURT_A,26.95,0.1796,1.2001,0.1666,60.89,0.0321,0.3433,0.000932,9.67,6.5,3.17,SAFE,weekday_normal
105.0,FOOD_COURT_A,33.56,0.2237,1.1698,0.1571,56.62,0.0215,0.507,0.004312,6.48,2.56,3.92,SAFE,weekday_normal
106.0,FOOD_COURT_A,26.87,0.1791,1.1399,0.0478,47.96,0.0581,0.5213,0.001294,5.44,3.85,1.59,SAFE,weekday_normal
107.0,FOOD_COURT_A,24.83,0.1656,0.9554,0.1331,40.98,0.0831,0.4325,0.003156,5.02,3.62,1.4,SAFE,weekday_normal
108.0,FOOD_COURT_A,20.78,0.1386,1.3425,0.1372,29.18,0.0575,0.4535,0.004233,10.48,5.33,5.15,SAFE,weekday_normal
109.0,FOOD_COURT_A,20.58,0.1372,1.4231,0.1212,37.53,0.0677,0.41,0.003318,7.99,4.59,3.4,SAFE,weekday_normal
110.0,FOOD_COURT_A,20.27,0.1351,1.0858,0.0984,47.47,0.0598,0.4038,0.00329,7.3,4.18,3.12,SAFE,weekday_normal
111.0,FOOD_COURT_A,27.42,0.1828,1.5312,0.0936,57.38,0.0448,0.4526,0.001612,8.76,2.56,6.2,SAFE,weekday_normal
112.0,FOOD_COURT_A,26.36,0.1757,1.1389,0.0968,69.75,0.0964,0.4416,0.001955,7.22,3.6,3.62,SAFE,weekday_normal
113.0,FOOD_COURT_A,25.45,0.1697,1.2934,0.051,69.58,0.0528,0.4379,0.001631,7.22,3.4,3.82,SAFE,weekday_normal
114.0,FOOD_COURT_A,24.54,0.1636,1.4792,0.109,56.11,0.0247,0.3329,0.004055,8.76,4.35,4.41,SAFE,weekday_normal
115.0,FOOD_COURT_A,26.02,0.1734,1.2575,0.108,46.51,0.0638,0.2878,0.0013,7.95,5.89,2.05,SAFE,weekday_normal
116.0,FOOD_COURT_A,13.44,0.0896,1.1641,0.0481,39.14,0.0799,0.3075,0.004016,5.8,5.8,0.0,SAFE,weekday_normal
117.0,FOOD_COURT_A,14.84,0.099,0.7518,0.1806,28.65,0.0339,0.4582,0.00672,9.75,5.58,4.17,SAFE,weekday_normal
118.0,FOOD_COURT_A,17.82,0.1188,1.1342,0.1163,45.9,0.0652,0.3376,0.002897,6.8,2.02,4.78,SAFE,weekday_normal
119.0,FOOD_COURT_A,16.55,0.1103,1.341,0.0389,34.88,0.1019,0.2988,0.002655,6.2,4.33,1.87,SAFE,weekday_normal
120.0,FOOD_COURT_A,30.83,0.2055,1.2812,0.0884,32.12,0.1257,0.3633,0.002086,7.63,3.6,4.03,SAFE,weekday_normal
121.0,FOOD_COURT_A,24.95,0.1663,1.2329,0.0982,33.77,0.0751,0.2712,0.005175,3.92,1.63,2.29,SAFE,weekday_normal
122.0,FOOD_COURT_A,27.14,0.1809,1.1118,0.1759,32.93,0.0853,0.2957,0.006764,5.75,1.64,4.11,SAFE,weekday_normal
123.0,FOOD_COURT_A,18.64,0.1243,1.1411,0.1173,41.84,0.0775,0.4497,0.007224,3.93,2.66,1.27,SAFE,weekday_normal
124.0,FOOD_COURT_A,22.34,0.1489,1.182,0.1226,35.94,0.039,0.2542,0.005634,8.94,5.16,3.78,SAFE,weekday_normal
125.0,FOOD_COURT_A,18.4,0.1227,1.1282,0.0982,36.18,0.0393,0.3017,0.002077,5.72,3.55,2.17,SAFE,weekday_normal
126.0,FOOD_COURT_A,16.69,0.1113,1.3012,0.1428,43.49,0.0807,0.5484,0.001081,6.02,1.65,4.37,SAFE,weekday_normal
127.0,FOOD_COURT_A,31.47,0.2098,1.107,0.1105,50.41,0.0824,0.4898,0.001135,4.96,3.75,1.2,SAFE,weekday_normal
128.0,FOOD_COURT_A,33.74,0.2249,1.1184,0.1583,33.87,0.0658,0.3087,0.002543,8.11,4.67,3.44,SAFE,weekday_normal
129.0,FOOD_COURT_A,32.3,0.2153,1.2091,0.1045,43.06,0.0715,0.4321,0.004202,3.65,2.32,1.33,SAFE,weekday_normal
130.0,FOOD_COURT_A,25.08,0.1672,1.3267,0.0657,27.61,0.1378,0.3146,0.004532,7.25,3.55,3.7,SAFE,weekday_normal
131.0,FOOD_COURT_A,22.39,0.1493,1.2523,0.0856,49.43,0.0892,0.3968,0.00391,7.31,2.5,4.81,SAFE,weekday_normal
132.0,FOOD_COURT_A,14.52,0.0968,1.1539,0.0521,60.12,0.0842,0.4134,0.002958,10.82,3.8,7.02,SAFE,weekday_normal
133.0,FOOD_COURT_A,17.45,0.1163,1.188,0.0305,38.35,0.0727,0.3528,0.002726,7.7,3.58,4.12,SAFE,weekday_normal
134.0,FOOD_COURT_A,31.04,0.2069,0.7299,0.073,83.14,0.2656,0.5263,0.011108,8.03,3.79,4.23,WARNING,weekday_normal
135.0,FOOD_COURT_A,26.67,0.1778,1.0216,0.1545,58.0,0.1263,0.3864,0.005009,6.5,2.92,3.58,SAFE,weekday_normal
136.0,FOOD_COURT_A,13.75,0.0916,1.3062,0.1373,72.93,0.0646,0.3784,0.003423,7.55,4.98,2.56,SAFE,weekday_normal
137.0,FOOD_COURT_A,12.03,0.0802,1.3266,0.1431,47.33,0.0194,0.3476,0.003675,4.88,1.28,3.6,SAFE,weekday_normal
138.0,FOOD_COURT_A,12.57,0.0838,1.2326,0.0429,67.33,0.0284,0.3809,0.004838,2.21,2.21,0.0,SAFE,weekday_normal
139.0,FOOD_COURT_A,16.0,0.1067,1.4672,0.0741,44.67,0.0936,0.3434,0.006108,7.11,4.52,2.59,SAFE,weekday_normal
140.0,FOOD_COURT_A,19.15,0.1277,1.4414,0.1515,57.65,0.0918,0.4502,0.003036,5.29,3.75,1.54,SAFE,weekday_normal
141.0,FOOD_COURT_A,20.99,0.14,1.6248,0.1212,44.96,0.0887,0.3019,0.00165,7.64,5.3,2.34,SAFE,weekday_normal
142.0,FOOD_COURT_A,18.49,0.1232,1.2511,0.1182,37.56,0.0607,0.4445,0.003445,6.91,5.47,1.45,SAFE,weekday_normal
143.0,FOOD_COURT_A,17.43,0.1162,1.4478,0.1288,47.55,0.1348,0.3593,0.004433,7.31,3.59,3.73,SAFE,weekday_normal
144.0,FOOD_COURT_A,24.54,0.1636,1.3782,0.0728,49.54,0.112,0.3701,0.002597,2.3,1.58,0.72,SAFE,weekday_normal
145.0,FOOD_COURT_A,10.65,0.071,1.2147,0.0802,49.59,0.1125,0.4633,0.002063,7.0,3.25,3.75,SAFE,weekday_normal
146.0,FOOD_COURT_A,25.29,0.1686,1.1799,0.1314,54.09,0.0606,0.4612,0.003176,6.73,3.55,3.18,SAFE,weekday_normal
147.0,FOOD_COURT_A,21.95,0.1463,1.1015,0.134,60.73,0.0748,0.4443,0.005436,11.09,3.86,7.23,SAFE,weekday_normal
148.0,FOOD_COURT_A,32.24,0.2149,1.2796,0.124,59.17,0.061,0.4535,0.00338,8.04,3.47,4.57,SAFE,weekday_normal
149.0,FOOD_COURT_A,41.73,0.2782,0.8125,0.2437,74.09,0.2835,0.7289,0.010795,11.77,4.01,7.76,WARNING,weekday_normal
150.0,FOOD_COURT_A,53.18,0.3545,0.8821,0.2376,69.37,0.2773,0.6373,0.008778,9.89,1.76,8.12,WARNING,weekday_normal
151.0,FOOD_COURT_A,57.05,0.3803,0.5409,0.214,60.61,0.3956,0.6285,0.019987,12.7,5.59,7.11,WARNING,weekday_normal
152.0,FOOD_COURT_A,69.08,0.4605,0.855,0.4444,101.42,0.2989,0.7225,0.014372,19.72,10.28,9.44,WARNING,weekday_normal
153.0,FOOD_COURT_A,54.76,0.3651,0.7226,0.5027,76.95,0.3001,0.6426,0.006179,13.14,6.79,6.35,WARNING,weekday_normal
154.0,FOOD_COURT_A,56.46,0.3764,0.7445,0.5471,70.74,0.2896,0.6871,0.01427,15.89,6.24,9.65,WARNING,weekday_normal
155.0,FOOD_COURT_A,41.78,0.2785,0.6167,0.3518,90.19,0.1871,0.7047,0.012164,8.5,5.83,2.66,WARNING,weekday_normal
156.0,FOOD_COURT_A,71.72,0.4781,0.3671,0.5934,191.99,0.3843,0.8035,0.022301,11.7,9.86,1.84,HIGH,weekday_normal
157.0,FOOD_COURT_A,82.56,0.5504,0.222,0.7214,155.64,0.5424,0.879,0.031061,20.54,10.7,9.84,HIGH,weekday_normal
158.0,FOOD_COURT_A,65.98,0.4398,0.4937,0.4236,97.04,0.3655,0.8495,0.015877,13.87,6.96,6.9,WARNING,weekday_normal
159.0,FOOD_COURT_A,50.39,0.336,0.696,0.3734,96.79,0.3698,0.6215,0.011311,12.5,8.99,3.51,WARNING,weekday_normal
160.0,FOOD_COURT_A,22.06,0.1471,1.4714,0.1854,64.19,0.1443,0.44,0.004896,6.96,2.69,4.27,SAFE,weekday_normal
161.0,FOOD_COURT_A,18.82,0.1255,1.1036,0.1282,55.26,0.1187,0.4268,0.003055,5.71,2.26,3.45,SAFE,weekday_normal
162.0,FOOD_COURT_A,12.99,0.0866,1.1609,0.0896,69.18,0.1412,0.3212,0.002021,9.03,3.61,5.42,SAFE,weekday_normal
163.0,FOOD_COURT_A,19.11,0.1274,1.0752,0.0633,47.19,0.0717,0.3867,0.004981,6.93,3.98,2.95,SAFE,weekday_normal
164.0,FOOD_COURT_A,18.46,0.1231,1.2521,0.1023,45.32,0.0758,0.3342,0.003711,6.69,4.82,1.86,SAFE,weekday_normal
165.0,FOOD_COURT_A,20.38,0.1359,1.141,0.1489,46.29,0.0385,0.4575,0.002278,11.26,6.31,4.95,SAFE,weekday_normal
166.0,FOOD_COURT_A,25.54,0.1703,1.1487,0.0635,46.62,0.0951,0.4724,0.003951,5.79,2.86,2.93,SAFE,weekday_normal
167.0,FOOD_COURT_A,49.79,0.3319,0.7574,0.2568,63.77,0.2822,0.7621,0.005849,17.24,7.06,10.18,WARNING,weekday_normal
168.0,FOOD_COURT_A,79.78,0.5319,0.3781,0.6775,185.24,0.4074,0.8093,0.019438,26.03,10.2,15.83,HIGH,weekday_normal
169.0,FOOD_COURT_A,88.41,0.5894,0.281,0.6776,191.05,0.5075,0.8472,0.03071,21.85,7.98,13.87,HIGH,weekday_normal
170.0,FOOD_COURT_A,87.52,0.5835,0.3297,0.6996,120.59,0.5234,0.9048,0.02977,17.23,8.48,8.75,HIGH,weekday_normal
171.0,FOOD_COURT_A,62.0,0.4133,0.7575,0.4533,123.98,0.4875,0.8173,0.01582,14.6,8.01,6.59,WARNING,weekday_normal
172.0,FOOD_COURT_A,59.93,0.3996,0.5827,0.4856,84.07,0.3421,0.7579,0.011364,19.03,8.94,10.09,WARNING,weekday_normal
173.0,FOOD_COURT_A,63.89,0.4259,0.5038,0.3642,100.71,0.3392,0.7279,0.013521,18.01,8.59,9.42,WARNING,weekday_normal
174.0,FOOD_COURT_A,59.79,0.3986,0.6881,0.3076,99.34,0.2064,0.535,0.012949,17.03,9.75,7.28,WARNING,weekday_normal
175.0,FOOD_COURT_A,32.43,0.2162,0.9527,0.1585,64.79,0.1233,0.5001,0.005375,7.21,4.27,2.94,SAFE,weekday_normal
176.0,FOOD_COURT_A,29.89,0.1993,1.0336,0.1452,46.88,0.1025,0.3758,0.002438,4.13,3.64,0.5,SAFE,weekday_normal
177.0,FOOD_COURT_A,22.08,0.1472,0.9657,0.0687,55.54,0.1346,0.384,0.002595,8.67,3.61,5.07,SAFE,weekday_normal
178.0,FOOD_COURT_A,23.57,0.1571,1.3333,0.1018,54.9,0.1147,0.6209,0.000778,8.0,2.47,5.54,SAFE,weekday_normal
179.0,FOOD_COURT_A,19.85,0.1323,1.2159,0.1405,64.9,0.1272,0.604,0.003373,4.54,3.61,0.92,SAFE,weekday_normal
180.0,FOOD_COURT_A,19.3,0.1287,0.7843,0.13,52.47,0.1356,0.5125,0.006319,6.83,3.66,3.17,SAFE,weekday_normal
181.0,FOOD_COURT_A,19.57,0.1305,0.9682,0.1074,42.73,0.0773,0.3156,0.003879,5.71,1.24,4.47,SAFE,weekday_normal
182.0,FOOD_COURT_A,19.53,0.1302,1.1317,0.1478,38.26,0.0926,0.6041,0.003792,5.39,3.23,2.16,SAFE,weekday_normal
183.0,FOOD_COURT_A,19.58,0.1305,1.1237,0.0809,54.27,0.0844,0.6209,0.003153,3.49,2.44,1.05,SAFE,weekday_normal
184.0,FOOD_COURT_A,25.69,0.1713,1.1453,0.1267,63.86,0.1071,0.4207,0.003249,4.84,2.58,2.26,SAFE,weekday_normal
185.0,FOOD_COURT_A,24.62,0.1642,0.807,0.0778,48.44,0.0605,0.3952,0.003182,5.51,3.16,2.35,SAFE,weekday_normal
186.0,FOOD_COURT_A,54.82,0.3655,0.8429,0.3717,50.69,0.2566,0.6477,0.01069,15.39,8.59,6.8,WARNING,weekday_normal
187.0,FOOD_COURT_A,26.89,0.1793,1.0871,0.1728,45.36,0.0803,0.4282,0.005437,5.52,3.74,1.78,SAFE,weekday_normal
188.0,FOOD_COURT_A,28.03,0.1869,1.3914,0.1416,53.99,0.1316,0.3458,0.00241,4.78,1.86,2.93,SAFE,weekday_normal
189.0,FOOD_COURT_A,31.81,0.2121,1.3079,0.1234,46.29,0.1182,0.4504,0.000723,6.29,5.46,0.83,SAFE,weekday_normal
190.0,FOOD_COURT_A,18.55,0.1237,1.4917,0.0964,32.63,0.0645,0.379,0.002386,4.46,3.26,1.21,SAFE,weekday_normal
191.0,FOOD_COURT_A,27.66,0.1844,0.9929,0.0651,51.42,0.1206,0.29,0.001986,7.21,3.46,3.75,SAFE,weekday_normal
192.0,FOOD_COURT_A,22.9,0.1527,0.9372,0.0898,41.93,0.0893,0.4014,0.001159,3.58,2.96,0.62,SAFE,weekday_normal
193.0,FOOD_COURT_A,19.63,0.1309,1.2431,0.0829,56.4,0.0931,0.3914,0.003074,2.78,1.14,1.63,SAFE,weekday_normal
194.0,FOOD_COURT_A,21.86,0.1457,1.0064,0.1609,51.05,0.0778,0.5005,0.001534,3.62,2.19,1.43,SAFE,weekday_normal
195.0,FOOD_COURT_A,39.06,0.2604,0.5075,0.3666,63.04,0.2641,0.7714,0.005642,6.61,0.67,5.93,WARNING,weekday_normal
196.0,FOOD_COURT_A,76.8,0.512,0.3692,0.7787,176.48,0.4539,0.755,0.019024,15.17,9.3,5.88,HIGH,weekday_normal
197.0,FOOD_COURT_A,87.67,0.5844,0.2825,0.7769,209.35,0.549,0.8387,0.021014,21.23,11.81,9.42,HIGH,weekday_normal
198.0,FOOD_COURT_A,64.09,0.4272,0.392,0.4981,136.14,0.4066,0.8008,0.009636,13.14,4.89,8.25,WARNING,weekday_normal
199.0,FOOD_COURT_A,52.72,0.3515,0.3035,0.6351,125.82,0.3616,0.7124,0.01229,16.57,8.3,8.26,WARNING,weekday_normal
200.0,FOOD_COURT_A,62.82,0.4188,0.5203,0.4471,121.81,0.4958,0.7032,0.018937,15.43,6.4,9.03,WARNING,weekday_normal
201.0,FOOD_COURT_A,40.27,0.2685,0.826,0.1462,61.46,0.2289,0.571,0.008499,8.69,4.59,4.1,SAFE,weekday_normal
202.0,FOOD_COURT_A,29.46,0.1964,0.9839,0.1431,62.35,0.141,0.4891,0.003576,5.91,3.82,2.09,SAFE,weekday_normal
203.0,FOOD_COURT_A,23.57,0.1571,1.017,0.1069,41.89,0.0897,0.2677,0.003471,5.6,3.5,2.1,SAFE,weekday_normal
204.0,FOOD_COURT_A,20.88,0.1392,1.1595,0.0953,36.62,0.055,0.2962,0.004364,5.65,2.56,3.09,SAFE,weekday_normal
205.0,FOOD_COURT_A,25.31,0.1687,1.1416,0.0286,49.16,0.0378,0.3739,0.003797,6.9,5.54,1.36,SAFE,weekday_normal
206.0,FOOD_COURT_A,22.52,0.1501,1.3581,0.1705,32.7,0.0492,0.408,0.001692,9.26,4.67,4.59,SAFE,weekday_normal
207.0,FOOD_COURT_A,24.96,0.1664,1.433,0.237,45.43,0.0565,0.4003,0.000508,5.17,2.46,2.71,SAFE,weekday_normal
208.0,FOOD_COURT_A,18.64,0.1242,1.2726,0.1812,34.28,0.0489,0.4946,0.00187,6.75,2.33,4.42,SAFE,weekday_normal
209.0,FOOD_COURT_A,17.56,0.1171,1.2677,0.1325,50.72,0.0668,0.4612,0.002517,6.35,3.9,2.45,SAFE,weekday_normal
210.0,FOOD_COURT_A,29.48,0.1965,0.9879,0.1317,38.14,0.0814,0.4241,0.001377,8.72,5.09,3.63,SAFE,weekday_normal
211.0,FOOD_COURT_A,22.02,0.1468,1.112,0.0906,42.95,0.0973,0.2859,0.000413,4.17,2.67,1.49,SAFE,weekday_normal
212.0,FOOD_COURT_A,28.83,0.1922,1.1176,0.0805,49.45,0.0748,0.5425,0.001842,8.83,4.05,4.78,SAFE,weekday_normal
213.0,FOOD_COURT_A,33.06,0.2204,1.2411,0.0563,37.2,0.11,0.3428,0.004952,6.43,2.15,4.28,SAFE,weekday_normal
214.0,FOOD_COURT_A,19.57,0.1304,0.9651,0.0169,43.91,0.0463,0.2876,0.00328,4.49,0.0,4.49,SAFE,weekday_normal
215.0,FOOD_COURT_A,6.46,0.0431,1.1262,0.064,44.91,0.0852,0.2671,0.004644,8.98,4.57,4.4,SAFE,weekday_normal
216.0,FOOD_COURT_A,15.4,0.1027,1.2115,0.1304,37.18,0.0256,0.3816,0.004877,5.8,1.47,4.33,SAFE,weekday_normal
217.0,FOOD_COURT_A,23.52,0.1568,0.9233,0.0743,41.57,0.0177,0.3797,0.005889,7.2,3.53,3.67,SAFE,weekday_normal
218.0,FOOD_COURT_A,44.26,0.2951,0.6501,0.2419,68.51,0.253,0.5203,0.011543,18.0,10.53,7.46,WARNING,weekday_normal
219.0,FOOD_COURT_A,49.32,0.3288,0.8492,0.2675,72.86,0.2119,0.6157,0.013495,15.93,9.47,6.46,WARNING,weekday_normal
220.0,FOOD_COURT_A,45.69,0.3046,0.6901,0.3489,98.59,0.2878,0.5469,0.010594,16.32,7.56,8.75,WARNING,weekday_normal
221.0,FOOD_COURT_A,47.97,0.3198,0.3833,0.478,71.16,0.2917,0.61,0.013638,10.81,3.0,7.81,WARNING,weekday_normal
222.0,FOOD_COURT_A,47.95,0.3197,0.5898,0.4208,88.57,0.3499,0.6183,0.012585,14.87,8.43,6.44,WARNING,weekday_normal
223.0,FOOD_COURT_A,44.18,0.2946,0.7226,0.3017,76.33,0.362,0.7654,0.01342,12.87,6.22,6.65,WARNING,weekday_normal
224.0,FOOD_COURT_A,31.81,0.2121,1.0205,0.1869,41.07,0.1451,0.4185,0.006783,7.67,4.57,3.09,SAFE,weekday_normal
225.0,FOOD_COURT_A,19.22,0.1282,1.5136,0.1157,40.06,0.0814,0.4681,0.003881,7.83,2.53,5.31,SAFE,weekday_normal
226.0,FOOD_COURT_A,22.12,0.1474,1.3204,0.1089,49.69,0.1138,0.3707,0.003833,6.52,1.13,5.39,SAFE,weekday_normal
227.0,FOOD_COURT_A,14.1,0.094,1.2386,0.0626,42.13,0.1094,0.4001,0.004068,7.44,6.46,0.98,SAFE,weekday_normal
228.0,FOOD_COURT_A,14.32,0.0954,1.3792,0.1215,41.09,0.1283,0.366,0.002815,3.94,0.0,3.94,SAFE,weekday_normal
229.0,FOOD_COURT_A,11.28,0.0752,1.409,0.0888,16.48,0.1001,0.4265,0.003511,7.07,5.35,1.72,SAFE,weekday_normal
230.0,FOOD_COURT_A,12.59,0.084,1.3367,0.1012,47.5,0.07,0.2679,0.00412,2.23,0.0,2.23,SAFE,weekday_normal
231.0,FOOD_COURT_A,12.57,0.0838,1.3599,0.0521,52.75,0.0899,0.2154,0.002387,7.14,5.29,1.85,SAFE,weekday_normal
232.0,FOOD_COURT_A,15.91,0.106,1.0493,0.1469,29.26,0.0662,0.3638,0.005339,8.12,4.07,4.05,SAFE,weekday_normal
233.0,FOOD_COURT_A,16.26,0.1084,1.2686,0.051,51.32,0.0479,0.3569,0.004052,14.48,6.49,7.99,SAFE,weekday_normal
234.0,FOOD_COURT_A,26.19,0.1746,1.3948,0.1196,46.12,0.1008,0.4647,0.002724,7.04,4.51,2.52,SAFE,weekday_normal
235.0,FOOD_COURT_A,25.95,0.173,1.3354,0.1386,50.14,0.1331,0.4189,0.003853,4.61,1.86,2.74,SAFE,weekday_normal
236.0,FOOD_COURT_A,18.42,0.1228,1.4934,0.109,51.32,0.1176,0.3216,0.003527,11.53,5.48,6.05,SAFE,weekday_normal
237.0,FOOD_COURT_A,20.64,0.1376,1.3741,0.0806,24.29,0.122,0.3362,0.00195,7.28,4.54,2.74,SAFE,weekday_normal
238.0,FOOD_COURT_A,17.2,0.1147,1.3874,0.1409,59.1,0.0946,0.3271,0.001282,7.05,1.85,5.2,SAFE,weekday_normal
239.0,FOOD_COURT_A,11.02,0.0735,1.1461,0.1767,43.6,0.0366,0.2844,0.004215,5.77,3.27,2.5,SAFE,weekday_normal
240.0,FOOD_COURT_A,51.89,0.3459,0.9433,0.236,88.7,0.3414,0.5267,0.008634,11.06,5.68,5.38,WARNING,weekday_normal
241.0,FOOD_COURT_A,63.15,0.421,0.4393,0.5111,146.16,0.4437,0.8029,0.025888,13.12,5.46,7.66,HIGH,weekday_normal
242.0,FOOD_COURT_A,51.71,0.3447,0.5033,0.297,108.11,0.4235,0.6268,0.016473,14.43,7.99,6.44,WARNING,weekday_normal
243.0,FOOD_COURT_A,31.49,0.2099,1.2838,0.2154,50.29,0.2063,0.5362,0.005434,10.36,4.73,5.63,SAFE,weekday_normal
244.0,FOOD_COURT_A,28.22,0.1882,0.9563,0.1256,49.49,0.1645,0.5017,0.00252,9.43,6.04,3.39,SAFE,weekday_normal
245.0,FOOD_COURT_A,21.82,0.1455,1.227,0.1051,58.15,0.096,0.4779,0.001428,6.53,3.46,3.06,SAFE,weekday_normal
246.0,FOOD_COURT_A,23.3,0.1554,1.2413,0.0341,44.34,0.1318,0.382,0.002551,9.05,3.37,5.68,SAFE,weekday_normal
247.0,FOOD_COURT_A,29.54,0.197,1.1244,0.0913,47.89,0.089,0.3288,0.001898,4.2,2.13,2.08,SAFE,weekday_normal
248.0,FOOD_COURT_A,33.88,0.2259,1.1247,0.1652,56.34,0.0941,0.4166,0.000709,9.26,3.81,5.45,SAFE,weekday_normal
249.0,FOOD_COURT_A,29.09,0.194,1.0438,0.1212,55.58,0.0784,0.4951,0.005622,3.57,2.32,1.25,SAFE,weekday_normal
250.0,FOOD_COURT_A,30.19,0.2013,1.2654,0.1963,40.29,0.1028,0.3431,0.001687,4.58,0.45,4.13,SAFE,weekday_normal
251.0,FOOD_COURT_A,25.03,0.1669,1.1234,0.165,39.52,0.0856,0.3851,0.000506,5.77,3.48,2.29,SAFE,weekday_normal
252.0,FOOD_COURT_A,47.98,0.3199,0.7446,0.4379,60.54,0.2007,0.5571,0.010451,11.39,4.4,6.99,WARNING,weekday_normal
253.0,FOOD_COURT_A,54.25,0.3617,0.6366,0.3545,65.67,0.2264,0.8496,0.015892,6.97,3.62,3.34,WARNING,weekday_normal
254.0,FOOD_COURT_A,50.18,0.3345,0.7727,0.2922,62.34,0.3415,0.7315,0.016895,4.8,1.65,3.15,WARNING,weekday_normal
255.0,FOOD_COURT_A,77.66,0.5177,0.4503,0.6322,156.47,0.5509,0.9194,0.016235,20.09,12.42,7.67,HIGH,weekday_normal
256.0,FOOD_COURT_A,54.57,0.3638,0.6838,0.4635,143.97,0.3696,0.7816,0.010542,13.19,6.28,6.91,WARNING,weekday_normal
257.0,FOOD_COURT_A,44.14,0.2943,0.4866,0.3655,127.57,0.4811,0.5995,0.004983,19.3,11.68,7.62,WARNING,weekday_normal
258.0,FOOD_COURT_A,51.92,0.3461,0.4375,0.4467,100.55,0.4067,0.8112,0.010776,10.52,4.71,5.81,WARNING,weekday_normal
259.0,FOOD_COURT_A,25.75,0.1717,0.797,0.2314,70.68,0.1715,0.5266,0.003305,6.3,3.05,3.25,SAFE,weekday_normal
260.0,FOOD_COURT_A,22.33,0.1489,0.9452,0.2246,62.77,0.0767,0.5084,0.004834,7.57,3.7,3.87,SAFE,weekday_normal
261.0,FOOD_COURT_A,23.59,0.1573,1.3154,0.1111,36.48,0.0733,0.3653,0.003461,8.0,5.36,2.64,SAFE,weekday_normal
262.0,FOOD_COURT_A,20.31,0.1354,1.3993,0.1242,42.91,0.0834,0.3426,0.002867,5.39,2.51,2.88,SAFE,weekday_normal
263.0,FOOD_COURT_A,54.38,0.3625,0.6383,0.3466,68.25,0.1657,0.5351,0.008614,6.62,5.49,1.14,WARNING,weekday_normal
264.0,FOOD_COURT_A,64.2,0.428,0.7685,0.3554,123.9,0.2925,0.7424,0.015872,16.56,8.04,8.53,WARNING,weekday_normal
265.0,FOOD_COURT_A,62.39,0.4159,0.7372,0.3123,128.23,0.3606,0.6677,0.011483,15.55,7.74,7.81,WARNING,weekday_normal
266.0,FOOD_COURT_A,86.03,0.5735,0.4761,0.6636,173.17,0.6447,0.8575,0.020428,14.84,7.35,7.49,HIGH,weekday_normal
267.0,FOOD_COURT_A,71.15,0.4743,0.4605,0.4101,111.97,0.319,0.7343,0.017686,15.18,4.73,10.45,WARNING,weekday_normal
268.0,FOOD_COURT_A,67.93,0.4529,0.6684,0.4539,80.87,0.3266,0.6926,0.008729,14.37,9.76,4.61,WARNING,weekday_normal
269.0,FOOD_COURT_A,54.7,0.3647,0.7139,0.3065,105.6,0.2357,0.7224,0.013208,13.36,5.26,8.11,WARNING,weekday_normal
270.0,FOOD_COURT_A,25.64,0.1709,1.3052,0.1426,62.48,0.1174,0.538,0.005309,5.07,3.6,1.47,SAFE,weekday_normal
271.0,FOOD_COURT_A,29.5,0.1966,1.1739,0.1435,53.76,0.1001,0.4808,0.001593,8.88,4.64,4.24,SAFE,weekday_normal
272.0,FOOD_COURT_A,23.15,0.1543,1.104,0.1641,41.35,0.0353,0.4781,0.000896,9.87,4.54,5.33,SAFE,weekday_normal
273.0,FOOD_COURT_A,25.57,0.1704,1.2389,0.165,65.04,0.0952,0.4444,0.003832,7.08,3.72,3.36,SAFE,weekday_normal
274.0,FOOD_COURT_A,33.07,0.2205,1.1255,0.0626,45.2,0.1043,0.4267,0.002961,5.46,4.34,1.12,SAFE,weekday_normal
275.0,FOOD_COURT_A,49.61,0.3307,0.8715,0.3468,69.69,0.2639,0.7408,0.007518,14.71,4.35,10.35,WARNING,weekday_normal
276.0,FOOD_COURT_A,77.37,0.5158,0.3261,0.7015,177.08,0.3934,0.8658,0.022018,14.77,7.93,6.83,HIGH,weekday_normal
277.0,FOOD_COURT_A,89.02,0.5935,0.3909,0.6699,169.74,0.548,0.9418,0.028888,24.08,12.24,11.84,HIGH,weekday_normal
278.0,FOOD_COURT_A,80.43,0.5362,0.4856,0.6123,168.17,0.4546,0.9077,0.027013,18.53,13.3,5.23,HIGH,weekday_normal
279.0,FOOD_COURT_A,70.75,0.4717,0.5914,0.4181,120.36,0.3073,0.6692,0.018683,13.21,8.57,4.64,WARNING,weekday_normal
280.0,FOOD_COURT_A,61.96,0.4131,0.6418,0.4749,100.51,0.3034,0.6428,0.015206,12.76,7.77,4.98,WARNING,weekday_normal
281.0,FOOD_COURT_A,56.0,0.3733,0.6253,0.3001,88.06,0.2951,0.6509,0.012116,14.69,6.85,7.85,WARNING,weekday_normal
282.0,FOOD_COURT_A,51.1,0.3407,0.7751,0.285,79.6,0.2858,0.6307,0.016827,9.86,4.15,5.7,WARNING,weekday_normal
283.0,FOOD_COURT_A,56.38,0.3759,0.6836,0.2921,100.41,0.1847,0.64,0.014502,20.84,7.46,13.38,WARNING,weekday_normal
284.0,FOOD_COURT_A,23.3,0.1553,1.1818,0.1221,61.36,0.0586,0.4389,0.00479,4.15,0.02,4.14,SAFE,weekday_normal
285.0,FOOD_COURT_A,31.63,0.2109,1.2789,0.1221,54.04,0.0196,0.3883,0.00472,4.64,3.43,1.22,SAFE,weekday_normal
286.0,FOOD_COURT_A,10.08,0.0672,0.9666,0.0888,58.59,0.0542,0.485,0.002779,3.14,0.55,2.59,SAFE,weekday_normal
287.0,FOOD_COURT_A,19.95,0.133,1.4632,0.1649,72.37,0.0678,0.4503,0.000834,7.29,5.72,1.57,SAFE,weekday_normal
288.0,FOOD_COURT_A,13.18,0.0878,1.3299,0.0813,45.7,0.0887,0.379,0.002883,6.64,3.21,3.43,SAFE,weekday_normal
289.0,FOOD_COURT_A,21.48,0.1432,1.4521,0.0728,37.67,0.0762,0.4928,0.003237,6.75,2.7,4.05,SAFE,weekday_normal
290.0,FOOD_COURT_A,17.26,0.1151,1.1572,0.0767,48.46,0.0871,0.4594,0.004967,7.65,4.53,3.11,SAFE,weekday_normal
291.0,FOOD_COURT_A,13.01,0.0867,1.1817,0.0548,36.2,0.0634,0.4424,0.003328,0.29,0.14,0.14,SAFE,weekday_normal
292.0,FOOD_COURT_A,18.51,0.1234,0.9821,0.1679,27.65,0.1078,0.382,0.002259,8.78,1.83,6.94,SAFE,weekday_normal
293.0,FOOD_COURT_A,21.75,0.145,1.2236,0.2853,17.91,0.1366,0.3705,0.00318,6.12,3.43,2.69,SAFE,weekday_normal
294.0,FOOD_COURT_A,22.88,0.1525,1.0507,0.1214,31.14,0.1312,0.3502,0.005055,6.39,2.58,3.81,SAFE,weekday_normal
295.0,FOOD_COURT_A,19.09,0.1272,1.2752,0.1841,39.0,0.1141,0.3933,0.005431,6.86,2.42,4.44,SAFE,weekday_normal
296.0,FOOD_COURT_A,23.61,0.1574,1.2568,0.1544,27.85,0.0574,0.4943,0.004193,6.18,4.3,1.88,SAFE,weekday_normal
297.0,FOOD_COURT_A,38.75,0.2584,0.9424,0.4154,64.28,0.2252,0.5095,0.008284,14.98,9.49,5.48,WARNING,weekday_normal
298.0,FOOD_COURT_A,69.92,0.4662,0.3559,0.5366,153.64,0.4697,0.775,0.010751,27.71,11.03,16.68,HIGH,weekday_normal
299.0,FOOD_COURT_A,80.13,0.5342,0.2934,0.7927,145.52,0.6692,0.8797,0.0194,21.54,14.41,7.13,HIGH,weekday_normal
300.0,FOOD_COURT_A,59.13,0.3942,0.4809,0.4453,77.17,0.4408,0.8598,0.014001,10.97,2.37,8.6,WARNING,weekday_normal
301.0,FOOD_COURT_A,44.81,0.2988,0.7141,0.407,111.77,0.297,0.772,0.0133,17.49,7.66,9.83,WARNING,weekday_normal
302.0,FOOD_COURT_A,50.57,0.3372,0.7775,0.4208,108.89,0.3255,0.6438,0.008792,13.78,6.76,7.02,WARNING,weekday_normal
303.0,FOOD_COURT_A,49.0,0.3266,0.6973,0.3774,82.51,0.3271,0.6872,0.006691,14.1,7.84,6.26,WARNING,weekday_normal
304.0,FOOD_COURT_A,52.9,0.3527,0.721,0.3491,88.7,0.3312,0.661,0.005085,9.52,6.42,3.11,WARNING,weekday_normal
305.0,FOOD_COURT_A,59.21,0.3947,0.8077,0.3377,91.47,0.4162,0.5842,0.005036,14.79,5.54,9.25,WARNING,weekday_normal
306.0,FOOD_COURT_A,55.95,0.373,0.59,0.4537,92.81,0.31,0.5602,0.011606,12.82,8.15,4.67,WARNING,weekday_normal
307.0,FOOD_COURT_A,39.49,0.2633,0.656,0.4336,85.42,0.3194,0.4699,0.009578,12.33,8.13,4.19,WARNING,weekday_normal
308.0,FOOD_COURT_A,89.71,0.5981,0.3857,0.6227,131.84,0.5205,0.6852,0.02138,22.26,12.46,9.8,HIGH,weekday_normal
309.0,FOOD_COURT_A,83.76,0.5584,0.3509,0.6626,177.47,0.646,0.7237,0.019941,18.23,10.13,8.1,HIGH,weekday_normal
310.0,FOOD_COURT_A,97.94,0.6529,0.3493,0.6889,160.22,0.5734,0.7925,0.016763,21.03,10.12,10.91,HIGH,weekday_normal
311.0,FOOD_COURT_A,75.33,0.5022,0.7809,0.4739,118.51,0.4445,0.6249,0.019388,18.24,7.51,10.73,WARNING,weekday_normal
312.0,FOOD_COURT_A,72.89,0.4859,0.6259,0.3873,106.85,0.368,0.7513,0.013404,18.39,9.91,8.48,WARNING,weekday_normal
313.0,FOOD_COURT_A,59.02,0.3935,0.6357,0.4675,64.41,0.3444,0.5741,0.01508,14.46,6.76,7.7,WARNING,weekday_normal
314.0,FOOD_COURT_A,65.72,0.4381,0.4972,0.5005,77.52,0.3325,0.6247,0.017412,17.48,9.72,7.76,WARNING,weekday_normal
315.0,FOOD_COURT_A,50.17,0.3345,0.6609,0.2853,69.43,0.3039,0.6423,0.009391,15.25,7.97,7.28,WARNING,weekday_normal
316.0,FOOD_COURT_A,24.93,0.1662,0.9989,0.108,55.94,0.1367,0.4301,0.004086,6.79,3.34,3.45,SAFE,weekday_normal
317.0,FOOD_COURT_A,19.26,0.1284,1.1524,0.0851,47.35,0.096,0.2636,0.005419,7.55,3.56,3.99,SAFE,weekday_normal
318.0,FOOD_COURT_A,14.59,0.0972,1.3492,0.0854,53.89,0.0671,0.365,0.00542,5.54,3.1,2.44,SAFE,weekday_normal
319.0,FOOD_COURT_A,23.15,0.1543,1.2254,0.058,56.51,0.0658,0.1453,0.003201,2.82,1.94,0.88,SAFE,weekday_normal
320.0,FOOD_COURT_A,23.32,0.1555,1.0001,0.1129,55.95,0.0709,0.3093,0.001931,7.35,1.48,5.87,SAFE,weekday_normal
321.0,FOOD_COURT_A,16.72,0.1115,1.1231,0.0864,38.36,0.0943,0.2622,0.003766,4.19,2.0,2.2,SAFE,weekday_normal
322.0,FOOD_COURT_A,24.42,0.1628,0.9764,0.1176,53.22,0.0738,0.458,0.003904,7.88,2.46,5.43,SAFE,weekday_normal
323.0,FOOD_COURT_A,15.41,0.1027,1.2892,0.1821,43.17,0.0981,0.609,0.002407,1.7,1.2,0.5,SAFE,weekday_normal
324.0,FOOD_COURT_A,26.31,0.1754,1.2635,0.1636,50.15,0.1266,0.4875,0.003751,6.62,2.41,4.2,SAFE,weekday_normal
325.0,FOOD_COURT_A,20.41,0.1361,1.3766,0.138,58.97,0.061,0.5663,0.005358,10.6,4.6,6.0,SAFE,weekday_normal
326.0,FOOD_COURT_A,26.46,0.1764,1.119,0.142,38.3,0.0916,0.3393,0.002576,9.5,4.56,4.93,SAFE,weekday_normal
327.0,FOOD_COURT_A,24.75,0.165,1.0275,0.1651,51.17,0.0824,0.3467,0.000773,8.09,1.89,6.19,SAFE,weekday_normal
328.0,FOOD_COURT_A,19.05,0.127,0.996,0.1287,47.66,0.1261,0.5479,0.00125,7.12,3.5,3.62,SAFE,weekday_normal
329.0,FOOD_COURT_A,15.84,0.1056,1.1085,0.141,50.43,0.0733,0.4636,0.000375,8.18,4.4,3.77,SAFE,weekday_normal
330.0,FOOD_COURT_A,26.66,0.1778,1.3757,0.1075,49.28,0.0963,0.3235,0.00391,11.17,6.1,5.07,SAFE,weekday_normal
331.0,FOOD_COURT_A,15.46,0.1031,1.099,0.0864,48.71,0.103,0.3589,0.002051,9.23,4.82,4.41,SAFE,weekday_normal
332.0,FOOD_COURT_A,11.79,0.0786,1.0371,0.097,42.96,0.1039,0.62,0.002854,7.69,2.24,5.45,SAFE,weekday_normal
333.0,FOOD_COURT_A,8.96,0.0597,1.0934,0.0902,37.8,0.0791,0.5852,0.000856,9.25,5.42,3.83,SAFE,weekday_normal
334.0,FOOD_COURT_A,12.7,0.0847,0.8823,0.1477,54.83,0.0575,0.422,0.001073,9.91,3.99,5.92,SAFE,weekday_normal
335.0,FOOD_COURT_A,22.87,0.1525,1.1978,0.1295,66.44,0.0733,0.3073,0.003051,8.43,6.63,1.8,SAFE,weekday_normal
336.0,FOOD_COURT_A,19.97,0.1332,1.1573,0.2161,44.69,0.0541,0.3794,0.004668,11.23,6.92,4.31,SAFE,weekday_normal
337.0,FOOD_COURT_A,13.31,0.0887,1.1868,0.1101,33.44,0.0956,0.4706,0.0014,10.07,5.88,4.19,SAFE,weekday_normal
338.0,FOOD_COURT_A,15.78,0.1052,1.5747,0.1282,31.87,0.0287,0.4891,0.001996,7.74,3.27,4.47,SAFE,weekday_normal
339.0,FOOD_COURT_A,25.62,0.1708,1.1436,0.1768,38.07,0.1091,0.4838,0.002507,5.53,2.72,2.81,SAFE,weekday_normal
340.0,FOOD_COURT_A,22.04,0.1469,1.2423,0.1154,37.73,0.0537,0.427,0.000752,4.4,2.47,1.93,SAFE,weekday_normal
341.0,FOOD_COURT_A,20.06,0.1338,0.8988,0.0477,35.37,0.1268,0.3639,0.002574,7.62,4.1,3.52,SAFE,weekday_normal
342.0,FOOD_COURT_A,35.44,0.2363,1.0147,0.0143,57.76,0.0707,0.3588,0.001307,5.03,2.96,2.06,SAFE,weekday_normal
343.0,FOOD_COURT_A,29.53,0.1969,1.5233,0.1243,51.06,0.106,0.4805,0.001703,5.72,2.28,3.44,SAFE,weekday_normal
344.0,FOOD_COURT_A,22.52,0.1501,1.4377,0.0749,42.2,0.0816,0.3276,0.001552,8.89,3.76,5.13,SAFE,weekday_normal
345.0,FOOD_COURT_A,23.52,0.1568,1.6688,0.0755,49.32,0.0964,0.3947,0.002427,4.15,4.15,0.0,SAFE,weekday_normal
346.0,FOOD_COURT_A,23.04,0.1536,1.4234,0.1506,45.42,0.0684,0.4693,0.002583,3.32,1.9,1.43,SAFE,weekday_normal
347.0,FOOD_COURT_A,30.89,0.2059,1.4141,0.1239,31.55,0.0616,0.3698,0.002767,8.09,4.14,3.95,SAFE,weekday_normal
348.0,FOOD_COURT_A,30.93,0.2062,1.1664,0.1605,43.2,0.1092,0.4391,0.00083,9.52,6.12,3.4,SAFE,weekday_normal
349.0,FOOD_COURT_A,27.59,0.1839,1.2903,0.0645,30.93,0.097,0.424,0.001489,9.42,3.71,5.71,SAFE,weekday_normal
350.0,FOOD_COURT_A,19.63,0.1308,1.2682,0.0383,38.57,0.0706,0.3611,0.001793,7.05,3.3,3.75,SAFE,weekday_normal
351.0,FOOD_COURT_A,6.48,0.0432,1.411,0.0657,43.27,0.0444,0.5308,0.005294,8.6,3.74,4.86,SAFE,weekday_normal
352.0,FOOD_COURT_A,55.64,0.371,0.9534,0.2515,93.85,0.1227,0.6436,0.011105,13.14,7.33,5.82,WARNING,weekday_normal
353.0,FOOD_COURT_A,48.14,0.3209,0.8864,0.4385,89.37,0.0786,0.6438,0.011507,9.84,4.47,5.36,WARNING,weekday_normal
354.0,FOOD_COURT_A,29.98,0.1998,1.1947,0.1631,70.22,0.0405,0.4256,0.006421,6.28,5.06,1.22,SAFE,weekday_normal
355.0,FOOD_COURT_A,66.56,0.4437,0.7903,0.29,108.23,0.1923,0.6068,0.010506,8.96,5.75,3.22,WARNING,weekday_normal
356.0,FOOD_COURT_A,54.38,0.3625,0.8279,0.3142,126.95,0.3657,0.6779,0.012741,14.75,7.71,7.05,WARNING,weekday_normal
357.0,FOOD_COURT_A,29.01,0.1934,1.3123,0.0943,74.86,0.1097,0.4022,0.008203,4.19,2.63,1.56,SAFE,weekday_normal
358.0,FOOD_COURT_A,9.3,0.062,1.1424,0.1463,35.77,0.0559,0.4228,0.008159,2.69,1.46,1.23,SAFE,weekday_normal
359.0,FOOD_COURT_A,19.68,0.1312,1.1742,0.1071,45.7,0.1134,0.4807,0.003039,9.36,5.56,3.79,SAFE,weekday_normal
360.0,FOOD_COURT_A,19.22,0.1281,1.6195,0.0854,38.79,0.1407,0.3004,0.000912,7.0,3.68,3.32,SAFE,weekday_normal
361.0,FOOD_COURT_A,19.29,0.1286,1.4379,0.1008,41.95,0.0618,0.3897,0.001314,5.33,0.22,5.12,SAFE,weekday_normal
362.0,FOOD_COURT_A,20.43,0.1362,1.2801,0.1396,46.02,0.1096,0.4298,0.004677,6.38,2.84,3.54,SAFE,weekday_normal
363.0,FOOD_COURT_A,25.93,0.1728,1.0784,0.0851,36.75,0.059,0.5874,0.005367,7.87,6.38,1.49,SAFE,weekday_normal
364.0,FOOD_COURT_A,13.79,0.092,1.18,0.0653,26.11,0.1111,0.5556,0.00356,11.18,5.0,6.18,SAFE,weekday_normal
365.0,FOOD_COURT_A,23.5,0.1567,1.0237,0.1319,42.86,0.083,0.3775,0.002161,9.9,6.57,3.33,SAFE,weekday_normal
366.0,FOOD_COURT_A,26.64,0.1776,1.2846,0.0757,26.59,0.0966,0.409,0.004154,6.91,2.45,4.47,SAFE,weekday_normal
367.0,FOOD_COURT_A,54.2,0.3613,0.7162,0.2688,95.38,0.3156,0.5026,0.010877,8.82,2.05,6.77,WARNING,weekday_normal
368.0,FOOD_COURT_A,64.15,0.4277,0.7661,0.3115,70.3,0.2603,0.5821,0.012046,17.19,7.19,10.0,WARNING,weekday_normal
369.0,FOOD_COURT_A,75.54,0.5036,0.3601,0.6285,143.63,0.5162,0.7418,0.020091,18.38,8.03,10.34,HIGH,weekday_normal
370.0,FOOD_COURT_A,68.41,0.4561,0.4891,0.4282,122.14,0.3393,0.7282,0.015588,11.17,7.35,3.81,WARNING,weekday_normal
371.0,FOOD_COURT_A,67.98,0.4532,0.6219,0.5493,96.84,0.2748,0.7206,0.01417,13.49,9.98,3.51,WARNING,weekday_normal
372.0,FOOD_COURT_A,64.9,0.4327,0.5879,0.4589,82.92,0.3656,0.7728,0.014588,12.22,6.08,6.14,WARNING,weekday_normal
373.0,FOOD_COURT_A,71.05,0.4737,0.4903,0.3761,94.5,0.4197,0.75,0.009799,20.52,13.21,7.31,WARNING,weekday_normal
374.0,FOOD_COURT_A,62.7,0.418,0.6497,0.3373,100.36,0.383,0.7666,0.007916,18.07,10.52,7.55,WARNING,weekday_normal
375.0,FOOD_COURT_A,37.3,0.2487,1.1982,0.1618,72.79,0.2116,0.433,0.003303,7.08,3.29,3.79,SAFE,weekday_normal
376.0,FOOD_COURT_A,19.98,0.1332,1.1464,0.1196,50.56,0.1178,0.4285,0.001175,1.62,1.62,0.0,SAFE,weekday_normal
377.0,FOOD_COURT_A,26.48,0.1765,1.7515,0.2028,44.76,0.0884,0.4922,0.004837,1.69,1.04,0.65,SAFE,weekday_normal
378.0,FOOD_COURT_A,25.86,0.1724,1.2806,0.089,64.12,0.0362,0.4037,0.003669,10.65,5.98,4.67,SAFE,weekday_normal
379.0,FOOD_COURT_A,34.49,0.23,0.9391,0.2842,77.72,0.2237,0.5712,0.004783,13.17,5.21,7.95,WARNING,weekday_normal
380.0,FOOD_COURT_A,26.11,0.1741,1.0713,0.1502,62.59,0.1241,0.3638,0.001808,6.77,1.27,5.51,SAFE,weekday_normal
381.0,FOOD_COURT_A,27.51,0.1834,1.3806,0.0962,43.01,0.0381,0.3978,0.005501,7.21,3.92,3.29,SAFE,weekday_normal
382.0,FOOD_COURT_A,24.61,0.1641,0.9697,0.111,38.49,0.0276,0.3559,0.003015,6.77,5.04,1.73,SAFE,weekday_normal
383.0,FOOD_COURT_A,17.56,0.1171,0.821,0.1231,23.82,0.0299,0.2124,0.002884,6.11,3.27,2.83,SAFE,weekday_normal
384.0,FOOD_COURT_A,14.67,0.0978,1.0001,0.0908,41.68,0.04,0.3706,0.003644,4.92,2.8,2.12,SAFE,weekday_normal
385.0,FOOD_COURT_A,43.68,0.2912,0.8289,0.2644,83.5,0.2192,0.5877,0.008354,13.77,6.59,7.18,WARNING,weekday_normal
386.0,FOOD_COURT_A,45.7,0.3047,0.5194,0.4106,52.47,0.3239,0.5916,0.009113,15.02,4.76,10.26,WARNING,weekday_normal
387.0,FOOD_COURT_A,52.5,0.35,0.4856,0.4186,67.25,0.328,0.565,0.004858,12.38,6.04,6.34,WARNING,weekday_normal
388.0,FOOD_COURT_A,33.94,0.2263,0.9622,0.2125,45.91,0.1912,0.402,0.005233,4.04,1.29,2.75,SAFE,weekday_normal
389.0,FOOD_COURT_A,46.5,0.31,0.8926,0.3634,76.73,0.2444,0.6691,0.00499,10.23,4.57,5.66,WARNING,weekday_normal
390.0,FOOD_COURT_A,49.46,0.3298,0.8717,0.3556,83.62,0.2426,0.605,0.014039,15.37,11.18,4.19,WARNING,weekday_normal
391.0,FOOD_COURT_A,63.55,0.4237,0.6976,0.2723,82.4,0.3313,0.7482,0.008737,12.36,6.09,6.27,WARNING,weekday_normal
392.0,FOOD_COURT_A,53.43,0.3562,0.49,0.3102,86.6,0.2491,0.6973,0.012676,14.77,6.47,8.31,WARNING,weekday_normal
393.0,FOOD_COURT_A,48.94,0.3263,0.6196,0.4288,68.15,0.3098,0.6084,0.007034,14.78,5.15,9.63,WARNING,weekday_normal
394.0,FOOD_COURT_A,82.68,0.5512,0.4455,0.6124,99.69,0.551,0.7309,0.018809,24.7,13.36,11.34,HIGH,weekday_normal
395.0,FOOD_COURT_A,86.38,0.5758,0.1407,0.6741,159.91,0.6308,0.8531,0.026405,13.33,8.6,4.73,HIGH,weekday_normal
396.0,FOOD_COURT_A,99.05,0.6603,0.1573,0.7196,189.97,0.6502,0.8857,0.023559,24.36,14.28,10.08,HIGH,weekday_normal
397.0,FOOD_COURT_A,87.11,0.5808,0.3142,0.6928,220.1,0.5026,0.8935,0.020442,17.86,6.75,11.11,HIGH,weekday_normal
398.0,FOOD_COURT_A,63.98,0.4265,0.759,0.412,87.23,0.379,0.8105,0.010984,13.18,9.12,4.06,WARNING,weekday_normal
399.0,FOOD_COURT_A,56.83,0.3788,0.8037,0.422,72.03,0.3497,0.7662,0.017043,17.77,9.22,8.55,WARNING,weekday_normal
400.0,FOOD_COURT_A,62.92,0.4195,0.4556,0.5826,153.11,0.5815,0.7941,0.013398,29.46,15.52,13.94,HIGH,weekday_normal
401.0,FOOD_COURT_A,56.93,0.3795,0.6594,0.4708,107.53,0.3089,0.7503,0.009499,20.54,12.46,8.08,WARNING,weekday_normal
402.0,FOOD_COURT_A,35.71,0.238,0.7094,0.2285,73.0,0.1652,0.498,0.005416,4.55,3.75,0.79,SAFE,weekday_normal
403.0,FOOD_COURT_A,26.74,0.1783,0.9464,0.1538,56.67,0.0526,0.5987,0.005532,4.58,2.9,1.67,SAFE,weekday_normal
404.0,FOOD_COURT_A,23.36,0.1557,1.1456,0.0626,52.49,0.103,0.5863,0.00341,7.49,7.25,0.24,SAFE,weekday_normal
405.0,FOOD_COURT_A,24.0,0.16,1.2805,0.0658,67.44,0.0652,0.314,0.002463,4.99,0.54,4.45,SAFE,weekday_normal
406.0,FOOD_COURT_A,45.91,0.3061,0.9425,0.3686,71.7,0.2415,0.532,0.011228,13.14,6.42,6.72,WARNING,weekday_normal
407.0,FOOD_COURT_A,50.52,0.3368,0.6289,0.3744,88.33,0.3295,0.5399,0.013842,5.31,0.24,5.08,WARNING,weekday_normal
408.0,FOOD_COURT_A,25.78,0.1719,0.9219,0.2485,58.3,0.1582,0.3853,0.007901,5.72,3.18,2.54,SAFE,weekday_normal
409.0,FOOD_COURT_A,13.2,0.088,1.4963,0.0847,29.55,0.1254,0.3386,0.004025,5.26,2.33,2.94,SAFE,weekday_normal
410.0,FOOD_COURT_A,20.51,0.1367,1.4667,0.0507,50.81,0.0732,0.5621,0.005577,5.21,3.33,1.88,SAFE,weekday_normal
411.0,FOOD_COURT_A,36.58,0.2439,0.8922,0.233,85.33,0.2996,0.5315,0.011122,14.94,9.33,5.61,WARNING,weekday_normal
412.0,FOOD_COURT_A,42.94,0.2863,0.727,0.4318,63.52,0.3303,0.5976,0.012171,15.98,8.77,7.2,WARNING,weekday_normal
413.0,FOOD_COURT_A,44.35,0.2956,0.7943,0.3789,98.68,0.3427,0.5887,0.013166,9.59,4.52,5.07,WARNING,weekday_normal
414.0,FOOD_COURT_A,82.6,0.5507,0.4712,0.5409,139.48,0.4974,0.8623,0.024603,17.2,7.03,10.17,HIGH,weekday_normal
415.0,FOOD_COURT_A,85.07,0.5671,0.2682,0.6406,185.59,0.5063,0.9477,0.014176,24.71,14.93,9.78,HIGH,weekday_normal
416.0,FOOD_COURT_A,88.71,0.5914,0.1743,0.6789,202.96,0.5453,0.8884,0.022688,24.38,12.25,12.13,HIGH,weekday_normal
417.0,FOOD_COURT_A,64.05,0.427,0.6629,0.3974,137.81,0.3463,0.7333,0.015459,7.95,3.25,4.7,WARNING,weekday_normal
418.0,FOOD_COURT_A,66.55,0.4437,0.5917,0.4591,104.57,0.2806,0.6194,0.010979,14.49,10.55,3.94,WARNING,weekday_normal
419.0,FOOD_COURT_A,73.76,0.4917,0.6019,0.2714,89.91,0.2354,0.6193,0.011213,16.56,9.39,7.17,WARNING,weekday_normal
420.0,FOOD_COURT_A,47.03,0.3135,1.1956,0.2227,51.32,0.1304,0.2456,0.005069,7.2,3.65,3.56,SAFE,weekday_normal
421.0,FOOD_COURT_A,28.73,0.1915,1.3547,0.137,53.4,0.141,0.3857,0.004057,1.22,1.22,0.0,SAFE,weekday_normal
422.0,FOOD_COURT_A,18.94,0.1263,1.2404,0.0411,61.37,0.0913,0.4225,0.003629,5.93,5.39,0.53,SAFE,weekday_normal
423.0,FOOD_COURT_A,21.23,0.1415,1.1364,0.1157,46.79,0.0765,0.4896,0.002192,4.27,1.19,3.08,SAFE,weekday_normal
424.0,FOOD_COURT_A,23.98,0.1599,1.1503,0.0489,44.89,0.0762,0.5088,0.001397,8.15,4.97,3.18,SAFE,weekday_normal
425.0,FOOD_COURT_A,15.48,0.1032,1.1122,0.082,49.12,0.0862,0.5405,0.000419,2.58,0.0,2.58,SAFE,weekday_normal
426.0,FOOD_COURT_A,17.7,0.118,1.3022,0.123,48.15,0.0822,0.4893,0.000126,3.8,2.94,0.85,SAFE,weekday_normal
427.0,FOOD_COURT_A,23.78,0.1586,1.25,0.0806,51.13,0.0247,0.3548,0.000561,5.63,3.12,2.52,SAFE,weekday_normal
428.0,FOOD_COURT_A,44.67,0.2978,0.8842,0.3495,84.4,0.209,0.5842,0.007381,12.27,2.89,9.38,WARNING,weekday_normal
429.0,FOOD_COURT_A,83.95,0.5596,0.442,0.4573,84.35,0.5278,0.7699,0.026314,18.89,6.88,12.01,HIGH,weekday_normal
430.0,FOOD_COURT_A,89.01,0.5934,0.4218,0.7493,134.22,0.5366,0.7627,0.020628,15.46,5.27,10.2,HIGH,weekday_normal
431.0,FOOD_COURT_A,102.66,0.6844,0.1516,0.8037,149.75,0.6159,0.8252,0.015047,28.53,11.49,17.04,HIGH,weekday_normal
432.0,FOOD_COURT_A,93.92,0.6261,0.2325,0.8339,176.49,0.705,0.8774,0.017774,13.95,10.29,3.67,HIGH,weekday_normal
433.0,FOOD_COURT_A,82.6,0.5507,0.2769,0.7297,177.27,0.652,0.8745,0.011657,20.87,7.64,13.24,HIGH,weekday_normal
434.0,FOOD_COURT_A,73.22,0.4881,0.1516,0.7147,123.35,0.5312,0.8245,0.0136,15.95,4.63,11.32,HIGH,weekday_normal
435.0,FOOD_COURT_A,60.97,0.4065,0.6466,0.5485,89.87,0.3976,0.6913,0.01313,18.94,10.77,8.16,WARNING,weekday_normal
436.0,FOOD_COURT_A,55.98,0.3732,0.8008,0.3996,87.49,0.3036,0.605,0.015189,18.16,12.46,5.69,WARNING,weekday_normal
437.0,FOOD_COURT_A,50.61,0.3374,0.6419,0.2903,75.7,0.3643,0.566,0.007364,13.9,5.42,8.48,WARNING,weekday_normal
438.0,FOOD_COURT_A,23.29,0.1553,0.8763,0.2215,54.55,0.1681,0.4587,0.006262,4.66,1.93,2.73,SAFE,weekday_normal
439.0,FOOD_COURT_A,20.86,0.1391,1.0994,0.1319,60.68,0.0763,0.3535,0.005429,7.28,2.61,4.68,SAFE,weekday_normal
440.0,FOOD_COURT_A,26.68,0.1779,1.3617,0.1551,66.55,0.0907,0.5168,0.003448,5.47,0.85,4.62,SAFE,weekday_normal
441.0,FOOD_COURT_A,12.15,0.081,1.5895,0.1596,44.6,0.084,0.4311,0.001034,4.57,2.09,2.48,SAFE,weekday_normal
442.0,FOOD_COURT_A,11.65,0.0777,1.1689,0.0717,43.75,0.0643,0.436,0.00332,7.08,4.37,2.71,SAFE,weekday_normal
443.0,FOOD_COURT_A,20.07,0.1338,1.2391,0.1417,38.36,0.134,0.3667,0.003141,6.15,2.49,3.66,SAFE,weekday_normal
444.0,FOOD_COURT_A,23.25,0.155,0.8953,0.1295,34.9,0.0822,0.4268,0.003153,6.95,5.08,1.87,SAFE,weekday_normal
445.0,FOOD_COURT_A,21.37,0.1425,1.1361,0.1162,34.97,0.0862,0.357,0.00248,3.65,2.47,1.18,SAFE,weekday_normal
446.0,FOOD_COURT_A,53.1,0.354,0.8424,0.2572,82.91,0.1867,0.6494,0.004254,17.51,10.06,7.45,WARNING,weekday_normal
447.0,FOOD_COURT_A,29.83,0.1989,1.2817,0.1868,61.49,0.142,0.401,0.003864,7.91,3.31,4.6,SAFE,weekday_normal
448.0,FOOD_COURT_A,30.26,0.2017,1.1447,0.1104,69.35,0.0957,0.347,0.004347,4.66,3.42,1.24,SAFE,weekday_normal
449.0,FOOD_COURT_A,30.15,0.201,1.122,0.0331,66.69,0.0543,0.4895,0.004728,3.77,2.15,1.63,SAFE,weekday_normal
450.0,FOOD_COURT_A,22.01,0.1467,1.1956,0.122,54.28,0.0688,0.5081,0.002395,8.2,3.38,4.82,SAFE,weekday_normal
451.0,FOOD_COURT_A,24.63,0.1642,1.404,0.0952,44.21,0.0906,0.3185,0.003131,8.67,4.33,4.35,SAFE,weekday_normal
452.0,FOOD_COURT_A,21.0,0.14,1.4675,0.1236,23.51,0.0888,0.3487,0.001256,6.59,4.0,2.59,SAFE,weekday_normal
453.0,FOOD_COURT_A,18.29,0.1219,1.4815,0.1195,51.86,0.0907,0.2874,0.00061,5.49,1.17,4.32,SAFE,weekday_normal
454.0,FOOD_COURT_A,24.81,0.1654,1.5292,0.1713,52.52,0.0536,0.4191,0.001066,6.89,2.99,3.9,SAFE,weekday_normal
455.0,FOOD_COURT_A,17.53,0.1169,1.3176,0.1377,50.65,0.108,0.5145,0.003182,8.86,4.77,4.1,SAFE,weekday_normal
456.0,FOOD_COURT_A,23.93,0.1595,1.314,0.149,32.33,0.094,0.4276,0.003165,6.91,2.81,4.11,SAFE,weekday_normal
457.0,FOOD_COURT_A,17.19,0.1146,1.2283,0.0477,45.62,0.068,0.4823,0.003051,5.98,4.09,1.89,SAFE,weekday_normal
458.0,FOOD_COURT_A,22.84,0.1523,1.054,0.1459,50.85,0.0622,0.2685,0.003336,5.21,3.43,1.78,SAFE,weekday_normal
459.0,FOOD_COURT_A,15.52,0.1035,0.8791,0.1311,44.51,0.0853,0.4185,0.003473,7.71,4.49,3.22,SAFE,weekday_normal
460.0,FOOD_COURT_A,14.01,0.0934,1.0003,0.0853,41.95,0.1196,0.3758,0.001541,9.66,4.31,5.34,SAFE,weekday_normal
461.0,FOOD_COURT_A,11.57,0.0772,1.3466,0.1436,29.51,0.1133,0.3883,0.001791,8.49,3.75,4.74,SAFE,weekday_normal
462.0,FOOD_COURT_A,24.84,0.1656,1.454,0.0673,48.69,0.0849,0.4081,0.002815,9.24,3.63,5.61,SAFE,weekday_normal
463.0,FOOD_COURT_A,14.2,0.0946,0.9575,0.0651,50.0,0.0978,0.394,0.002864,7.09,4.12,2.98,SAFE,weekday_normal
464.0,FOOD_COURT_A,13.43,0.0895,1.28,0.1504,31.52,0.0931,0.3726,0.003938,7.44,1.68,5.77,SAFE,weekday_normal
465.0,FOOD_COURT_A,9.34,0.0622,1.3626,0.0912,49.91,0.0495,0.5138,0.003301,5.48,2.61,2.88,SAFE,weekday_normal
466.0,FOOD_COURT_A,15.01,0.1,1.4527,0.0867,39.51,0.0716,0.4429,0.001429,5.87,3.05,2.82,SAFE,weekday_normal
467.0,FOOD_COURT_A,18.35,0.1224,1.3125,0.0547,43.29,0.0994,0.3971,0.004199,9.74,5.03,4.7,SAFE,weekday_normal
468.0,FOOD_COURT_A,28.5,0.19,0.9925,0.0781,38.07,0.0898,0.4,0.005243,8.72,3.34,5.39,SAFE,weekday_normal
469.0,FOOD_COURT_A,21.55,0.1437,1.0999,0.1328,60.09,0.1197,0.3082,0.003318,7.04,2.98,4.06,SAFE,weekday_normal
470.0,FOOD_COURT_A,16.13,0.1075,1.371,0.0572,49.76,0.0845,0.4595,0.002306,5.69,4.12,1.57,SAFE,weekday_normal
471.0,FOOD_COURT_A,33.25,0.2216,1.2484,0.0827,41.67,0.1297,0.3433,0.003872,9.25,4.03,5.22,SAFE,weekday_normal
472.0,FOOD_COURT_A,28.66,0.1911,0.9842,0.0819,56.61,0.1117,0.3498,0.002425,7.58,6.42,1.15,SAFE,weekday_normal
473.0,FOOD_COURT_A,23.12,0.1541,0.7822,0.0246,57.03,0.0931,0.366,0.004772,10.21,4.46,5.75,SAFE,weekday_normal
474.0,FOOD_COURT_A,20.85,0.139,0.8342,0.0892,46.79,0.0942,0.3786,0.006633,6.05,4.34,1.71,SAFE,weekday_normal
475.0,FOOD_COURT_A,21.87,0.1458,1.1333,0.0631,61.1,0.0763,0.3461,0.00343,7.67,4.58,3.09,SAFE,weekday_normal
476.0,FOOD_COURT_A,24.76,0.1651,0.7211,0.0371,59.88,0.053,0.4009,0.001368,9.32,4.6,4.72,SAFE,weekday_normal
477.0,FOOD_COURT_A,26.66,0.1777,1.2071,0.0917,47.04,0.0558,0.5238,0.001531,6.27,1.94,4.32,SAFE,weekday_normal
478.0,FOOD_COURT_A,18.99,0.1266,0.9212,0.0441,32.51,0.0645,0.4599,0.003166,5.34,2.74,2.6,SAFE,weekday_normal
479.0,FOOD_COURT_A,21.31,0.1421,0.9426,0.0225,48.25,0.0915,0.4665,0.00287,8.21,5.61,2.6,SAFE,weekday_normal
480.0,FOOD_COURT_A,24.19,0.1612,1.2186,0.1005,40.15,0.0705,0.4846,0.003138,7.87,1.73,6.13,SAFE,weekday_normal
481.0,FOOD_COURT_A,27.95,0.1864,1.3321,0.1049,54.12,0.0917,0.4276,0.002616,3.38,3.38,0.0,SAFE,weekday_normal
482.0,FOOD_COURT_A,23.47,0.1565,1.5891,0.0978,64.42,0.0949,0.3275,0.003074,5.02,3.32,1.7,SAFE,weekday_normal
483.0,FOOD_COURT_A,48.27,0.3218,0.8321,0.2977,61.94,0.3016,0.6106,0.011057,14.69,7.0,7.69,WARNING,weekday_normal
484.0,FOOD_COURT_A,49.21,0.328,0.7528,0.4952,120.57,0.3029,0.6013,0.013764,13.7,6.07,7.63,WARNING,weekday_normal
485.0,FOOD_COURT_A,25.71,0.1714,0.8038,0.2724,60.68,0.1671,0.3537,0.007165,8.41,4.51,3.9,SAFE,weekday_normal
486.0,FOOD_COURT_A,24.14,0.161,1.2602,0.1433,38.9,0.12,0.3155,0.003684,9.26,3.9,5.37,SAFE,weekday_normal
487.0,FOOD_COURT_A,46.11,0.3074,0.9144,0.3104,37.56,0.3148,0.5689,0.013714,4.26,4.26,0.0,WARNING,weekday_normal
488.0,FOOD_COURT_A,50.09,0.3339,0.8763,0.352,41.15,0.2131,0.676,0.01228,15.45,10.64,4.82,WARNING,weekday_normal
489.0,FOOD_COURT_A,51.5,0.3433,0.7035,0.3901,76.22,0.1994,0.7128,0.005261,10.37,1.87,8.5,WARNING,weekday_normal
490.0,FOOD_COURT_A,53.42,0.3561,0.7135,0.3228,75.17,0.3946,0.6718,0.012296,11.18,4.67,6.51,WARNING,weekday_normal
491.0,FOOD_COURT_A,52.3,0.3487,0.7644,0.2289,100.59,0.2861,0.6991,0.011222,14.76,10.3,4.46,WARNING,weekday_normal
492.0,FOOD_COURT_A,54.16,0.3611,0.5169,0.3823,93.2,0.1903,0.709,0.01529,15.91,10.21,5.7,WARNING,weekday_normal
493.0,FOOD_COURT_A,31.99,0.2133,1.0979,0.2107,39.39,0.1157,0.4533,0.005625,7.87,5.53,2.34,SAFE,weekday_normal
494.0,FOOD_COURT_A,23.29,0.1553,1.0151,0.1411,49.5,0.0863,0.5339,0.00265,6.84,3.07,3.77,SAFE,weekday_normal
495.0,FOOD_COURT_A,24.2,0.1614,0.6852,0.2194,51.93,0.0861,0.5394,0.006176,9.55,4.81,4.75,SAFE,weekday_normal
496.0,FOOD_COURT_A,20.5,0.1366,1.0926,0.0919,38.37,0.0436,0.3821,0.001853,5.56,3.04,2.52,SAFE,weekday_normal
497.0,FOOD_COURT_A,21.92,0.1462,1.7062,0.1547,29.94,0.0756,0.3436,0.001236,5.46,1.49,3.97,SAFE,weekday_normal
498.0,FOOD_COURT_A,24.93,0.1662,1.4593,0.0851,36.13,0.0911,0.316,0.004159,8.0,4.41,3.58,SAFE,weekday_normal
499.0,FOOD_COURT_A,24.68,0.1645,1.3885,0.0756,34.24,0.1284,0.3939,0.004238,3.76,2.27,1.5,SAFE,weekday_normal
500.0,FOOD_COURT_A,22.25,0.1483,1.1415,0.082,31.62,0.1284,0.3426,0.002767,5.33,4.07,1.26,SAFE,weekday_normal
501.0,FOOD_COURT_A,12.92,0.0861,1.2952,0.1336,35.77,0.0622,0.4053,0.001777,8.04,2.72,5.31,SAFE,weekday_normal
502.0,FOOD_COURT_A,19.42,0.1295,1.3785,0.0924,30.36,0.0865,0.4857,0.00388,7.52,4.05,3.47,SAFE,weekday_normal
503.0,FOOD_COURT_A,15.35,0.1024,1.3563,0.1571,45.3,0.0679,0.388,0.003598,4.67,1.56,3.11,SAFE,weekday_normal
504.0,FOOD_COURT_A,19.18,0.1279,1.2037,0.2072,54.49,0.1035,0.436,0.002665,6.14,3.09,3.05,SAFE,weekday_normal
505.0,FOOD_COURT_A,45.78,0.3052,0.8165,0.4143,100.04,0.1571,0.6479,0.00848,12.04,7.21,4.83,WARNING,weekday_normal
506.0,FOOD_COURT_A,43.42,0.2895,0.7991,0.4619,89.45,0.3053,0.6384,0.016295,12.27,7.91,4.36,WARNING,weekday_normal
507.0,FOOD_COURT_A,56.49,0.3766,0.6701,0.4788,92.43,0.3508,0.6452,0.009684,14.11,6.69,7.42,WARNING,weekday_normal
508.0,FOOD_COURT_A,76.51,0.5101,0.4132,0.6663,142.2,0.5836,0.75,0.016334,11.3,2.51,8.79,HIGH,weekday_normal
509.0,FOOD_COURT_A,97.12,0.6475,0.1749,0.5885,207.26,0.5892,0.8418,0.009966,20.52,7.41,13.11,HIGH,weekday_normal
510.0,FOOD_COURT_A,68.85,0.459,0.5429,0.5726,145.67,0.4066,0.7051,0.021941,13.54,8.57,4.98,WARNING,weekday_normal
511.0,FOOD_COURT_A,34.2,0.228,0.9828,0.2656,68.3,0.1766,0.5513,0.01304,6.76,4.71,2.05,SAFE,weekday_normal
512.0,FOOD_COURT_A,24.11,0.1607,0.8968,0.1085,43.27,0.1466,0.554,0.005576,8.41,5.34,3.07,SAFE,weekday_normal
513.0,FOOD_COURT_A,43.58,0.2905,0.9254,0.3499,79.64,0.2514,0.6476,0.008282,13.49,1.74,11.76,WARNING,weekday_normal
514.0,FOOD_COURT_A,71.32,0.4755,0.4449,0.4751,144.0,0.3084,0.6954,0.009758,24.63,14.14,10.49,HIGH,weekday_normal
515.0,FOOD_COURT_A,72.61,0.4841,0.2009,0.7519,189.67,0.5362,0.8437,0.033836,25.95,17.56,8.39,HIGH,weekday_normal
516.0,FOOD_COURT_A,76.47,0.5098,0.2817,0.6588,186.62,0.6724,0.819,0.027568,14.05,5.6,8.46,HIGH,weekday_normal
517.0,FOOD_COURT_A,68.41,0.456,0.2895,0.7311,191.55,0.5887,0.7726,0.01949,23.64,13.13,10.51,HIGH,weekday_normal
518.0,FOOD_COURT_A,40.99,0.2733,0.8587,0.236,84.36,0.1794,0.4068,0.008147,7.62,3.84,3.78,SAFE,weekday_normal
519.0,FOOD_COURT_A,27.19,0.1813,0.8913,0.1316,63.21,0.0663,0.4189,0.004685,8.44,3.56,4.88,SAFE,weekday_normal
520.0,FOOD_COURT_A,33.4,0.2227,1.4669,0.0395,52.79,0.0783,0.37,0.004194,5.78,3.56,2.22,SAFE,weekday_normal
521.0,FOOD_COURT_A,24.74,0.1649,0.9614,0.0522,32.72,0.1272,0.3813,0.002874,6.48,4.83,1.64,SAFE,weekday_normal
522.0,FOOD_COURT_A,51.86,0.3457,0.6678,0.2857,64.56,0.3116,0.6738,0.010954,16.38,9.65,6.73,WARNING,weekday_normal
523.0,FOOD_COURT_A,35.23,0.2349,0.8524,0.1591,45.82,0.2206,0.4788,0.00342,7.4,3.3,4.1,SAFE,weekday_normal
524.0,FOOD_COURT_A,29.9,0.1994,1.3669,0.0869,27.85,0.1131,0.3449,0.002216,7.66,4.42,3.25,SAFE,weekday_normal
525.0,FOOD_COURT_A,18.91,0.1261,1.2762,0.1002,44.43,0.1135,0.4165,0.0034,4.53,1.13,3.4,SAFE,weekday_normal
526.0,FOOD_COURT_A,17.9,0.1194,1.1252,0.1266,38.29,0.0782,0.4938,0.003388,9.82,5.3,4.52,SAFE,weekday_normal
527.0,FOOD_COURT_A,13.25,0.0883,1.5758,0.0722,48.43,0.0646,0.3551,0.003101,11.41,3.71,7.7,SAFE,weekday_normal
528.0,FOOD_COURT_A,7.36,0.0491,1.1947,0.1988,52.86,0.0507,0.5045,0.001642,4.27,2.67,1.6,SAFE,weekday_normal
529.0,FOOD_COURT_A,18.61,0.1241,1.2946,0.2053,33.69,0.0193,0.4209,0.002614,6.48,3.83,2.66,SAFE,weekday_normal
530.0,FOOD_COURT_A,38.64,0.2576,0.6677,0.397,79.74,0.2476,0.5587,0.006378,6.94,0.86,6.08,WARNING,weekday_normal
531.0,FOOD_COURT_A,60.55,0.4036,0.785,0.3615,75.61,0.3631,0.6205,0.008528,15.95,7.37,8.58,WARNING,weekday_normal
532.0,FOOD_COURT_A,44.64,0.2976,0.8455,0.3818,113.48,0.3836,0.6664,0.013618,10.73,6.01,4.71,WARNING,weekday_normal
533.0,FOOD_COURT_A,33.09,0.2206,1.1446,0.1633,60.15,0.1375,0.6298,0.006204,5.09,3.16,1.93,SAFE,weekday_normal
534.0,FOOD_COURT_A,32.66,0.2178,1.213,0.1376,44.57,0.1121,0.6231,0.002932,9.92,6.0,3.92,SAFE,weekday_normal
535.0,FOOD_COURT_A,19.5,0.13,0.9593,0.1618,46.76,0.1131,0.4584,0.0018,8.93,4.63,4.31,SAFE,weekday_normal
536.0,FOOD_COURT_A,18.94,0.1263,1.2171,0.1554,43.46,0.0986,0.473,0.002079,7.23,4.72,2.5,SAFE,weekday_normal
537.0,FOOD_COURT_A,16.54,0.1103,1.062,0.069,40.21,0.0649,0.2852,0.005555,7.54,5.38,2.16,SAFE,weekday_normal
538.0,FOOD_COURT_A,15.29,0.1019,1.3633,0.063,48.42,0.0653,0.2926,0.002919,8.47,4.6,3.87,SAFE,weekday_normal
539.0,FOOD_COURT_A,25.22,0.1682,1.4749,0.1976,33.43,0.0952,0.3334,0.004073,2.73,1.29,1.43,SAFE,weekday_normal
540.0,FOOD_COURT_A,40.71,0.2714,0.9074,0.2804,88.06,0.3244,0.618,0.015288,11.65,8.04,3.61,WARNING,weekday_normal
541.0,FOOD_COURT_A,60.63,0.4042,0.651,0.4139,120.46,0.3533,0.5567,0.009773,16.53,10.31,6.23,WARNING,weekday_normal
542.0,FOOD_COURT_A,57.44,0.3829,0.7459,0.4389,107.52,0.3154,0.6211,0.014334,14.39,8.38,6.01,WARNING,weekday_normal
543.0,FOOD_COURT_A,63.64,0.4243,0.6625,0.3381,85.47,0.2501,0.6433,0.017018,12.11,4.99,7.12,WARNING,weekday_normal
544.0,FOOD_COURT_A,53.08,0.3539,0.621,0.2617,88.28,0.2855,0.7068,0.014287,13.36,4.0,9.36,WARNING,weekday_normal
545.0,FOOD_COURT_A,56.11,0.374,0.6663,0.3439,83.92,0.3249,0.7213,0.006572,11.67,5.65,6.01,WARNING,weekday_normal
546.0,FOOD_COURT_A,57.34,0.3823,0.8052,0.3151,82.96,0.2856,0.6363,0.009156,12.94,8.93,4.02,WARNING,weekday_normal
547.0,FOOD_COURT_A,58.94,0.3929,0.4821,0.3212,85.62,0.4269,0.6477,0.003443,8.74,2.0,6.74,WARNING,weekday_normal
548.0,FOOD_COURT_A,60.74,0.405,0.6469,0.3741,112.53,0.3143,0.7329,0.003721,6.87,4.74,2.13,WARNING,weekday_normal
549.0,FOOD_COURT_A,54.94,0.3663,0.6433,0.3862,101.34,0.2534,0.6826,0.004275,16.3,10.41,5.89,WARNING,weekday_normal
550.0,FOOD_COURT_A,51.67,0.3445,0.8482,0.2949,77.2,0.2233,0.676,0.011193,21.93,8.85,13.08,WARNING,weekday_normal
551.0,FOOD_COURT_A,38.12,0.2541,0.7862,0.3155,79.4,0.2476,0.6152,0.017654,15.81,9.11,6.71,WARNING,weekday_normal
552.0,FOOD_COURT_A,59.76,0.3984,0.5003,0.2675,52.21,0.2493,0.6719,0.014056,10.5,7.37,3.12,WARNING,weekday_normal
553.0,FOOD_COURT_A,62.34,0.4156,0.6353,0.3976,49.04,0.3206,0.5944,0.011226,15.21,8.34,6.88,WARNING,weekday_normal
554.0,FOOD_COURT_A,51.3,0.342,0.6464,0.2781,101.34,0.3058,0.7326,0.009925,10.43,5.69,4.74,WARNING,weekday_normal
555.0,FOOD_COURT_A,60.33,0.4022,0.5595,0.3945,90.21,0.1774,0.6559,0.007251,10.76,7.08,3.67,WARNING,weekday_normal
556.0,FOOD_COURT_A,63.39,0.4226,0.6114,0.3719,105.04,0.3447,0.6714,0.007876,7.5,2.57,4.93,WARNING,weekday_normal
557.0,FOOD_COURT_A,53.29,0.3553,0.6519,0.3534,110.05,0.2845,0.6734,0.014907,14.35,7.85,6.5,WARNING,weekday_normal
558.0,FOOD_COURT_A,50.37,0.3358,0.5708,0.3125,90.05,0.3622,0.6625,0.008148,18.87,11.42,7.45,WARNING,weekday_normal
559.0,FOOD_COURT_A,43.74,0.2916,0.5706,0.3675,123.34,0.2551,0.7431,0.015743,11.38,5.43,5.96,WARNING,weekday_normal
560.0,FOOD_COURT_A,44.4,0.296,0.6005,0.3737,115.05,0.3768,0.6466,0.006237,14.33,6.95,7.38,WARNING,weekday_normal
561.0,FOOD_COURT_A,53.78,0.3586,0.594,0.3868,127.53,0.3638,0.6438,0.00852,17.32,6.58,10.74,WARNING,weekday_normal
562.0,FOOD_COURT_A,53.51,0.3567,0.6307,0.3483,123.99,0.4703,0.7007,0.011246,7.78,7.09,0.69,WARNING,weekday_normal
563.0,FOOD_COURT_A,60.05,0.4004,0.6611,0.4005,91.25,0.3382,0.6574,0.015349,17.91,6.05,11.86,WARNING,weekday_normal
564.0,FOOD_COURT_A,59.77,0.3985,0.4926,0.3771,82.47,0.1718,0.7852,0.015466,15.4,8.33,7.06,WARNING,weekday_normal
565.0,FOOD_COURT_A,46.74,0.3116,0.5418,0.4381,72.84,0.0983,0.6957,0.012544,15.81,7.34,8.47,WARNING,weekday_normal
566.0,FOOD_COURT_A,57.26,0.3817,0.6502,0.4811,61.77,0.2888,0.7286,0.007825,8.03,3.24,4.79,WARNING,weekday_normal
567.0,FOOD_COURT_A,51.13,0.3409,0.745,0.3673,70.05,0.2678,0.7729,0.010793,12.93,6.55,6.37,WARNING,weekday_normal
568.0,FOOD_COURT_A,63.25,0.4217,0.5841,0.4683,91.2,0.2931,0.8829,0.007943,9.68,6.12,3.57,WARNING,weekday_normal
569.0,FOOD_COURT_A,64.46,0.4297,0.8431,0.5234,115.28,0.2981,0.7153,0.004934,19.91,12.09,7.82,WARNING,weekday_normal
570.0,FOOD_COURT_A,54.5,0.3634,0.8753,0.3549,108.2,0.3013,0.7353,0.009658,10.21,3.37,6.84,WARNING,weekday_normal
571.0,FOOD_COURT_A,62.52,0.4168,0.7139,0.4267,80.66,0.3126,0.6529,0.013912,15.45,7.08,8.38,WARNING,weekday_normal
572.0,FOOD_COURT_A,65.21,0.4347,0.7563,0.4131,73.23,0.3176,0.6345,0.011369,10.26,6.06,4.2,WARNING,weekday_normal
573.0,FOOD_COURT_A,44.26,0.2951,0.5977,0.4035,64.88,0.3204,0.7994,0.015391,18.74,11.11,7.63,WARNING,weekday_normal
574.0,FOOD_COURT_A,49.23,0.3282,0.824,0.5402,81.87,0.2137,0.7822,0.013803,14.05,8.25,5.8,WARNING,weekday_normal
575.0,FOOD_COURT_A,47.13,0.3142,0.7538,0.4087,93.05,0.3202,0.6975,0.012178,15.54,6.47,9.08,WARNING,weekday_normal
576.0,FOOD_COURT_A,51.61,0.3441,0.778,0.394,70.19,0.3329,0.6562,0.015053,14.26,7.38,6.89,WARNING,weekday_normal
577.0,FOOD_COURT_A,68.61,0.4574,0.3516,0.4077,142.34,0.4831,0.8137,0.021154,15.15,10.04,5.11,HIGH,weekday_normal
578.0,FOOD_COURT_A,82.62,0.5508,0.172,0.6777,179.85,0.6551,0.9014,0.025814,20.65,9.59,11.06,HIGH,weekday_normal
579.0,FOOD_COURT_A,86.28,0.5752,0.1508,0.7667,238.33,0.532,0.8464,0.026541,22.13,13.36,8.77,HIGH,weekday_normal
580.0,FOOD_COURT_A,71.14,0.4743,0.1714,0.8683,213.27,0.6897,0.7805,0.031467,19.44,14.04,5.4,HIGH,weekday_normal
581.0,FOOD_COURT_A,57.91,0.3861,0.6337,0.5234,154.6,0.3839,0.7063,0.014612,9.97,7.02,2.95,WARNING,weekday_normal
582.0,FOOD_COURT_A,65.95,0.4397,0.5887,0.3721,125.58,0.3506,0.7401,0.012918,10.63,1.03,9.6,WARNING,weekday_normal
583.0,FOOD_COURT_A,73.25,0.4883,0.4654,0.379,107.32,0.4233,0.7232,0.01053,10.42,4.62,5.8,WARNING,weekday_normal
584.0,FOOD_COURT_A,56.54,0.3769,0.5016,0.2596,74.69,0.3362,0.7926,0.009685,8.8,5.11,3.7,WARNING,weekday_normal
585.0,FOOD_COURT_A,55.86,0.3724,0.8211,0.3805,81.91,0.2727,0.7064,0.01345,13.04,6.94,6.11,WARNING,weekday_normal
586.0,FOOD_COURT_A,19.62,0.1308,1.1824,0.2829,50.28,0.1483,0.5635,0.007927,3.72,3.1,0.62,SAFE,weekday_normal
587.0,FOOD_COURT_A,22.35,0.149,1.3446,0.1716,50.73,0.0886,0.4869,0.004112,4.8,4.33,0.47,SAFE,weekday_normal
588.0,FOOD_COURT_A,11.92,0.0795,1.1787,0.1453,35.86,0.0736,0.224,0.001418,5.32,1.84,3.48,SAFE,weekday_normal
589.0,FOOD_COURT_A,20.44,0.1363,1.3726,0.1056,36.23,0.0702,0.3959,0.004502,6.03,2.56,3.47,SAFE,weekday_normal
590.0,FOOD_COURT_A,13.6,0.0906,1.3432,0.2315,45.31,0.0803,0.3941,0.004137,6.09,4.63,1.46,SAFE,weekday_normal
591.0,FOOD_COURT_A,42.57,0.2838,0.8523,0.2491,104.44,0.1532,0.5805,0.005993,14.25,8.43,5.82,WARNING,weekday_normal
592.0,FOOD_COURT_A,33.4,0.2227,0.9773,0.0747,65.53,0.0855,0.4385,0.002876,7.45,6.46,0.99,SAFE,weekday_normal
593.0,FOOD_COURT_A,41.76,0.2784,1.2553,0.0573,54.39,0.0452,0.4495,0.002464,7.92,3.54,4.37,SAFE,weekday_normal
594.0,FOOD_COURT_A,32.46,0.2164,0.9935,0.1157,48.36,0.1143,0.343,0.006782,2.83,0.0,2.83,SAFE,weekday_normal
595.0,FOOD_COURT_A,14.51,0.0967,1.1901,0.1106,43.02,0.0873,0.6432,0.003773,6.62,4.27,2.35,SAFE,weekday_normal
596.0,FOOD_COURT_A,45.74,0.3049,0.8997,0.4331,41.36,0.2455,0.7524,0.009096,4.58,1.15,3.42,WARNING,weekday_normal
597.0,FOOD_COURT_A,79.14,0.5276,0.5011,0.755,144.54,0.4207,0.6843,0.02406,19.53,8.56,10.98,HIGH,weekday_normal
598.0,FOOD_COURT_A,102.6,0.684,0.3462,0.676,161.53,0.6625,0.7473,0.014837,23.26,11.87,11.39,HIGH,weekday_normal
599.0,FOOD_COURT_A,74.22,0.4948,0.5821,0.4394,81.63,0.5239,0.6143,0.010782,11.55,7.9,3.66,WARNING,weekday_normal
600.0,FOOD_COURT_A,71.42,0.4761,0.1816,0.6964,135.22,0.7681,0.7236,0.015574,20.48,9.3,11.18,HIGH,weekday_normal
601.0,FOOD_COURT_A,79.71,0.5314,0.2514,0.6307,127.88,0.5105,0.6876,0.019271,18.65,10.1,8.56,HIGH,weekday_normal
602.0,FOOD_COURT_A,97.5,0.65,0.3154,0.6651,114.13,0.5195,0.7677,0.019601,17.4,8.91,8.49,HIGH,weekday_normal
603.0,FOOD_COURT_A,88.28,0.5886,0.2041,0.721,170.33,0.4981,0.8965,0.017892,17.74,6.15,11.59,HIGH,weekday_normal
604.0,FOOD_COURT_A,81.67,0.5445,0.2377,0.5184,216.09,0.6025,0.7799,0.014586,24.25,16.02,8.24,HIGH,weekday_normal
605.0,FOOD_COURT_A,79.54,0.5303,0.0783,0.6301,184.45,0.6368,0.7506,0.013362,25.82,12.35,13.47,HIGH,weekday_normal
606.0,FOOD_COURT_A,72.32,0.4822,0.2532,0.6962,211.91,0.5921,0.6789,0.020658,21.95,14.18,7.77,HIGH,weekday_normal
607.0,FOOD_COURT_A,80.72,0.5381,0.2176,0.4693,236.37,0.5205,0.827,0.023212,26.44,14.77,11.67,HIGH,weekday_normal
608.0,FOOD_COURT_A,84.6,0.564,0.1567,0.7118,144.45,0.6074,0.7816,0.031476,23.87,11.48,12.38,HIGH,weekday_normal
609.0,FOOD_COURT_A,88.6,0.5907,0.0784,0.6452,188.16,0.5999,0.8956,0.029201,16.16,8.1,8.06,HIGH,weekday_normal
610.0,FOOD_COURT_A,89.98,0.5999,0.0305,0.8381,194.82,0.6719,0.7752,0.03323,24.18,17.69,6.49,HIGH,weekday_normal
611.0,FOOD_COURT_A,96.37,0.6424,0.1632,0.6257,198.25,0.6659,0.7939,0.033998,11.97,6.0,5.97,HIGH,weekday_normal
612.0,FOOD_COURT_A,92.62,0.6174,0.2047,0.6315,208.14,0.6429,0.8812,0.02701,21.92,12.81,9.11,HIGH,weekday_normal
613.0,FOOD_COURT_A,108.6,0.724,0.1585,0.8703,189.42,0.5026,0.936,0.026308,27.67,13.55,14.12,HIGH,weekday_normal
614.0,FOOD_COURT_A,98.08,0.6539,0.1601,0.8471,182.85,0.6048,0.7552,0.027896,24.49,9.08,15.41,HIGH,weekday_normal
615.0,FOOD_COURT_A,97.47,0.6498,0.2188,0.799,152.9,0.7011,0.9266,0.028069,24.51,15.77,8.74,HIGH,weekday_normal
616.0,FOOD_COURT_A,84.61,0.5641,0.2225,0.7802,160.84,0.654,0.8901,0.02033,25.6,12.56,13.04,HIGH,weekday_normal
617.0,FOOD_COURT_A,89.4,0.596,0.3014,0.6358,187.35,0.5203,0.7996,0.020066,16.98,8.17,8.81,HIGH,weekday_normal
618.0,FOOD_COURT_A,87.39,0.5826,0.303,0.6678,137.81,0.6419,0.788,0.023191,23.39,12.34,11.05,HIGH,weekday_normal
619.0,FOOD_COURT_A,98.47,0.6565,0.2784,0.632,228.34,0.6122,0.8232,0.029855,23.4,11.75,11.65,HIGH,weekday_normal
620.0,FOOD_COURT_A,114.27,0.7618,0.2183,0.6669,197.77,0.6647,0.7576,0.015449,14.79,9.24,5.55,HIGH,weekday_normal
621.0,FOOD_COURT_A,92.98,0.6198,0.2547,0.6292,145.38,0.6103,0.8706,0.012643,26.36,13.46,12.9,HIGH,weekday_normal
622.0,FOOD_COURT_A,98.9,0.6593,0.3157,0.8777,159.64,0.5967,0.8329,0.021304,22.01,15.6,6.41,HIGH,weekday_normal
623.0,FOOD_COURT_A,84.47,0.5631,0.3451,0.853,163.73,0.6448,0.864,0.032293,24.75,11.22,13.53,HIGH,weekday_normal
624.0,FOOD_COURT_A,111.41,0.7427,0.2994,0.764,195.35,0.5739,0.9592,0.028196,18.12,10.18,7.94,HIGH,weekday_normal
625.0,FOOD_COURT_A,105.7,0.7047,0.3045,0.6914,200.74,0.4726,0.8931,0.028494,24.26,16.12,8.14,HIGH,weekday_normal
626.0,FOOD_COURT_A,82.79,0.5519,0.1827,0.5992,223.65,0.6562,0.8809,0.032888,21.57,11.4,10.16,HIGH,weekday_normal
627.0,FOOD_COURT_A,84.35,0.5623,0.1871,0.5537,200.49,0.6,0.901,0.02789,18.35,10.51,7.84,HIGH,weekday_normal
628.0,FOOD_COURT_A,88.44,0.5896,0.2618,0.5741,188.6,0.6023,0.8251,0.022575,18.74,11.69,7.05,HIGH,weekday_normal
629.0,FOOD_COURT_A,92.14,0.6143,0.1699,0.7655,248.04,0.5264,0.8724,0.020203,20.78,14.12,6.65,HIGH,weekday_normal
630.0,FOOD_COURT_A,94.42,0.6295,0.1439,0.7163,171.54,0.6215,0.8099,0.026652,20.07,9.97,10.11,HIGH,weekday_normal
631.0,FOOD_COURT_A,92.13,0.6142,0.1438,0.7366,220.31,0.538,0.9036,0.033885,14.64,8.55,6.08,HIGH,weekday_normal
632.0,FOOD_COURT_A,92.82,0.6188,0.1588,0.8819,193.07,0.5112,0.8018,0.033769,19.87,9.29,10.58,HIGH,weekday_normal
633.0,FOOD_COURT_A,98.87,0.6591,0.1678,0.7647,183.46,0.6072,0.8686,0.026398,20.53,11.19,9.33,HIGH,weekday_normal
634.0,FOOD_COURT_A,88.91,0.5927,0.104,0.8418,205.26,0.5539,0.8211,0.021402,21.36,9.97,11.4,HIGH,weekday_normal
635.0,FOOD_COURT_A,84.11,0.5607,0.1741,0.6794,190.16,0.4627,0.8494,0.028801,13.1,7.25,5.85,HIGH,weekday_normal
636.0,FOOD_COURT_A,84.47,0.5632,0.326,0.7676,129.22,0.4508,0.8277,0.038675,15.84,8.18,7.66,HIGH,weekday_normal
637.0,FOOD_COURT_A,101.46,0.6764,0.1308,0.8983,163.06,0.4888,0.8666,0.035638,25.22,10.93,14.29,HIGH,weekday_normal
638.0,FOOD_COURT_A,76.13,0.5075,0.5786,0.5327,82.31,0.2449,0.6252,0.017305,9.02,6.06,2.96,WARNING,weekday_normal
639.0,FOOD_COURT_A,94.45,0.6297,0.2889,0.5716,214.87,0.6102,0.7175,0.031551,20.64,9.8,10.84,HIGH,weekday_normal
640.0,FOOD_COURT_A,82.44,0.5496,0.3071,0.4022,140.77,0.2947,0.6263,0.014065,16.43,6.22,10.2,WARNING,weekday_normal
641.0,FOOD_COURT_A,63.54,0.4236,0.6982,0.3844,107.21,0.444,0.7004,0.011472,11.07,3.43,7.63,WARNING,weekday_normal
642.0,FOOD_COURT_A,54.48,0.3632,0.8263,0.4544,98.29,0.4286,0.5203,0.014612,15.27,4.2,11.07,WARNING,weekday_normal
643.0,FOOD_COURT_A,47.43,0.3162,0.6267,0.4372,105.39,0.3975,0.5135,0.016307,11.33,5.58,5.76,WARNING,weekday_normal
644.0,FOOD_COURT_A,40.03,0.2669,0.7807,0.2411,91.08,0.3964,0.6487,0.011937,11.77,4.26,7.51,WARNING,weekday_normal
645.0,FOOD_COURT_A,43.63,0.2909,0.6693,0.3599,83.32,0.3527,0.6757,0.015372,17.3,9.42,7.88,WARNING,weekday_normal
646.0,FOOD_COURT_A,23.36,0.1557,0.9732,0.2784,48.44,0.1596,0.4444,0.005256,7.51,4.13,3.38,SAFE,weekday_normal
647.0,FOOD_COURT_A,27.31,0.182,1.1518,0.1613,55.69,0.1324,0.3634,0.002814,6.31,1.94,4.37,SAFE,weekday_normal
648.0,FOOD_COURT_A,27.06,0.1804,1.3019,0.1785,45.8,0.1084,0.472,0.001889,4.38,2.14,2.24,SAFE,weekday_normal
649.0,FOOD_COURT_A,20.92,0.1394,1.1918,0.063,55.31,0.1201,0.258,0.004036,6.89,2.28,4.61,SAFE,weekday_normal
650.0,FOOD_COURT_A,33.49,0.2233,1.0599,0.1179,36.68,0.0878,0.4872,0.002166,10.12,6.81,3.32,SAFE,weekday_normal
651.0,FOOD_COURT_A,30.73,0.2049,1.0901,0.1602,37.34,0.0428,0.3828,0.003616,9.08,5.59,3.49,SAFE,weekday_normal
652.0,FOOD_COURT_A,16.46,0.1098,1.2925,0.1255,40.22,0.061,0.3536,0.002622,7.57,4.89,2.68,SAFE,weekday_normal
653.0,FOOD_COURT_A,30.57,0.2038,1.2026,0.1007,43.9,0.0764,0.3498,0.004668,3.99,1.75,2.24,SAFE,weekday_normal
654.0,FOOD_COURT_A,36.49,0.2433,1.3447,0.0997,41.07,0.0621,0.2199,0.001401,12.04,6.35,5.69,SAFE,weekday_normal
655.0,FOOD_COURT_A,22.4,0.1493,1.1537,0.1286,58.42,0.1247,0.3253,0.00042,4.95,2.27,2.68,SAFE,weekday_normal
656.0,FOOD_COURT_A,23.47,0.1565,1.0675,0.1252,50.51,0.1522,0.2612,0.002267,7.09,4.15,2.94,SAFE,weekday_normal
657.0,FOOD_COURT_A,13.96,0.0931,1.0701,0.1022,51.27,0.1372,0.3563,0.000789,9.22,4.76,4.46,SAFE,weekday_normal
658.0,FOOD_COURT_A,13.29,0.0886,1.4634,0.1415,37.18,0.0784,0.3428,0.000237,5.9,3.89,2.01,SAFE,weekday_normal
659.0,FOOD_COURT_A,20.63,0.1375,1.215,0.1336,48.13,0.117,0.3759,0.0026,6.44,2.84,3.6,SAFE,weekday_normal
660.0,FOOD_COURT_A,21.33,0.1422,1.2978,0.0827,42.12,0.1181,0.5068,0.003571,6.27,3.29,2.98,SAFE,weekday_normal
661.0,FOOD_COURT_A,24.54,0.1636,1.4573,0.1006,38.35,0.1057,0.3636,0.005272,8.15,5.53,2.63,SAFE,weekday_normal
662.0,FOOD_COURT_A,44.5,0.2967,0.7641,0.1333,71.73,0.2214,0.5746,0.007781,19.52,11.57,7.94,WARNING,weekday_normal
663.0,FOOD_COURT_A,48.47,0.3231,0.4449,0.297,63.81,0.3535,0.7033,0.007591,10.58,5.08,5.5,WARNING,weekday_normal
664.0,FOOD_COURT_A,53.47,0.3564,0.6812,0.4183,79.92,0.2156,0.6142,0.008858,13.39,3.89,9.5,WARNING,weekday_normal
665.0,FOOD_COURT_A,46.3,0.3087,0.5714,0.4002,83.81,0.1998,0.6485,0.013154,12.65,3.98,8.67,WARNING,weekday_normal
666.0,FOOD_COURT_A,27.86,0.1857,0.9509,0.1763,53.04,0.0599,0.558,0.010052,5.57,3.95,1.62,SAFE,weekday_normal
667.0,FOOD_COURT_A,17.08,0.1139,1.0826,0.1353,54.69,0.018,0.373,0.00465,11.63,4.55,7.07,SAFE,weekday_normal
668.0,FOOD_COURT_A,28.38,0.1892,1.1248,0.0748,49.92,0.1124,0.4281,0.00425,9.37,5.33,4.03,SAFE,weekday_normal
669.0,FOOD_COURT_A,18.74,0.125,1.1658,0.0774,59.36,0.0558,0.4453,0.001457,8.04,5.1,2.94,SAFE,weekday_normal
670.0,FOOD_COURT_A,20.79,0.1386,1.2263,0.1171,42.0,0.1093,0.2809,0.001083,9.65,5.44,4.21,SAFE,weekday_normal
671.0,FOOD_COURT_A,36.24,0.2416,0.7348,0.1194,40.44,0.0867,0.3333,0.003555,8.93,5.18,3.75,SAFE,weekday_normal
672.0,FOOD_COURT_A,28.73,0.1915,1.0624,0.087,45.76,0.0982,0.3245,0.003687,8.11,5.12,2.99,SAFE,weekday_normal
673.0,FOOD_COURT_A,23.9,0.1594,1.0387,0.1305,35.24,0.1049,0.3339,0.001774,3.92,3.92,0.0,SAFE,weekday_normal
674.0,FOOD_COURT_A,12.8,0.0853,1.4258,0.1402,37.81,0.1047,0.4159,0.00109,5.33,3.48,1.86,SAFE,weekday_normal
675.0,FOOD_COURT_A,22.61,0.1507,1.2488,0.1588,50.04,0.1267,0.3793,0.004311,8.74,3.21,5.53,SAFE,weekday_normal
676.0,FOOD_COURT_A,24.12,0.1608,0.6923,0.3544,90.55,0.1714,0.6052,0.011455,15.39,6.91,8.47,WARNING,weekday_normal
677.0,FOOD_COURT_A,25.64,0.1709,1.4227,0.1566,60.33,0.1398,0.4105,0.004125,4.52,3.88,0.64,SAFE,weekday_normal
678.0,FOOD_COURT_A,24.8,0.1653,1.1953,0.1016,44.32,0.1273,0.1635,0.002905,9.92,5.82,4.1,SAFE,weekday_normal
679.0,FOOD_COURT_A,29.86,0.199,1.1608,0.051,60.23,0.0768,0.1745,0.004831,5.16,2.74,2.41,SAFE,weekday_normal
680.0,FOOD_COURT_A,26.94,0.1796,0.72,0.106,39.12,0.0665,0.3871,0.004175,8.27,3.49,4.78,SAFE,weekday_normal
681.0,FOOD_COURT_A,12.84,0.0856,0.9182,0.1103,50.39,0.1029,0.2931,0.006428,7.97,4.65,3.32,SAFE,weekday_normal
682.0,FOOD_COURT_A,5.46,0.0364,1.4446,0.1057,29.58,0.0613,0.1891,0.002502,8.88,3.29,5.6,SAFE,weekday_normal
683.0,FOOD_COURT_A,18.96,0.1264,0.999,0.1209,36.24,0.053,0.2729,0.0023,5.43,4.07,1.36,SAFE,weekday_normal
684.0,FOOD_COURT_A,18.69,0.1246,0.8605,0.1077,41.15,0.0277,0.3122,0.003626,3.26,1.8,1.46,SAFE,weekday_normal
685.0,FOOD_COURT_A,18.55,0.1237,1.2917,0.1107,46.55,0.0547,0.3107,0.003661,8.73,2.68,6.05,SAFE,weekday_normal
686.0,FOOD_COURT_A,46.94,0.3129,0.7233,0.3319,78.35,0.2566,0.5633,0.008528,13.85,8.21,5.63,WARNING,weekday_normal
687.0,FOOD_COURT_A,41.42,0.2761,0.5813,0.3009,68.07,0.2859,0.672,0.013418,12.59,7.6,4.99,WARNING,weekday_normal
688.0,FOOD_COURT_A,52.14,0.3476,0.6187,0.3673,92.33,0.291,0.6898,0.006918,15.05,7.2,7.84,WARNING,weekday_normal
689.0,FOOD_COURT_A,27.6,0.184,1.1508,0.178,59.37,0.1473,0.4436,0.00288,3.15,0.87,2.28,SAFE,weekday_normal
690.0,FOOD_COURT_A,27.77,0.1851,1.2166,0.0868,43.14,0.1369,0.4917,0.001399,8.45,5.25,3.2,SAFE,weekday_normal
691.0,FOOD_COURT_A,27.97,0.1865,0.8165,0.0373,41.82,0.0645,0.3928,0.002565,8.58,5.69,2.89,SAFE,weekday_normal
692.0,FOOD_COURT_A,27.61,0.1841,1.1271,0.0829,40.45,0.0812,0.5204,0.001707,6.11,2.9,3.21,SAFE,weekday_normal
693.0,FOOD_COURT_A,29.12,0.1941,1.4834,0.131,49.6,0.1108,0.4641,0.000512,7.87,2.75,5.12,SAFE,weekday_normal
694.0,FOOD_COURT_A,25.13,0.1675,1.1622,0.0393,29.8,0.0761,0.4356,0.004222,6.98,4.23,2.75,SAFE,weekday_normal
695.0,FOOD_COURT_A,24.68,0.1645,1.3307,0.0957,71.26,0.05,0.267,0.002816,2.23,1.15,1.09,SAFE,weekday_normal
696.0,FOOD_COURT_A,26.21,0.1747,1.1652,0.1073,47.68,0.0574,0.274,0.002816,7.18,3.24,3.94,SAFE,weekday_normal
697.0,FOOD_COURT_A,24.45,0.163,0.8498,0.0322,49.44,0.087,0.5356,0.003166,7.76,4.73,3.03,SAFE,weekday_normal
698.0,FOOD_COURT_A,32.4,0.216,1.5278,0.0918,23.72,0.0554,0.5928,0.004056,7.21,4.14,3.07,SAFE,weekday_normal
699.0,FOOD_COURT_A,17.52,0.1168,1.1064,0.1321,47.77,0.0817,0.5271,0.003087,8.64,5.3,3.34,SAFE,weekday_normal
700.0,FOOD_COURT_A,11.06,0.0738,1.2969,0.0919,53.25,0.1118,0.5388,0.000926,6.58,2.45,4.13,SAFE,weekday_normal
701.0,FOOD_COURT_A,21.49,0.1433,1.4984,0.1636,44.51,0.124,0.3619,0.001108,5.83,0.0,5.83,SAFE,weekday_normal
702.0,FOOD_COURT_A,22.87,0.1524,1.2047,0.093,38.7,0.0533,0.3502,0.000332,11.14,5.28,5.86,SAFE,weekday_normal
703.0,FOOD_COURT_A,7.9,0.0526,0.8576,0.0357,43.09,0.0568,0.5524,0.004767,6.36,2.2,4.16,SAFE,weekday_normal
704.0,FOOD_COURT_A,17.2,0.1147,0.9002,0.0444,39.98,0.0812,0.5991,0.002851,5.08,4.19,0.88,SAFE,weekday_normal
705.0,FOOD_COURT_A,26.35,0.1757,1.0089,0.0725,36.81,0.0646,0.6169,0.001764,11.14,7.16,3.98,SAFE,weekday_normal
706.0,FOOD_COURT_A,40.93,0.2728,1.0677,0.3396,79.77,0.2074,0.7278,0.006173,15.7,4.82,10.88,WARNING,weekday_normal
707.0,FOOD_COURT_A,51.18,0.3412,0.7944,0.3474,79.61,0.3491,0.6365,0.016714,19.13,11.83,7.29,WARNING,weekday_normal
708.0,FOOD_COURT_A,60.13,0.4009,0.3891,0.5423,169.79,0.5801,0.769,0.018779,24.31,15.67,8.64,HIGH,weekday_normal
709.0,FOOD_COURT_A,48.19,0.3213,0.6412,0.3773,112.17,0.2841,0.7198,0.013879,11.36,5.18,6.18,WARNING,weekday_normal
710.0,FOOD_COURT_A,39.41,0.2627,1.3028,0.116,45.12,0.1419,0.4394,0.004595,7.2,3.52,3.67,SAFE,weekday_normal
711.0,FOOD_COURT_A,21.71,0.1447,1.107,0.0822,37.47,0.0671,0.4083,0.001414,8.33,4.92,3.41,SAFE,weekday_normal
712.0,FOOD_COURT_A,24.8,0.1653,1.2764,0.0835,32.45,0.0613,0.3428,0.003073,5.24,1.02,4.21,SAFE,weekday_normal
713.0,FOOD_COURT_A,21.62,0.1441,1.1028,0.1439,52.46,0.0384,0.2914,0.006607,9.4,6.13,3.28,SAFE,weekday_normal
714.0,FOOD_COURT_A,25.62,0.1708,1.224,0.0923,65.24,0.0386,0.3444,0.00257,9.24,3.53,5.71,SAFE,weekday_normal
715.0,FOOD_COURT_A,21.72,0.1448,1.2505,0.0973,60.3,0.081,0.5048,0.002227,4.23,2.86,1.37,SAFE,weekday_normal
716.0,FOOD_COURT_A,29.09,0.1939,0.9903,0.1277,66.88,0.1085,0.2746,0.001875,7.98,3.14,4.84,SAFE,weekday_normal
717.0,FOOD_COURT_A,15.68,0.1045,0.8807,0.0802,41.08,0.0394,0.3703,0.005191,10.97,7.5,3.47,SAFE,weekday_normal
718.0,FOOD_COURT_A,44.08,0.2939,0.6444,0.26,89.13,0.2519,0.5957,0.007318,17.31,11.86,5.45,WARNING,weekday_normal
719.0,FOOD_COURT_A,51.69,0.3446,0.514,0.3404,126.7,0.3811,0.7492,0.010681,16.96,7.8,9.16,WARNING,weekday_normal
720.0,FOOD_COURT_A,26.11,0.1741,1.2933,0.2536,78.46,0.1886,0.485,0.005852,3.88,2.25,1.64,SAFE,weekday_normal
721.0,FOOD_COURT_A,13.86,0.0924,0.9826,0.2339,54.8,0.111,0.4749,0.005203,9.85,4.92,4.94,SAFE,weekday_normal
722.0,FOOD_COURT_A,17.35,0.1157,1.0475,0.1284,47.9,0.0777,0.3519,0.002609,6.79,3.71,3.08,SAFE,weekday_normal
723.0,FOOD_COURT_A,23.22,0.1548,1.278,0.1412,62.75,0.1172,0.4987,0.004904,7.31,3.94,3.37,SAFE,weekday_normal
724.0,FOOD_COURT_A,24.45,0.163,1.2804,0.2066,22.33,0.0852,0.5348,0.004944,10.83,7.35,3.49,SAFE,weekday_normal
725.0,FOOD_COURT_A,19.65,0.131,1.2784,0.0846,26.05,0.0906,0.3259,0.002838,6.1,4.25,1.85,SAFE,weekday_normal
726.0,FOOD_COURT_A,16.62,0.1108,1.2661,0.0852,48.39,0.0723,0.2159,0.004357,6.07,3.04,3.03,SAFE,weekday_normal
727.0,FOOD_COURT_A,22.46,0.1497,1.3005,0.0316,54.39,0.0621,0.3458,0.003277,3.19,1.59,1.6,SAFE,weekday_normal
728.0,FOOD_COURT_A,23.57,0.1571,1.4151,0.0606,54.89,0.0186,0.476,0.003125,7.91,3.11,4.8,SAFE,weekday_normal
729.0,FOOD_COURT_A,32.24,0.2149,1.1401,0.0931,50.45,0.0353,0.3905,0.002749,6.11,5.91,0.2,SAFE,weekday_normal
730.0,FOOD_COURT_A,29.76,0.1984,1.4169,0.1473,38.53,0.1027,0.5144,0.002561,5.47,3.54,1.92,SAFE,weekday_normal
731.0,FOOD_COURT_A,58.19,0.3879,0.9233,0.3972,64.42,0.2092,0.6087,0.001802,9.28,7.35,1.93,WARNING,weekday_normal
732.0,FOOD_COURT_A,42.87,0.2858,1.1519,0.2731,40.51,0.0829,0.3763,0.00255,8.42,7.58,0.83,SAFE,weekday_normal
733.0,FOOD_COURT_A,31.43,0.2095,1.1471,0.1466,44.73,0.0725,0.4461,0.002322,3.7,0.6,3.1,SAFE,weekday_normal
734.0,FOOD_COURT_A,30.83,0.2056,0.8318,0.044,35.29,0.0525,0.5311,0.002557,7.84,5.37,2.47,SAFE,weekday_normal
735.0,FOOD_COURT_A,26.02,0.1735,0.9425,0.1121,37.51,0.0482,0.3992,0.002805,5.94,5.51,0.42,SAFE,weekday_normal
736.0,FOOD_COURT_A,56.03,0.3736,0.7466,0.2603,78.76,0.2891,0.4716,0.006738,12.94,5.26,7.68,WARNING,weekday_normal
737.0,FOOD_COURT_A,59.26,0.3951,0.2731,0.3718,90.73,0.1931,0.6392,0.012087,8.49,8.47,0.02,WARNING,weekday_normal
738.0,FOOD_COURT_A,62.38,0.4158,0.6253,0.4326,110.01,0.2396,0.5906,0.004905,10.8,6.09,4.71,WARNING,weekday_normal
739.0,FOOD_COURT_A,40.51,0.27,1.0752,0.1974,70.26,0.0904,0.3948,0.003409,9.5,6.35,3.15,SAFE,weekday_normal
740.0,FOOD_COURT_A,24.71,0.1647,1.2828,0.179,32.72,0.0652,0.4876,0.002144,6.31,4.12,2.19,SAFE,weekday_normal
741.0,FOOD_COURT_A,19.64,0.1309,1.3525,0.0846,41.77,0.0948,0.2528,0.005713,3.36,3.08,0.29,SAFE,weekday_normal
742.0,FOOD_COURT_A,33.2,0.2213,1.1712,0.0856,53.1,0.0819,0.3974,0.006019,8.18,4.64,3.54,SAFE,weekday_normal
743.0,FOOD_COURT_A,34.8,0.232,1.2406,0.1582,34.09,0.1129,0.5981,0.003377,4.28,1.56,2.71,SAFE,weekday_normal
744.0,FOOD_COURT_A,61.55,0.4103,0.8379,0.1896,57.71,0.1442,0.5392,0.016507,16.0,12.15,3.85,WARNING,weekday_normal
745.0,FOOD_COURT_A,57.09,0.3806,0.6991,0.3193,86.62,0.3136,0.565,0.019258,16.08,7.61,8.47,WARNING,weekday_normal
746.0,FOOD_COURT_A,58.7,0.3913,0.6502,0.3841,97.53,0.2802,0.5913,0.010688,10.85,4.67,6.18,WARNING,weekday_normal
747.0,FOOD_COURT_A,30.39,0.2026,1.1574,0.1588,59.52,0.1405,0.2963,0.003247,6.22,4.0,2.22,SAFE,weekday_normal
748.0,FOOD_COURT_A,29.76,0.1984,1.351,0.136,53.57,0.105,0.3339,0.003191,8.1,3.82,4.27,SAFE,weekday_normal
749.0,FOOD_COURT_A,24.4,0.1627,1.143,0.2138,68.4,0.0878,0.4126,0.00496,5.62,3.28,2.34,SAFE,weekday_normal
750.0,FOOD_COURT_A,24.78,0.1652,0.8319,0.1708,77.49,0.0958,0.3802,0.003362,7.5,4.56,2.94,SAFE,weekday_normal
751.0,FOOD_COURT_A,27.48,0.1832,0.905,0.1184,53.88,0.1063,0.329,0.005024,9.72,6.45,3.27,SAFE,weekday_normal
752.0,FOOD_COURT_A,29.61,0.1974,1.2992,0.1026,67.53,0.0873,0.4512,0.001663,6.25,3.16,3.09,SAFE,weekday_normal
753.0,FOOD_COURT_A,23.37,0.1558,1.0855,0.0563,44.25,0.1136,0.3598,0.001878,6.65,2.81,3.83,SAFE,weekday_normal
754.0,FOOD_COURT_A,33.67,0.2245,1.1784,0.1352,49.95,0.0889,0.3801,0.001648,4.64,2.82,1.81,SAFE,weekday_normal
755.0,FOOD_COURT_A,18.33,0.1222,0.9979,0.1752,36.74,0.1175,0.4239,0.000494,7.6,4.45,3.15,SAFE,weekday_normal
756.0,FOOD_COURT_A,24.56,0.1637,1.3967,0.1073,55.28,0.0931,0.2789,0.004745,11.16,6.91,4.25,SAFE,weekday_normal
757.0,FOOD_COURT_A,22.78,0.1519,1.3013,0.1148,47.7,0.0353,0.3652,0.005218,6.54,2.6,3.94,SAFE,weekday_normal
758.0,FOOD_COURT_A,17.29,0.1152,1.3204,0.0501,37.22,0.1037,0.3094,0.004873,5.91,0.41,5.5,SAFE,weekday_normal
759.0,FOOD_COURT_A,12.51,0.0834,1.2897,0.0753,30.15,0.1415,0.309,0.004491,7.58,5.09,2.49,SAFE,weekday_normal
760.0,FOOD_COURT_A,16.63,0.1108,1.4934,0.0596,56.28,0.1142,0.2699,0.006221,7.97,2.83,5.13,SAFE,weekday_normal
761.0,FOOD_COURT_A,20.73,0.1382,1.3882,0.1046,58.17,0.1013,0.3347,0.002852,6.92,3.13,3.8,SAFE,weekday_normal
762.0,FOOD_COURT_A,24.26,0.1618,1.3364,0.1103,46.82,0.0923,0.5457,0.002543,7.71,5.31,2.4,SAFE,weekday_normal
763.0,FOOD_COURT_A,16.91,0.1128,1.4839,0.1091,49.55,0.1219,0.3908,0.003666,6.38,3.34,3.05,SAFE,weekday_normal
764.0,FOOD_COURT_A,25.81,0.1721,1.2437,0.1309,28.36,0.1102,0.2089,0.002814,5.22,0.94,4.27,SAFE,weekday_normal
765.0,FOOD_COURT_A,46.92,0.3128,0.9267,0.2415,74.66,0.2397,0.5087,0.009207,13.39,4.16,9.22,WARNING,weekday_normal
766.0,FOOD_COURT_A,46.58,0.3106,0.6678,0.2388,80.26,0.1975,0.64,0.006862,16.63,7.08,9.56,WARNING,weekday_normal
767.0,FOOD_COURT_A,33.51,0.2234,0.9051,0.1392,39.68,0.1329,0.6202,0.008068,8.14,3.64,4.51,SAFE,weekday_normal
768.0,FOOD_COURT_A,28.3,0.1887,1.0898,0.0811,53.3,0.0895,0.5642,0.005081,8.33,4.11,4.22,SAFE,weekday_normal
769.0,FOOD_COURT_A,17.9,0.1193,0.9822,0.0502,37.94,0.1041,0.3975,0.001737,5.87,2.59,3.28,SAFE,weekday_normal
770.0,FOOD_COURT_A,37.15,0.2477,0.8985,0.2433,44.62,0.1847,0.6204,0.010111,11.19,6.26,4.93,WARNING,weekday_normal
771.0,FOOD_COURT_A,61.12,0.4075,0.337,0.684,136.72,0.5825,0.6554,0.021628,26.15,16.76,9.39,HIGH,weekday_normal
772.0,FOOD_COURT_A,77.61,0.5174,0.2987,0.7787,124.68,0.5823,0.6641,0.023296,21.81,9.88,11.93,HIGH,weekday_normal
773.0,FOOD_COURT_A,76.2,0.508,0.0966,0.7225,211.72,0.5892,0.8364,0.025048,12.72,9.0,3.72,HIGH,weekday_normal
774.0,FOOD_COURT_A,50.61,0.3374,0.5833,0.4939,108.68,0.3446,0.7312,0.019148,17.01,10.7,6.31,WARNING,weekday_normal
775.0,FOOD_COURT_A,44.12,0.2941,0.3302,0.4611,116.35,0.2164,0.7077,0.015724,11.49,6.82,4.67,WARNING,weekday_normal
776.0,FOOD_COURT_A,74.07,0.4938,0.2943,0.6196,192.9,0.6128,0.7573,0.015217,18.71,12.12,6.59,HIGH,weekday_normal
777.0,FOOD_COURT_A,73.08,0.4872,0.1908,0.6638,200.95,0.587,0.8667,0.02962,26.04,14.17,11.86,HIGH,weekday_normal
778.0,FOOD_COURT_A,74.39,0.4959,0.5181,0.548,132.19,0.4147,0.7033,0.009365,18.13,8.59,9.54,WARNING,weekday_normal
779.0,FOOD_COURT_A,71.19,0.4746,0.4014,0.6671,141.35,0.5155,0.7202,0.013989,26.99,13.92,13.07,HIGH,weekday_normal
780.0,FOOD_COURT_A,54.87,0.3658,0.4626,0.3861,111.58,0.3427,0.7263,0.006526,10.97,4.19,6.78,WARNING,weekday_normal
781.0,FOOD_COURT_A,40.09,0.2672,0.8667,0.2482,57.26,0.1196,0.317,0.004015,3.84,2.66,1.18,SAFE,weekday_normal
782.0,FOOD_COURT_A,23.27,0.1551,1.1886,0.1497,44.79,0.1099,0.4223,0.001269,8.11,3.45,4.66,SAFE,weekday_normal
783.0,FOOD_COURT_A,28.15,0.1877,1.2659,0.122,36.05,0.106,0.3432,0.002338,8.0,5.67,2.33,SAFE,weekday_normal
784.0,FOOD_COURT_A,28.99,0.1933,0.9234,0.061,38.5,0.0699,0.4096,0.00106,8.2,4.94,3.26,SAFE,weekday_normal
785.0,FOOD_COURT_A,21.55,0.1437,1.1582,0.0183,34.57,0.066,0.5293,0.000906,9.31,3.74,5.57,SAFE,weekday_normal
786.0,FOOD_COURT_A,17.51,0.1168,1.029,0.0547,34.87,0.0788,0.3095,0.003278,7.76,3.64,4.12,SAFE,weekday_normal
787.0,FOOD_COURT_A,13.32,0.0888,0.8676,0.103,53.23,0.0558,0.4539,0.004069,8.98,6.28,2.7,SAFE,weekday_normal
788.0,FOOD_COURT_A,16.88,0.1125,0.9041,0.1263,48.6,0.0731,0.3516,0.003461,4.05,0.4,3.65,SAFE,weekday_normal
789.0,FOOD_COURT_A,27.66,0.1844,0.9367,0.0634,57.67,0.0672,0.3802,0.003814,7.95,5.13,2.82,SAFE,weekday_normal
790.0,FOOD_COURT_A,14.12,0.0941,1.1725,0.0982,66.36,0.0921,0.4469,0.004223,4.58,2.11,2.47,SAFE,weekday_normal
791.0,FOOD_COURT_A,25.76,0.1717,1.191,0.0977,59.28,0.0276,0.4421,0.002961,4.45,2.24,2.21,SAFE,weekday_normal
792.0,FOOD_COURT_A,13.68,0.0912,1.1963,0.0669,43.69,0.0906,0.4764,0.005505,5.39,3.03,2.36,SAFE,weekday_normal
793.0,FOOD_COURT_A,45.78,0.3052,0.7509,0.3241,75.51,0.2374,0.6476,0.007962,16.98,10.73,6.25,WARNING,weekday_normal
794.0,FOOD_COURT_A,63.9,0.426,0.794,0.284,104.68,0.3662,0.7159,0.010105,14.97,8.37,6.6,WARNING,weekday_normal
795.0,FOOD_COURT_A,50.87,0.3391,0.6016,0.2898,103.73,0.2405,0.6735,0.012598,18.57,10.25,8.32,WARNING,weekday_normal
796.0,FOOD_COURT_A,82.66,0.5511,0.2883,0.5055,142.97,0.5735,0.7766,0.033607,10.62,4.81,5.81,HIGH,weekday_normal
797.0,FOOD_COURT_A,72.94,0.4863,0.5884,0.4293,136.39,0.4131,0.6807,0.018488,9.76,7.29,2.47,WARNING,weekday_normal
798.0,FOOD_COURT_A,37.38,0.2492,0.7137,0.2304,73.78,0.1504,0.6353,0.007161,7.37,3.08,4.29,SAFE,weekday_normal
799.0,FOOD_COURT_A,37.31,0.2487,1.1818,0.1976,53.86,0.11,0.5386,0.003234,7.09,3.58,3.51,SAFE,weekday_normal
800.0,FOOD_COURT_A,13.23,0.0882,1.0842,0.1839,32.94,0.1116,0.5368,0.00303,4.51,1.37,3.14,SAFE,weekday_normal
801.0,FOOD_COURT_A,27.53,0.1835,1.2867,0.1742,50.74,0.0837,0.4167,0.003631,8.95,4.72,4.23,SAFE,weekday_normal
802.0,FOOD_COURT_A,19.35,0.129,1.2869,0.1687,43.61,0.115,0.2575,0.006295,8.52,3.59,4.93,SAFE,weekday_normal
803.0,FOOD_COURT_A,21.99,0.1466,1.246,0.0873,34.87,0.0779,0.3635,0.005659,4.33,1.49,2.85,SAFE,weekday_normal
804.0,FOOD_COURT_A,18.21,0.1214,1.0676,0.0262,43.25,0.092,0.2779,0.005786,2.44,2.27,0.17,SAFE,weekday_normal
805.0,FOOD_COURT_A,29.24,0.1949,1.2613,0.0704,46.1,0.0725,0.3732,0.004048,4.61,2.63,1.98,SAFE,weekday_normal
806.0,FOOD_COURT_A,29.46,0.1964,1.3813,0.1034,39.68,0.1039,0.4347,0.001892,7.5,2.95,4.55,SAFE,weekday_normal
807.0,FOOD_COURT_A,24.4,0.1627,1.3667,0.0897,45.69,0.0641,0.4695,0.002559,5.87,3.09,2.78,SAFE,weekday_normal
808.0,FOOD_COURT_A,12.2,0.0813,1.1625,0.1087,55.56,0.0933,0.615,0.002703,5.19,2.19,3.0,SAFE,weekday_normal
809.0,FOOD_COURT_A,16.63,0.1109,1.0749,0.0889,69.19,0.0754,0.4948,0.003669,4.04,2.0,2.04,SAFE,weekday_normal
810.0,FOOD_COURT_A,20.39,0.1359,0.8548,0.1214,24.26,0.0498,0.5607,0.002239,7.97,2.73,5.24,SAFE,weekday_normal
811.0,FOOD_COURT_A,16.28,0.1085,0.8943,0.1369,54.81,0.1242,0.6889,0.001509,10.53,7.74,2.79,SAFE,weekday_normal
812.0,FOOD_COURT_A,21.53,0.1435,1.0269,0.1073,40.71,0.0915,0.3722,0.000571,6.36,5.45,0.91,SAFE,weekday_normal
813.0,FOOD_COURT_A,26.61,0.1774,1.1772,0.1467,31.17,0.0551,0.2291,0.001502,8.64,5.5,3.14,SAFE,weekday_normal
814.0,FOOD_COURT_A,22.08,0.1472,1.2938,0.0903,27.59,0.0445,0.3054,0.001817,12.32,7.11,5.21,SAFE,weekday_normal
815.0,FOOD_COURT_A,25.59,0.1706,1.2868,0.1208,37.55,0.0845,0.3432,0.002648,5.73,3.09,2.64,SAFE,weekday_normal
816.0,FOOD_COURT_A,24.35,0.1623,1.3604,0.1188,50.56,0.1026,0.3578,0.00363,3.63,0.88,2.75,SAFE,weekday_normal
817.0,FOOD_COURT_A,19.2,0.128,1.3546,0.1622,44.83,0.1249,0.3714,0.004378,7.13,0.17,6.95,SAFE,weekday_normal
818.0,FOOD_COURT_A,21.53,0.1435,1.5145,0.0713,35.99,0.0959,0.3501,0.002645,8.16,2.87,5.3,SAFE,weekday_normal
819.0,FOOD_COURT_A,27.98,0.1865,1.4651,0.0918,27.43,0.1122,0.3623,0.000948,12.0,5.53,6.47,SAFE,weekday_normal
820.0,FOOD_COURT_A,20.21,0.1347,1.279,0.1607,47.94,0.1314,0.3481,0.001388,5.18,2.45,2.72,SAFE,weekday_normal
821.0,FOOD_COURT_A,14.61,0.0974,1.1528,0.1658,62.65,0.1135,0.3294,0.001802,7.43,3.62,3.81,SAFE,weekday_normal
822.0,FOOD_COURT_A,52.1,0.3473,0.6736,0.2647,70.48,0.1171,0.5841,0.00711,9.53,5.17,4.37,WARNING,weekday_normal
823.0,FOOD_COURT_A,30.4,0.2027,1.0838,0.1141,54.96,0.0813,0.4825,0.005046,8.6,5.31,3.29,SAFE,weekday_normal
824.0,FOOD_COURT_A,27.63,0.1842,0.9344,0.0808,47.48,0.1047,0.5867,0.002936,8.11,3.58,4.52,SAFE,weekday_normal
825.0,FOOD_COURT_A,22.83,0.1522,1.3439,0.1182,46.81,0.1294,0.4297,0.004424,7.04,3.07,3.97,SAFE,weekday_normal
826.0,FOOD_COURT_A,13.15,0.0877,1.1659,0.1185,43.36,0.1003,0.5126,0.002703,11.47,7.01,4.46,SAFE,weekday_normal
827.0,FOOD_COURT_A,17.65,0.1177,0.8727,0.0656,16.51,0.0823,0.3379,0.002995,4.51,1.06,3.45,SAFE,weekday_normal
828.0,FOOD_COURT_A,31.64,0.2109,0.9087,0.1281,48.64,0.0247,0.3297,0.005077,6.65,1.53,5.12,SAFE,weekday_normal
829.0,FOOD_COURT_A,24.26,0.1618,1.0772,0.1007,30.95,0.0899,0.459,0.004728,4.82,2.56,2.26,SAFE,weekday_normal
830.0,FOOD_COURT_A,19.0,0.1266,1.0065,0.0621,35.78,0.1001,0.365,0.003833,5.75,3.59,2.16,SAFE,weekday_normal
831.0,FOOD_COURT_A,18.53,0.1235,1.1604,0.0949,26.45,0.1139,0.3155,0.003376,9.96,5.25,4.71,SAFE,weekday_normal
832.0,FOOD_COURT_A,57.18,0.3812,0.8534,0.2527,84.35,0.2645,0.4504,0.012434,16.19,5.99,10.2,WARNING,weekday_normal
833.0,FOOD_COURT_A,54.95,0.3663,0.6232,0.4215,82.55,0.3578,0.509,0.012953,8.02,2.04,5.98,WARNING,weekday_normal
834.0,FOOD_COURT_A,59.89,0.3993,0.6234,0.3946,88.21,0.407,0.629,0.013157,15.1,5.57,9.52,WARNING,weekday_normal
835.0,FOOD_COURT_A,91.39,0.6093,0.194,0.5654,139.01,0.3969,0.7189,0.010354,23.79,10.89,12.91,HIGH,weekday_normal
836.0,FOOD_COURT_A,85.9,0.5727,0.2866,0.5117,126.21,0.5715,0.7997,0.01964,19.36,8.19,11.17,HIGH,weekday_normal
837.0,FOOD_COURT_A,58.69,0.3913,0.5117,0.4203,124.32,0.3128,0.7452,0.014243,15.03,6.17,8.86,WARNING,weekday_normal
838.0,FOOD_COURT_A,31.28,0.2085,1.0241,0.2157,71.5,0.1577,0.4884,0.006513,3.79,3.18,0.61,SAFE,weekday_normal
839.0,FOOD_COURT_A,39.92,0.2661,0.9882,0.1601,35.97,0.113,0.3736,0.003026,3.96,1.33,2.63,SAFE,weekday_normal
840.0,FOOD_COURT_A,29.17,0.1945,1.2559,0.0833,43.98,0.0653,0.4351,0.002044,5.29,4.68,0.61,SAFE,weekday_normal
841.0,FOOD_COURT_A,17.65,0.1177,1.2486,0.0515,49.27,0.0542,0.3986,0.003942,7.98,4.69,3.29,SAFE,weekday_normal
842.0,FOOD_COURT_A,36.13,0.2409,1.1403,0.0575,49.64,0.0651,0.5067,0.002151,7.77,3.13,4.64,SAFE,weekday_normal
843.0,FOOD_COURT_A,27.55,0.1837,1.0997,0.1343,63.19,0.1183,0.4956,0.002392,3.77,0.0,3.77,SAFE,weekday_normal
844.0,FOOD_COURT_A,37.47,0.2498,0.7815,0.4016,86.45,0.3072,0.6705,0.005573,15.01,9.14,5.87,WARNING,weekday_normal
845.0,FOOD_COURT_A,71.42,0.4761,0.396,0.7083,169.96,0.6436,0.9011,0.019618,14.16,0.0,14.16,HIGH,weekday_normal
846.0,FOOD_COURT_A,54.66,0.3644,0.5115,0.4454,105.04,0.5382,0.8459,0.015695,10.76,5.81,4.94,WARNING,weekday_normal
847.0,FOOD_COURT_A,60.39,0.4026,0.5446,0.4164,124.01,0.2421,0.7143,0.008444,11.94,2.87,9.07,WARNING,weekday_normal
848.0,FOOD_COURT_A,53.42,0.3561,0.7337,0.3731,108.05,0.3127,0.6431,0.014066,10.02,6.85,3.18,WARNING,weekday_normal
849.0,FOOD_COURT_A,48.34,0.3223,0.4175,0.3374,117.4,0.373,0.7329,0.009165,15.28,11.04,4.24,WARNING,weekday_normal
850.0,FOOD_COURT_A,41.51,0.2767,0.5463,0.3567,101.01,0.386,0.9199,0.012742,10.97,7.06,3.91,WARNING,weekday_normal
851.0,FOOD_COURT_A,37.64,0.2509,0.6334,0.4729,116.43,0.3558,0.7293,0.013164,16.65,5.7,10.95,WARNING,weekday_normal
852.0,FOOD_COURT_A,49.85,0.3323,0.5634,0.3179,88.34,0.4033,0.7472,0.012949,12.29,8.47,3.82,WARNING,weekday_normal
853.0,FOOD_COURT_A,25.1,0.1673,0.9159,0.149,46.2,0.1876,0.7108,0.007079,7.23,2.2,5.03,SAFE,weekday_normal
854.0,FOOD_COURT_A,13.36,0.0891,0.7283,0.1921,46.53,0.0952,0.4627,0.002124,10.76,4.43,6.33,SAFE,weekday_normal
855.0,FOOD_COURT_A,14.23,0.0949,1.1994,0.2196,54.72,0.1133,0.5846,0.003265,8.09,3.22,4.87,SAFE,weekday_normal
856.0,FOOD_COURT_A,21.88,0.1459,1.4567,0.1413,41.71,0.0385,0.3896,0.003263,4.09,2.22,1.88,SAFE,weekday_normal
857.0,FOOD_COURT_A,21.14,0.1409,1.4282,0.1447,42.04,0.0911,0.3275,0.002389,1.82,0.48,1.34,SAFE,weekday_normal
858.0,FOOD_COURT_A,30.26,0.2017,1.3571,0.0727,44.37,0.0713,0.4461,0.00392,8.64,4.19,4.44,SAFE,weekday_normal
859.0,FOOD_COURT_A,23.27,0.1552,1.4276,0.1081,34.62,0.0395,0.4263,0.003036,6.93,3.63,3.3,SAFE,weekday_normal
860.0,FOOD_COURT_A,30.2,0.2013,1.7116,0.0803,39.57,0.0699,0.416,0.003538,4.19,2.76,1.43,SAFE,weekday_normal
861.0,FOOD_COURT_A,34.38,0.2292,1.4285,0.1265,66.4,0.1037,0.4,0.001915,5.09,2.65,2.44,SAFE,weekday_normal
862.0,FOOD_COURT_A,24.08,0.1605,1.4085,0.1327,39.27,0.0976,0.4469,0.002826,7.57,5.13,2.44,SAFE,weekday_normal
863.0,FOOD_COURT_A,24.56,0.1637,1.3062,0.0398,41.34,0.0795,0.2995,0.001648,8.39,4.71,3.67,SAFE,weekday_normal
864.0,FOOD_COURT_A,53.15,0.3543,0.9037,0.1759,81.11,0.4336,0.6491,0.005996,11.9,8.79,3.11,WARNING,weekday_normal
865.0,FOOD_COURT_A,66.2,0.4413,0.5353,0.5277,126.89,0.5988,0.8415,0.020243,23.37,13.03,10.34,HIGH,weekday_normal
866.0,FOOD_COURT_A,61.71,0.4114,0.6385,0.4474,110.03,0.2661,0.8093,0.014086,9.65,8.77,0.89,WARNING,weekday_normal
867.0,FOOD_COURT_A,69.07,0.4604,0.5675,0.3973,96.95,0.3743,0.6447,0.013539,12.94,5.55,7.39,WARNING,weekday_normal
868.0,FOOD_COURT_A,77.51,0.5167,0.2811,0.6608,164.17,0.4342,0.8131,0.020419,14.69,5.54,9.15,HIGH,weekday_normal
869.0,FOOD_COURT_A,73.8,0.492,0.4428,0.4587,104.61,0.4061,0.6997,0.015052,14.53,7.39,7.14,WARNING,weekday_normal
870.0,FOOD_COURT_A,100.37,0.6691,0.2748,0.5455,144.25,0.4418,0.7932,0.031926,31.32,14.75,16.57,HIGH,weekday_normal
871.0,FOOD_COURT_A,72.22,0.4815,0.3163,0.4614,94.28,0.3128,0.6369,0.02054,16.23,9.52,6.71,WARNING,weekday_normal
872.0,FOOD_COURT_A,48.77,0.3252,0.3811,0.3137,91.67,0.22,0.7636,0.016089,11.17,8.5,2.68,WARNING,weekday_normal
873.0,FOOD_COURT_A,62.56,0.417,0.5598,0.4677,82.48,0.2484,0.7385,0.011206,10.15,7.38,2.77,WARNING,weekday_normal
874.0,FOOD_COURT_A,64.59,0.4306,0.6495,0.3962,110.2,0.2956,0.6781,0.015747,16.46,12.23,4.22,WARNING,weekday_normal
875.0,FOOD_COURT_A,61.1,0.4073,0.7218,0.3342,121.73,0.2447,0.6715,0.011181,13.03,4.53,8.5,WARNING,weekday_normal
876.0,FOOD_COURT_A,65.56,0.4371,0.8967,0.3479,64.62,0.2492,0.8477,0.009682,16.56,11.43,5.13,WARNING,weekday_normal
877.0,FOOD_COURT_A,30.79,0.2053,1.2924,0.1392,44.58,0.1474,0.5346,0.005823,7.9,3.86,4.04,SAFE,weekday_normal
878.0,FOOD_COURT_A,30.96,0.2064,1.1186,0.1552,39.4,0.0958,0.4255,0.00245,6.06,0.9,5.16,SAFE,weekday_normal
879.0,FOOD_COURT_A,19.99,0.1333,1.3524,0.0978,34.06,0.0443,0.448,0.004771,9.79,5.4,4.39,SAFE,weekday_normal
880.0,FOOD_COURT_A,23.97,0.1598,1.393,0.1388,43.68,0.0426,0.4682,0.0032,3.91,0.0,3.91,SAFE,weekday_normal
881.0,FOOD_COURT_A,17.7,0.118,1.2721,0.1612,40.03,0.06,0.3088,0.002021,7.63,4.29,3.34,SAFE,weekday_normal
882.0,FOOD_COURT_A,22.01,0.1467,1.3597,0.1673,42.66,0.1047,0.3655,0.001727,6.64,2.91,3.73,SAFE,weekday_normal
883.0,FOOD_COURT_A,27.94,0.1863,0.8359,0.121,57.22,0.1022,0.4271,0.000518,6.36,2.42,3.94,SAFE,weekday_normal
884.0,FOOD_COURT_A,26.53,0.1768,1.1134,0.0746,45.42,0.0624,0.4093,0.002482,8.38,5.95,2.43,SAFE,weekday_normal
885.0,FOOD_COURT_A,21.76,0.1451,0.8907,0.1188,42.33,0.0903,0.5594,0.000745,5.46,2.45,3.01,SAFE,weekday_normal
886.0,FOOD_COURT_A,23.44,0.1563,1.5456,0.0923,45.66,0.1068,0.3998,0.004105,3.84,1.13,2.71,SAFE,weekday_normal
887.0,FOOD_COURT_A,20.06,0.1337,1.7562,0.1153,51.64,0.1199,0.2805,0.005785,2.17,0.0,2.17,SAFE,weekday_normal
888.0,FOOD_COURT_A,14.15,0.0944,1.4677,0.2081,45.85,0.1186,0.2812,0.001735,9.02,4.87,4.14,SAFE,weekday_normal
889.0,FOOD_COURT_A,16.35,0.109,1.4592,0.1413,41.69,0.1185,0.4187,0.001662,4.4,1.51,2.89,SAFE,weekday_normal
890.0,FOOD_COURT_A,20.08,0.1339,1.244,0.059,55.42,0.0597,0.2985,0.002038,5.99,3.74,2.24,SAFE,weekday_normal
891.0,FOOD_COURT_A,25.11,0.1674,1.4962,0.0554,60.13,0.0791,0.3907,0.000612,3.19,0.2,2.99,SAFE,weekday_normal
892.0,FOOD_COURT_A,20.87,0.1391,1.2456,0.1639,58.97,0.0673,0.2932,0.003958,9.14,4.76,4.38,SAFE,weekday_normal
893.0,FOOD_COURT_A,20.64,0.1376,1.6172,0.0604,57.55,0.1228,0.3407,0.004491,4.32,2.03,2.29,SAFE,weekday_normal
894.0,FOOD_COURT_A,27.9,0.186,1.5481,0.1324,52.4,0.1234,0.3773,0.004317,4.93,3.19,1.74,SAFE,weekday_normal
895.0,FOOD_COURT_A,28.4,0.1893,1.1077,0.114,29.5,0.1163,0.4664,0.003853,7.21,1.82,5.4,SAFE,weekday_normal
896.0,FOOD_COURT_A,24.75,0.165,1.1875,0.1273,36.56,0.0971,0.4666,0.003032,7.94,4.51,3.43,SAFE,weekday_normal
897.0,FOOD_COURT_A,23.24,0.1549,1.1902,0.1462,67.1,0.0459,0.4113,0.001357,8.33,5.89,2.44,SAFE,weekday_normal
898.0,FOOD_COURT_A,22.68,0.1512,1.2975,0.1242,50.13,0.0807,0.5249,0.003169,5.84,3.83,2.01,SAFE,weekday_normal
899.0,FOOD_COURT_A,30.11,0.2008,1.2097,0.0882,34.28,0.071,0.5305,0.003844,8.01,4.47,3.54,SAFE,weekday_normal
900.0,FOOD_COURT_A,29.64,0.1976,1.3466,0.1014,19.74,0.0291,0.4593,0.002927,7.81,4.59,3.22,SAFE,weekday_normal
901.0,FOOD_COURT_A,22.85,0.1523,0.9693,0.0737,39.6,0.058,0.542,0.000903,7.98,2.37,5.61,SAFE,weekday_normal
902.0,FOOD_COURT_A,11.39,0.0759,1.4987,0.1098,44.82,0.0633,0.2708,0.003969,6.06,1.91,4.14,SAFE,weekday_normal
903.0,FOOD_COURT_A,47.61,0.3174,0.9826,0.2727,68.46,0.3319,0.5224,0.01062,17.71,7.41,10.3,WARNING,weekday_normal
904.0,FOOD_COURT_A,61.91,0.4127,0.9232,0.4778,56.0,0.4376,0.6457,0.017188,11.34,6.01,5.32,WARNING,weekday_normal
905.0,FOOD_COURT_A,48.58,0.3239,0.6887,0.4893,103.55,0.3433,0.6183,0.016902,13.7,9.96,3.74,WARNING,weekday_normal
906.0,FOOD_COURT_A,49.73,0.3315,0.5508,0.4337,108.68,0.3015,0.8032,0.016627,8.72,6.05,2.67,WARNING,weekday_normal
907.0,FOOD_COURT_A,63.03,0.4202,0.5555,0.4589,121.09,0.3976,0.6599,0.00935,16.48,8.24,8.24,WARNING,weekday_normal
908.0,FOOD_COURT_A,52.49,0.3499,0.6286,0.3987,77.16,0.3567,0.6806,0.012466,19.38,7.4,11.99,WARNING,weekday_normal
909.0,FOOD_COURT_A,88.62,0.5908,0.3238,0.6304,162.72,0.5317,0.8205,0.028759,20.3,11.8,8.5,HIGH,weekday_normal
910.0,FOOD_COURT_A,74.15,0.4943,0.756,0.427,107.01,0.3176,0.7437,0.019593,12.01,5.72,6.3,WARNING,weekday_normal
911.0,FOOD_COURT_A,66.41,0.4427,0.3426,0.5187,197.87,0.5427,0.7785,0.027408,20.38,10.79,9.59,HIGH,weekday_normal
912.0,FOOD_COURT_A,65.53,0.4369,0.7172,0.3922,98.55,0.3323,0.8393,0.014105,16.95,6.76,10.19,WARNING,weekday_normal
913.0,FOOD_COURT_A,77.45,0.5164,0.2569,0.4692,163.85,0.5152,0.8229,0.012452,26.68,12.41,14.27,HIGH,weekday_normal
914.0,FOOD_COURT_A,53.66,0.3577,0.5916,0.6272,135.0,0.3712,0.7965,0.008875,11.55,5.09,6.46,WARNING,weekday_normal
915.0,FOOD_COURT_A,55.41,0.3694,0.7038,0.4088,69.26,0.3094,0.7836,0.009708,19.07,11.34,7.72,WARNING,weekday_normal
916.0,FOOD_COURT_A,76.55,0.5103,0.4125,0.6961,139.57,0.4324,0.7773,0.025333,21.85,6.37,15.48,HIGH,weekday_normal
917.0,FOOD_COURT_A,81.39,0.5426,0.2037,0.7652,164.61,0.5507,0.7735,0.025998,17.88,9.73,8.15,HIGH,weekday_normal
918.0,FOOD_COURT_A,71.74,0.4783,0.5663,0.44,131.16,0.3376,0.5715,0.018638,19.16,11.12,8.05,WARNING,weekday_normal
919.0,FOOD_COURT_A,46.73,0.3116,0.4878,0.3893,86.27,0.3703,0.5529,0.012941,11.46,4.49,6.97,WARNING,weekday_normal
920.0,FOOD_COURT_A,31.5,0.21,0.855,0.1168,65.72,0.1809,0.5595,0.003882,6.04,2.52,3.52,SAFE,weekday_normal
921.0,FOOD_COURT_A,27.74,0.1849,1.0711,0.1196,40.84,0.1062,0.4311,0.003523,8.16,4.0,4.16,SAFE,weekday_normal
922.0,FOOD_COURT_A,12.41,0.0827,1.2728,0.1178,41.09,0.0421,0.2787,0.002599,4.64,1.81,2.82,SAFE,weekday_normal
923.0,FOOD_COURT_A,48.89,0.3259,0.8692,0.2853,90.5,0.1285,0.5342,0.010218,18.72,8.33,10.38,WARNING,weekday_normal
924.0,FOOD_COURT_A,64.23,0.4282,0.663,0.2581,81.94,0.2231,0.7486,0.014043,14.08,5.41,8.67,WARNING,weekday_normal
925.0,FOOD_COURT_A,57.03,0.3802,0.6255,0.4601,79.21,0.248,0.8073,0.011056,19.88,11.0,8.88,WARNING,weekday_normal
926.0,FOOD_COURT_A,51.47,0.3431,0.6395,0.3949,89.83,0.3315,0.6465,0.016243,17.0,8.26,8.74,WARNING,weekday_normal
927.0,FOOD_COURT_A,48.56,0.3237,0.7097,0.2485,90.73,0.2426,0.6558,0.016703,17.28,7.76,9.52,WARNING,weekday_normal
928.0,FOOD_COURT_A,30.63,0.2042,1.5233,0.1049,56.07,0.1083,0.4648,0.006855,6.22,2.19,4.03,SAFE,weekday_normal
929.0,FOOD_COURT_A,22.8,0.152,1.33,0.169,37.45,0.1132,0.4234,0.005129,7.78,2.85,4.93,SAFE,weekday_normal
930.0,FOOD_COURT_A,13.46,0.0898,1.2195,0.1279,43.21,0.1272,0.3945,0.001539,11.11,8.82,2.29,SAFE,weekday_normal
931.0,FOOD_COURT_A,24.69,0.1646,1.1531,0.046,57.89,0.0925,0.3821,0.003817,5.77,4.13,1.63,SAFE,weekday_normal
932.0,FOOD_COURT_A,23.3,0.1553,1.1798,0.0766,39.48,0.1004,0.3709,0.002736,7.91,4.27,3.64,SAFE,weekday_normal
933.0,FOOD_COURT_A,17.71,0.1181,1.1761,0.0946,47.55,0.064,0.4296,0.002407,6.34,2.16,4.19,SAFE,weekday_normal
934.0,FOOD_COURT_A,14.67,0.0978,1.391,0.1137,57.98,0.1056,0.2334,0.001148,4.69,3.91,0.78,SAFE,weekday_normal
935.0,FOOD_COURT_A,13.01,0.0867,1.2385,0.1716,47.41,0.0962,0.4656,0.001879,12.87,6.55,6.31,SAFE,weekday_normal
936.0,FOOD_COURT_A,9.74,0.0649,1.0939,0.1358,53.53,0.1004,0.249,0.002024,4.91,2.05,2.86,SAFE,weekday_normal
937.0,FOOD_COURT_A,17.14,0.1143,1.1085,0.1537,55.26,0.1247,0.2715,0.002227,8.64,4.64,4.0,SAFE,weekday_normal
938.0,FOOD_COURT_A,20.73,0.1382,1.045,0.0976,51.13,0.099,0.4633,0.002382,9.24,2.05,7.19,SAFE,weekday_normal
939.0,FOOD_COURT_A,22.14,0.1476,1.1389,0.1571,23.82,0.0459,0.4762,0.002834,7.83,4.41,3.42,SAFE,weekday_normal
940.0,FOOD_COURT_A,26.48,0.1766,1.2864,0.1574,55.51,0.1005,0.4394,0.002762,6.58,3.67,2.91,SAFE,weekday_normal
941.0,FOOD_COURT_A,29.48,0.1965,1.1921,0.1613,41.74,0.1084,0.4117,0.002681,6.61,3.87,2.74,SAFE,weekday_normal
942.0,FOOD_COURT_A,18.69,0.1246,1.1774,0.1579,36.54,0.1,0.3217,0.003246,7.61,4.35,3.26,SAFE,weekday_normal
943.0,FOOD_COURT_A,20.69,0.1379,1.248,0.1415,57.14,0.1194,0.331,0.002931,9.43,4.51,4.93,SAFE,weekday_normal
944.0,FOOD_COURT_A,19.36,0.1291,1.3382,0.1419,44.58,0.0938,0.5003,0.002528,4.47,2.87,1.59,SAFE,weekday_normal
945.0,FOOD_COURT_A,30.02,0.2001,1.4615,0.0902,34.09,0.0713,0.4221,0.002315,7.0,3.18,3.83,SAFE,weekday_normal
946.0,FOOD_COURT_A,19.92,0.1328,1.4649,0.1038,30.02,0.0703,0.3956,0.000694,7.62,3.21,4.41,SAFE,weekday_normal
947.0,FOOD_COURT_A,20.04,0.1336,1.3876,0.1157,29.92,0.0343,0.5278,0.004288,2.64,0.0,2.64,SAFE,weekday_normal
948.0,FOOD_COURT_A,42.86,0.2857,1.0319,0.235,91.68,0.2149,0.5819,0.008878,12.29,6.88,5.41,WARNING,weekday_normal
949.0,FOOD_COURT_A,59.5,0.3967,0.7957,0.3986,68.61,0.2238,0.7355,0.012928,15.11,5.46,9.66,WARNING,weekday_normal
950.0,FOOD_COURT_A,60.18,0.4012,0.8073,0.3568,77.5,0.242,0.6244,0.014609,17.96,12.7,5.26,WARNING,weekday_normal
951.0,FOOD_COURT_A,53.41,0.3561,0.4744,0.3744,88.83,0.3424,0.6681,0.012318,13.31,9.94,3.37,WARNING,weekday_normal
952.0,FOOD_COURT_A,65.2,0.4347,0.6454,0.3687,97.46,0.2959,0.5339,0.008668,11.27,6.97,4.3,WARNING,weekday_normal
953.0,FOOD_COURT_A,55.3,0.3687,0.8162,0.2593,81.62,0.4302,0.6057,0.006398,13.01,7.55,5.46,WARNING,weekday_normal
954.0,FOOD_COURT_A,50.06,0.3337,0.654,0.3424,110.64,0.4762,0.7856,0.005833,11.31,6.07,5.24,WARNING,weekday_normal
955.0,FOOD_COURT_A,32.1,0.214,0.8729,0.201,62.1,0.1449,0.6658,0.003242,10.99,5.74,5.24,SAFE,weekday_normal
956.0,FOOD_COURT_A,18.49,0.1233,0.8952,0.0603,44.01,0.1019,0.3951,0.003676,7.09,4.48,2.61,SAFE,weekday_normal
957.0,FOOD_COURT_A,12.45,0.083,1.1835,0.1045,44.91,0.1115,0.342,0.003674,5.09,1.15,3.94,SAFE,weekday_normal
958.0,FOOD_COURT_A,10.62,0.0708,1.3248,0.0895,40.54,0.0687,0.3502,0.004788,5.27,3.72,1.55,SAFE,weekday_normal
959.0,FOOD_COURT_A,24.2,0.1613,1.4116,0.1362,52.38,0.0871,0.4036,0.004982,8.28,6.39,1.9,SAFE,weekday_normal
960.0,FOOD_COURT_A,21.39,0.1426,1.0295,0.0969,51.92,0.0512,0.3952,0.001938,4.22,2.92,1.3,SAFE,weekday_normal
961.0,FOOD_COURT_A,34.7,0.2313,0.7073,0.2667,83.77,0.1263,0.4934,0.010248,14.34,5.01,9.34,WARNING,weekday_normal
962.0,FOOD_COURT_A,65.92,0.4394,0.5012,0.6321,165.76,0.3759,0.6719,0.020252,21.57,9.28,12.29,HIGH,weekday_normal
963.0,FOOD_COURT_A,88.34,0.5889,0.2389,0.7002,214.84,0.5499,0.7983,0.02267,24.69,11.99,12.7,HIGH,weekday_normal
964.0,FOOD_COURT_A,83.9,0.5593,0.2933,0.746,233.73,0.5771,0.7764,0.030892,20.61,9.27,11.34,HIGH,weekday_normal
965.0,FOOD_COURT_A,41.16,0.2744,0.8589,0.3068,116.57,0.2687,0.5105,0.011563,6.24,5.17,1.07,SAFE,weekday_normal
966.0,FOOD_COURT_A,38.59,0.2573,0.9161,0.1607,78.68,0.1208,0.3924,0.005158,6.95,2.83,4.12,SAFE,weekday_normal
967.0,FOOD_COURT_A,15.86,0.1058,1.0449,0.1248,55.08,0.0623,0.2919,0.00224,6.29,2.42,3.87,SAFE,weekday_normal
968.0,FOOD_COURT_A,29.68,0.1979,1.0327,0.14,55.47,0.0187,0.2976,0.00097,8.0,4.17,3.83,SAFE,weekday_normal
969.0,FOOD_COURT_A,25.92,0.1728,1.275,0.0955,31.48,0.0558,0.4217,0.004919,4.39,1.7,2.69,SAFE,weekday_normal
970.0,FOOD_COURT_A,17.63,0.1175,1.192,0.0611,40.58,0.0627,0.3634,0.002867,8.87,4.99,3.88,SAFE,weekday_normal
971.0,FOOD_COURT_A,10.0,0.0666,1.2165,0.0778,46.74,0.0826,0.4136,0.003121,8.16,4.8,3.36,SAFE,weekday_normal
972.0,FOOD_COURT_A,38.37,0.2558,0.9267,0.3046,56.43,0.3213,0.591,0.008398,11.62,5.89,5.73,WARNING,weekday_normal
973.0,FOOD_COURT_A,51.84,0.3456,0.9274,0.258,85.43,0.3128,0.7112,0.010555,8.63,2.6,6.02,WARNING,weekday_normal
974.0,FOOD_COURT_A,30.49,0.2033,1.0925,0.1373,47.97,0.1054,0.5464,0.005994,6.47,2.58,3.89,SAFE,weekday_normal
975.0,FOOD_COURT_A,23.04,0.1536,1.0582,0.1208,54.06,0.0671,0.5095,0.003971,8.09,5.07,3.02,SAFE,weekday_normal
976.0,FOOD_COURT_A,26.27,0.1752,1.0991,0.0892,52.83,0.0578,0.4489,0.002793,7.14,4.05,3.08,SAFE,weekday_normal
977.0,FOOD_COURT_A,18.64,0.1243,1.0499,0.0928,51.68,0.1175,0.2586,0.002227,3.68,0.31,3.37,SAFE,weekday_normal
978.0,FOOD_COURT_A,26.69,0.1779,1.1762,0.0319,49.75,0.0965,0.4543,0.003499,6.47,1.64,4.83,SAFE,weekday_normal
979.0,FOOD_COURT_A,20.42,0.1362,1.1088,0.0909,48.62,0.0837,0.38,0.003699,3.62,2.11,1.51,SAFE,weekday_normal
980.0,FOOD_COURT_A,25.8,0.172,1.3177,0.1551,46.55,0.0524,0.3796,0.004042,7.5,3.63,3.88,SAFE,weekday_normal
981.0,FOOD_COURT_A,30.75,0.205,1.2141,0.1471,41.22,0.0949,0.193,0.001885,7.92,4.97,2.95,SAFE,weekday_normal
982.0,FOOD_COURT_A,21.62,0.1441,1.2116,0.1331,59.33,0.0701,0.35,0.003882,7.66,1.34,6.32,SAFE,weekday_normal
983.0,FOOD_COURT_A,28.39,0.1892,1.0421,0.0755,36.82,0.0894,0.3998,0.003052,9.89,4.71,5.17,SAFE,weekday_normal
984.0,FOOD_COURT_A,19.57,0.1305,1.3214,0.1116,48.91,0.0653,0.2551,0.002986,5.36,3.47,1.89,SAFE,weekday_normal
985.0,FOOD_COURT_A,26.22,0.1748,1.4829,0.0982,53.22,0.0965,0.3038,0.000896,7.47,4.04,3.43,SAFE,weekday_normal
986.0,FOOD_COURT_A,21.65,0.1444,1.3439,0.1952,39.76,0.0586,0.2916,0.004079,4.49,2.44,2.05,SAFE,weekday_normal
987.0,FOOD_COURT_A,22.75,0.1517,1.3254,0.1329,33.07,0.0881,0.5486,0.002791,5.42,2.94,2.48,SAFE,weekday_normal
988.0,FOOD_COURT_A,14.95,0.0997,1.2307,0.149,59.09,0.0773,0.3844,0.002416,6.44,1.93,4.51,SAFE,weekday_normal
989.0,FOOD_COURT_A,32.09,0.2139,1.4104,0.0486,53.51,0.0954,0.2223,0.003943,7.67,4.81,2.86,SAFE,weekday_normal
990.0,FOOD_COURT_A,23.55,0.157,1.2742,0.0697,73.39,0.0759,0.3004,0.003457,7.19,4.96,2.24,SAFE,weekday_normal
991.0,FOOD_COURT_A,21.07,0.1405,1.3723,0.1549,25.52,0.0909,0.2503,0.003836,7.97,3.69,4.28,SAFE,weekday_normal
992.0,FOOD_COURT_A,29.33,0.1955,1.2123,0.0954,30.54,0.0506,0.4505,0.002717,4.54,3.95,0.59,SAFE,weekday_normal
993.0,FOOD_COURT_A,29.65,0.1976,1.2361,0.1995,31.6,0.1283,0.5835,0.002779,5.34,3.05,2.29,SAFE,weekday_normal
994.0,FOOD_COURT_A,32.69,0.2179,1.1973,0.0598,39.04,0.0973,0.3857,0.003962,4.43,1.31,3.12,SAFE,weekday_normal
995.0,FOOD_COURT_A,37.97,0.2531,0.8539,0.299,97.87,0.3006,0.6052,0.014903,17.96,8.05,9.91,WARNING,weekday_normal
996.0,FOOD_COURT_A,59.73,0.3982,1.0213,0.4573,87.28,0.3273,0.6386,0.011448,16.58,6.72,9.86,WARNING,weekday_normal
997.0,FOOD_COURT_A,23.34,0.1556,1.1791,0.2235,46.9,0.1093,0.5241,0.007613,7.67,1.96,5.71,SAFE,weekday_normal
998.0,FOOD_COURT_A,11.95,0.0797,1.0786,0.169,53.58,0.0757,0.4178,0.004338,6.74,3.17,3.57,SAFE,weekday_normal
999.0,FOOD_COURT_A,18.29,0.1219,1.2484,0.108,74.14,0.0723,0.386,0.002286,7.93,3.69,4.25,SAFE,weekday_normal
1000.0,FOOD_COURT_A,24.82,0.1654,1.2546,0.1041,35.04,0.0994,0.5206,0.001226,10.54,5.52,5.02,SAFE,weekday_normal
1001.0,FOOD_COURT_A,15.52,0.1035,0.9915,0.0873,46.79,0.084,0.4579,0.000976,6.8,4.39,2.41,SAFE,weekday_normal
1002.0,FOOD_COURT_A,22.24,0.1483,0.9225,0.0911,49.24,0.1221,0.4176,0.002989,3.69,2.1,1.59,SAFE,weekday_normal
1003.0,FOOD_COURT_A,13.92,0.0928,1.3543,0.0913,50.67,0.0787,0.4828,0.003565,3.86,2.28,1.58,SAFE,weekday_normal
1004.0,FOOD_COURT_A,22.6,0.1506,1.1499,0.0753,50.95,0.1223,0.408,0.00482,4.86,1.34,3.52,SAFE,weekday_normal
1005.0,FOOD_COURT_A,18.44,0.1229,1.1049,0.1366,54.91,0.0788,0.3918,0.002774,3.41,1.37,2.04,SAFE,weekday_normal
1006.0,FOOD_COURT_A,21.79,0.1453,1.4892,0.0985,54.63,0.0804,0.6296,0.000832,6.73,2.42,4.31,SAFE,weekday_normal
1007.0,FOOD_COURT_A,16.94,0.1129,1.3568,0.1065,56.68,0.0904,0.4304,0.00385,5.65,1.84,3.81,SAFE,weekday_normal
1008.0,FOOD_COURT_A,24.47,0.1632,1.1004,0.032,56.71,0.0756,0.4391,0.005253,7.64,4.06,3.58,SAFE,weekday_normal
1009.0,FOOD_COURT_A,21.94,0.1463,1.15,0.0299,58.32,0.0928,0.6054,0.002254,6.09,4.73,1.36,SAFE,weekday_normal
1010.0,FOOD_COURT_A,33.93,0.2262,0.8503,0.2734,94.71,0.181,0.6202,0.0114,14.26,5.73,8.54,WARNING,weekday_normal
1011.0,FOOD_COURT_A,50.37,0.3358,0.7245,0.3481,75.85,0.3559,0.6827,0.013202,10.49,4.98,5.5,WARNING,weekday_normal
1012.0,FOOD_COURT_A,36.05,0.2403,0.5414,0.3117,79.8,0.2802,0.7496,0.009648,12.29,5.25,7.04,WARNING,weekday_normal
1013.0,FOOD_COURT_A,41.64,0.2776,0.7465,0.4413,72.96,0.2225,0.6234,0.015965,9.15,5.63,3.52,WARNING,weekday_normal
1014.0,FOOD_COURT_A,48.33,0.3222,0.7425,0.4041,85.8,0.2569,0.5715,0.015261,13.53,8.42,5.11,WARNING,weekday_normal
1015.0,FOOD_COURT_A,22.83,0.1522,1.16,0.2775,63.6,0.1463,0.496,0.005176,6.95,3.67,3.28,SAFE,weekday_normal
1016.0,FOOD_COURT_A,19.33,0.1289,1.3319,0.2145,51.43,0.0668,0.2194,0.003599,6.33,3.88,2.45,SAFE,weekday_normal
1017.0,FOOD_COURT_A,21.49,0.1433,1.0454,0.2063,47.41,0.0693,0.2451,0.003806,6.0,4.32,1.68,SAFE,weekday_normal
1018.0,FOOD_COURT_A,16.28,0.1086,1.0747,0.2078,55.14,0.05,0.4262,0.00412,5.61,3.34,2.26,SAFE,weekday_normal
1019.0,FOOD_COURT_A,14.88,0.0992,1.4447,0.1721,57.85,0.0814,0.314,0.003278,6.39,4.96,1.44,SAFE,weekday_normal
1020.0,FOOD_COURT_A,31.03,0.2069,1.3316,0.1578,52.12,0.1197,0.4106,0.004211,4.78,1.8,2.98,SAFE,weekday_normal
1021.0,FOOD_COURT_A,29.04,0.1936,1.2067,0.1214,36.32,0.0983,0.2588,0.004829,6.11,3.57,2.54,SAFE,weekday_normal
1022.0,FOOD_COURT_A,24.57,0.1638,1.2485,0.0848,48.55,0.0622,0.301,0.004428,5.44,4.04,1.41,SAFE,weekday_normal
1023.0,FOOD_COURT_A,31.64,0.211,1.1152,0.1711,67.3,0.1259,0.3541,0.001328,2.4,0.0,2.4,SAFE,weekday_normal
1024.0,FOOD_COURT_A,37.45,0.2497,0.9935,0.108,57.37,0.107,0.3648,0.001591,9.24,3.85,5.39,SAFE,weekday_normal
1025.0,FOOD_COURT_A,30.66,0.2044,0.9507,0.0694,55.94,0.0815,0.5229,0.003279,6.08,2.77,3.31,SAFE,weekday_normal
1026.0,FOOD_COURT_A,34.65,0.231,1.1791,0.1203,38.83,0.0704,0.5438,0.002273,10.72,5.73,4.99,SAFE,weekday_normal
1027.0,FOOD_COURT_A,54.46,0.3631,0.6811,0.1789,70.35,0.2098,0.6759,0.009935,9.69,4.02,5.67,WARNING,weekday_normal
1028.0,FOOD_COURT_A,42.17,0.2811,0.6106,0.3738,72.33,0.2882,0.6631,0.009047,19.85,9.09,10.76,WARNING,weekday_normal
1029.0,FOOD_COURT_A,58.52,0.3901,0.3864,0.3288,96.87,0.3556,0.6274,0.010045,12.43,5.51,6.93,WARNING,weekday_normal
1030.0,FOOD_COURT_A,50.36,0.3358,0.6988,0.4194,110.24,0.3884,0.6001,0.009301,17.57,10.65,6.92,WARNING,weekday_normal
1031.0,FOOD_COURT_A,64.48,0.4299,0.2885,0.6683,139.06,0.6481,0.8615,0.023673,25.73,15.08,10.64,HIGH,weekday_normal
1032.0,FOOD_COURT_A,72.45,0.483,0.2648,0.7014,136.08,0.661,0.8076,0.020677,22.32,12.3,10.02,HIGH,weekday_normal
1033.0,FOOD_COURT_A,85.75,0.5717,0.0951,0.6728,158.3,0.5824,0.8719,0.034823,21.17,11.37,9.8,HIGH,weekday_normal
1034.0,FOOD_COURT_A,89.05,0.5937,0.1355,0.729,189.34,0.599,0.9257,0.022268,22.65,8.91,13.74,HIGH,weekday_normal
1035.0,FOOD_COURT_A,54.89,0.3659,0.4676,0.367,131.67,0.3029,0.7635,0.015915,20.32,9.21,11.1,WARNING,weekday_normal
1036.0,FOOD_COURT_A,52.69,0.3513,0.5685,0.3266,115.54,0.2945,0.6995,0.012456,13.48,6.43,7.05,WARNING,weekday_normal
1037.0,FOOD_COURT_A,51.29,0.3419,0.7412,0.3422,89.67,0.2369,0.711,0.008498,15.0,11.62,3.38,WARNING,weekday_normal
1038.0,FOOD_COURT_A,69.45,0.463,0.7744,0.3566,99.92,0.3903,0.6277,0.006844,13.2,8.02,5.18,WARNING,weekday_normal
1039.0,FOOD_COURT_A,43.38,0.2892,0.673,0.4849,108.26,0.3625,0.6363,0.008412,17.67,10.51,7.15,WARNING,weekday_normal
1040.0,FOOD_COURT_A,27.71,0.1848,1.1004,0.1577,54.17,0.1784,0.425,0.00448,10.69,4.31,6.38,SAFE,weekday_normal
1041.0,FOOD_COURT_A,21.88,0.1458,1.0526,0.1211,44.8,0.113,0.4448,0.004051,4.01,2.37,1.64,SAFE,weekday_normal
1042.0,FOOD_COURT_A,11.99,0.0799,1.2821,0.0376,52.8,0.0934,0.3991,0.003201,5.83,4.27,1.56,SAFE,weekday_normal
1043.0,FOOD_COURT_A,18.73,0.1249,1.2814,0.0377,38.36,0.0764,0.3113,0.002395,2.29,1.71,0.58,SAFE,weekday_normal
1044.0,FOOD_COURT_A,24.23,0.1615,1.2654,0.0285,38.74,0.0983,0.3357,0.000834,9.96,6.89,3.07,SAFE,weekday_normal
1045.0,FOOD_COURT_A,15.22,0.1015,1.2256,0.0427,38.32,0.0461,0.3872,0.003828,4.25,1.85,2.39,SAFE,weekday_normal
1046.0,FOOD_COURT_A,16.0,0.1067,1.6028,0.0552,31.22,0.0705,0.4444,0.003994,2.33,0.0,2.33,SAFE,weekday_normal
1047.0,FOOD_COURT_A,26.55,0.177,1.6306,0.1248,47.59,0.0871,0.3578,0.003017,7.53,3.38,4.15,SAFE,weekday_normal
1048.0,FOOD_COURT_A,26.15,0.1744,1.6767,0.1349,37.85,0.0888,0.5024,0.001583,6.41,3.45,2.96,SAFE,weekday_normal
1049.0,FOOD_COURT_A,18.97,0.1265,1.3839,0.1994,34.08,0.0752,0.5212,0.00255,7.17,3.0,4.17,SAFE,weekday_normal
1050.0,FOOD_COURT_A,29.23,0.1949,1.5843,0.1528,48.0,0.0822,0.5178,0.000765,5.96,3.49,2.47,SAFE,weekday_normal
1051.0,FOOD_COURT_A,24.52,0.1635,1.2609,0.1327,52.93,0.0775,0.2746,0.000978,4.84,4.84,0.0,SAFE,weekday_normal
1052.0,FOOD_COURT_A,20.92,0.1395,1.4617,0.1158,61.37,0.1142,0.2553,0.003038,7.91,6.09,1.83,SAFE,weekday_normal
1053.0,FOOD_COURT_A,15.29,0.1019,1.1221,0.0584,34.26,0.0943,0.4542,0.002752,5.83,1.24,4.58,SAFE,weekday_normal
1054.0,FOOD_COURT_A,17.66,0.1178,1.309,0.0698,26.05,0.1057,0.5351,0.002954,3.94,1.09,2.85,SAFE,weekday_normal
1055.0,FOOD_COURT_A,21.08,0.1406,1.3251,0.0587,39.83,0.0499,0.4982,0.002619,6.12,2.85,3.28,SAFE,weekday_normal
1056.0,FOOD_COURT_A,16.43,0.1095,1.2436,0.0767,34.31,0.0754,0.46,0.002412,8.62,4.9,3.72,SAFE,weekday_normal
1057.0,FOOD_COURT_A,12.17,0.0811,1.08,0.117,43.04,0.0896,0.4295,0.004489,7.25,4.02,3.23,SAFE,weekday_normal
1058.0,FOOD_COURT_A,21.75,0.145,1.5028,0.0822,38.95,0.059,0.319,0.001975,4.69,0.72,3.96,SAFE,weekday_normal
1059.0,FOOD_COURT_A,33.24,0.2216,1.481,0.1134,63.21,0.0463,0.5343,0.001341,5.27,3.86,1.41,SAFE,weekday_normal
1060.0,FOOD_COURT_A,54.3,0.362,0.9035,0.2626,87.08,0.1265,0.6792,0.011841,9.77,5.36,4.41,WARNING,weekday_normal
1061.0,FOOD_COURT_A,73.26,0.4884,0.5107,0.4426,183.85,0.5882,0.8129,0.024407,23.73,14.11,9.62,HIGH,weekday_normal
1062.0,FOOD_COURT_A,65.16,0.4344,0.616,0.4794,129.62,0.4697,0.7512,0.01559,13.68,7.19,6.49,WARNING,weekday_normal
1063.0,FOOD_COURT_A,49.07,0.3271,0.665,0.4051,91.01,0.4785,0.6644,0.009131,7.52,5.87,1.65,WARNING,weekday_normal
1064.0,FOOD_COURT_A,46.57,0.3104,0.5743,0.4394,110.52,0.2758,0.7851,0.009354,9.92,5.5,4.42,WARNING,weekday_normal
1065.0,FOOD_COURT_A,53.06,0.3538,0.7148,0.5779,108.4,0.1674,0.6863,0.011635,12.04,7.22,4.82,WARNING,weekday_normal
1066.0,FOOD_COURT_A,41.27,0.2751,1.1526,0.2689,52.75,0.118,0.3866,0.008065,4.11,1.98,2.13,SAFE,weekday_normal
1067.0,FOOD_COURT_A,18.49,0.1233,1.2436,0.1269,48.83,0.1075,0.4767,0.005628,6.35,3.24,3.11,SAFE,weekday_normal
1068.0,FOOD_COURT_A,21.14,0.1409,1.015,0.1528,70.08,0.08,0.3683,0.003607,6.38,2.66,3.72,SAFE,weekday_normal
1069.0,FOOD_COURT_A,13.35,0.089,0.7085,0.1669,63.97,0.0699,0.4507,0.001979,8.37,2.79,5.57,SAFE,weekday_normal
1070.0,FOOD_COURT_A,13.53,0.0902,1.0412,0.1208,36.31,0.0647,0.464,0.001814,9.07,3.2,5.87,SAFE,weekday_normal
1071.0,FOOD_COURT_A,30.79,0.2053,1.1529,0.1137,31.15,0.0606,0.4195,0.002372,9.06,5.41,3.65,SAFE,weekday_normal
1072.0,FOOD_COURT_A,25.42,0.1695,1.31,0.0953,42.98,0.0861,0.4786,0.002207,3.25,2.81,0.43,SAFE,weekday_normal
1073.0,FOOD_COURT_A,20.2,0.1347,1.1591,0.1417,47.71,0.0805,0.4447,0.003013,4.03,1.23,2.8,SAFE,weekday_normal
1074.0,FOOD_COURT_A,17.43,0.1162,1.2448,0.1647,43.12,0.1097,0.4927,0.001357,9.14,5.38,3.77,SAFE,weekday_normal
1075.0,FOOD_COURT_A,12.93,0.0862,1.1382,0.1899,31.14,0.0612,0.3701,0.001323,5.36,3.1,2.26,SAFE,weekday_normal
1076.0,FOOD_COURT_A,22.26,0.1484,1.0508,0.1766,27.98,0.0916,0.5291,0.002249,5.66,3.79,1.87,SAFE,weekday_normal
1077.0,FOOD_COURT_A,18.51,0.1234,0.9813,0.1714,59.85,0.0945,0.5317,0.00243,5.74,1.49,4.24,SAFE,weekday_normal
1078.0,FOOD_COURT_A,10.88,0.0725,1.0057,0.1295,32.97,0.0879,0.356,0.001625,8.83,5.45,3.38,SAFE,weekday_normal
1079.0,FOOD_COURT_A,12.77,0.0851,1.36,0.1145,57.58,0.1197,0.4521,0.002692,8.0,3.53,4.47,SAFE,weekday_normal
1080.0,FOOD_COURT_A,10.71,0.0714,1.2177,0.1044,72.71,0.0902,0.409,0.004315,9.49,3.42,6.07,SAFE,weekday_normal
1081.0,FOOD_COURT_A,22.08,0.1472,0.9323,0.1903,49.0,0.0872,0.2438,0.003307,7.04,3.84,3.2,SAFE,weekday_normal
1082.0,FOOD_COURT_A,22.12,0.1475,0.775,0.1169,57.31,0.0998,0.3895,0.001839,6.01,1.12,4.89,SAFE,weekday_normal
1083.0,FOOD_COURT_A,18.85,0.1256,1.2645,0.0558,29.59,0.1383,0.2798,0.002909,3.6,3.6,0.0,SAFE,weekday_normal
1084.0,FOOD_COURT_A,24.15,0.161,1.1504,0.0431,31.26,0.0546,0.2578,0.000909,3.63,1.95,1.69,SAFE,weekday_normal
1085.0,FOOD_COURT_A,24.47,0.1632,1.1672,0.1402,36.27,0.0895,0.3605,0.00216,8.11,6.95,1.16,SAFE,weekday_normal
1086.0,FOOD_COURT_A,22.72,0.1515,1.2408,0.1036,43.73,0.0968,0.3271,0.000648,5.04,0.39,4.66,SAFE,weekday_normal
1087.0,FOOD_COURT_A,12.28,0.0818,1.0175,0.1193,42.66,0.0716,0.4108,0.001918,9.39,1.87,7.53,SAFE,weekday_normal
1088.0,FOOD_COURT_A,11.36,0.0757,1.3952,0.0358,42.01,0.1131,0.292,0.002522,5.81,3.7,2.11,SAFE,weekday_normal
1089.0,FOOD_COURT_A,41.55,0.277,0.9159,0.3117,87.84,0.3198,0.5838,0.010413,14.96,9.97,4.99,WARNING,weekday_normal
1090.0,FOOD_COURT_A,46.0,0.3066,0.6899,0.3481,98.78,0.151,0.6832,0.011165,15.62,7.71,7.91,WARNING,weekday_normal
1091.0,FOOD_COURT_A,55.31,0.3687,0.8363,0.3228,99.31,0.2899,0.7071,0.010831,12.13,10.2,1.93,WARNING,weekday_normal
1092.0,FOOD_COURT_A,59.26,0.3951,0.6292,0.4253,100.11,0.2903,0.6028,0.00995,12.78,4.23,8.55,WARNING,weekday_normal
1093.0,FOOD_COURT_A,65.19,0.4346,0.7968,0.401,90.73,0.2041,0.6786,0.007482,8.69,5.02,3.67,WARNING,weekday_normal
1094.0,FOOD_COURT_A,53.36,0.3557,0.92,0.415,107.18,0.294,0.6669,0.010699,11.52,7.61,3.91,WARNING,weekday_normal
1095.0,FOOD_COURT_A,60.16,0.401,0.7033,0.407,91.87,0.1956,0.6165,0.016701,15.02,10.59,4.43,WARNING,weekday_normal
1096.0,FOOD_COURT_A,49.65,0.331,0.7243,0.3944,107.23,0.24,0.7366,0.012916,16.09,13.48,2.61,WARNING,weekday_normal
1097.0,FOOD_COURT_A,99.1,0.6606,0.3102,0.545,116.81,0.4423,0.8777,0.022371,22.28,9.41,12.86,HIGH,weekday_normal
1098.0,FOOD_COURT_A,77.39,0.5159,0.1423,0.6362,108.63,0.4904,0.7817,0.026942,21.86,12.31,9.55,HIGH,weekday_normal
1099.0,FOOD_COURT_A,68.76,0.4584,0.2446,0.6044,197.17,0.7035,0.8587,0.01391,21.61,9.33,12.29,HIGH,weekday_normal
1100.0,FOOD_COURT_A,72.06,0.4804,0.1994,0.6599,190.52,0.5654,0.854,0.028268,10.08,5.98,4.1,HIGH,weekday_normal
1101.0,FOOD_COURT_A,95.25,0.635,0.1966,0.5744,184.45,0.6281,0.9349,0.027108,14.94,10.42,4.51,HIGH,weekday_normal
1102.0,FOOD_COURT_A,82.98,0.5532,0.2446,0.6506,170.71,0.5407,0.9315,0.021333,21.5,8.72,12.78,HIGH,weekday_normal
1103.0,FOOD_COURT_A,86.12,0.5741,0.0804,0.6061,133.24,0.5918,0.8454,0.020886,8.8,8.05,0.75,HIGH,weekday_normal
1104.0,FOOD_COURT_A,38.61,0.2574,0.6847,0.2066,79.12,0.2765,0.3605,0.007907,7.87,4.6,3.28,SAFE,weekday_normal
1105.0,FOOD_COURT_A,19.83,0.1322,1.0136,0.0925,35.34,0.1345,0.4155,0.006012,1.76,0.13,1.64,SAFE,weekday_normal
1106.0,FOOD_COURT_A,28.3,0.1887,1.3631,0.1169,48.73,0.1568,0.3238,0.00409,13.05,6.45,6.6,SAFE,weekday_normal
1107.0,FOOD_COURT_A,21.2,0.1413,1.4655,0.1714,55.35,0.1408,0.5446,0.00363,4.01,1.14,2.86,SAFE,weekday_normal
1108.0,FOOD_COURT_A,33.51,0.2234,1.5182,0.1184,50.67,0.0625,0.4054,0.004058,4.24,1.36,2.88,SAFE,weekday_normal
1109.0,FOOD_COURT_A,36.51,0.2434,0.9906,0.0864,43.98,0.0608,0.4062,0.003935,7.69,4.78,2.91,SAFE,weekday_normal
1110.0,FOOD_COURT_A,28.15,0.1877,1.1087,0.1042,46.8,0.1156,0.4071,0.003684,4.86,1.61,3.25,SAFE,weekday_normal
1111.0,FOOD_COURT_A,31.99,0.2132,1.0606,0.1226,38.05,0.097,0.3937,0.003506,5.63,2.81,2.82,SAFE,weekday_normal
1112.0,FOOD_COURT_A,55.43,0.3696,0.8836,0.061,76.49,0.2634,0.5268,0.008085,18.0,10.33,7.67,WARNING,weekday_normal
1113.0,FOOD_COURT_A,28.54,0.1903,1.0083,0.0633,69.52,0.143,0.3909,0.004174,8.94,5.97,2.97,SAFE,weekday_normal
1114.0,FOOD_COURT_A,20.36,0.1358,1.2319,0.0627,40.49,0.1057,0.3891,0.004311,7.61,4.83,2.79,SAFE,weekday_normal
1115.0,FOOD_COURT_A,23.07,0.1538,1.1429,0.0801,56.98,0.124,0.373,0.00251,6.57,2.2,4.36,SAFE,weekday_normal
1116.0,FOOD_COURT_A,16.19,0.1079,1.0362,0.065,42.33,0.0423,0.4583,0.002215,7.04,4.19,2.85,SAFE,weekday_normal
1117.0,FOOD_COURT_A,19.6,0.1307,1.1421,0.1513,46.07,0.0464,0.3577,0.003598,9.2,5.45,3.75,SAFE,weekday_normal
1118.0,FOOD_COURT_A,22.36,0.1491,1.2201,0.1095,52.14,0.1091,0.4151,0.001819,6.57,2.16,4.41,SAFE,weekday_normal
1119.0,FOOD_COURT_A,15.86,0.1057,1.3575,0.1483,38.34,0.0651,0.5151,0.003551,7.66,3.62,4.04,SAFE,weekday_normal
1120.0,FOOD_COURT_A,28.14,0.1876,1.2251,0.1031,32.77,0.0494,0.3485,0.003471,6.92,3.1,3.82,SAFE,weekday_normal
1121.0,FOOD_COURT_A,16.12,0.1075,1.1931,0.0309,32.56,0.0802,0.3389,0.002166,7.23,3.39,3.84,SAFE,weekday_normal
1122.0,FOOD_COURT_A,19.36,0.1291,0.914,0.0093,33.56,0.0916,0.3147,0.003304,6.78,3.66,3.12,SAFE,weekday_normal
1123.0,FOOD_COURT_A,28.22,0.1882,1.1204,0.0271,33.47,0.0694,0.2866,0.002799,8.99,2.89,6.1,SAFE,weekday_normal
1124.0,FOOD_COURT_A,24.83,0.1655,1.1836,0.0663,35.98,0.0787,0.4552,0.00084,4.04,2.29,1.75,SAFE,weekday_normal
1125.0,FOOD_COURT_A,15.8,0.1053,1.3557,0.1407,35.52,0.1018,0.3531,0.005478,7.32,2.46,4.86,SAFE,weekday_normal
1126.0,FOOD_COURT_A,18.19,0.1212,1.4117,0.1134,34.24,0.1232,0.2875,0.003715,10.93,4.46,6.47,SAFE,weekday_normal
1127.0,FOOD_COURT_A,17.61,0.1174,1.3142,0.0969,48.44,0.0642,0.4175,0.003879,7.12,4.07,3.05,SAFE,weekday_normal
1128.0,FOOD_COURT_A,24.94,0.1663,1.5195,0.0842,40.3,0.0878,0.5046,0.003345,9.73,5.37,4.36,SAFE,weekday_normal
1129.0,FOOD_COURT_A,21.17,0.1411,1.2248,0.1178,53.51,0.0878,0.5713,0.002853,8.97,4.44,4.53,SAFE,weekday_normal
1130.0,FOOD_COURT_A,36.0,0.24,0.7965,0.3141,62.87,0.1277,0.7264,0.009434,15.56,7.52,8.04,WARNING,weekday_normal
1131.0,FOOD_COURT_A,42.48,0.2832,0.8306,0.3454,77.2,0.2107,0.69,0.010955,13.84,7.52,6.33,WARNING,weekday_normal
1132.0,FOOD_COURT_A,34.21,0.2281,0.6558,0.1544,57.03,0.1667,0.3916,0.003559,6.59,2.21,4.38,SAFE,weekday_normal
1133.0,FOOD_COURT_A,25.89,0.1726,1.1703,0.1551,49.91,0.1508,0.4157,0.001184,7.74,4.05,3.69,SAFE,weekday_normal
1134.0,FOOD_COURT_A,25.12,0.1675,0.9693,0.1068,44.59,0.0877,0.4623,0.001568,4.39,2.96,1.43,SAFE,weekday_normal
1135.0,FOOD_COURT_A,24.67,0.1645,1.0915,0.1472,44.83,0.1064,0.541,0.001747,9.8,3.22,6.58,SAFE,weekday_normal
1136.0,FOOD_COURT_A,21.1,0.1406,1.2977,0.1149,71.89,0.082,0.4718,0.001575,8.59,4.81,3.79,SAFE,weekday_normal
1137.0,FOOD_COURT_A,19.19,0.128,1.0226,0.0783,34.28,0.1088,0.5283,0.002115,7.06,3.05,4.0,SAFE,weekday_normal
1138.0,FOOD_COURT_A,16.1,0.1073,1.3166,0.1212,15.54,0.0992,0.3518,0.001906,8.82,3.16,5.66,SAFE,weekday_normal
1139.0,FOOD_COURT_A,13.5,0.09,1.3295,0.0883,50.06,0.0848,0.4041,0.002612,5.73,0.0,5.73,SAFE,weekday_normal
1140.0,FOOD_COURT_A,46.26,0.3084,0.8954,0.2882,84.38,0.2076,0.6404,0.004609,15.52,7.47,8.05,WARNING,weekday_normal
1141.0,FOOD_COURT_A,51.16,0.341,0.7703,0.2831,74.91,0.3029,0.7156,0.003221,13.6,8.31,5.29,WARNING,weekday_normal
1142.0,FOOD_COURT_A,52.67,0.3511,0.5173,0.2913,105.88,0.3172,0.6639,0.008958,15.97,8.22,7.75,WARNING,weekday_normal
1143.0,FOOD_COURT_A,53.96,0.3598,0.7479,0.4213,105.5,0.323,0.7212,0.012187,18.55,9.65,8.9,WARNING,weekday_normal
1144.0,FOOD_COURT_A,47.61,0.3174,0.5425,0.3433,115.23,0.2105,0.72,0.013325,17.01,9.91,7.1,WARNING,weekday_normal
1145.0,FOOD_COURT_A,43.39,0.2892,0.4969,0.2863,91.66,0.2744,0.6104,0.017545,13.7,3.69,10.02,WARNING,weekday_normal
1146.0,FOOD_COURT_A,60.18,0.4012,0.7173,0.3033,99.99,0.2169,0.7229,0.013405,9.57,5.98,3.59,WARNING,weekday_normal
1147.0,FOOD_COURT_A,39.05,0.2604,0.5393,0.4349,89.45,0.2772,0.7388,0.018741,14.53,10.31,4.22,WARNING,weekday_normal
1148.0,FOOD_COURT_A,36.54,0.2436,0.9141,0.5553,96.63,0.2182,0.7651,0.013644,15.6,6.72,8.89,WARNING,weekday_normal
1149.0,FOOD_COURT_A,52.05,0.347,0.5798,0.4099,107.06,0.3252,0.7239,0.01576,13.19,6.1,7.1,WARNING,weekday_normal
1150.0,FOOD_COURT_A,30.2,0.2013,0.5723,0.4424,91.79,0.2889,0.6203,0.01664,17.08,8.37,8.71,WARNING,weekday_normal
1151.0,FOOD_COURT_A,35.43,0.2362,0.6065,0.3791,89.13,0.2676,0.6378,0.016366,13.31,2.22,11.09,WARNING,weekday_normal
1152.0,FOOD_COURT_A,52.78,0.3519,0.6316,0.4432,67.83,0.2577,0.6589,0.018089,14.66,6.88,7.78,WARNING,weekday_normal
1153.0,FOOD_COURT_A,50.32,0.3355,0.7058,0.5164,104.27,0.2956,0.7209,0.015848,17.7,8.27,9.43,WARNING,weekday_normal
1154.0,FOOD_COURT_A,61.69,0.4112,0.6507,0.4658,91.08,0.2481,0.6734,0.012887,11.65,2.85,8.8,WARNING,weekday_normal
1155.0,FOOD_COURT_A,37.43,0.2496,0.9923,0.5109,89.26,0.2991,0.6992,0.010204,13.77,7.48,6.29,WARNING,weekday_normal
1156.0,FOOD_COURT_A,49.26,0.3284,0.7755,0.3273,93.97,0.3252,0.6948,0.010706,15.61,9.84,5.77,WARNING,weekday_normal
1157.0,FOOD_COURT_A,55.1,0.3673,0.8511,0.3586,98.44,0.3148,0.7711,0.01071,16.6,10.21,6.39,WARNING,weekday_normal
1158.0,FOOD_COURT_A,49.09,0.3273,0.7959,0.3523,106.89,0.1274,0.7077,0.010004,9.61,4.34,5.27,WARNING,weekday_normal
1159.0,FOOD_COURT_A,49.33,0.3288,0.6877,0.276,104.1,0.3578,0.708,0.014233,19.48,9.74,9.74,WARNING,weekday_normal
1160.0,FOOD_COURT_A,66.86,0.4457,0.5984,0.2985,111.44,0.3809,0.7427,0.019282,14.74,7.03,7.72,WARNING,weekday_normal
1161.0,FOOD_COURT_A,51.75,0.345,0.9036,0.332,94.54,0.314,0.6537,0.011632,8.93,5.69,3.24,WARNING,weekday_normal
1162.0,FOOD_COURT_A,48.61,0.3241,0.9716,0.4171,111.06,0.4006,0.8005,0.00569,8.57,3.93,4.64,WARNING,weekday_normal
1163.0,FOOD_COURT_A,49.93,0.3329,0.7086,0.3598,103.66,0.3467,0.6655,0.002492,9.79,4.52,5.28,WARNING,weekday_normal
1164.0,FOOD_COURT_A,51.91,0.3461,0.5252,0.3396,77.8,0.3192,0.6005,0.006177,9.99,3.73,6.27,WARNING,weekday_normal
1165.0,FOOD_COURT_A,48.08,0.3206,0.7268,0.3963,88.62,0.2639,0.6828,0.01267,18.02,7.36,10.66,WARNING,weekday_normal
1166.0,FOOD_COURT_A,56.41,0.3761,0.7882,0.3942,104.91,0.2474,0.6488,0.013424,15.77,7.86,7.92,WARNING,weekday_normal
1167.0,FOOD_COURT_A,63.48,0.4232,0.5119,0.3161,101.99,0.2475,0.8946,0.014232,12.17,6.8,5.36,WARNING,weekday_normal
1168.0,FOOD_COURT_A,54.31,0.3621,0.6124,0.3687,89.1,0.2791,0.8385,0.017515,10.93,7.63,3.3,WARNING,weekday_normal
1169.0,FOOD_COURT_A,58.84,0.3923,0.8346,0.4725,106.08,0.4073,0.7313,0.015853,12.68,5.3,7.38,WARNING,weekday_normal
1170.0,FOOD_COURT_A,65.85,0.439,0.6311,0.3474,100.03,0.3303,0.7408,0.011569,14.72,11.3,3.43,WARNING,weekday_normal
1171.0,FOOD_COURT_A,67.41,0.4494,0.548,0.2445,100.67,0.3053,0.6206,0.005986,16.07,6.98,9.09,WARNING,weekday_normal
1172.0,FOOD_COURT_A,63.1,0.4207,0.6265,0.3729,96.23,0.2155,0.5627,0.009485,15.38,6.6,8.78,WARNING,weekday_normal
1173.0,FOOD_COURT_A,63.04,0.4203,0.7192,0.3582,71.21,0.3175,0.6816,0.002886,9.84,4.91,4.92,WARNING,weekday_normal
1174.0,FOOD_COURT_A,58.46,0.3897,0.5695,0.3708,84.18,0.3081,0.6303,0.007029,11.9,4.3,7.6,WARNING,weekday_normal
1175.0,FOOD_COURT_A,60.32,0.4021,0.5288,0.4837,86.25,0.4235,0.6201,0.003416,15.28,8.01,7.27,WARNING,weekday_normal
1176.0,FOOD_COURT_A,57.04,0.3803,0.5327,0.4087,83.43,0.3299,0.721,0.010069,14.6,8.52,6.07,WARNING,weekday_normal
1177.0,FOOD_COURT_A,53.37,0.3558,0.4695,0.3627,33.41,0.2817,0.6866,0.013394,13.85,6.33,7.52,WARNING,weekday_normal
1178.0,FOOD_COURT_A,39.14,0.2609,0.5887,0.2572,55.38,0.2954,0.7713,0.013717,13.65,7.05,6.6,WARNING,weekday_normal
1179.0,FOOD_COURT_A,45.34,0.3023,0.5631,0.3731,58.87,0.3541,0.6802,0.015405,11.87,9.4,2.47,WARNING,weekday_normal
1180.0,FOOD_COURT_A,48.15,0.321,0.5161,0.251,66.09,0.5011,0.7227,0.019732,13.87,9.07,4.8,WARNING,weekday_normal
1181.0,FOOD_COURT_A,50.42,0.3361,0.684,0.3719,76.22,0.2686,0.9168,0.013826,13.12,6.19,6.93,WARNING,weekday_normal
1182.0,FOOD_COURT_A,52.09,0.3473,0.6757,0.4677,87.19,0.2232,0.7397,0.010922,20.14,10.56,9.58,WARNING,weekday_normal
1183.0,FOOD_COURT_A,55.1,0.3673,0.4966,0.3205,92.92,0.3145,0.6717,0.009996,12.11,5.52,6.59,WARNING,weekday_normal
1184.0,FOOD_COURT_A,38.2,0.2547,0.4652,0.3183,115.51,0.2614,0.6901,0.012192,20.05,10.24,9.81,WARNING,weekday_normal
1185.0,FOOD_COURT_A,49.75,0.3317,0.5347,0.315,96.93,0.272,0.7218,0.013529,18.28,8.48,9.8,WARNING,weekday_normal
1186.0,FOOD_COURT_A,66.94,0.4462,0.6311,0.4375,89.43,0.3886,0.7668,0.015988,12.21,7.24,4.98,WARNING,weekday_normal
1187.0,FOOD_COURT_A,48.82,0.3255,0.6393,0.5046,87.91,0.3955,0.7651,0.012204,10.29,10.29,0.0,WARNING,weekday_normal
1188.0,FOOD_COURT_A,44.61,0.2974,0.5314,0.36,98.76,0.363,0.7331,0.014147,8.23,4.62,3.6,WARNING,weekday_normal
1189.0,FOOD_COURT_A,54.91,0.3661,0.535,0.2641,113.13,0.4305,0.8049,0.013299,18.64,8.56,10.07,WARNING,weekday_normal
1190.0,FOOD_COURT_A,60.81,0.4054,0.5723,0.4264,107.67,0.2497,0.7345,0.004796,14.85,8.78,6.07,WARNING,weekday_normal
1191.0,FOOD_COURT_A,70.56,0.4704,0.7749,0.4734,106.33,0.3345,0.7259,0.00279,11.16,7.3,3.86,WARNING,weekday_normal
1192.0,FOOD_COURT_A,48.09,0.3206,1.1987,0.2106,37.55,0.1414,0.5376,0.002222,9.07,5.64,3.43,SAFE,weekday_normal
1193.0,FOOD_COURT_A,35.73,0.2382,1.0962,0.147,37.12,0.1115,0.5434,0.00176,7.32,3.3,4.02,SAFE,weekday_normal
1194.0,FOOD_COURT_A,28.72,0.1914,1.0768,0.0686,48.47,0.0685,0.4094,0.00088,6.12,2.76,3.36,SAFE,weekday_normal
1195.0,FOOD_COURT_A,21.79,0.1453,1.1653,0.127,28.85,0.1472,0.3532,0.002195,4.77,0.72,4.05,SAFE,weekday_normal
1196.0,FOOD_COURT_A,28.23,0.1882,0.9134,0.097,32.46,0.1087,0.3706,0.003111,9.64,5.17,4.48,SAFE,weekday_normal
1197.0,FOOD_COURT_A,47.43,0.3162,0.7892,0.2309,69.81,0.2588,0.5627,0.012494,16.46,7.54,8.92,WARNING,weekday_normal
1198.0,FOOD_COURT_A,46.05,0.307,0.669,0.2322,47.46,0.2352,0.6534,0.012587,4.17,3.47,0.7,WARNING,weekday_normal
1199.0,FOOD_COURT_A,63.02,0.4202,0.9614,0.3614,97.84,0.3071,0.6686,0.011295,14.65,6.48,8.17,WARNING,weekday_normal
1200.0,FOOD_COURT_A,84.7,0.5647,0.4402,0.7392,72.28,0.5338,0.8358,0.027311,21.88,10.81,11.07,HIGH,weekday_normal
1201.0,FOOD_COURT_A,96.73,0.6449,0.3904,0.7005,155.16,0.6837,0.7268,0.021829,29.13,15.4,13.73,HIGH,weekday_normal
1202.0,FOOD_COURT_A,96.2,0.6414,0.2397,0.6401,155.99,0.7195,0.7778,0.024617,21.72,8.74,12.98,HIGH,weekday_normal
1203.0,FOOD_COURT_A,86.57,0.5771,0.2191,0.5546,127.62,0.6224,0.7541,0.036674,12.86,4.82,8.05,HIGH,weekday_normal
1204.0,FOOD_COURT_A,88.64,0.5909,0.1942,0.5776,137.47,0.5234,0.8052,0.039433,25.23,11.23,14.0,HIGH,weekday_normal
1205.0,FOOD_COURT_A,93.64,0.6242,0.2902,0.4421,158.71,0.6545,0.8045,0.0392,24.49,15.45,9.04,HIGH,weekday_normal
1206.0,FOOD_COURT_A,86.11,0.5741,0.1701,0.5837,139.1,0.6324,0.7548,0.032641,18.35,12.88,5.47,HIGH,weekday_normal
1207.0,FOOD_COURT_A,102.19,0.6813,0.241,0.7421,146.49,0.6393,0.8845,0.02674,27.59,17.01,10.58,HIGH,weekday_normal
1208.0,FOOD_COURT_A,103.36,0.6891,0.2468,0.7758,123.15,0.6238,0.8192,0.020782,26.04,16.23,9.81,HIGH,weekday_normal
1209.0,FOOD_COURT_A,84.57,0.5638,0.2029,0.6275,203.09,0.5444,0.8704,0.031329,21.55,9.5,12.05,HIGH,weekday_normal
1210.0,FOOD_COURT_A,78.69,0.5246,0.3861,0.7709,181.54,0.5152,0.8497,0.024995,23.63,16.86,6.77,HIGH,weekday_normal
1211.0,FOOD_COURT_A,87.33,0.5822,0.2685,0.7254,177.42,0.5524,0.8988,0.028409,13.6,12.26,1.35,HIGH,weekday_normal
1212.0,FOOD_COURT_A,91.39,0.6093,0.1187,0.7759,220.51,0.5069,0.85,0.022666,25.44,14.71,10.74,HIGH,weekday_normal
1213.0,FOOD_COURT_A,105.37,0.7025,0.2186,0.7571,194.06,0.6153,0.7527,0.024778,23.42,10.79,12.63,HIGH,weekday_normal
1214.0,FOOD_COURT_A,92.45,0.6164,0.1469,0.7318,153.9,0.4558,0.8615,0.028176,26.76,12.4,14.36,HIGH,weekday_normal
1215.0,FOOD_COURT_A,84.31,0.5621,0.0979,0.7176,162.44,0.4838,0.849,0.022528,14.62,5.49,9.13,HIGH,weekday_normal
1216.0,FOOD_COURT_A,77.66,0.5178,0.1996,0.6642,205.86,0.6634,0.8877,0.015573,30.69,15.52,15.18,HIGH,weekday_normal
1217.0,FOOD_COURT_A,85.98,0.5732,0.3065,0.6569,135.5,0.5518,0.9582,0.013822,21.55,11.0,10.55,HIGH,weekday_normal
1218.0,FOOD_COURT_A,83.73,0.5582,0.2149,0.7071,150.91,0.472,0.8945,0.027657,21.63,13.61,8.02,HIGH,weekday_normal
1219.0,FOOD_COURT_A,76.46,0.5098,0.1986,0.8478,189.35,0.5969,0.9132,0.028154,23.8,11.36,12.44,HIGH,weekday_normal
1220.0,FOOD_COURT_A,80.58,0.5372,0.1146,0.8191,217.46,0.5068,0.915,0.035358,18.99,10.99,8.0,HIGH,weekday_normal
1221.0,FOOD_COURT_A,87.79,0.5853,0.1498,0.6979,203.37,0.4458,0.7886,0.028216,22.41,10.93,11.48,HIGH,weekday_normal
1222.0,FOOD_COURT_A,105.6,0.704,0.2063,0.7636,159.7,0.5935,0.8021,0.026365,24.22,10.67,13.55,HIGH,weekday_normal
1223.0,FOOD_COURT_A,82.5,0.55,0.0689,0.7152,187.03,0.5947,0.9046,0.027859,12.78,9.31,3.47,HIGH,weekday_normal
1224.0,FOOD_COURT_A,85.15,0.5677,0.2466,0.6856,182.9,0.6139,0.8095,0.029348,25.84,15.91,9.93,HIGH,weekday_normal
1225.0,FOOD_COURT_A,77.98,0.5199,0.2233,0.5228,190.3,0.6218,0.9317,0.025218,20.09,12.23,7.87,HIGH,weekday_normal
1226.0,FOOD_COURT_A,82.73,0.5515,0.1142,0.6445,174.54,0.6135,0.8396,0.025532,19.46,10.0,9.46,HIGH,weekday_normal
1227.0,FOOD_COURT_A,88.06,0.587,0.1911,0.7613,174.98,0.5656,0.8368,0.021158,26.46,9.92,16.54,HIGH,weekday_normal
1228.0,FOOD_COURT_A,80.78,0.5386,0.1918,0.6998,171.57,0.5525,0.8617,0.01427,26.46,14.11,12.35,HIGH,weekday_normal
1229.0,FOOD_COURT_A,75.65,0.5044,0.0645,0.6319,170.68,0.7524,0.8839,0.011659,19.22,8.93,10.29,HIGH,weekday_normal
1230.0,FOOD_COURT_A,87.48,0.5832,0.0813,0.6822,157.11,0.5544,0.8747,0.025331,25.7,13.52,12.17,HIGH,weekday_normal
1231.0,FOOD_COURT_A,84.32,0.5621,0.2284,0.7346,176.88,0.5295,0.8296,0.025513,29.67,18.32,11.35,HIGH,weekday_normal
1232.0,FOOD_COURT_A,82.36,0.549,0.1643,0.6831,240.03,0.5369,0.8947,0.023049,24.61,11.78,12.83,HIGH,weekday_normal
1233.0,FOOD_COURT_A,82.12,0.5475,0.1584,0.8483,225.58,0.6224,0.9075,0.026988,27.64,17.05,10.58,HIGH,weekday_normal
1234.0,FOOD_COURT_A,92.31,0.6154,0.1,0.6892,160.05,0.6819,0.7243,0.023344,9.98,2.02,7.96,HIGH,weekday_normal
1235.0,FOOD_COURT_A,85.83,0.5722,0.2809,0.7441,150.69,0.6852,0.8133,0.024713,14.87,7.39,7.48,HIGH,weekday_normal
1236.0,FOOD_COURT_A,80.9,0.5393,0.2415,0.7338,214.44,0.6385,0.6874,0.026385,14.2,6.65,7.55,HIGH,weekday_normal
1237.0,FOOD_COURT_A,79.54,0.5302,0.18,0.6086,196.03,0.4988,0.8212,0.037942,16.61,7.01,9.6,HIGH,weekday_normal
1238.0,FOOD_COURT_A,63.84,0.4256,0.1869,0.7406,204.99,0.5611,0.8912,0.043141,25.02,16.14,8.88,HIGH,weekday_normal
1239.0,FOOD_COURT_A,68.71,0.4581,0.1817,0.6466,200.13,0.4916,0.8583,0.035135,18.31,10.7,7.61,HIGH,weekday_normal
1240.0,FOOD_COURT_A,93.63,0.6242,0.077,0.6705,184.87,0.5546,0.8626,0.031459,20.24,10.89,9.35,HIGH,weekday_normal
1241.0,FOOD_COURT_A,86.97,0.5798,0.1343,0.7713,163.36,0.6317,0.8548,0.024019,21.12,12.86,8.27,HIGH,weekday_normal
1242.0,FOOD_COURT_A,94.31,0.6287,0.2092,0.6853,189.81,0.6338,0.9163,0.030116,19.54,12.47,7.07,HIGH,weekday_normal
1243.0,FOOD_COURT_A,112.68,0.7512,0.1185,0.7893,195.02,0.5139,0.8629,0.026094,23.23,14.92,8.31,HIGH,weekday_normal
1244.0,FOOD_COURT_A,93.99,0.6266,0.0425,0.8865,154.53,0.5831,0.8482,0.024779,28.89,13.43,15.46,HIGH,weekday_normal
1245.0,FOOD_COURT_A,92.96,0.6197,0.2126,0.7976,200.85,0.5485,0.9097,0.031153,22.72,14.25,8.47,HIGH,weekday_normal
1246.0,FOOD_COURT_A,88.91,0.5927,0.2345,0.6281,230.91,0.5697,0.8838,0.023615,15.66,7.02,8.64,HIGH,weekday_normal
1247.0,FOOD_COURT_A,91.15,0.6077,0.2715,0.706,204.98,0.5533,0.8879,0.032888,25.99,13.11,12.88,HIGH,weekday_normal
1248.0,FOOD_COURT_A,92.49,0.6166,0.1302,0.6281,200.23,0.5712,0.886,0.036754,27.4,13.18,14.23,HIGH,weekday_normal
1249.0,FOOD_COURT_A,91.11,0.6074,0.1366,0.6876,163.54,0.6864,0.9051,0.031441,19.1,14.71,4.39,HIGH,weekday_normal
1250.0,FOOD_COURT_A,81.9,0.546,0.4739,0.458,128.16,0.4665,0.8467,0.017247,17.2,8.76,8.45,WARNING,weekday_normal
1251.0,FOOD_COURT_A,37.46,0.2497,0.956,0.2541,74.82,0.1633,0.5222,0.010099,6.5,3.67,2.83,SAFE,weekday_normal
1252.0,FOOD_COURT_A,30.89,0.2059,1.2203,0.1553,52.2,0.0715,0.4948,0.004819,3.53,1.03,2.51,SAFE,weekday_normal
1253.0,FOOD_COURT_A,29.23,0.1948,1.1823,0.1496,59.48,0.0628,0.5931,0.003984,5.81,1.94,3.88,SAFE,weekday_normal
1254.0,FOOD_COURT_A,28.68,0.1912,1.0373,0.0738,37.21,0.1053,0.3878,0.004696,8.7,3.72,4.98,SAFE,weekday_normal
1255.0,FOOD_COURT_A,16.91,0.1127,1.0967,0.0463,19.49,0.0802,0.4953,0.001935,6.45,4.55,1.9,SAFE,weekday_normal
1256.0,FOOD_COURT_A,58.13,0.3875,0.9321,0.336,46.18,0.2522,0.6455,0.007527,18.04,11.27,6.78,WARNING,weekday_normal
1257.0,FOOD_COURT_A,47.37,0.3158,0.4781,0.3288,46.54,0.2766,0.5305,0.007608,10.81,3.2,7.61,WARNING,weekday_normal
1258.0,FOOD_COURT_A,64.21,0.428,0.2977,0.6958,138.02,0.4009,0.7644,0.017163,27.41,14.4,13.01,HIGH,weekday_normal
1259.0,FOOD_COURT_A,76.99,0.5132,0.2616,0.7799,187.22,0.5617,0.7874,0.023623,18.96,8.45,10.5,HIGH,weekday_normal
1260.0,FOOD_COURT_A,91.01,0.6068,0.2368,0.7718,148.45,0.6101,0.7593,0.029973,25.38,13.89,11.49,HIGH,weekday_normal
1261.0,FOOD_COURT_A,68.22,0.4548,0.6896,0.4214,86.78,0.4066,0.5525,0.021699,15.62,10.05,5.57,WARNING,weekday_normal
1262.0,FOOD_COURT_A,51.86,0.3457,0.841,0.405,100.99,0.3779,0.6831,0.01347,6.34,1.16,5.18,WARNING,weekday_normal
1263.0,FOOD_COURT_A,47.92,0.3194,0.7463,0.4255,81.74,0.3323,0.67,0.01051,17.5,12.75,4.74,WARNING,weekday_normal
1264.0,FOOD_COURT_A,29.97,0.1998,1.272,0.2097,52.28,0.1624,0.6355,0.004028,7.88,3.55,4.33,SAFE,weekday_normal
1265.0,FOOD_COURT_A,25.39,0.1693,1.3009,0.1217,56.91,0.0684,0.6696,0.004507,3.24,0.97,2.26,SAFE,weekday_normal
1266.0,FOOD_COURT_A,27.62,0.1841,1.3794,0.1551,63.01,0.0754,0.5974,0.002571,6.09,3.04,3.05,SAFE,weekday_normal
1267.0,FOOD_COURT_A,20.04,0.1336,0.9901,0.1227,44.05,0.0962,0.3849,0.00179,4.05,0.47,3.58,SAFE,weekday_normal
1268.0,FOOD_COURT_A,27.18,0.1812,1.1139,0.149,46.69,0.0716,0.3591,0.001004,12.1,7.1,4.99,SAFE,weekday_normal
1269.0,FOOD_COURT_A,26.64,0.1776,1.1497,0.1402,48.09,0.0378,0.3598,0.001544,4.18,2.81,1.37,SAFE,weekday_normal
1270.0,FOOD_COURT_A,23.3,0.1553,1.1476,0.1764,54.44,0.0454,0.4153,0.001582,6.95,2.91,4.04,SAFE,weekday_normal
1271.0,FOOD_COURT_A,25.84,0.1723,1.224,0.1197,61.43,0.081,0.3341,0.001621,9.41,4.52,4.89,SAFE,weekday_normal
1272.0,FOOD_COURT_A,34.95,0.233,1.5068,0.068,59.64,0.1049,0.351,0.003223,1.15,0.68,0.47,SAFE,weekday_normal
1273.0,FOOD_COURT_A,15.16,0.1011,1.401,0.125,28.61,0.0759,0.4651,0.003451,1.71,1.71,0.0,SAFE,weekday_normal
1274.0,FOOD_COURT_A,36.94,0.2463,1.0888,0.3075,67.8,0.229,0.7288,0.012625,10.76,6.59,4.17,WARNING,weekday_normal
1275.0,FOOD_COURT_A,66.14,0.4409,0.5149,0.6359,135.6,0.4518,0.7729,0.025589,21.24,8.24,13.0,HIGH,weekday_normal
1276.0,FOOD_COURT_A,47.98,0.3198,0.4936,0.455,89.79,0.4644,0.6426,0.016721,17.18,10.3,6.88,WARNING,weekday_normal
1277.0,FOOD_COURT_A,27.11,0.1807,1.2576,0.2472,63.9,0.1815,0.5358,0.005016,7.32,3.12,4.2,SAFE,weekday_normal
1278.0,FOOD_COURT_A,27.69,0.1846,1.3535,0.1315,46.16,0.1197,0.6061,0.00328,7.92,2.82,5.09,SAFE,weekday_normal
1279.0,FOOD_COURT_A,23.6,0.1573,1.2325,0.2092,38.18,0.0818,0.4286,0.002977,4.22,3.01,1.21,SAFE,weekday_normal
1280.0,FOOD_COURT_A,22.59,0.1506,1.1163,0.0991,43.94,0.0612,0.517,0.002124,9.04,5.76,3.28,SAFE,weekday_normal
1281.0,FOOD_COURT_A,17.78,0.1185,0.9426,0.0787,52.63,0.0937,0.4183,0.003694,3.57,0.09,3.48,SAFE,weekday_normal
1282.0,FOOD_COURT_A,15.61,0.104,1.3351,0.0236,32.3,0.0968,0.4248,0.002719,10.83,6.58,4.25,SAFE,weekday_normal
1283.0,FOOD_COURT_A,26.85,0.179,1.4652,0.0699,31.16,0.0419,0.3049,0.004126,5.43,3.02,2.41,SAFE,weekday_normal
1284.0,FOOD_COURT_A,25.71,0.1714,1.0827,0.1305,63.4,0.049,0.2581,0.003086,7.42,3.1,4.32,SAFE,weekday_normal
1285.0,FOOD_COURT_A,23.99,0.16,1.2164,0.082,43.91,0.0304,0.2857,0.005773,3.85,2.31,1.53,SAFE,weekday_normal
1286.0,FOOD_COURT_A,13.74,0.0916,1.171,0.0773,48.59,0.0494,0.2635,0.003808,6.01,1.91,4.09,SAFE,weekday_normal
1287.0,FOOD_COURT_A,9.09,0.0606,1.0223,0.0864,48.79,0.0627,0.3347,0.003833,10.27,5.79,4.48,SAFE,weekday_normal
1288.0,FOOD_COURT_A,24.57,0.1638,1.3193,0.1089,50.22,0.0523,0.3925,0.001934,2.82,1.92,0.9,SAFE,weekday_normal
1289.0,FOOD_COURT_A,24.68,0.1645,1.0747,0.1471,35.41,0.0679,0.4224,0.004575,8.21,3.48,4.73,SAFE,weekday_normal
1290.0,FOOD_COURT_A,47.41,0.316,0.8947,0.2967,85.38,0.2133,0.5935,0.01535,13.9,8.6,5.3,WARNING,weekday_normal
1291.0,FOOD_COURT_A,55.95,0.373,0.7878,0.2837,78.84,0.2194,0.6444,0.017101,12.53,6.99,5.54,WARNING,weekday_normal
1292.0,FOOD_COURT_A,31.92,0.2128,1.1164,0.1727,38.32,0.0858,0.3753,0.00736,3.07,3.07,0.0,SAFE,weekday_normal
1293.0,FOOD_COURT_A,36.06,0.2404,1.1755,0.0998,33.02,0.0663,0.3277,0.005223,7.22,1.89,5.32,SAFE,weekday_normal
1294.0,FOOD_COURT_A,32.69,0.2179,1.1928,0.033,48.01,0.1216,0.3005,0.003373,4.9,2.73,2.17,SAFE,weekday_normal
1295.0,FOOD_COURT_A,19.48,0.1299,1.1412,0.0687,39.07,0.0712,0.3509,0.003347,8.09,3.03,5.06,SAFE,weekday_normal
1296.0,FOOD_COURT_A,28.18,0.1878,1.2338,0.1047,45.73,0.07,0.3818,0.002538,7.52,4.78,2.73,SAFE,weekday_normal
1297.0,FOOD_COURT_A,22.67,0.1511,1.1371,0.0979,33.64,0.0648,0.4393,0.002372,3.61,0.99,2.62,SAFE,weekday_normal
1298.0,FOOD_COURT_A,19.13,0.1275,1.0694,0.0338,44.48,0.0728,0.5817,0.002344,4.35,2.34,2.02,SAFE,weekday_normal
1299.0,FOOD_COURT_A,17.94,0.1196,1.1439,0.1479,37.5,0.0795,0.5738,0.003182,5.17,1.09,4.08,SAFE,weekday_normal
1300.0,FOOD_COURT_A,24.34,0.1623,0.8133,0.0444,40.14,0.097,0.4814,0.005723,6.83,3.66,3.16,SAFE,weekday_normal
1301.0,FOOD_COURT_A,29.07,0.1938,1.0198,0.0687,52.55,0.0953,0.4489,0.00493,4.21,0.42,3.79,SAFE,weekday_normal
1302.0,FOOD_COURT_A,55.55,0.3703,0.6552,0.4503,94.33,0.2823,0.6039,0.012269,13.98,7.28,6.7,WARNING,weekday_normal
1303.0,FOOD_COURT_A,54.42,0.3628,0.702,0.4181,86.34,0.3067,0.6071,0.011925,8.88,1.16,7.72,WARNING,weekday_normal
1304.0,FOOD_COURT_A,24.9,0.166,0.7688,0.2077,57.68,0.1477,0.505,0.004754,9.33,4.0,5.33,SAFE,weekday_normal
1305.0,FOOD_COURT_A,20.84,0.1389,1.2519,0.1682,54.54,0.0903,0.3097,0.003245,8.04,3.15,4.9,SAFE,weekday_normal
1306.0,FOOD_COURT_A,8.24,0.055,1.3697,0.1352,61.34,0.0584,0.3521,0.002569,9.2,4.9,4.3,SAFE,weekday_normal
1307.0,FOOD_COURT_A,18.64,0.1243,1.515,0.1266,51.59,0.1187,0.4986,0.003783,8.46,4.21,4.25,SAFE,weekday_normal
1308.0,FOOD_COURT_A,20.15,0.1343,1.2607,0.1023,46.28,0.078,0.4477,0.0031,7.29,3.23,4.06,SAFE,weekday_normal
1309.0,FOOD_COURT_A,21.38,0.1425,1.1984,0.1062,42.12,0.0746,0.2811,0.003529,8.54,4.47,4.07,SAFE,weekday_normal
1310.0,FOOD_COURT_A,23.37,0.1558,1.3547,0.0989,45.63,0.1247,0.434,0.004471,6.42,3.1,3.32,SAFE,weekday_normal
1311.0,FOOD_COURT_A,24.31,0.1621,1.4516,0.0958,40.94,0.097,0.3805,0.003484,7.46,2.47,4.99,SAFE,weekday_normal
1312.0,FOOD_COURT_A,20.2,0.1346,1.0803,0.0693,31.54,0.0492,0.3098,0.004031,4.4,2.74,1.66,SAFE,weekday_normal
1313.0,FOOD_COURT_A,25.44,0.1696,1.7388,0.1237,38.16,0.0951,0.3625,0.004523,7.2,3.74,3.46,SAFE,weekday_normal
1314.0,FOOD_COURT_A,8.23,0.0548,1.206,0.1282,44.62,0.0811,0.3059,0.003483,6.77,3.48,3.29,SAFE,weekday_normal
1315.0,FOOD_COURT_A,20.56,0.137,1.3222,0.1503,53.44,0.0718,0.3759,0.003716,5.04,0.86,4.18,SAFE,weekday_normal
1316.0,FOOD_COURT_A,10.35,0.069,1.1407,0.1128,46.53,0.083,0.2758,0.005465,7.12,5.76,1.36,SAFE,weekday_normal
1317.0,FOOD_COURT_A,6.91,0.046,1.2359,0.1032,66.17,0.0586,0.375,0.00314,7.96,1.35,6.61,SAFE,weekday_normal
1318.0,FOOD_COURT_A,17.89,0.1193,1.1844,0.0965,60.48,0.0538,0.3562,0.001437,8.91,5.18,3.72,SAFE,weekday_normal
1319.0,FOOD_COURT_A,24.05,0.1603,1.0926,0.1022,51.57,0.0895,0.3881,0.002797,6.63,3.13,3.5,SAFE,weekday_normal
1320.0,FOOD_COURT_A,26.53,0.1769,1.2915,0.07,54.53,0.1111,0.3022,0.003205,6.72,3.4,3.32,SAFE,weekday_normal
1321.0,FOOD_COURT_A,17.17,0.1145,1.4271,0.0337,52.06,0.0703,0.3397,0.004386,4.07,3.8,0.27,SAFE,weekday_normal
1322.0,FOOD_COURT_A,18.04,0.1203,1.3225,0.1211,36.62,0.0502,0.3933,0.003301,7.95,4.62,3.34,SAFE,weekday_normal
1323.0,FOOD_COURT_A,30.66,0.2044,1.0683,0.0797,18.79,0.116,0.5319,0.001669,6.63,3.16,3.47,SAFE,weekday_normal
1324.0,FOOD_COURT_A,18.99,0.1266,1.1277,0.074,55.09,0.0562,0.4725,0.00506,6.3,4.66,1.64,SAFE,weekday_normal
1325.0,FOOD_COURT_A,11.4,0.076,1.2122,0.1192,42.3,0.0863,0.4355,0.001563,5.86,4.19,1.67,SAFE,weekday_normal
1326.0,FOOD_COURT_A,21.82,0.1454,1.3012,0.0502,42.61,0.071,0.4193,0.003309,5.34,2.73,2.61,SAFE,weekday_normal
1327.0,FOOD_COURT_A,25.48,0.1699,1.2796,0.0774,66.94,0.0783,0.5582,0.001454,2.79,1.14,1.64,SAFE,weekday_normal
1328.0,FOOD_COURT_A,12.81,0.0854,1.3499,0.0774,41.01,0.1302,0.3472,0.001519,2.59,2.59,0.0,SAFE,weekday_normal
1329.0,FOOD_COURT_A,19.27,0.1285,1.3383,0.0321,41.8,0.1032,0.4116,0.002772,5.87,4.24,1.63,SAFE,weekday_normal
1330.0,FOOD_COURT_A,21.9,0.146,1.3465,0.0771,45.98,0.1036,0.2292,0.0042,6.91,4.75,2.15,SAFE,weekday_normal
1331.0,FOOD_COURT_A,28.86,0.1924,1.0643,0.1003,46.72,0.0808,0.3798,0.003376,6.05,3.68,2.37,SAFE,weekday_normal
1332.0,FOOD_COURT_A,21.1,0.1407,1.337,0.1271,40.99,0.078,0.3922,0.005362,4.46,1.79,2.67,SAFE,weekday_normal
1333.0,FOOD_COURT_A,11.8,0.0786,1.5001,0.1295,26.7,0.0299,0.3923,0.002011,7.86,4.47,3.39,SAFE,weekday_normal
1334.0,FOOD_COURT_A,22.26,0.1484,1.7148,0.1542,40.0,0.0321,0.5073,0.004015,4.05,1.21,2.84,SAFE,weekday_normal
1335.0,FOOD_COURT_A,14.38,0.0959,1.4323,0.1146,57.64,0.0761,0.308,0.001205,4.81,2.42,2.39,SAFE,weekday_normal
1336.0,FOOD_COURT_A,17.44,0.1163,1.3862,0.1596,58.87,0.0882,0.4948,0.003055,8.91,3.37,5.54,SAFE,weekday_normal
1337.0,FOOD_COURT_A,24.41,0.1627,1.0483,0.1528,57.78,0.0552,0.595,0.003341,5.52,4.48,1.03,SAFE,weekday_normal
1338.0,FOOD_COURT_A,12.7,0.0847,1.2841,0.1528,55.34,0.048,0.3698,0.004884,9.95,5.07,4.88,SAFE,weekday_normal
1339.0,FOOD_COURT_A,25.58,0.1705,0.9703,0.0896,53.13,0.0465,0.4131,0.003903,7.79,3.22,4.57,SAFE,weekday_normal
1340.0,FOOD_COURT_A,17.71,0.118,1.2733,0.085,48.57,0.0606,0.4325,0.001851,7.87,4.59,3.28,SAFE,weekday_normal
1341.0,FOOD_COURT_A,15.65,0.1043,1.0638,0.1287,54.62,0.0209,0.3402,0.000612,6.81,2.81,4.01,SAFE,weekday_normal
1342.0,FOOD_COURT_A,14.83,0.0988,0.842,0.0386,55.52,0.007,0.286,0.00268,7.45,3.63,3.81,SAFE,weekday_normal
1343.0,FOOD_COURT_A,19.38,0.1292,0.8107,0.0429,46.6,0.0333,0.2973,0.002414,7.29,4.47,2.81,SAFE,weekday_normal
1344.0,FOOD_COURT_A,25.41,0.1694,1.3477,0.0196,41.06,0.1004,0.2225,0.001178,8.97,2.58,6.39,SAFE,weekday_normal
1345.0,FOOD_COURT_A,16.71,0.1114,1.2677,0.1205,52.27,0.0851,0.2975,0.002918,6.73,4.27,2.47,SAFE,weekday_normal
1346.0,FOOD_COURT_A,32.72,0.2181,1.5329,0.067,68.38,0.0619,0.3963,0.000943,7.92,5.05,2.86,SAFE,weekday_normal
1347.0,FOOD_COURT_A,17.86,0.119,1.0652,0.1543,64.58,0.0867,0.3951,0.001769,9.62,3.92,5.69,SAFE,weekday_normal
1348.0,FOOD_COURT_A,21.74,0.1449,1.161,0.1157,43.74,0.0521,0.3681,0.004298,6.74,1.41,5.34,SAFE,weekday_normal
1349.0,FOOD_COURT_A,22.26,0.1484,1.1999,0.1752,69.81,0.0865,0.307,0.002621,7.93,3.92,4.01,SAFE,weekday_normal
1350.0,FOOD_COURT_A,33.01,0.22,1.2084,0.2066,57.85,0.0693,0.4685,0.002546,5.2,3.88,1.32,SAFE,weekday_normal
1351.0,FOOD_COURT_A,15.81,0.1054,1.062,0.2136,44.12,0.0811,0.4585,0.001273,9.63,5.35,4.28,SAFE,weekday_normal
1352.0,FOOD_COURT_A,25.25,0.1683,1.3585,0.2251,56.29,0.0243,0.4446,0.000382,7.19,3.73,3.47,SAFE,weekday_normal
1353.0,FOOD_COURT_A,18.99,0.1266,1.1519,0.096,61.73,0.0725,0.4866,0.001982,9.94,7.52,2.42,SAFE,weekday_normal
1354.0,FOOD_COURT_A,23.37,0.1558,1.4717,0.0697,45.32,0.0707,0.6337,0.002397,7.54,2.26,5.28,SAFE,weekday_normal
1355.0,FOOD_COURT_A,22.25,0.1483,1.4658,0.0701,31.11,0.1036,0.4681,0.004522,7.48,4.16,3.32,SAFE,weekday_normal
1356.0,FOOD_COURT_A,38.63,0.2575,0.8479,0.2829,71.09,0.4511,0.6508,0.005425,16.27,8.64,7.63,WARNING,weekday_normal
1357.0,FOOD_COURT_A,64.74,0.4316,0.3449,0.6986,99.77,0.5962,0.7194,0.029688,20.27,6.37,13.91,HIGH,weekday_normal
1358.0,FOOD_COURT_A,38.33,0.2555,0.9147,0.2495,63.71,0.2254,0.543,0.009873,7.26,1.97,5.3,SAFE,weekday_normal
1359.0,FOOD_COURT_A,39.92,0.2661,0.945,0.1931,44.46,0.1379,0.4979,0.006642,9.51,3.2,6.31,SAFE,weekday_normal
1360.0,FOOD_COURT_A,36.27,0.2418,1.2121,0.1311,48.38,0.1449,0.4183,0.003979,3.51,0.4,3.1,SAFE,weekday_normal
1361.0,FOOD_COURT_A,27.34,0.1823,1.113,0.0393,35.48,0.058,0.5185,0.00416,8.89,4.68,4.21,SAFE,weekday_normal
1362.0,FOOD_COURT_A,37.7,0.2513,1.3556,0.1219,46.0,0.0734,0.5071,0.005096,9.02,3.76,5.26,SAFE,weekday_normal
1363.0,FOOD_COURT_A,43.37,0.2891,1.2695,0.0434,39.46,0.0925,0.4694,0.005338,4.56,3.32,1.24,SAFE,weekday_normal
1364.0,FOOD_COURT_A,21.7,0.1447,1.5561,0.0849,53.26,0.0633,0.4216,0.005662,7.24,3.7,3.54,SAFE,weekday_normal
1365.0,FOOD_COURT_A,12.53,0.0835,1.3734,0.16,61.23,0.0992,0.2248,0.005088,8.27,4.56,3.71,SAFE,weekday_normal
1366.0,FOOD_COURT_A,13.03,0.0869,0.9776,0.0861,48.66,0.0298,0.2539,0.001526,9.94,5.22,4.72,SAFE,weekday_normal
1367.0,FOOD_COURT_A,44.61,0.2974,0.6815,0.2986,65.21,0.2034,0.5369,0.008039,19.23,11.64,7.6,WARNING,weekday_normal
1368.0,FOOD_COURT_A,54.33,0.3622,0.6895,0.3512,94.51,0.2994,0.603,0.012946,17.38,7.7,9.67,WARNING,weekday_normal
1369.0,FOOD_COURT_A,20.4,0.136,0.964,0.1677,73.94,0.1484,0.4723,0.003958,6.0,3.04,2.96,SAFE,weekday_normal
1370.0,FOOD_COURT_A,21.95,0.1463,0.9959,0.2126,66.3,0.1024,0.3854,0.003993,8.36,4.65,3.71,SAFE,weekday_normal
1371.0,FOOD_COURT_A,15.43,0.1029,1.2346,0.1643,66.51,0.1168,0.4432,0.004794,2.95,1.88,1.07,SAFE,weekday_normal
1372.0,FOOD_COURT_A,19.69,0.1313,1.2219,0.1009,33.1,0.0598,0.3368,0.001438,6.87,1.83,5.04,SAFE,weekday_normal
1373.0,FOOD_COURT_A,23.69,0.1579,1.3196,0.0537,48.6,0.0821,0.577,0.003097,5.33,3.29,2.04,SAFE,weekday_normal
1374.0,FOOD_COURT_A,22.16,0.1477,0.941,0.111,54.06,0.1089,0.6492,0.003612,4.33,3.4,0.92,SAFE,weekday_normal
1375.0,FOOD_COURT_A,23.87,0.1591,1.2078,0.2035,58.25,0.1241,0.4586,0.002343,4.92,2.33,2.59,SAFE,weekday_normal
1376.0,FOOD_COURT_A,30.23,0.2015,1.0123,0.1271,52.35,0.106,0.4318,0.000703,6.22,2.45,3.77,SAFE,weekday_normal
1377.0,FOOD_COURT_A,23.31,0.1554,0.9735,0.1277,56.75,0.1141,0.4731,0.002124,4.92,2.72,2.2,SAFE,weekday_normal
1378.0,FOOD_COURT_A,24.92,0.1661,1.3486,0.0705,43.32,0.0453,0.397,0.003532,8.92,2.95,5.96,SAFE,weekday_normal
1379.0,FOOD_COURT_A,23.06,0.1537,1.1837,0.0211,42.51,0.0652,0.3802,0.002281,7.25,3.83,3.42,SAFE,weekday_normal
1380.0,FOOD_COURT_A,36.73,0.2449,0.7967,0.2878,76.3,0.2578,0.6444,0.011789,18.31,9.14,9.16,WARNING,weekday_normal
1381.0,FOOD_COURT_A,53.28,0.3552,0.495,0.3666,86.19,0.4188,0.7343,0.00973,15.0,7.93,7.07,WARNING,weekday_normal
1382.0,FOOD_COURT_A,23.43,0.1562,1.1162,0.2276,63.75,0.1933,0.4891,0.004375,8.88,4.68,4.2,SAFE,weekday_normal
1383.0,FOOD_COURT_A,43.4,0.2893,0.7833,0.2803,70.14,0.2893,0.5174,0.006185,19.93,12.14,7.8,WARNING,weekday_normal
1384.0,FOOD_COURT_A,53.64,0.3576,0.6509,0.4002,93.29,0.3774,0.6226,0.00962,17.93,9.69,8.23,WARNING,weekday_normal
1385.0,FOOD_COURT_A,53.56,0.3571,0.5354,0.4042,83.57,0.3178,0.7345,0.014467,8.51,4.51,4.01,WARNING,weekday_normal
1386.0,FOOD_COURT_A,60.83,0.4056,0.5604,0.4277,110.53,0.3326,0.5539,0.005867,11.83,5.32,6.51,WARNING,weekday_normal
1387.0,FOOD_COURT_A,65.54,0.4369,0.631,0.4181,155.42,0.4179,0.6912,0.006965,11.98,7.36,4.62,WARNING,weekday_normal
1388.0,FOOD_COURT_A,58.76,0.3917,0.7528,0.4065,94.31,0.3504,0.648,0.01027,11.91,4.87,7.04,WARNING,weekday_normal
1389.0,FOOD_COURT_A,34.34,0.2289,1.1879,0.1455,62.53,0.198,0.5226,0.005262,8.46,4.46,4.0,SAFE,weekday_normal
1390.0,FOOD_COURT_A,37.78,0.2519,1.3707,0.1438,31.13,0.0998,0.4022,0.005621,5.6,2.4,3.2,SAFE,weekday_normal
1391.0,FOOD_COURT_A,31.23,0.2082,1.5032,0.1279,33.9,0.1083,0.4482,0.003836,6.33,3.9,2.43,SAFE,weekday_normal
1392.0,FOOD_COURT_A,53.56,0.357,0.8527,0.3073,77.95,0.2066,0.5297,0.01089,14.61,9.52,5.09,WARNING,weekday_normal
1393.0,FOOD_COURT_A,53.22,0.3548,0.7651,0.3747,103.31,0.3236,0.6852,0.016395,15.46,9.21,6.25,WARNING,weekday_normal
1394.0,FOOD_COURT_A,49.23,0.3282,0.6611,0.4048,65.92,0.258,0.6308,0.008843,13.73,7.27,6.46,WARNING,weekday_normal
1395.0,FOOD_COURT_A,63.65,0.4244,0.5985,0.3262,108.64,0.2753,0.6145,0.013527,11.76,3.55,8.21,WARNING,weekday_normal
1396.0,FOOD_COURT_A,82.37,0.5492,0.3754,0.6818,176.18,0.5562,0.8391,0.022145,25.94,12.5,13.45,HIGH,weekday_normal
1397.0,FOOD_COURT_A,90.73,0.6049,0.2046,0.7738,150.7,0.5472,0.6741,0.026392,22.85,9.07,13.78,HIGH,weekday_normal
1398.0,FOOD_COURT_A,103.42,0.6894,0.2779,0.772,120.63,0.6527,0.8965,0.025481,20.0,11.1,8.9,HIGH,weekday_normal
1399.0,FOOD_COURT_A,58.07,0.3872,0.3152,0.4484,113.92,0.4552,0.7485,0.016641,8.0,2.29,5.72,WARNING,weekday_normal
1400.0,FOOD_COURT_A,53.06,0.3537,0.3785,0.3629,91.54,0.2974,0.7935,0.009308,11.1,6.65,4.46,WARNING,weekday_normal
1401.0,FOOD_COURT_A,53.13,0.3542,0.5817,0.3647,123.22,0.348,0.5853,0.006765,11.46,7.14,4.33,WARNING,weekday_normal
1402.0,FOOD_COURT_A,66.7,0.4447,0.6013,0.4115,115.41,0.3526,0.581,0.011251,9.96,5.74,4.23,WARNING,weekday_normal
1403.0,FOOD_COURT_A,79.76,0.5317,0.2245,0.731,161.71,0.4775,0.7787,0.024982,26.49,15.1,11.39,HIGH,weekday_normal
1404.0,FOOD_COURT_A,87.97,0.5865,0.163,0.8473,194.71,0.603,0.8701,0.018687,27.55,12.94,14.6,HIGH,weekday_normal
1405.0,FOOD_COURT_A,84.63,0.5642,0.2077,0.6895,154.87,0.5365,0.961,0.023868,18.87,12.09,6.78,HIGH,weekday_normal
1406.0,FOOD_COURT_A,94.63,0.6309,0.084,0.7796,194.58,0.666,0.8484,0.029327,19.07,10.29,8.78,HIGH,weekday_normal
1407.0,FOOD_COURT_A,83.2,0.5546,0.1268,0.588,216.95,0.6041,0.7247,0.028402,15.39,9.39,6.0,HIGH,weekday_normal
1408.0,FOOD_COURT_A,82.72,0.5515,0.2163,0.6333,154.74,0.4997,0.7221,0.022476,31.71,14.17,17.54,HIGH,weekday_normal
1409.0,FOOD_COURT_A,63.79,0.4252,0.5675,0.5787,136.42,0.3578,0.7257,0.014035,21.66,12.14,9.52,WARNING,weekday_normal
1410.0,FOOD_COURT_A,85.13,0.5676,0.4091,0.6432,210.48,0.4638,0.817,0.025234,20.71,6.11,14.6,HIGH,weekday_normal
1411.0,FOOD_COURT_A,92.32,0.6155,0.4016,0.7032,258.36,0.5429,0.8281,0.029919,20.64,9.94,10.71,HIGH,weekday_normal
1412.0,FOOD_COURT_A,92.24,0.6149,0.3705,0.7876,184.01,0.6336,0.7922,0.020079,20.15,12.14,8.01,HIGH,weekday_normal
1413.0,FOOD_COURT_A,38.74,0.2583,1.11,0.3521,79.68,0.2686,0.683,0.00716,8.7,6.2,2.5,SAFE,weekday_normal
1414.0,FOOD_COURT_A,28.04,0.1869,1.1116,0.2136,68.86,0.1231,0.425,0.002148,6.72,2.39,4.33,SAFE,weekday_normal
1415.0,FOOD_COURT_A,19.75,0.1317,0.9157,0.1489,39.8,0.1106,0.3552,0.001273,7.14,4.7,2.44,SAFE,weekday_normal
1416.0,FOOD_COURT_A,23.97,0.1598,1.1107,0.1487,33.53,0.0673,0.4465,0.000382,7.73,3.52,4.21,SAFE,weekday_normal
1417.0,FOOD_COURT_A,29.89,0.1992,1.0501,0.1458,47.46,0.0871,0.4376,0.002741,7.16,3.91,3.25,SAFE,weekday_normal
1418.0,FOOD_COURT_A,17.7,0.118,1.229,0.1454,53.33,0.0482,0.4953,0.001525,4.36,3.46,0.9,SAFE,weekday_normal
1419.0,FOOD_COURT_A,19.13,0.1275,1.1252,0.0886,22.53,0.0901,0.6151,0.003406,6.44,3.2,3.24,SAFE,weekday_normal
1420.0,FOOD_COURT_A,22.88,0.1525,1.143,0.0266,33.06,0.0499,0.6372,0.003205,8.89,4.61,4.28,SAFE,weekday_normal
1421.0,FOOD_COURT_A,23.6,0.1573,1.1199,0.0676,41.84,0.039,0.4067,0.000961,5.58,2.12,3.47,SAFE,weekday_normal
1422.0,FOOD_COURT_A,25.93,0.1729,1.1831,0.0634,42.37,0.0386,0.3745,0.003204,4.73,1.5,3.23,SAFE,weekday_normal
1423.0,FOOD_COURT_A,18.2,0.1213,1.1393,0.0868,36.99,0.0983,0.1932,0.002318,7.61,4.73,2.88,SAFE,weekday_normal
1424.0,FOOD_COURT_A,22.01,0.1467,0.9925,0.1097,49.27,0.0735,0.1829,0.004453,3.63,3.63,0.0,SAFE,weekday_normal
1425.0,FOOD_COURT_A,33.82,0.2255,1.2684,0.1014,37.85,0.0522,0.4681,0.004774,9.82,6.42,3.41,SAFE,weekday_normal
1426.0,FOOD_COURT_A,20.75,0.1383,1.1911,0.1834,48.38,0.0926,0.4264,0.007306,3.03,2.08,0.96,SAFE,weekday_normal
1427.0,FOOD_COURT_A,31.16,0.2077,1.2375,0.0697,51.25,0.0915,0.4099,0.00573,7.47,1.69,5.78,SAFE,weekday_normal
1428.0,FOOD_COURT_A,26.03,0.1735,0.8199,0.1045,62.2,0.083,0.4189,0.005101,9.57,4.5,5.07,SAFE,weekday_normal
1429.0,FOOD_COURT_A,22.58,0.1506,0.9265,0.0927,65.75,0.0619,0.393,0.00399,4.72,2.02,2.7,SAFE,weekday_normal
1430.0,FOOD_COURT_A,22.35,0.149,1.1833,0.1385,73.47,0.0812,0.3622,0.005619,8.65,5.07,3.58,SAFE,weekday_normal
1431.0,FOOD_COURT_A,23.0,0.1533,1.0326,0.1196,68.86,0.0746,0.3995,0.003446,3.39,0.03,3.36,SAFE,weekday_normal
1432.0,FOOD_COURT_A,16.48,0.1099,1.3523,0.1407,38.74,0.0224,0.4726,0.001259,7.11,4.74,2.37,SAFE,weekday_normal
1433.0,FOOD_COURT_A,23.97,0.1598,1.3693,0.1525,42.09,0.0604,0.4608,0.003273,6.66,5.26,1.4,SAFE,weekday_normal
1434.0,FOOD_COURT_A,19.76,0.1317,1.2518,0.0863,42.25,0.0181,0.3499,0.002259,8.66,3.39,5.26,SAFE,weekday_normal
1435.0,FOOD_COURT_A,16.66,0.1111,1.0651,0.1554,61.23,0.0068,0.3927,0.002218,1.16,0.0,1.16,SAFE,weekday_normal
1436.0,FOOD_COURT_A,32.12,0.2142,1.3087,0.132,55.69,0.002,0.3758,0.001827,9.48,6.67,2.81,SAFE,weekday_normal
1437.0,FOOD_COURT_A,24.35,0.1623,1.4639,0.1076,50.13,0.0065,0.3295,0.002234,6.54,3.81,2.73,SAFE,weekday_normal
1438.0,FOOD_COURT_A,24.55,0.1636,1.0132,0.0848,51.3,0.0494,0.391,0.002743,8.78,4.8,3.98,SAFE,weekday_normal
1439.0,FOOD_COURT_A,45.73,0.3049,0.6498,0.3159,139.39,0.2875,0.7848,0.011214,12.95,5.43,7.52,WARNING,weekday_normal
1440.0,FOOD_COURT_A,65.43,0.4362,0.7358,0.3762,95.67,0.3143,0.5844,0.014357,16.69,9.46,7.22,WARNING,weekday_normal
1441.0,FOOD_COURT_A,73.58,0.4906,0.3872,0.6023,182.59,0.5518,0.7153,0.016148,22.9,10.24,12.66,HIGH,weekday_normal
1442.0,FOOD_COURT_A,53.85,0.359,0.604,0.4858,141.73,0.4104,0.718,0.012306,10.39,4.81,5.58,WARNING,weekday_normal
1443.0,FOOD_COURT_A,91.45,0.6097,0.3651,0.5947,171.61,0.6067,0.7579,0.013747,14.06,7.13,6.94,HIGH,weekday_normal
1444.0,FOOD_COURT_A,72.1,0.4807,0.5931,0.3784,107.82,0.4409,0.7522,0.012992,9.75,4.13,5.62,WARNING,weekday_normal
1445.0,FOOD_COURT_A,77.36,0.5157,0.6222,0.2863,84.68,0.4894,0.6651,0.019015,7.91,3.89,4.02,WARNING,weekday_normal
1446.0,FOOD_COURT_A,58.94,0.3929,0.7665,0.3103,85.32,0.4668,0.6232,0.016271,6.97,2.73,4.23,WARNING,weekday_normal
1447.0,FOOD_COURT_A,54.87,0.3658,0.7782,0.4631,111.66,0.3992,0.739,0.007273,10.07,5.7,4.37,WARNING,weekday_normal
1448.0,FOOD_COURT_A,28.27,0.1885,1.3189,0.2333,74.24,0.1607,0.571,0.0054,7.18,4.28,2.9,SAFE,weekday_normal
1449.0,FOOD_COURT_A,24.34,0.1623,1.1807,0.138,45.55,0.0773,0.4753,0.002537,4.2,2.28,1.92,SAFE,weekday_normal
1450.0,FOOD_COURT_A,8.29,0.0552,1.0697,0.1307,47.81,0.0779,0.387,0.000761,6.11,4.95,1.16,SAFE,weekday_normal
1451.0,FOOD_COURT_A,16.16,0.1077,0.9877,0.0707,44.67,0.0735,0.3163,0.002706,9.46,6.89,2.57,SAFE,weekday_normal
1452.0,FOOD_COURT_A,23.61,0.1574,1.0395,0.1225,33.17,0.0508,0.3602,0.001603,7.18,4.56,2.61,SAFE,weekday_normal
1453.0,FOOD_COURT_A,15.54,0.1036,1.035,0.0832,41.29,0.0636,0.2628,0.002021,5.73,3.35,2.38,SAFE,weekday_normal
1454.0,FOOD_COURT_A,23.82,0.1588,1.2253,0.0869,26.47,0.038,0.246,0.003381,6.51,4.5,2.01,SAFE,weekday_normal
1455.0,FOOD_COURT_A,45.3,0.302,1.0518,0.3248,94.37,0.0796,0.4947,0.00777,11.84,6.41,5.43,WARNING,weekday_normal
1456.0,FOOD_COURT_A,48.52,0.3234,0.7568,0.4312,78.67,0.1439,0.6555,0.010507,5.16,2.69,2.47,WARNING,weekday_normal
1457.0,FOOD_COURT_A,48.64,0.3243,0.9521,0.3774,92.67,0.1717,0.6928,0.004624,17.2,8.73,8.46,WARNING,weekday_normal
1458.0,FOOD_COURT_A,55.8,0.372,0.76,0.308,100.67,0.2276,0.7056,0.009957,14.92,9.71,5.21,WARNING,weekday_normal
1459.0,FOOD_COURT_A,54.39,0.3626,0.7793,0.3552,73.61,0.1571,0.6087,0.019763,15.93,8.81,7.12,WARNING,weekday_normal
1460.0,FOOD_COURT_A,27.91,0.1861,0.8581,0.1509,62.17,0.1057,0.5193,0.006344,8.15,5.67,2.48,SAFE,weekday_normal
1461.0,FOOD_COURT_A,26.09,0.174,1.2826,0.1021,51.3,0.1335,0.3482,0.004288,8.26,4.16,4.11,SAFE,weekday_normal
1462.0,FOOD_COURT_A,25.89,0.1726,1.218,0.1143,55.87,0.135,0.2576,0.001286,7.65,5.52,2.13,SAFE,weekday_normal
1463.0,FOOD_COURT_A,12.78,0.0852,0.9243,0.0838,50.28,0.1411,0.3417,0.001634,8.0,3.97,4.03,SAFE,weekday_normal
1464.0,FOOD_COURT_A,18.57,0.1238,1.0837,0.12,24.15,0.1116,0.417,0.00066,3.07,0.59,2.48,SAFE,weekday_normal
1465.0,FOOD_COURT_A,21.55,0.1437,0.9202,0.1136,24.8,0.0941,0.5205,0.001905,4.88,1.74,3.13,SAFE,weekday_normal
1466.0,FOOD_COURT_A,24.88,0.1659,0.98,0.0341,25.99,0.0971,0.501,0.005076,9.36,4.01,5.35,SAFE,weekday_normal
1467.0,FOOD_COURT_A,26.11,0.1741,1.2955,0.1034,27.33,0.1327,0.5819,0.003295,7.19,2.94,4.24,SAFE,weekday_normal
1468.0,FOOD_COURT_A,23.5,0.1567,1.3541,0.1228,28.99,0.0736,0.5108,0.00319,7.93,5.09,2.84,SAFE,weekday_normal
1469.0,FOOD_COURT_A,26.34,0.1756,0.9407,0.0992,47.43,0.0876,0.561,0.002689,8.75,4.23,4.51,SAFE,weekday_normal
1470.0,FOOD_COURT_A,31.52,0.2101,1.2831,0.1315,39.4,0.0809,0.5017,0.004379,9.03,4.84,4.2,SAFE,weekday_normal
1471.0,FOOD_COURT_A,36.26,0.2417,1.1027,0.106,48.14,0.1057,0.4586,0.002882,8.95,4.33,4.62,SAFE,weekday_normal
1472.0,FOOD_COURT_A,30.23,0.2015,1.2271,0.0318,29.29,0.0648,0.4082,0.001894,9.58,4.47,5.11,SAFE,weekday_normal
1473.0,FOOD_COURT_A,31.9,0.2127,0.9309,0.1394,41.95,0.0643,0.3707,0.000568,8.11,4.39,3.72,SAFE,weekday_normal
1474.0,FOOD_COURT_A,11.53,0.0769,0.9521,0.0845,30.16,0.0465,0.4084,0.003194,2.93,0.4,2.53,SAFE,weekday_normal
1475.0,FOOD_COURT_A,42.44,0.283,0.7587,0.2384,101.37,0.1367,0.5751,0.006922,10.05,4.1,5.95,WARNING,weekday_normal
1476.0,FOOD_COURT_A,39.68,0.2645,0.6989,0.3261,81.75,0.281,0.6782,0.011316,10.15,7.51,2.64,WARNING,weekday_normal
1477.0,FOOD_COURT_A,34.5,0.23,1.3583,0.157,28.02,0.1346,0.4948,0.003395,7.76,5.5,2.25,SAFE,weekday_normal
1478.0,FOOD_COURT_A,23.52,0.1568,1.3186,0.1047,47.69,0.1274,0.3502,0.002716,8.77,3.31,5.46,SAFE,weekday_normal
1479.0,FOOD_COURT_A,17.1,0.114,1.4918,0.1512,50.98,0.1023,0.2829,0.002571,3.06,2.47,0.59,SAFE,weekday_normal
1480.0,FOOD_COURT_A,24.05,0.1604,1.4816,0.1492,53.09,0.1057,0.4537,0.003316,4.71,3.44,1.27,SAFE,weekday_normal
1481.0,FOOD_COURT_A,24.0,0.16,1.368,0.1239,39.14,0.0474,0.3094,0.004769,5.4,2.58,2.82,SAFE,weekday_normal
1482.0,FOOD_COURT_A,18.19,0.1212,1.3377,0.0976,50.74,0.0388,0.4314,0.004138,6.82,1.24,5.58,SAFE,weekday_normal
1483.0,FOOD_COURT_A,22.37,0.1491,1.1398,0.1811,49.53,0.0915,0.4005,0.002966,10.13,5.99,4.13,SAFE,weekday_normal
1484.0,FOOD_COURT_A,17.46,0.1164,1.3421,0.1988,53.6,0.1122,0.2683,0.001681,10.41,5.64,4.77,SAFE,weekday_normal
1485.0,FOOD_COURT_A,23.08,0.1539,1.2331,0.0752,56.72,0.1105,0.3038,0.003595,5.47,4.06,1.4,SAFE,weekday_normal
1486.0,FOOD_COURT_A,17.76,0.1184,1.1555,0.0512,59.72,0.0821,0.3511,0.004356,4.25,0.98,3.27,SAFE,weekday_normal
1487.0,FOOD_COURT_A,20.15,0.1344,1.3565,0.0319,50.85,0.0554,0.3634,0.002924,9.19,2.86,6.33,SAFE,weekday_normal
1488.0,FOOD_COURT_A,27.17,0.1811,1.1136,0.0466,29.29,0.0588,0.3695,0.003085,8.81,4.55,4.26,SAFE,weekday_normal
1489.0,FOOD_COURT_A,29.81,0.1987,1.2172,0.0542,37.33,0.0419,0.4963,0.00383,10.33,5.19,5.14,SAFE,weekday_normal
1490.0,FOOD_COURT_A,21.69,0.1446,1.184,0.0698,40.34,0.1009,0.4223,0.002407,3.75,3.6,0.14,SAFE,weekday_normal
1491.0,FOOD_COURT_A,16.53,0.1102,1.2776,0.1324,48.29,0.0683,0.3113,0.003514,6.85,3.71,3.14,SAFE,weekday_normal
1492.0,FOOD_COURT_A,20.19,0.1346,1.6023,0.103,64.5,0.0515,0.2567,0.003012,7.82,5.21,2.61,SAFE,weekday_normal
1493.0,FOOD_COURT_A,17.28,0.1152,1.1972,0.1327,41.83,0.0411,0.258,0.003497,6.26,3.96,2.3,SAFE,weekday_normal
1494.0,FOOD_COURT_A,6.49,0.0432,1.2019,0.0398,31.4,0.0543,0.2509,0.006254,10.17,4.8,5.38,SAFE,weekday_normal
1495.0,FOOD_COURT_A,16.0,0.1067,1.4058,0.0827,49.28,0.0924,0.4005,0.003525,6.2,3.76,2.44,SAFE,weekday_normal
1496.0,FOOD_COURT_A,12.41,0.0828,1.2642,0.0344,60.23,0.075,0.3419,0.001554,5.62,1.64,3.98,SAFE,weekday_normal
1497.0,FOOD_COURT_A,24.59,0.164,1.3075,0.0868,52.92,0.1117,0.4854,0.004435,7.72,3.56,4.16,SAFE,weekday_normal
1498.0,FOOD_COURT_A,23.16,0.1544,1.5114,0.0648,52.79,0.0614,0.4164,0.001331,10.44,5.53,4.9,SAFE,weekday_normal
1499.0,FOOD_COURT_A,19.02,0.1268,1.3505,0.1466,47.75,0.0803,0.5043,0.000399,7.59,4.28,3.31,SAFE,weekday_normal
1500.0,FOOD_COURT_A,43.87,0.2924,0.8744,0.347,95.47,0.2536,0.6627,0.00916,9.08,5.05,4.03,WARNING,weekday_normal
1501.0,FOOD_COURT_A,56.87,0.3792,0.5054,0.4622,78.43,0.2773,0.7673,0.005499,16.75,10.73,6.02,WARNING,weekday_normal
1502.0,FOOD_COURT_A,61.56,0.4104,0.4859,0.3754,74.76,0.2131,0.6885,0.005855,18.05,6.56,11.48,WARNING,weekday_normal
1503.0,FOOD_COURT_A,37.51,0.25,0.9486,0.1931,61.07,0.0875,0.4811,0.001756,6.74,3.87,2.87,SAFE,weekday_normal
1504.0,FOOD_COURT_A,24.16,0.1611,0.9561,0.1401,63.63,0.0746,0.3538,0.002781,4.06,1.06,3.0,SAFE,weekday_normal
1505.0,FOOD_COURT_A,29.16,0.1944,1.1552,0.1483,33.6,0.091,0.4979,0.005577,8.08,4.0,4.09,SAFE,weekday_normal
1506.0,FOOD_COURT_A,15.66,0.1044,1.1584,0.1577,33.92,0.1117,0.4191,0.003812,5.43,1.72,3.7,SAFE,weekday_normal
1507.0,FOOD_COURT_A,32.65,0.2177,1.0059,0.1793,35.14,0.1325,0.5148,0.004103,12.92,6.24,6.67,SAFE,weekday_normal
1508.0,FOOD_COURT_A,31.58,0.2105,0.7471,0.1627,41.12,0.1361,0.3649,0.00139,5.16,2.69,2.48,SAFE,weekday_normal
1509.0,FOOD_COURT_A,23.13,0.1542,1.1685,0.1167,50.43,0.0887,0.3336,0.0017,10.23,6.57,3.66,SAFE,weekday_normal
1510.0,FOOD_COURT_A,20.42,0.1361,0.9293,0.1564,36.42,0.0478,0.3835,0.002168,9.04,4.4,4.63,SAFE,weekday_normal
1511.0,FOOD_COURT_A,49.99,0.3333,1.0385,0.3107,99.24,0.1575,0.4232,0.004121,11.93,0.0,11.93,WARNING,weekday_normal
1512.0,FOOD_COURT_A,65.87,0.4392,0.873,0.3006,101.77,0.2029,0.5791,0.010805,16.75,8.27,8.47,WARNING,weekday_normal
1513.0,FOOD_COURT_A,67.3,0.4486,0.6617,0.2932,104.35,0.2376,0.6844,0.008726,17.38,6.0,11.38,WARNING,weekday_normal
1514.0,FOOD_COURT_A,28.33,0.1889,0.8344,0.1302,66.41,0.1418,0.5403,0.005547,7.33,2.23,5.1,SAFE,weekday_normal
1515.0,FOOD_COURT_A,28.18,0.1878,1.0088,0.0836,64.06,0.0832,0.4655,0.003982,6.67,1.89,4.77,SAFE,weekday_normal
1516.0,FOOD_COURT_A,17.77,0.1184,1.1619,0.037,62.56,0.1108,0.4553,0.004428,7.61,3.59,4.02,SAFE,weekday_normal
1517.0,FOOD_COURT_A,12.48,0.0832,1.2805,0.1382,59.45,0.0889,0.3087,0.002639,11.29,5.88,5.4,SAFE,weekday_normal
1518.0,FOOD_COURT_A,22.08,0.1472,1.2212,0.089,52.69,0.0943,0.3916,0.004388,4.02,2.2,1.82,SAFE,weekday_normal
1519.0,FOOD_COURT_A,27.73,0.1849,1.1466,0.1935,51.24,0.0946,0.4277,0.003998,2.97,0.0,2.97,SAFE,weekday_normal
1520.0,FOOD_COURT_A,13.41,0.0894,1.1729,0.0795,47.12,0.0543,0.5139,0.004258,9.42,4.49,4.93,SAFE,weekday_normal
1521.0,FOOD_COURT_A,21.24,0.1416,1.2746,0.0981,52.95,0.0163,0.4435,0.001914,8.35,5.24,3.1,SAFE,weekday_normal
1522.0,FOOD_COURT_A,24.42,0.1628,1.2236,0.1053,50.96,0.0461,0.4538,0.003767,9.5,5.7,3.8,SAFE,weekday_normal
1523.0,FOOD_COURT_A,18.91,0.1261,0.8289,0.0811,65.66,0.0821,0.4302,0.006009,2.1,0.0,2.1,SAFE,weekday_normal
1524.0,FOOD_COURT_A,13.46,0.0898,0.9421,0.0625,65.02,0.0681,0.4851,0.003729,4.55,3.58,0.97,SAFE,weekday_normal
1525.0,FOOD_COURT_A,12.1,0.0807,1.1152,0.11,56.73,0.1013,0.4433,0.002633,6.34,2.98,3.36,SAFE,weekday_normal
1526.0,FOOD_COURT_A,17.76,0.1184,1.1423,0.1537,48.65,0.0953,0.4967,0.00289,7.83,4.68,3.15,SAFE,weekday_normal
1527.0,FOOD_COURT_A,26.06,0.1738,1.1477,0.1473,24.36,0.0858,0.4722,0.002041,6.0,3.61,2.38,SAFE,weekday_normal
1528.0,FOOD_COURT_A,24.86,0.1657,1.0992,0.0857,31.53,0.0989,0.2878,0.00214,5.68,1.21,4.48,SAFE,weekday_normal
1529.0,FOOD_COURT_A,20.35,0.1356,0.9089,0.1444,49.62,0.0992,0.4803,0.003375,9.83,4.17,5.66,SAFE,weekday_normal
1530.0,FOOD_COURT_A,16.27,0.1085,1.229,0.1403,52.58,0.0827,0.5346,0.003827,5.91,3.98,1.92,SAFE,weekday_normal
1531.0,FOOD_COURT_A,46.43,0.3095,0.8198,0.3238,106.48,0.2819,0.6505,0.006195,16.15,8.68,7.48,WARNING,weekday_normal
1532.0,FOOD_COURT_A,76.57,0.5105,0.4295,0.5786,192.08,0.3821,0.7628,0.021857,24.92,14.51,10.41,HIGH,weekday_normal
1533.0,FOOD_COURT_A,56.1,0.374,0.5102,0.4135,118.46,0.3228,0.7694,0.014503,20.05,9.56,10.49,WARNING,weekday_normal
1534.0,FOOD_COURT_A,61.33,0.4089,0.6454,0.2667,106.94,0.3287,0.7789,0.014737,18.22,6.68,11.55,WARNING,weekday_normal
1535.0,FOOD_COURT_A,88.52,0.5902,0.3896,0.6908,153.88,0.4265,0.9015,0.018954,13.99,8.93,5.06,HIGH,weekday_normal
1536.0,FOOD_COURT_A,60.63,0.4042,0.5866,0.505,101.36,0.3118,0.6988,0.012721,16.81,6.87,9.94,WARNING,weekday_normal
1537.0,FOOD_COURT_A,27.05,0.1803,0.9282,0.2112,46.53,0.1813,0.5325,0.007026,7.52,5.44,2.09,SAFE,weekday_normal
1538.0,FOOD_COURT_A,44.85,0.299,0.6602,0.317,23.99,0.1486,0.6632,0.014648,14.67,10.41,4.26,WARNING,weekday_normal
1539.0,FOOD_COURT_A,53.55,0.357,0.6356,0.2052,73.03,0.3261,0.6725,0.0118,16.48,8.32,8.16,WARNING,weekday_normal
1540.0,FOOD_COURT_A,53.15,0.3543,0.4395,0.4234,106.18,0.1666,0.6686,0.011862,17.04,10.42,6.61,WARNING,weekday_normal
1541.0,FOOD_COURT_A,31.83,0.2122,0.9228,0.2017,55.5,0.0702,0.4771,0.00806,6.45,3.62,2.83,SAFE,weekday_normal
1542.0,FOOD_COURT_A,24.43,0.1629,1.2612,0.0903,55.62,0.0994,0.5022,0.007185,5.71,2.66,3.05,SAFE,weekday_normal
1543.0,FOOD_COURT_A,40.01,0.2667,0.8695,0.2904,84.91,0.2398,0.6279,0.019999,16.04,7.78,8.26,WARNING,weekday_normal
1544.0,FOOD_COURT_A,49.6,0.3307,0.8279,0.3234,112.99,0.323,0.7338,0.01575,10.42,4.69,5.74,WARNING,weekday_normal
1545.0,FOOD_COURT_A,22.15,0.1476,0.8378,0.2856,48.03,0.1532,0.5962,0.008276,7.63,4.78,2.85,SAFE,weekday_normal
1546.0,FOOD_COURT_A,15.55,0.1036,1.2597,0.1499,47.14,0.1437,0.3612,0.005861,7.08,4.08,3.01,SAFE,weekday_normal
1547.0,FOOD_COURT_A,13.04,0.0869,1.1928,0.1136,46.32,0.1256,0.3256,0.002673,7.99,5.35,2.63,SAFE,weekday_normal
1548.0,FOOD_COURT_A,19.47,0.1298,1.1663,0.1754,41.04,0.0711,0.4116,0.003489,4.75,2.62,2.13,SAFE,weekday_normal
1549.0,FOOD_COURT_A,29.35,0.1957,1.0167,0.1138,51.0,0.0811,0.5137,0.001549,5.7,4.25,1.45,SAFE,weekday_normal
1550.0,FOOD_COURT_A,28.27,0.1885,1.1623,0.0522,34.28,0.1249,0.3696,0.003636,5.5,3.68,1.82,SAFE,weekday_normal
1551.0,FOOD_COURT_A,20.2,0.1347,0.9907,0.0863,37.54,0.0567,0.2486,0.002005,7.11,3.79,3.32,SAFE,weekday_normal
1552.0,FOOD_COURT_A,22.27,0.1484,1.2609,0.0701,42.02,0.0628,0.2482,0.000602,2.5,2.5,0.0,SAFE,weekday_normal
1553.0,FOOD_COURT_A,14.82,0.0988,1.4958,0.0926,50.04,0.0612,0.3719,0.003191,8.98,4.5,4.49,SAFE,weekday_normal
1554.0,FOOD_COURT_A,17.04,0.1136,1.3446,0.1145,31.49,0.0981,0.2878,0.001829,8.08,3.86,4.22,SAFE,weekday_normal
1555.0,FOOD_COURT_A,21.31,0.1421,0.9464,0.1481,22.09,0.0759,0.3475,0.002551,7.09,3.55,3.53,SAFE,weekday_normal
1556.0,FOOD_COURT_A,25.81,0.1721,0.7311,0.0507,24.49,0.0296,0.3605,0.003186,4.55,1.56,2.99,SAFE,weekday_normal
1557.0,FOOD_COURT_A,23.95,0.1597,1.1196,0.1348,37.84,0.086,0.4456,0.001255,6.9,5.71,1.19,SAFE,weekday_normal
1558.0,FOOD_COURT_A,13.38,0.0892,1.3102,0.1513,54.95,0.0526,0.4275,0.001635,5.56,2.17,3.39,SAFE,weekday_normal
1559.0,FOOD_COURT_A,23.75,0.1584,1.177,0.0927,38.19,0.0542,0.3788,0.001908,8.99,2.51,6.47,SAFE,weekday_normal
1560.0,FOOD_COURT_A,23.38,0.1558,1.1432,0.0706,41.12,0.0911,0.4631,0.002368,5.33,4.0,1.33,SAFE,weekday_normal
1561.0,FOOD_COURT_A,20.81,0.1387,1.0662,0.0926,47.6,0.1332,0.3738,0.003895,9.23,3.96,5.27,SAFE,weekday_normal
1562.0,FOOD_COURT_A,28.18,0.1878,1.332,0.0989,49.16,0.1216,0.2965,0.003933,5.16,0.54,4.62,SAFE,weekday_normal
1563.0,FOOD_COURT_A,21.05,0.1404,1.5035,0.0825,52.45,0.0896,0.2606,0.004309,5.22,1.86,3.36,SAFE,weekday_normal
1564.0,FOOD_COURT_A,28.99,0.1932,1.0334,0.077,42.08,0.0832,0.2521,0.001556,5.6,3.47,2.13,SAFE,weekday_normal
1565.0,FOOD_COURT_A,31.61,0.2107,1.2755,0.0231,42.64,0.1305,0.2604,0.002679,11.08,6.8,4.27,SAFE,weekday_normal
1566.0,FOOD_COURT_A,57.1,0.3807,0.8964,0.1547,64.08,0.1817,0.5456,0.012525,12.07,6.05,6.02,WARNING,weekday_normal
1567.0,FOOD_COURT_A,70.93,0.4729,0.4032,0.5286,178.75,0.5092,0.7734,0.021241,11.73,7.82,3.91,HIGH,weekday_normal
1568.0,FOOD_COURT_A,78.63,0.5242,0.2803,0.5295,130.68,0.5652,0.8514,0.031678,26.02,13.66,12.36,HIGH,weekday_normal
1569.0,FOOD_COURT_A,71.39,0.4759,0.5865,0.4673,114.32,0.4253,0.9205,0.017637,14.81,9.34,5.47,WARNING,weekday_normal
1570.0,FOOD_COURT_A,66.43,0.4428,0.5177,0.2748,109.82,0.4354,0.7768,0.008489,11.44,7.6,3.84,WARNING,weekday_normal
1571.0,FOOD_COURT_A,68.69,0.458,0.3473,0.5841,149.43,0.5314,0.8296,0.018339,19.63,10.39,9.24,HIGH,weekday_normal
1572.0,FOOD_COURT_A,61.25,0.4083,0.6927,0.4617,122.25,0.3841,0.759,0.01752,21.37,11.7,9.68,WARNING,weekday_normal
1573.0,FOOD_COURT_A,56.7,0.378,0.7374,0.4481,112.55,0.2621,0.7294,0.009019,11.4,6.56,4.84,WARNING,weekday_normal
1574.0,FOOD_COURT_A,59.17,0.3944,0.7642,0.3791,112.23,0.3345,0.7435,0.0075,17.97,10.19,7.78,WARNING,weekday_normal
1575.0,FOOD_COURT_A,31.94,0.2129,0.9421,0.2276,77.93,0.1304,0.5289,0.006918,9.58,4.12,5.46,SAFE,weekday_normal
1576.0,FOOD_COURT_A,28.0,0.1867,1.3945,0.1837,56.28,0.0911,0.523,0.002075,8.61,3.86,4.74,SAFE,weekday_normal
1577.0,FOOD_COURT_A,22.57,0.1505,1.3079,0.0848,55.46,0.1034,0.3315,0.00067,9.51,3.5,6.01,SAFE,weekday_normal
1578.0,FOOD_COURT_A,27.31,0.1821,1.3597,0.0661,43.4,0.0889,0.2224,0.00345,4.0,0.66,3.35,SAFE,weekday_normal
1579.0,FOOD_COURT_A,19.08,0.1272,0.8225,0.1355,50.0,0.0749,0.394,0.001766,8.13,3.61,4.52,SAFE,weekday_normal
1580.0,FOOD_COURT_A,20.51,0.1367,0.8992,0.1013,46.29,0.0225,0.3234,0.003278,6.71,3.77,2.95,SAFE,weekday_normal
1581.0,FOOD_COURT_A,17.43,0.1162,1.3741,0.09,40.79,0.0613,0.4305,0.00357,11.48,7.47,4.01,SAFE,weekday_normal
1582.0,FOOD_COURT_A,15.93,0.1062,1.1223,0.1283,42.47,0.0356,0.4174,0.002168,3.17,1.33,1.83,SAFE,weekday_normal
1583.0,FOOD_COURT_A,31.86,0.2124,0.9071,0.1247,40.45,0.0605,0.5021,0.001783,10.25,4.66,5.59,SAFE,weekday_normal
1584.0,FOOD_COURT_A,28.08,0.1872,1.0519,0.0412,26.81,0.0503,0.4138,0.000838,4.56,1.81,2.76,SAFE,weekday_normal
1585.0,FOOD_COURT_A,28.46,0.1898,1.021,0.0431,22.61,0.073,0.3564,0.003704,3.84,1.33,2.51,SAFE,weekday_normal
1586.0,FOOD_COURT_A,22.49,0.1499,1.2873,0.0411,43.18,0.1335,0.3044,0.001111,5.52,1.61,3.91,SAFE,weekday_normal
1587.0,FOOD_COURT_A,32.04,0.2136,1.4287,0.1306,51.47,0.0644,0.3976,0.003368,2.45,0.81,1.64,SAFE,weekday_normal
1588.0,FOOD_COURT_A,28.37,0.1891,1.5243,0.1268,44.79,0.1154,0.4207,0.002231,1.77,1.77,0.0,SAFE,weekday_normal
1589.0,FOOD_COURT_A,35.16,0.2344,1.1359,0.078,46.27,0.1117,0.294,0.005356,7.99,3.96,4.02,SAFE,weekday_normal
1590.0,FOOD_COURT_A,29.85,0.199,1.1642,0.175,44.91,0.0921,0.3545,0.001991,3.99,1.5,2.49,SAFE,weekday_normal
1591.0,FOOD_COURT_A,17.81,0.1187,1.4332,0.0881,46.75,0.0619,0.4217,0.002675,8.38,3.27,5.11,SAFE,weekday_normal
1592.0,FOOD_COURT_A,21.86,0.1457,1.0354,0.0874,39.22,0.0954,0.3284,0.005223,5.42,3.4,2.02,SAFE,weekday_normal
1593.0,FOOD_COURT_A,21.64,0.1443,1.42,0.1146,36.52,0.0978,0.3539,0.001567,9.87,4.9,4.97,SAFE,weekday_normal
1594.0,FOOD_COURT_A,21.81,0.1454,1.1459,0.1372,39.53,0.128,0.3064,0.001757,9.05,3.69,5.36,SAFE,weekday_normal
1595.0,FOOD_COURT_A,17.19,0.1146,0.9128,0.1438,49.53,0.1108,0.3835,0.004773,7.22,4.81,2.41,SAFE,weekday_normal
1596.0,FOOD_COURT_A,14.84,0.0989,1.0121,0.1635,58.13,0.0614,0.546,0.001432,5.22,3.82,1.4,SAFE,weekday_normal
1597.0,FOOD_COURT_A,21.56,0.1437,0.8985,0.0987,53.43,0.0666,0.314,0.006553,7.39,3.9,3.49,SAFE,weekday_normal
1598.0,FOOD_COURT_A,23.14,0.1543,1.3171,0.0807,39.31,0.1305,0.3591,0.00437,3.63,1.09,2.54,SAFE,weekday_normal
1599.0,FOOD_COURT_A,33.08,0.2205,1.22,0.14,60.75,0.1316,0.2982,0.003317,6.85,3.92,2.94,SAFE,weekday_normal
1600.0,FOOD_COURT_A,31.84,0.2123,1.4245,0.0573,54.22,0.1446,0.3154,0.002574,7.91,3.54,4.37,SAFE,weekday_normal
1601.0,FOOD_COURT_A,38.07,0.2538,0.8832,0.2186,42.84,0.1896,0.5433,0.013013,12.09,6.74,5.35,WARNING,weekday_normal
1602.0,FOOD_COURT_A,54.22,0.3615,0.5746,0.2542,94.14,0.3953,0.7012,0.005116,13.2,5.95,7.25,WARNING,weekday_normal
1603.0,FOOD_COURT_A,55.41,0.3694,0.5314,0.1806,96.47,0.2874,0.6315,0.008693,13.29,6.67,6.63,WARNING,weekday_normal
1604.0,FOOD_COURT_A,56.73,0.3782,0.433,0.3165,63.93,0.1944,0.6337,0.008501,14.56,7.96,6.6,WARNING,weekday_normal
1605.0,FOOD_COURT_A,70.76,0.4717,0.2225,0.3527,85.55,0.1085,0.8008,0.011951,15.19,4.88,10.31,WARNING,weekday_normal
1606.0,FOOD_COURT_A,64.54,0.4303,0.242,0.4402,90.12,0.2997,0.7375,0.013234,14.62,7.26,7.35,WARNING,weekday_normal
1607.0,FOOD_COURT_A,58.41,0.3894,0.5415,0.2946,70.0,0.3897,0.6758,0.014417,7.24,4.27,2.97,WARNING,weekday_normal
1608.0,FOOD_COURT_A,57.91,0.3861,0.5726,0.4157,82.07,0.1727,0.7098,0.005619,12.26,7.54,4.72,WARNING,weekday_normal
1609.0,FOOD_COURT_A,57.76,0.3851,0.8968,0.4915,78.14,0.2669,0.7061,0.013108,11.16,7.07,4.09,WARNING,weekday_normal
1610.0,FOOD_COURT_A,57.12,0.3808,0.6466,0.4558,103.07,0.3317,0.6652,0.013874,13.2,6.61,6.59,WARNING,weekday_normal
1611.0,FOOD_COURT_A,50.24,0.3349,0.75,0.3506,95.46,0.3256,0.662,0.021183,14.35,6.23,8.12,WARNING,weekday_normal
1612.0,FOOD_COURT_A,61.44,0.4096,0.5903,0.3574,105.6,0.3212,0.7728,0.016956,6.63,6.63,0.0,WARNING,weekday_normal
1613.0,FOOD_COURT_A,64.27,0.4285,0.5242,0.2915,101.65,0.3539,0.6697,0.016212,14.92,8.16,6.76,WARNING,weekday_normal
1614.0,FOOD_COURT_A,58.29,0.3886,0.4557,0.2767,90.67,0.4326,0.7025,0.014773,13.39,8.93,4.46,WARNING,weekday_normal
1615.0,FOOD_COURT_A,44.94,0.2996,0.5981,0.2975,108.75,0.3077,0.7019,0.01324,17.77,8.87,8.9,WARNING,weekday_normal
1616.0,FOOD_COURT_A,66.81,0.4454,0.711,0.4594,114.41,0.3002,0.64,0.006726,11.95,5.89,6.06,WARNING,weekday_normal
1617.0,FOOD_COURT_A,57.23,0.3815,0.5759,0.403,87.34,0.3521,0.7157,0.018749,17.07,9.81,7.26,WARNING,weekday_normal
1618.0,FOOD_COURT_A,26.91,0.1794,1.1741,0.2204,59.98,0.1321,0.4373,0.005625,6.85,2.46,4.39,SAFE,weekday_normal
1619.0,FOOD_COURT_A,25.32,0.1688,1.0262,0.1392,39.94,0.1346,0.3155,0.002872,2.95,1.66,1.29,SAFE,weekday_normal
1620.0,FOOD_COURT_A,21.47,0.1431,1.1639,0.1348,44.67,0.1078,0.3548,0.001833,9.23,4.68,4.55,SAFE,weekday_normal
1621.0,FOOD_COURT_A,25.22,0.1681,1.3403,0.1355,33.88,0.0758,0.3996,0.001461,5.56,5.56,0.0,SAFE,weekday_normal
1622.0,FOOD_COURT_A,22.06,0.1471,1.0229,0.1786,13.66,0.0821,0.4443,0.001173,6.9,3.92,2.99,SAFE,weekday_normal
1623.0,FOOD_COURT_A,27.4,0.1827,0.9028,0.1278,42.07,0.0888,0.3383,0.003764,10.46,5.72,4.73,SAFE,weekday_normal
1624.0,FOOD_COURT_A,24.36,0.1624,1.3425,0.1236,49.47,0.074,0.3652,0.004579,8.39,3.29,5.1,SAFE,weekday_normal
1625.0,FOOD_COURT_A,21.55,0.1437,1.3717,0.0945,60.92,0.0682,0.5164,0.004082,5.47,3.48,1.99,SAFE,weekday_normal
1626.0,FOOD_COURT_A,18.23,0.1215,0.9334,0.1211,41.67,0.0619,0.345,0.003002,10.5,6.65,3.85,SAFE,weekday_normal
1627.0,FOOD_COURT_A,16.53,0.1102,1.0419,0.1029,39.76,0.0517,0.4443,0.0026,5.5,1.35,4.15,SAFE,weekday_normal
1628.0,FOOD_COURT_A,12.97,0.0865,0.9428,0.1159,64.57,0.0422,0.3846,0.003164,6.91,3.08,3.82,SAFE,weekday_normal
1629.0,FOOD_COURT_A,15.36,0.1024,0.8645,0.1235,57.61,0.0474,0.3094,0.004473,4.43,2.01,2.42,SAFE,weekday_normal
1630.0,FOOD_COURT_A,21.92,0.1461,1.36,0.1729,43.75,0.0507,0.5322,0.005635,4.96,4.2,0.76,SAFE,weekday_normal
1631.0,FOOD_COURT_A,17.86,0.119,1.5542,0.0564,32.71,0.0639,0.6014,0.003359,8.93,3.45,5.47,SAFE,weekday_normal
1632.0,FOOD_COURT_A,28.45,0.1896,1.2345,0.1575,33.49,0.0297,0.4642,0.001063,7.02,3.69,3.33,SAFE,weekday_normal
1633.0,FOOD_COURT_A,18.91,0.126,1.3886,0.1534,35.0,0.1089,0.5116,0.005053,7.36,6.25,1.11,SAFE,weekday_normal
1634.0,FOOD_COURT_A,43.44,0.2896,0.8324,0.3723,51.74,0.2901,0.7017,0.012517,13.46,6.82,6.64,WARNING,weekday_normal
1635.0,FOOD_COURT_A,60.95,0.4063,0.9511,0.4819,74.13,0.1704,0.6712,0.009899,14.39,7.52,6.87,WARNING,weekday_normal
1636.0,FOOD_COURT_A,99.74,0.6649,0.5167,0.6972,122.14,0.4445,0.7763,0.013569,23.52,14.28,9.24,HIGH,weekday_normal
1637.0,FOOD_COURT_A,67.39,0.4493,0.5192,0.4363,90.72,0.4338,0.6744,0.014081,18.4,11.94,6.46,WARNING,weekday_normal
1638.0,FOOD_COURT_A,64.06,0.4271,0.6322,0.3944,66.38,0.2593,0.7309,0.011992,6.74,3.6,3.14,WARNING,weekday_normal
1639.0,FOOD_COURT_A,62.48,0.4165,0.7152,0.3943,105.43,0.3488,0.5986,0.009172,16.56,10.41,6.14,WARNING,weekday_normal
1640.0,FOOD_COURT_A,55.0,0.3667,0.5377,0.4283,102.65,0.3284,0.689,0.008731,13.97,5.5,8.47,WARNING,weekday_normal
1641.0,FOOD_COURT_A,25.64,0.1709,1.0245,0.1754,76.81,0.1878,0.586,0.004026,5.5,2.06,3.45,SAFE,weekday_normal
1642.0,FOOD_COURT_A,20.91,0.1394,0.7187,0.1615,47.12,0.1392,0.5964,0.002499,7.38,2.55,4.84,SAFE,weekday_normal
1643.0,FOOD_COURT_A,18.38,0.1225,0.9904,0.1842,51.4,0.0867,0.5564,0.003473,8.21,2.1,6.11,SAFE,weekday_normal
1644.0,FOOD_COURT_A,20.78,0.1386,1.0032,0.166,41.54,0.0606,0.5259,0.001678,6.09,2.0,4.09,SAFE,weekday_normal
1645.0,FOOD_COURT_A,29.13,0.1942,0.8656,0.1262,39.27,0.1083,0.4048,0.004154,7.55,2.73,4.82,SAFE,weekday_normal
1646.0,FOOD_COURT_A,19.7,0.1314,1.1307,0.1121,49.7,0.1233,0.4038,0.003441,8.84,5.17,3.67,SAFE,weekday_normal
1647.0,FOOD_COURT_A,15.31,0.102,0.8287,0.0861,59.09,0.083,0.3429,0.004363,3.71,2.22,1.49,SAFE,weekday_normal
1648.0,FOOD_COURT_A,21.02,0.1401,1.2187,0.0661,42.0,0.0667,0.2524,0.00409,7.85,4.4,3.44,SAFE,weekday_normal
1649.0,FOOD_COURT_A,29.3,0.1953,1.0459,0.0704,47.7,0.1269,0.3151,0.004454,6.5,3.01,3.49,SAFE,weekday_normal
1650.0,FOOD_COURT_A,18.61,0.1241,1.4004,0.0993,30.3,0.0802,0.4534,0.002242,5.17,2.07,3.1,SAFE,weekday_normal
1651.0,FOOD_COURT_A,23.27,0.1552,1.3832,0.1416,40.78,0.1494,0.4852,0.002432,4.14,2.28,1.86,SAFE,weekday_normal
1652.0,FOOD_COURT_A,25.05,0.167,1.508,0.0568,49.12,0.135,0.4839,0.004443,7.86,2.68,5.18,SAFE,weekday_normal
1653.0,FOOD_COURT_A,18.09,0.1206,1.3754,0.0892,38.86,0.0939,0.4411,0.004878,5.1,2.17,2.93,SAFE,weekday_normal
1654.0,FOOD_COURT_A,31.29,0.2086,0.8992,0.2018,63.31,0.3001,0.6197,0.009419,15.79,9.86,5.93,WARNING,weekday_normal
1655.0,FOOD_COURT_A,56.9,0.3794,0.7725,0.2893,85.84,0.3658,0.6477,0.007946,16.44,6.25,10.19,WARNING,weekday_normal
1656.0,FOOD_COURT_A,70.71,0.4714,0.8695,0.3223,106.44,0.352,0.7593,0.007034,14.34,4.39,9.95,WARNING,weekday_normal
1657.0,FOOD_COURT_A,49.26,0.3284,0.7334,0.4175,110.14,0.3001,0.6988,0.00872,10.71,6.47,4.23,WARNING,weekday_normal
1658.0,FOOD_COURT_A,63.56,0.4237,0.7671,0.4246,96.71,0.27,0.8034,0.013794,17.55,6.65,10.9,WARNING,weekday_normal
1659.0,FOOD_COURT_A,62.29,0.4153,0.7777,0.3298,96.05,0.4784,0.63,0.014387,14.61,6.19,8.42,WARNING,weekday_normal
1660.0,FOOD_COURT_A,60.2,0.4013,0.8477,0.4193,96.84,0.4532,0.8716,0.009805,8.45,0.94,7.51,WARNING,weekday_normal
1661.0,FOOD_COURT_A,64.52,0.4302,0.816,0.3557,84.85,0.3031,0.8039,0.0071,12.64,8.69,3.95,WARNING,weekday_normal
1662.0,FOOD_COURT_A,34.43,0.2295,0.8783,0.1799,59.44,0.1767,0.6467,0.002803,4.03,4.03,0.0,SAFE,weekday_normal
1663.0,FOOD_COURT_A,30.29,0.202,0.9138,0.1269,43.46,0.104,0.5154,0.002515,5.06,1.82,3.25,SAFE,weekday_normal
1664.0,FOOD_COURT_A,22.8,0.152,1.0698,0.1044,37.94,0.0973,0.5433,0.001078,8.94,4.18,4.76,SAFE,weekday_normal
1665.0,FOOD_COURT_A,19.15,0.1277,1.1518,0.1498,37.74,0.1106,0.5445,0.00134,6.88,2.49,4.39,SAFE,weekday_normal
1666.0,FOOD_COURT_A,55.65,0.371,0.885,0.304,86.26,0.2622,0.6161,0.006879,7.49,2.69,4.79,WARNING,weekday_normal
1667.0,FOOD_COURT_A,55.28,0.3685,0.9333,0.3162,73.17,0.3382,0.6146,0.007736,12.32,8.27,4.05,WARNING,weekday_normal
1668.0,FOOD_COURT_A,89.35,0.5957,0.548,0.457,125.23,0.377,0.7778,0.017086,24.52,12.08,12.44,HIGH,weekday_normal
1669.0,FOOD_COURT_A,69.48,0.4632,0.6186,0.4546,112.59,0.2315,0.6143,0.012232,16.09,11.57,4.52,WARNING,weekday_normal
1670.0,FOOD_COURT_A,40.11,0.2674,1.2531,0.209,61.77,0.1446,0.5195,0.005936,7.12,4.71,2.41,SAFE,weekday_normal
1671.0,FOOD_COURT_A,26.78,0.1786,1.4631,0.113,67.49,0.075,0.556,0.004162,11.61,5.44,6.18,SAFE,weekday_normal
1672.0,FOOD_COURT_A,15.72,0.1048,1.0329,0.1517,41.28,0.0958,0.458,0.005195,7.54,4.26,3.28,SAFE,weekday_normal
1673.0,FOOD_COURT_A,31.89,0.2126,1.0587,0.1413,31.87,0.0657,0.5014,0.003485,2.78,1.69,1.09,SAFE,weekday_normal
1674.0,FOOD_COURT_A,41.95,0.2797,1.3804,0.1111,53.05,0.0595,0.4517,0.002641,5.81,1.68,4.12,SAFE,weekday_normal
1675.0,FOOD_COURT_A,51.27,0.3418,0.8128,0.359,109.78,0.1837,0.6439,0.012856,7.97,7.03,0.94,WARNING,weekday_normal
1676.0,FOOD_COURT_A,66.46,0.4431,0.514,0.5811,140.13,0.4577,0.8092,0.020413,12.04,0.84,11.2,HIGH,weekday_normal
1677.0,FOOD_COURT_A,90.74,0.6049,0.2834,0.6713,183.89,0.611,0.8558,0.029815,17.57,10.11,7.46,HIGH,weekday_normal
1678.0,FOOD_COURT_A,97.74,0.6516,0.2138,0.6826,162.51,0.5577,0.8433,0.025402,23.53,10.31,13.22,HIGH,weekday_normal
1679.0,FOOD_COURT_A,105.31,0.7021,0.1315,0.664,198.55,0.6154,0.8457,0.01875,17.85,8.95,8.9,HIGH,weekday_normal
1680.0,FOOD_COURT_A,80.93,0.5395,0.2074,0.8887,165.6,0.5425,0.8375,0.031916,18.8,6.04,12.76,HIGH,weekday_normal
1681.0,FOOD_COURT_A,59.64,0.3976,0.4037,0.5103,107.66,0.3797,0.6804,0.012605,17.06,13.82,3.24,WARNING,weekday_normal
1682.0,FOOD_COURT_A,65.64,0.4376,0.9831,0.4838,89.79,0.1991,0.7179,0.007098,13.85,4.98,8.87,WARNING,weekday_normal
1683.0,FOOD_COURT_A,60.52,0.4035,0.8547,0.3978,88.52,0.3886,0.7567,0.010783,10.44,2.93,7.51,WARNING,weekday_normal
1684.0,FOOD_COURT_A,50.27,0.3351,0.7161,0.3513,98.37,0.4301,0.675,0.015904,14.21,6.71,7.5,WARNING,weekday_normal
1685.0,FOOD_COURT_A,52.97,0.3531,0.5682,0.4245,96.04,0.3777,0.679,0.015417,3.68,0.58,3.1,WARNING,weekday_normal
1686.0,FOOD_COURT_A,37.52,0.2501,0.8395,0.4226,89.61,0.4366,0.7169,0.013461,13.68,7.99,5.69,WARNING,weekday_normal
1687.0,FOOD_COURT_A,41.12,0.2741,0.7247,0.4582,111.17,0.294,0.6035,0.012514,16.11,9.07,7.04,WARNING,weekday_normal
1688.0,FOOD_COURT_A,38.26,0.2551,0.8317,0.399,84.7,0.2618,0.7479,0.013806,17.01,9.74,7.26,WARNING,weekday_normal
1689.0,FOOD_COURT_A,21.39,0.1426,0.9607,0.1197,60.13,0.1387,0.5479,0.005299,6.26,2.33,3.93,SAFE,weekday_normal
1690.0,FOOD_COURT_A,17.27,0.1151,1.2467,0.1283,63.2,0.1295,0.3643,0.005711,6.18,1.96,4.22,SAFE,weekday_normal
1691.0,FOOD_COURT_A,34.5,0.23,0.9851,0.115,53.15,0.1147,0.503,0.00368,7.34,6.65,0.69,SAFE,weekday_normal
1692.0,FOOD_COURT_A,19.55,0.1303,1.0733,0.0955,67.93,0.0818,0.2725,0.006539,8.15,3.84,4.31,SAFE,weekday_normal
1693.0,FOOD_COURT_A,33.1,0.2207,0.7893,0.3667,79.32,0.1553,0.4725,0.00584,18.54,8.19,10.34,WARNING,weekday_normal
1694.0,FOOD_COURT_A,22.61,0.1507,1.1977,0.1874,39.48,0.082,0.3509,0.003203,7.45,3.67,3.78,SAFE,weekday_normal
1695.0,FOOD_COURT_A,7.57,0.0505,1.2612,0.1563,39.01,0.0324,0.4301,0.002945,8.5,3.55,4.96,SAFE,weekday_normal
1696.0,FOOD_COURT_A,12.77,0.0852,1.2373,0.1093,43.58,0.0794,0.3924,0.00348,5.36,3.26,2.09,SAFE,weekday_normal
1697.0,FOOD_COURT_A,12.14,0.0809,1.2127,0.1704,42.05,0.1059,0.4391,0.004482,4.4,2.29,2.12,SAFE,weekday_normal
1698.0,FOOD_COURT_A,17.23,0.1149,1.1495,0.1752,44.27,0.0921,0.3146,0.004468,6.21,4.14,2.07,SAFE,weekday_normal
1699.0,FOOD_COURT_A,31.52,0.2101,1.6093,0.1192,56.5,0.1106,0.2502,0.003875,7.54,3.72,3.82,SAFE,weekday_normal
1700.0,FOOD_COURT_A,27.61,0.1841,1.2825,0.0963,58.14,0.113,0.2356,0.005805,8.12,5.21,2.9,SAFE,weekday_normal
1701.0,FOOD_COURT_A,18.46,0.1231,1.2615,0.0723,55.0,0.1101,0.3957,0.005277,6.87,2.14,4.72,SAFE,weekday_normal
1702.0,FOOD_COURT_A,40.45,0.2697,0.7588,0.3126,123.07,0.2465,0.6201,0.013114,14.6,5.95,8.64,WARNING,weekday_normal
1703.0,FOOD_COURT_A,50.96,0.3397,0.6644,0.4874,104.83,0.4618,0.6867,0.011586,7.79,4.75,3.04,WARNING,weekday_normal
1704.0,FOOD_COURT_A,28.43,0.1895,1.1357,0.2292,61.1,0.1842,0.5125,0.005853,9.97,3.69,6.28,SAFE,weekday_normal
1705.0,FOOD_COURT_A,26.71,0.1781,0.9749,0.1324,44.17,0.1375,0.2456,0.001835,8.99,3.34,5.65,SAFE,weekday_normal
1706.0,FOOD_COURT_A,26.75,0.1783,1.1455,0.1271,34.15,0.1303,0.3229,0.003947,3.5,1.31,2.19,SAFE,weekday_normal
1707.0,FOOD_COURT_A,49.41,0.3294,0.9592,0.2376,50.06,0.2724,0.5963,0.01086,13.01,10.7,2.32,WARNING,weekday_normal
1708.0,FOOD_COURT_A,45.57,0.3038,0.8825,0.307,90.73,0.3083,0.5578,0.013899,13.85,5.2,8.65,WARNING,weekday_normal
1709.0,FOOD_COURT_A,45.24,0.3016,0.7659,0.3946,118.22,0.2726,0.5392,0.01327,16.23,3.44,12.78,WARNING,weekday_normal
1710.0,FOOD_COURT_A,56.24,0.375,0.6925,0.467,105.08,0.2611,0.5077,0.006151,16.48,6.4,10.08,WARNING,weekday_normal
1711.0,FOOD_COURT_A,43.65,0.291,0.486,0.4965,114.67,0.1924,0.601,0.008215,12.45,8.87,3.58,WARNING,weekday_normal
1712.0,FOOD_COURT_A,32.98,0.2198,0.9634,0.1911,76.32,0.1075,0.5067,0.004425,10.3,5.13,5.17,SAFE,weekday_normal
1713.0,FOOD_COURT_A,31.93,0.2129,1.1039,0.0679,77.83,0.0784,0.4003,0.003651,6.9,6.1,0.81,SAFE,weekday_normal
1714.0,FOOD_COURT_A,26.78,0.1785,1.0202,0.0381,55.68,0.1037,0.4063,0.002846,4.18,1.8,2.37,SAFE,weekday_normal
1715.0,FOOD_COURT_A,28.16,0.1878,0.8934,0.0611,63.3,0.089,0.4262,0.003343,7.57,5.16,2.41,SAFE,weekday_normal
1716.0,FOOD_COURT_A,23.14,0.1542,1.0584,0.1448,60.82,0.0517,0.4398,0.005754,7.51,5.55,1.96,SAFE,weekday_normal
1717.0,FOOD_COURT_A,31.35,0.209,1.2304,0.1217,61.59,0.104,0.4282,0.001726,10.33,6.17,4.16,SAFE,weekday_normal
1718.0,FOOD_COURT_A,49.29,0.3286,0.7887,0.3255,67.91,0.2218,0.4671,0.010439,14.35,6.16,8.2,WARNING,weekday_normal
1719.0,FOOD_COURT_A,54.37,0.3625,0.6881,0.3614,88.37,0.2773,0.4981,0.008843,13.64,7.61,6.03,WARNING,weekday_normal
1720.0,FOOD_COURT_A,25.17,0.1678,0.8539,0.1797,44.93,0.1339,0.4655,0.00416,5.52,0.2,5.33,SAFE,weekday_normal
1721.0,FOOD_COURT_A,24.03,0.1602,1.1593,0.1458,40.33,0.1029,0.4248,0.002911,8.78,3.87,4.91,SAFE,weekday_normal
1722.0,FOOD_COURT_A,23.7,0.158,1.0918,0.0801,49.3,0.0847,0.3747,0.005315,8.48,4.51,3.98,SAFE,weekday_normal
1723.0,FOOD_COURT_A,29.27,0.1951,1.3515,0.0592,50.94,0.1058,0.3024,0.003495,6.08,3.95,2.13,SAFE,weekday_normal
1724.0,FOOD_COURT_A,25.15,0.1677,1.1724,0.1149,55.79,0.1055,0.2872,0.004748,6.28,2.98,3.3,SAFE,weekday_normal
1725.0,FOOD_COURT_A,30.48,0.2032,0.7542,0.2732,85.14,0.1809,0.5378,0.00907,8.18,3.62,4.55,WARNING,weekday_normal
1726.0,FOOD_COURT_A,52.31,0.3487,0.6582,0.3292,108.72,0.2408,0.6554,0.010668,22.91,15.04,7.87,WARNING,weekday_normal
1727.0,FOOD_COURT_A,46.26,0.3084,0.6361,0.3677,137.81,0.3757,0.6294,0.009434,13.51,9.39,4.12,WARNING,weekday_normal
1728.0,FOOD_COURT_A,49.2,0.328,0.7474,0.3912,114.12,0.2794,0.65,0.007392,11.89,3.94,7.95,WARNING,weekday_normal
1729.0,FOOD_COURT_A,49.74,0.3316,0.5676,0.2604,66.31,0.2049,0.7663,0.010674,16.24,8.25,7.99,WARNING,weekday_normal
1730.0,FOOD_COURT_A,28.12,0.1875,1.0497,0.1571,65.06,0.1604,0.6361,0.004185,8.72,4.64,4.08,SAFE,weekday_normal
1731.0,FOOD_COURT_A,19.46,0.1298,1.084,0.0836,54.38,0.1014,0.4956,0.006001,8.24,4.87,3.37,SAFE,weekday_normal
1732.0,FOOD_COURT_A,16.33,0.1089,1.0348,0.0957,70.09,0.1224,0.5209,0.00198,8.27,3.72,4.56,SAFE,weekday_normal
1733.0,FOOD_COURT_A,32.22,0.2148,1.3227,0.0403,54.68,0.1266,0.4861,0.001291,5.17,2.52,2.65,SAFE,weekday_normal
1734.0,FOOD_COURT_A,20.67,0.1378,1.2124,0.0888,58.81,0.0605,0.3171,0.001952,5.0,0.8,4.2,SAFE,weekday_normal
1735.0,FOOD_COURT_A,9.22,0.0615,0.994,0.1394,62.07,0.0771,0.546,0.003836,6.64,4.52,2.12,SAFE,weekday_normal
1736.0,FOOD_COURT_A,15.96,0.1064,1.1683,0.1818,72.12,0.1094,0.4144,0.003261,7.62,3.23,4.38,SAFE,weekday_normal
1737.0,FOOD_COURT_A,14.8,0.0987,1.2488,0.1382,50.16,0.0964,0.4439,0.004107,9.78,6.1,3.68,SAFE,weekday_normal
1738.0,FOOD_COURT_A,8.36,0.0557,1.2589,0.1206,47.77,0.1054,0.3897,0.004979,7.67,2.18,5.49,SAFE,weekday_normal
1739.0,FOOD_COURT_A,18.67,0.1245,1.6462,0.0919,50.62,0.072,0.3151,0.002647,5.73,0.38,5.36,SAFE,weekday_normal
1740.0,FOOD_COURT_A,44.0,0.2934,1.0805,0.196,62.0,0.2684,0.4516,0.007069,15.82,9.45,6.38,WARNING,weekday_normal
1741.0,FOOD_COURT_A,19.91,0.1327,1.1944,0.2084,29.98,0.1355,0.389,0.005546,8.24,4.03,4.21,SAFE,weekday_normal
1742.0,FOOD_COURT_A,23.9,0.1593,1.3603,0.1923,52.96,0.1206,0.4773,0.005422,5.51,4.56,0.95,SAFE,weekday_normal
1743.0,FOOD_COURT_A,25.03,0.1669,1.2469,0.1267,41.94,0.1379,0.4481,0.003859,11.88,4.08,7.79,SAFE,weekday_normal
1744.0,FOOD_COURT_A,20.13,0.1342,0.9154,0.1317,47.35,0.102,0.4657,0.003708,6.8,2.39,4.41,SAFE,weekday_normal
1745.0,FOOD_COURT_A,51.16,0.3411,0.8406,0.3815,85.65,0.2435,0.5617,0.008143,14.17,5.69,8.48,WARNING,weekday_normal
1746.0,FOOD_COURT_A,87.57,0.5838,0.4933,0.5725,147.01,0.4529,0.7845,0.027279,12.19,6.0,6.2,HIGH,weekday_normal
1747.0,FOOD_COURT_A,64.4,0.4294,0.5788,0.4273,96.93,0.3699,0.7866,0.017684,10.01,4.22,5.79,WARNING,weekday_normal
1748.0,FOOD_COURT_A,35.0,0.2333,1.2048,0.1964,54.72,0.1832,0.5843,0.009008,7.48,3.45,4.04,SAFE,weekday_normal
1749.0,FOOD_COURT_A,30.11,0.2007,1.5441,0.1495,27.06,0.1343,0.3216,0.005435,3.55,0.93,2.62,SAFE,weekday_normal
1750.0,FOOD_COURT_A,29.1,0.194,1.2263,0.1734,32.6,0.0882,0.2723,0.005753,8.99,5.87,3.13,SAFE,weekday_normal
1751.0,FOOD_COURT_A,14.81,0.0987,1.1279,0.1286,41.86,0.0893,0.1493,0.002329,5.78,2.23,3.55,SAFE,weekday_normal
1752.0,FOOD_COURT_A,34.92,0.2328,0.8512,0.2295,82.26,0.2515,0.518,0.012665,19.16,11.52,7.64,WARNING,weekday_normal
1753.0,FOOD_COURT_A,18.15,0.121,1.2797,0.2283,64.07,0.1397,0.4069,0.006154,8.8,5.54,3.26,SAFE,weekday_normal
1754.0,FOOD_COURT_A,29.83,0.1989,1.0815,0.1527,55.09,0.0678,0.2871,0.002664,7.38,3.42,3.95,SAFE,weekday_normal
1755.0,FOOD_COURT_A,21.64,0.1443,0.9645,0.1363,49.84,0.0807,0.4394,0.002968,8.62,4.22,4.4,SAFE,weekday_normal
1756.0,FOOD_COURT_A,19.58,0.1305,1.0378,0.0509,52.0,0.0377,0.4105,0.002402,8.91,3.83,5.07,SAFE,weekday_normal
1757.0,FOOD_COURT_A,28.84,0.1922,1.1035,0.0925,44.14,0.0671,0.3654,0.001465,6.63,4.21,2.42,SAFE,weekday_normal
1758.0,FOOD_COURT_A,17.17,0.1145,1.2862,0.0826,21.47,0.1219,0.4747,0.00044,10.21,4.6,5.61,SAFE,weekday_normal
1759.0,FOOD_COURT_A,18.94,0.1262,1.3802,0.1186,32.54,0.0634,0.3114,0.003613,7.33,3.68,3.65,SAFE,weekday_normal
1760.0,FOOD_COURT_A,13.3,0.0887,1.1679,0.1063,46.36,0.0668,0.4367,0.004935,6.48,2.57,3.91,SAFE,weekday_normal
1761.0,FOOD_COURT_A,20.35,0.1357,1.3845,0.0975,40.02,0.1136,0.356,0.004462,3.98,3.41,0.56,SAFE,weekday_normal
1762.0,FOOD_COURT_A,37.49,0.2499,1.4778,0.0576,38.1,0.0755,0.5043,0.006553,7.36,3.63,3.72,SAFE,weekday_normal
1763.0,FOOD_COURT_A,29.24,0.195,1.3696,0.0861,23.25,0.1401,0.5322,0.002267,5.95,2.98,2.97,SAFE,weekday_normal
1764.0,FOOD_COURT_A,18.99,0.1266,0.977,0.0258,43.19,0.072,0.428,0.004996,6.62,4.06,2.56,SAFE,weekday_normal
1765.0,FOOD_COURT_A,13.59,0.0906,1.2127,0.1009,42.6,0.0616,0.3984,0.0043,4.15,0.23,3.92,SAFE,weekday_normal
1766.0,FOOD_COURT_A,16.09,0.1073,1.4471,0.0303,43.37,0.0668,0.3971,0.003889,4.84,3.52,1.31,SAFE,weekday_normal
1767.0,FOOD_COURT_A,20.3,0.1354,1.3894,0.0695,48.97,0.123,0.4837,0.006543,8.35,2.51,5.84,SAFE,weekday_normal
1768.0,FOOD_COURT_A,18.85,0.1256,1.1553,0.07,46.63,0.0986,0.4613,0.006505,2.73,1.21,1.52,SAFE,weekday_normal
1769.0,FOOD_COURT_A,6.25,0.0417,1.1161,0.0697,44.06,0.0842,0.5238,0.006808,5.86,3.8,2.06,SAFE,weekday_normal
1770.0,FOOD_COURT_A,36.51,0.2434,0.9356,0.2755,73.59,0.2676,0.4927,0.01469,13.63,8.96,4.67,WARNING,weekday_normal
1771.0,FOOD_COURT_A,41.6,0.2773,0.6345,0.4645,84.15,0.1334,0.7085,0.011735,8.23,2.38,5.86,WARNING,weekday_normal
1772.0,FOOD_COURT_A,49.44,0.3296,0.7843,0.3739,94.73,0.2216,0.6913,0.012213,15.44,6.13,9.31,WARNING,weekday_normal
1773.0,FOOD_COURT_A,69.67,0.4645,0.4192,0.5586,126.26,0.4751,0.8674,0.030169,23.92,13.39,10.54,HIGH,weekday_normal
1774.0,FOOD_COURT_A,83.52,0.5568,0.299,0.665,135.37,0.5747,0.7867,0.024801,26.97,16.74,10.23,HIGH,weekday_normal
1775.0,FOOD_COURT_A,57.18,0.3812,0.6759,0.5112,150.58,0.4799,0.7263,0.01821,10.33,6.49,3.83,WARNING,weekday_normal
1776.0,FOOD_COURT_A,61.3,0.4087,0.7104,0.4476,127.43,0.3486,0.7046,0.014207,12.66,4.86,7.8,WARNING,weekday_normal
1777.0,FOOD_COURT_A,54.53,0.3635,0.798,0.4926,85.17,0.2737,0.7654,0.010591,11.18,3.2,7.98,WARNING,weekday_normal
1778.0,FOOD_COURT_A,56.01,0.3734,0.6582,0.53,84.4,0.313,0.7175,0.007517,12.73,6.52,6.21,WARNING,weekday_normal
1779.0,FOOD_COURT_A,39.9,0.266,0.8664,0.2722,37.83,0.146,0.5465,0.004834,6.74,2.42,4.32,SAFE,weekday_normal
1780.0,FOOD_COURT_A,28.14,0.1876,1.038,0.175,49.64,0.1367,0.3548,0.006544,9.24,4.84,4.4,SAFE,weekday_normal
1781.0,FOOD_COURT_A,34.76,0.2317,1.2903,0.1315,33.69,0.1055,0.408,0.00488,5.49,3.31,2.18,SAFE,weekday_normal
1782.0,FOOD_COURT_A,32.31,0.2154,1.3143,0.1074,46.94,0.0567,0.4685,0.004084,6.68,3.63,3.06,SAFE,weekday_normal
1783.0,FOOD_COURT_A,25.97,0.1731,1.1758,0.0477,63.67,0.1146,0.4585,0.003012,7.67,3.2,4.46,SAFE,weekday_normal
1784.0,FOOD_COURT_A,28.73,0.1915,1.4133,0.0294,31.75,0.0563,0.3588,0.005683,7.43,2.86,4.57,SAFE,weekday_normal
1785.0,FOOD_COURT_A,27.82,0.1854,1.5176,0.0741,36.29,0.1361,0.4482,0.004164,9.32,5.55,3.78,SAFE,weekday_normal
1786.0,FOOD_COURT_A,51.45,0.343,1.1264,0.2807,70.43,0.3612,0.6317,0.01154,15.79,6.82,8.97,WARNING,weekday_normal
1787.0,FOOD_COURT_A,47.98,0.3199,0.9712,0.3456,77.68,0.3122,0.852,0.018422,12.44,7.31,5.13,WARNING,weekday_normal
1788.0,FOOD_COURT_A,54.47,0.3632,0.9776,0.3435,70.64,0.4296,0.7739,0.018805,19.96,9.2,10.76,WARNING,weekday_normal
1789.0,FOOD_COURT_A,28.19,0.1879,1.0796,0.1601,46.21,0.2044,0.5835,0.007651,5.39,1.46,3.93,SAFE,weekday_normal
1790.0,FOOD_COURT_A,22.54,0.1503,1.3012,0.0729,69.88,0.081,0.4071,0.005983,9.6,4.95,4.64,SAFE,weekday_normal
1791.0,FOOD_COURT_A,17.58,0.1172,1.3671,0.074,48.49,0.103,0.2892,0.001795,7.57,2.85,4.72,SAFE,weekday_normal
1792.0,FOOD_COURT_A,23.4,0.156,1.6572,0.0442,37.88,0.0617,0.5435,0.002613,4.83,4.83,0.0,SAFE,weekday_normal
1793.0,FOOD_COURT_A,24.15,0.161,1.0542,0.0611,45.78,0.1035,0.5877,0.004875,7.07,2.05,5.02,SAFE,weekday_normal
1794.0,FOOD_COURT_A,20.49,0.1366,1.1969,0.0708,47.56,0.0704,0.4421,0.006563,6.65,3.97,2.68,SAFE,weekday_normal
1795.0,FOOD_COURT_A,37.01,0.2467,0.9864,0.269,75.47,0.2914,0.5993,0.010666,7.39,0.7,6.69,WARNING,weekday_normal
1796.0,FOOD_COURT_A,48.67,0.3244,0.6484,0.242,67.48,0.2411,0.6092,0.013209,11.02,4.32,6.69,WARNING,weekday_normal
1797.0,FOOD_COURT_A,59.32,0.3955,0.6896,0.3156,85.68,0.3097,0.7123,0.006851,16.81,6.39,10.42,WARNING,weekday_normal
1798.0,FOOD_COURT_A,67.32,0.4488,0.5701,0.3256,139.84,0.2584,0.8008,0.010343,7.38,4.31,3.07,WARNING,weekday_normal
1799.0,FOOD_COURT_A,83.7,0.558,0.2921,0.483,171.45,0.3993,0.8291,0.009682,26.97,12.85,14.12,HIGH,weekday_normal
1800.0,FOOD_COURT_A,8.97,0.0598,0.8917,0.038,19.49,0.0674,0.3538,0.00144,5.88,3.56,2.32,SAFE,lunch_rush
1801.0,FOOD_COURT_A,26.44,0.1763,1.0469,0.1005,19.83,0.0521,0.4275,0.002358,8.8,6.4,2.4,SAFE,lunch_rush
1802.0,FOOD_COURT_A,20.97,0.1398,1.26,0.0374,65.24,0.0756,0.4117,0.001464,8.48,3.59,4.89,SAFE,lunch_rush
1803.0,FOOD_COURT_A,19.67,0.1312,0.9716,0.1151,49.62,0.0839,0.371,0.004862,5.85,0.43,5.42,SAFE,lunch_rush
1804.0,FOOD_COURT_A,30.64,0.2042,0.9597,0.1393,62.6,0.0411,0.4077,0.004368,7.39,2.62,4.77,SAFE,lunch_rush
1805.0,FOOD_COURT_A,16.37,0.1092,1.0774,0.0669,38.97,0.046,0.2775,0.00413,9.54,4.78,4.76,SAFE,lunch_rush
1806.0,FOOD_COURT_A,25.42,0.1695,1.1646,0.1071,29.61,0.0693,0.3262,0.002877,6.53,3.26,3.26,SAFE,lunch_rush
1807.0,FOOD_COURT_A,22.53,0.1502,1.1423,0.0476,37.01,0.091,0.5533,0.001545,5.35,3.46,1.88,SAFE,lunch_rush
1808.0,FOOD_COURT_A,28.12,0.1875,1.0401,0.0943,43.82,0.064,0.5022,0.002725,7.61,4.84,2.77,SAFE,lunch_rush
1809.0,FOOD_COURT_A,30.2,0.2013,1.4639,0.0723,33.24,0.074,0.3329,0.003714,6.56,2.81,3.76,SAFE,lunch_rush
1810.0,FOOD_COURT_A,24.71,0.1648,1.2711,0.0616,59.02,0.0915,0.4022,0.003278,5.03,3.11,1.92,SAFE,lunch_rush
1811.0,FOOD_COURT_A,28.4,0.1893,1.2875,0.1404,41.96,0.0779,0.1465,0.00134,3.86,0.37,3.48,SAFE,lunch_rush
1812.0,FOOD_COURT_A,29.7,0.198,1.1441,0.1215,49.8,0.0791,0.3404,0.001913,6.7,1.89,4.81,SAFE,lunch_rush
1813.0,FOOD_COURT_A,23.08,0.1539,0.8298,0.0998,40.3,0.0778,0.5311,0.002049,10.71,5.73,4.98,SAFE,lunch_rush
1814.0,FOOD_COURT_A,40.83,0.2722,0.7373,0.201,85.97,0.2066,0.7155,0.01565,14.61,7.06,7.55,WARNING,lunch_rush
1815.0,FOOD_COURT_A,20.16,0.1344,0.9724,0.1719,70.5,0.123,0.4934,0.006852,8.58,3.47,5.11,SAFE,lunch_rush
1816.0,FOOD_COURT_A,15.29,0.1019,1.1566,0.1316,61.36,0.0632,0.3885,0.003986,5.88,3.02,2.85,SAFE,lunch_rush
1817.0,FOOD_COURT_A,6.38,0.0425,1.1432,0.0881,56.01,0.0432,0.5456,0.00435,5.92,3.42,2.5,SAFE,lunch_rush
1818.0,FOOD_COURT_A,26.78,0.1786,1.6345,0.1414,78.55,0.0629,0.5224,0.003981,5.48,4.09,1.38,SAFE,lunch_rush
1819.0,FOOD_COURT_A,25.31,0.1688,1.0621,0.1335,56.48,0.1009,0.4416,0.002763,9.9,5.08,4.82,SAFE,lunch_rush
1820.0,FOOD_COURT_A,12.68,0.0845,1.062,0.0521,27.24,0.0442,0.5013,0.005108,10.42,7.05,3.37,SAFE,lunch_rush
1821.0,FOOD_COURT_A,21.48,0.1432,1.036,0.0228,38.64,0.0483,0.3948,0.004116,7.47,3.85,3.62,SAFE,lunch_rush
1822.0,FOOD_COURT_A,28.46,0.1897,1.2304,0.0828,50.73,0.0712,0.525,0.001265,10.32,4.16,6.16,SAFE,lunch_rush
1823.0,FOOD_COURT_A,18.02,0.1202,1.3227,0.0911,44.36,0.0525,0.4235,0.002652,4.89,0.47,4.41,SAFE,lunch_rush
1824.0,FOOD_COURT_A,16.97,0.1131,1.1973,0.1693,38.32,0.1133,0.3699,0.002004,9.88,4.98,4.9,SAFE,lunch_rush
1825.0,FOOD_COURT_A,25.68,0.1712,1.4442,0.1188,43.59,0.0993,0.369,0.001708,7.78,3.75,4.03,SAFE,lunch_rush
1826.0,FOOD_COURT_A,21.33,0.1422,1.2387,0.131,53.68,0.069,0.4309,0.006023,7.24,3.13,4.11,SAFE,lunch_rush
1827.0,FOOD_COURT_A,19.36,0.1291,1.1197,0.0978,35.75,0.0998,0.2504,0.00384,8.28,4.03,4.24,SAFE,lunch_rush
1828.0,FOOD_COURT_A,14.87,0.0992,1.2319,0.0596,27.46,0.1047,0.3434,0.004854,6.93,4.17,2.75,SAFE,lunch_rush
1829.0,FOOD_COURT_A,17.04,0.1136,1.1895,0.0896,47.5,0.0905,0.2366,0.006119,5.92,4.08,1.83,SAFE,lunch_rush
1830.0,FOOD_COURT_A,15.97,0.1064,1.1355,0.0601,40.23,0.0528,0.3059,0.005343,6.89,4.26,2.62,SAFE,lunch_rush
1831.0,FOOD_COURT_A,28.58,0.1905,1.3398,0.0947,52.67,0.1022,0.2771,0.003092,6.83,3.93,2.9,SAFE,lunch_rush
1832.0,FOOD_COURT_A,28.44,0.1896,1.2643,0.0786,37.49,0.0307,0.3412,0.001612,4.09,1.77,2.32,SAFE,lunch_rush
1833.0,FOOD_COURT_A,30.3,0.202,1.2701,0.0764,28.46,0.0429,0.2425,0.003699,10.19,5.52,4.67,SAFE,lunch_rush
1834.0,FOOD_COURT_A,26.79,0.1786,1.1864,0.0945,42.91,0.0803,0.343,0.003604,10.22,5.51,4.71,SAFE,lunch_rush
1835.0,FOOD_COURT_A,25.84,0.1723,1.2054,0.0545,30.08,0.0735,0.3847,0.001081,10.52,7.86,2.66,SAFE,lunch_rush
1836.0,FOOD_COURT_A,12.77,0.0851,1.2605,0.0938,38.22,0.0499,0.4483,0.002492,8.32,4.99,3.33,SAFE,lunch_rush
1837.0,FOOD_COURT_A,10.33,0.0689,1.4302,0.1143,46.62,0.0275,0.4547,0.002096,5.89,0.58,5.31,SAFE,lunch_rush
1838.0,FOOD_COURT_A,22.59,0.1506,1.306,0.1412,55.33,0.045,0.4005,0.00177,8.89,3.45,5.45,SAFE,lunch_rush
1839.0,FOOD_COURT_A,23.92,0.1595,0.9008,0.1151,47.92,0.0607,0.361,0.003584,2.59,2.59,0.0,SAFE,lunch_rush
1840.0,FOOD_COURT_A,21.67,0.1445,1.0172,0.115,40.35,0.0783,0.4984,0.00259,8.44,3.31,5.13,SAFE,lunch_rush
1841.0,FOOD_COURT_A,23.43,0.1562,1.1962,0.0621,32.17,0.0826,0.5851,0.004347,6.12,4.39,1.72,SAFE,lunch_rush
1842.0,FOOD_COURT_A,18.03,0.1202,1.0683,0.0746,43.33,0.117,0.4268,0.00233,5.42,2.96,2.47,SAFE,lunch_rush
1843.0,FOOD_COURT_A,6.42,0.0428,1.1063,0.1531,35.55,0.0643,0.4607,0.003104,7.06,3.49,3.57,SAFE,lunch_rush
1844.0,FOOD_COURT_A,23.69,0.1579,1.3233,0.1377,61.22,0.0193,0.3825,0.005463,8.81,4.47,4.34,SAFE,lunch_rush
1845.0,FOOD_COURT_A,29.21,0.1947,1.1547,0.1489,39.67,0.0341,0.5533,0.003793,9.47,4.66,4.81,SAFE,lunch_rush
1846.0,FOOD_COURT_A,31.76,0.2118,1.0169,0.1421,44.29,0.0819,0.4642,0.004524,6.31,2.37,3.94,SAFE,lunch_rush
1847.0,FOOD_COURT_A,19.75,0.1317,1.3108,0.1322,65.61,0.079,0.405,0.001357,8.35,4.0,4.35,SAFE,lunch_rush
1848.0,FOOD_COURT_A,20.34,0.1356,1.0685,0.1146,62.98,0.1271,0.509,0.003022,4.99,2.91,2.08,SAFE,lunch_rush
1849.0,FOOD_COURT_A,20.96,0.1398,1.2176,0.082,32.09,0.0707,0.4461,0.002253,6.82,5.47,1.35,SAFE,lunch_rush
1850.0,FOOD_COURT_A,26.63,0.1775,1.0966,0.0848,41.31,0.1343,0.5441,0.000676,6.89,3.85,3.05,SAFE,lunch_rush
1851.0,FOOD_COURT_A,20.29,0.1353,0.9496,0.1185,47.88,0.0403,0.4869,0.003206,7.27,1.49,5.78,SAFE,lunch_rush
1852.0,FOOD_COURT_A,54.65,0.3643,0.853,0.3323,32.01,0.135,0.7258,0.006986,12.04,7.7,4.34,WARNING,lunch_rush
1853.0,FOOD_COURT_A,55.62,0.3708,0.6768,0.4135,47.86,0.1783,0.6668,0.012723,17.19,11.43,5.75,WARNING,lunch_rush
1854.0,FOOD_COURT_A,44.78,0.2985,0.9024,0.2116,43.81,0.1499,0.3925,0.007012,7.75,4.91,2.84,SAFE,lunch_rush
1855.0,FOOD_COURT_A,44.56,0.297,0.9149,0.3199,70.73,0.2264,0.6145,0.01309,15.8,6.52,9.28,WARNING,lunch_rush
1856.0,FOOD_COURT_A,61.18,0.4079,0.8319,0.2735,96.52,0.3467,0.6428,0.014461,12.79,5.13,7.67,WARNING,lunch_rush
1857.0,FOOD_COURT_A,36.45,0.243,1.1531,0.1458,66.81,0.1526,0.5216,0.004338,6.27,2.84,3.44,SAFE,lunch_rush
1858.0,FOOD_COURT_A,23.81,0.1588,0.9513,0.1191,39.12,0.0981,0.4038,0.001531,4.9,1.91,2.98,SAFE,lunch_rush
1859.0,FOOD_COURT_A,11.1,0.074,1.4527,0.1417,26.36,0.1207,0.4569,0.002398,7.58,1.83,5.75,SAFE,lunch_rush
1860.0,FOOD_COURT_A,18.81,0.1254,1.4354,0.1467,46.12,0.0923,0.4899,0.002858,3.46,1.92,1.54,SAFE,lunch_rush
1861.0,FOOD_COURT_A,16.23,0.1082,1.3637,0.1294,46.76,0.1175,0.5543,0.00445,7.46,3.76,3.7,SAFE,lunch_rush
1862.0,FOOD_COURT_A,9.86,0.0658,1.4139,0.0518,39.94,0.0775,0.5295,0.004781,7.41,6.58,0.82,SAFE,lunch_rush
1863.0,FOOD_COURT_A,14.02,0.0935,1.456,0.083,40.07,0.0737,0.4363,0.004027,6.3,2.66,3.64,SAFE,lunch_rush
1864.0,FOOD_COURT_A,5.28,0.0352,1.276,0.1188,40.85,0.0534,0.3513,0.003229,8.46,3.99,4.47,SAFE,lunch_rush
1865.0,FOOD_COURT_A,17.82,0.1188,1.3988,0.0967,47.1,0.0788,0.4384,0.003856,2.9,0.0,2.9,SAFE,lunch_rush
1866.0,FOOD_COURT_A,6.27,0.0418,1.4775,0.0684,56.62,0.1104,0.5002,0.004659,3.47,2.1,1.37,SAFE,lunch_rush
1867.0,FOOD_COURT_A,13.72,0.0915,1.0242,0.1321,49.21,0.0639,0.2867,0.005745,5.87,3.77,2.1,SAFE,lunch_rush
1868.0,FOOD_COURT_A,34.17,0.2278,0.9807,0.1554,52.37,0.0445,0.388,0.004263,8.35,5.47,2.88,SAFE,lunch_rush
1869.0,FOOD_COURT_A,26.37,0.1758,1.0762,0.0806,41.88,0.0312,0.3824,0.006113,9.57,4.8,4.76,SAFE,lunch_rush
1870.0,FOOD_COURT_A,18.82,0.1255,1.2237,0.1159,43.86,0.0824,0.3281,0.002768,6.05,2.81,3.24,SAFE,lunch_rush
1871.0,FOOD_COURT_A,24.37,0.1625,1.3512,0.0876,49.48,0.0514,0.3497,0.002151,8.61,4.46,4.15,SAFE,lunch_rush
1872.0,FOOD_COURT_A,25.53,0.1702,1.3153,0.0772,43.79,0.1094,0.3632,0.004315,6.92,3.5,3.43,SAFE,lunch_rush
1873.0,FOOD_COURT_A,27.9,0.186,1.3676,0.1407,48.73,0.0786,0.4613,0.002494,8.78,6.64,2.14,SAFE,lunch_rush
1874.0,FOOD_COURT_A,21.13,0.1409,1.1605,0.0929,63.08,0.0243,0.4528,0.005537,4.78,1.94,2.84,SAFE,lunch_rush
1875.0,FOOD_COURT_A,13.67,0.0911,1.1412,0.145,47.65,0.0675,0.2459,0.004531,4.75,1.7,3.05,SAFE,lunch_rush
1876.0,FOOD_COURT_A,32.37,0.2158,1.149,0.0759,58.91,0.1255,0.2392,0.003327,7.53,6.02,1.52,SAFE,lunch_rush
1877.0,FOOD_COURT_A,30.96,0.2064,1.0851,0.0883,35.28,0.0527,0.338,0.003657,8.03,3.08,4.95,SAFE,lunch_rush
1878.0,FOOD_COURT_A,29.98,0.1999,1.1955,0.0777,55.72,0.03,0.4605,0.00168,12.0,6.88,5.12,SAFE,lunch_rush
1879.0,FOOD_COURT_A,22.57,0.1505,1.386,0.0233,38.56,0.0347,0.3339,0.001532,6.53,2.21,4.32,SAFE,lunch_rush
1880.0,FOOD_COURT_A,24.15,0.161,1.1888,0.0981,38.2,0.0913,0.418,0.002797,8.74,6.87,1.87,SAFE,lunch_rush
1881.0,FOOD_COURT_A,29.11,0.1941,1.0179,0.1017,61.69,0.0706,0.5625,0.003056,3.94,1.86,2.08,SAFE,lunch_rush
1882.0,FOOD_COURT_A,23.68,0.1579,1.0791,0.1022,48.21,0.0421,0.5472,0.004834,6.75,3.42,3.32,SAFE,lunch_rush
1883.0,FOOD_COURT_A,28.92,0.1928,0.9358,0.0973,48.83,0.0327,0.3958,0.00198,7.98,6.22,1.76,SAFE,lunch_rush
1884.0,FOOD_COURT_A,24.42,0.1628,0.9928,0.1102,39.05,0.0643,0.486,0.000839,7.89,3.6,4.3,SAFE,lunch_rush
1885.0,FOOD_COURT_A,19.14,0.1276,1.2443,0.1339,44.18,0.0609,0.5306,0.002609,3.41,0.37,3.05,SAFE,lunch_rush
1886.0,FOOD_COURT_A,21.03,0.1402,1.1102,0.1452,38.09,0.1095,0.2836,0.004279,7.24,2.97,4.27,SAFE,lunch_rush
1887.0,FOOD_COURT_A,14.54,0.0969,0.9407,0.1341,34.18,0.0449,0.3915,0.004164,7.54,3.15,4.39,SAFE,lunch_rush
1888.0,FOOD_COURT_A,12.9,0.086,1.4023,0.0481,38.57,0.0336,0.2734,0.00412,8.02,4.4,3.62,SAFE,lunch_rush
1889.0,FOOD_COURT_A,16.19,0.1079,1.3138,0.0654,64.05,0.0779,0.2446,0.001236,7.17,2.24,4.93,SAFE,lunch_rush
1890.0,FOOD_COURT_A,15.03,0.1002,1.3582,0.0626,36.3,0.1066,0.3746,0.001175,5.51,1.59,3.92,SAFE,lunch_rush
1891.0,FOOD_COURT_A,16.4,0.1093,0.8306,0.1161,58.44,0.0697,0.3315,0.000912,7.68,3.43,4.26,SAFE,lunch_rush
1892.0,FOOD_COURT_A,20.41,0.1361,1.1282,0.1268,36.66,0.0717,0.3845,0.002854,11.01,6.33,4.68,SAFE,lunch_rush
1893.0,FOOD_COURT_A,23.41,0.1561,0.9845,0.0629,36.59,0.0446,0.4604,0.003199,3.05,2.72,0.33,SAFE,lunch_rush
1894.0,FOOD_COURT_A,27.4,0.1827,0.7773,0.038,44.94,0.1086,0.4481,0.003369,1.19,1.1,0.09,SAFE,lunch_rush
1895.0,FOOD_COURT_A,22.49,0.15,0.9544,0.0759,33.98,0.1365,0.3448,0.002823,3.79,2.2,1.59,SAFE,lunch_rush
1896.0,FOOD_COURT_A,50.06,0.3337,0.6183,0.2141,71.74,0.2648,0.5388,0.011572,9.47,5.73,3.74,WARNING,lunch_rush
1897.0,FOOD_COURT_A,52.13,0.3476,0.6951,0.2627,80.75,0.3972,0.7738,0.008204,13.67,6.52,7.15,WARNING,lunch_rush
1898.0,FOOD_COURT_A,97.1,0.6473,0.2905,0.5415,128.68,0.528,0.8336,0.013779,22.07,11.74,10.33,HIGH,lunch_rush
1899.0,FOOD_COURT_A,72.11,0.4807,0.5806,0.4142,88.07,0.2844,0.791,0.014556,14.48,10.09,4.39,WARNING,lunch_rush
1900.0,FOOD_COURT_A,72.19,0.4813,0.5688,0.3386,113.13,0.1669,0.7675,0.018556,18.58,9.13,9.45,WARNING,lunch_rush
1901.0,FOOD_COURT_A,41.84,0.2789,1.0065,0.1672,71.19,0.1195,0.5243,0.008316,7.69,3.91,3.78,SAFE,lunch_rush
1902.0,FOOD_COURT_A,18.8,0.1253,1.1019,0.1676,46.17,0.0949,0.546,0.004379,9.52,5.45,4.07,SAFE,lunch_rush
1903.0,FOOD_COURT_A,12.77,0.0852,1.3455,0.147,43.82,0.1501,0.5806,0.00285,8.99,3.39,5.6,SAFE,lunch_rush
1904.0,FOOD_COURT_A,49.67,0.3311,0.5949,0.4527,98.18,0.2711,0.5512,0.009346,15.89,11.12,4.77,WARNING,lunch_rush
1905.0,FOOD_COURT_A,33.36,0.2224,1.1182,0.1886,56.75,0.1193,0.4498,0.003852,8.62,5.71,2.91,SAFE,lunch_rush
1906.0,FOOD_COURT_A,24.6,0.164,1.1612,0.1317,57.8,0.1053,0.5056,0.003213,8.64,4.94,3.7,SAFE,lunch_rush
1907.0,FOOD_COURT_A,30.57,0.2038,1.2436,0.1007,45.67,0.088,0.4418,0.004444,7.76,3.18,4.58,SAFE,lunch_rush
1908.0,FOOD_COURT_A,29.95,0.1997,1.0304,0.1011,44.28,0.0725,0.3972,0.003382,8.41,2.66,5.75,SAFE,lunch_rush
1909.0,FOOD_COURT_A,51.01,0.3401,0.952,0.2454,79.46,0.3064,0.5386,0.009782,13.82,4.4,9.42,WARNING,lunch_rush
1910.0,FOOD_COURT_A,72.61,0.4841,0.4113,0.5516,168.78,0.6899,0.7169,0.013969,28.94,13.19,15.75,HIGH,lunch_rush
1911.0,FOOD_COURT_A,84.7,0.5647,0.2078,0.6728,169.48,0.4213,0.8191,0.025929,16.67,7.45,9.22,HIGH,lunch_rush
1912.0,FOOD_COURT_A,70.47,0.4698,0.5259,0.4642,117.52,0.2144,0.6411,0.017509,15.64,4.99,10.65,WARNING,lunch_rush
1913.0,FOOD_COURT_A,57.0,0.38,0.7916,0.3175,133.2,0.2819,0.7054,0.011491,10.47,6.87,3.6,WARNING,lunch_rush
1914.0,FOOD_COURT_A,45.62,0.3041,0.683,0.4376,101.91,0.4463,0.7071,0.015461,10.13,6.73,3.39,WARNING,lunch_rush
1915.0,FOOD_COURT_A,54.69,0.3646,0.7135,0.3705,102.06,0.4104,0.6368,0.017187,10.25,6.02,4.23,WARNING,lunch_rush
1916.0,FOOD_COURT_A,19.59,0.1306,1.1035,0.187,50.12,0.2119,0.509,0.008099,9.71,4.46,5.25,SAFE,lunch_rush
1917.0,FOOD_COURT_A,25.31,0.1688,0.9601,0.0955,50.75,0.0821,0.5027,0.004481,8.76,2.98,5.78,SAFE,lunch_rush
1918.0,FOOD_COURT_A,23.93,0.1595,1.0513,0.0678,18.73,0.0641,0.3589,0.005385,7.56,4.58,2.98,SAFE,lunch_rush
1919.0,FOOD_COURT_A,19.81,0.1321,1.1591,0.125,47.18,0.0192,0.3776,0.003045,8.09,3.8,4.29,SAFE,lunch_rush
1920.0,FOOD_COURT_A,17.51,0.1167,1.6155,0.1074,42.37,0.0484,0.4276,0.005824,7.87,3.85,4.01,SAFE,lunch_rush
1921.0,FOOD_COURT_A,27.61,0.1841,1.3702,0.0322,39.5,0.0785,0.2812,0.003125,8.3,4.37,3.93,SAFE,lunch_rush
1922.0,FOOD_COURT_A,50.4,0.336,0.7368,0.3433,68.52,0.2433,0.6657,0.00428,19.76,9.56,10.2,WARNING,lunch_rush
1923.0,FOOD_COURT_A,65.03,0.4336,0.7725,0.3431,59.46,0.265,0.7048,0.002807,12.95,7.55,5.39,WARNING,lunch_rush
1924.0,FOOD_COURT_A,56.79,0.3786,0.6561,0.3289,75.07,0.2127,0.6216,0.013366,17.55,7.32,10.23,WARNING,lunch_rush
1925.0,FOOD_COURT_A,64.85,0.4323,0.8084,0.2773,83.27,0.232,0.5341,0.014087,15.5,8.98,6.51,WARNING,lunch_rush
1926.0,FOOD_COURT_A,59.33,0.3956,0.7185,0.3838,84.99,0.1987,0.6904,0.013926,10.42,6.78,3.64,WARNING,lunch_rush
1927.0,FOOD_COURT_A,62.66,0.4177,0.716,0.4337,109.51,0.2268,0.6561,0.010115,15.11,7.96,7.15,WARNING,lunch_rush
1928.0,FOOD_COURT_A,27.92,0.1861,1.3616,0.2188,54.63,0.0895,0.438,0.006354,6.78,3.89,2.9,SAFE,lunch_rush
1929.0,FOOD_COURT_A,30.34,0.2023,1.2617,0.1774,52.41,0.0689,0.4476,0.001906,5.67,1.49,4.19,SAFE,lunch_rush
1930.0,FOOD_COURT_A,27.19,0.1812,1.2116,0.1886,55.48,0.1021,0.3049,0.004632,3.01,0.39,2.62,SAFE,lunch_rush
1931.0,FOOD_COURT_A,17.99,0.1199,1.066,0.0828,38.94,0.07,0.4188,0.004976,5.63,1.5,4.13,SAFE,lunch_rush
1932.0,FOOD_COURT_A,50.36,0.3358,0.8678,0.242,95.65,0.3293,0.6734,0.006597,7.94,3.85,4.1,WARNING,lunch_rush
1933.0,FOOD_COURT_A,31.59,0.2106,0.9493,0.1786,60.04,0.1777,0.4904,0.004992,4.04,1.83,2.21,SAFE,lunch_rush
1934.0,FOOD_COURT_A,26.08,0.1739,1.2537,0.1257,58.95,0.1176,0.513,0.001498,6.68,2.91,3.77,SAFE,lunch_rush
1935.0,FOOD_COURT_A,17.2,0.1147,1.2611,0.1828,58.87,0.0998,0.4901,0.004368,6.62,2.86,3.77,SAFE,lunch_rush
1936.0,FOOD_COURT_A,49.85,0.3324,0.796,0.3656,103.73,0.3646,0.6658,0.013356,10.2,6.14,4.07,WARNING,lunch_rush
1937.0,FOOD_COURT_A,49.74,0.3316,0.7525,0.352,90.04,0.3181,0.6184,0.011437,20.28,8.6,11.68,WARNING,lunch_rush
1938.0,FOOD_COURT_A,59.18,0.3945,0.7033,0.2118,93.39,0.3484,0.7019,0.005995,12.73,4.23,8.5,WARNING,lunch_rush
1939.0,FOOD_COURT_A,88.29,0.5886,0.3615,0.6366,165.73,0.4328,0.7229,0.02494,21.74,9.34,12.39,HIGH,lunch_rush
1940.0,FOOD_COURT_A,97.74,0.6516,0.2651,0.7421,167.09,0.5264,0.7558,0.021402,22.3,15.24,7.06,HIGH,lunch_rush
1941.0,FOOD_COURT_A,53.0,0.3534,0.7044,0.3312,86.87,0.2401,0.4306,0.00704,5.5,3.34,2.16,SAFE,lunch_rush
1942.0,FOOD_COURT_A,31.5,0.21,0.9572,0.1231,66.11,0.0746,0.5672,0.00592,7.41,3.79,3.61,SAFE,lunch_rush
1943.0,FOOD_COURT_A,14.48,0.0965,1.0569,0.065,69.58,0.0655,0.609,0.004926,8.15,3.85,4.3,SAFE,lunch_rush
1944.0,FOOD_COURT_A,21.27,0.1418,0.9356,0.0958,28.76,0.0352,0.3882,0.002671,3.87,2.28,1.59,SAFE,lunch_rush
1945.0,FOOD_COURT_A,24.1,0.1606,0.6241,0.0348,31.35,0.0464,0.3163,0.002066,7.32,4.1,3.22,SAFE,lunch_rush
1946.0,FOOD_COURT_A,22.39,0.1492,1.2479,0.1361,40.52,0.0375,0.2208,0.003415,2.19,1.59,0.61,SAFE,lunch_rush
1947.0,FOOD_COURT_A,21.85,0.1457,1.3257,0.1798,38.22,0.0773,0.5376,0.005754,4.93,2.51,2.42,SAFE,lunch_rush
1948.0,FOOD_COURT_A,46.43,0.3095,0.9301,0.4123,99.94,0.2924,0.598,0.010352,11.05,8.95,2.1,WARNING,lunch_rush
1949.0,FOOD_COURT_A,53.91,0.3594,0.9562,0.3182,95.35,0.3039,0.6091,0.008929,10.67,4.68,6.0,WARNING,lunch_rush
1950.0,FOOD_COURT_A,34.94,0.233,0.8577,0.2321,53.81,0.1378,0.5122,0.006037,4.6,4.6,0.0,SAFE,lunch_rush
1951.0,FOOD_COURT_A,29.24,0.195,1.2528,0.1381,53.64,0.1025,0.234,0.006311,6.79,4.52,2.28,SAFE,lunch_rush
1952.0,FOOD_COURT_A,30.93,0.2062,1.4186,0.1475,59.35,0.0719,0.2311,0.00437,5.85,3.78,2.07,SAFE,lunch_rush
1953.0,FOOD_COURT_A,23.71,0.1581,1.4068,0.1152,29.29,0.0296,0.2256,0.003368,8.6,4.17,4.43,SAFE,lunch_rush
1954.0,FOOD_COURT_A,25.51,0.1701,1.5071,0.0544,35.54,0.0665,0.3931,0.005369,9.85,4.68,5.16,SAFE,lunch_rush
1955.0,FOOD_COURT_A,24.41,0.1627,1.3441,0.0807,15.32,0.0425,0.4407,0.005025,7.49,3.19,4.3,SAFE,lunch_rush
1956.0,FOOD_COURT_A,18.64,0.1243,1.3627,0.09,26.62,0.0561,0.4377,0.003398,7.78,5.36,2.42,SAFE,lunch_rush
1957.0,FOOD_COURT_A,22.34,0.149,1.3368,0.1066,43.82,0.0573,0.5098,0.003569,8.48,3.97,4.5,SAFE,lunch_rush
1958.0,FOOD_COURT_A,12.6,0.084,1.2835,0.07,55.88,0.0761,0.221,0.004843,10.22,5.72,4.5,SAFE,lunch_rush
1959.0,FOOD_COURT_A,27.57,0.1838,1.3055,0.1093,56.27,0.0396,0.4373,0.00448,8.67,3.3,5.36,SAFE,lunch_rush
1960.0,FOOD_COURT_A,23.59,0.1572,1.0847,0.1241,56.91,0.0819,0.5479,0.005827,6.98,2.7,4.28,SAFE,lunch_rush
1961.0,FOOD_COURT_A,24.87,0.1658,0.7808,0.1018,46.87,0.104,0.3445,0.003939,6.32,3.5,2.81,SAFE,lunch_rush
1962.0,FOOD_COURT_A,20.01,0.1334,1.3044,0.0902,33.62,0.1229,0.3362,0.002221,6.8,2.4,4.4,SAFE,lunch_rush
1963.0,FOOD_COURT_A,18.48,0.1232,1.5278,0.1079,27.65,0.0537,0.3588,0.000666,8.04,3.8,4.24,SAFE,lunch_rush
1964.0,FOOD_COURT_A,23.89,0.1593,1.2526,0.0456,38.71,0.0448,0.5212,0.003415,9.22,6.2,3.02,SAFE,lunch_rush
1965.0,FOOD_COURT_A,27.37,0.1825,1.0282,0.1588,50.19,0.0363,0.2692,0.004285,9.37,2.6,6.77,SAFE,lunch_rush
1966.0,FOOD_COURT_A,24.59,0.1639,1.2615,0.0476,56.71,0.0924,0.315,0.003404,7.8,4.37,3.43,SAFE,lunch_rush
1967.0,FOOD_COURT_A,15.21,0.1014,1.2877,0.049,48.23,0.1038,0.2976,0.003939,11.04,5.64,5.4,SAFE,lunch_rush
1968.0,FOOD_COURT_A,17.91,0.1194,1.0491,0.0835,50.66,0.0387,0.3749,0.003965,7.22,1.84,5.38,SAFE,lunch_rush
1969.0,FOOD_COURT_A,21.54,0.1436,1.2592,0.1457,46.09,0.0756,0.5274,0.005224,9.15,6.12,3.03,SAFE,lunch_rush
1970.0,FOOD_COURT_A,20.43,0.1362,1.0579,0.0667,43.76,0.052,0.5166,0.001567,6.54,2.27,4.27,SAFE,lunch_rush
1971.0,FOOD_COURT_A,22.14,0.1476,1.346,0.0935,43.56,0.1089,0.459,0.005292,3.44,0.23,3.21,SAFE,lunch_rush
1972.0,FOOD_COURT_A,16.19,0.1079,1.3099,0.0976,74.33,0.0759,0.3362,0.001962,6.49,2.33,4.17,SAFE,lunch_rush
1973.0,FOOD_COURT_A,28.67,0.1912,1.1162,0.0837,69.4,0.0228,0.3982,0.003059,8.19,6.33,1.86,SAFE,lunch_rush
1974.0,FOOD_COURT_A,18.89,0.126,1.3331,0.1283,47.6,0.0476,0.382,0.003788,5.83,4.03,1.8,SAFE,lunch_rush
1975.0,FOOD_COURT_A,28.85,0.1923,1.2167,0.1343,61.32,0.1109,0.6252,0.001717,5.35,4.67,0.68,SAFE,lunch_rush
1976.0,FOOD_COURT_A,14.87,0.0991,1.1017,0.0771,60.87,0.0455,0.5717,0.004421,7.14,4.36,2.78,SAFE,lunch_rush
1977.0,FOOD_COURT_A,17.06,0.1137,1.3232,0.1762,82.3,0.0513,0.4702,0.004827,4.68,1.44,3.23,SAFE,lunch_rush
1978.0,FOOD_COURT_A,38.69,0.2579,0.6356,0.3958,116.45,0.2168,0.6319,0.005643,10.23,6.6,3.63,WARNING,lunch_rush
1979.0,FOOD_COURT_A,65.14,0.4343,0.5323,0.4483,94.3,0.3567,0.6596,0.00779,15.83,7.03,8.8,WARNING,lunch_rush
1980.0,FOOD_COURT_A,53.81,0.3588,0.4148,0.4786,82.54,0.3912,0.71,0.009658,5.84,5.06,0.78,WARNING,lunch_rush
1981.0,FOOD_COURT_A,65.59,0.4373,0.6104,0.4205,66.41,0.2567,0.6421,0.008276,13.01,9.39,3.62,WARNING,lunch_rush
1982.0,FOOD_COURT_A,50.82,0.3388,0.867,0.3974,74.74,0.2254,0.7602,0.012726,15.32,10.14,5.18,WARNING,lunch_rush
1983.0,FOOD_COURT_A,50.74,0.3383,0.6595,0.4063,102.42,0.3088,0.6591,0.014908,15.75,6.17,9.58,WARNING,lunch_rush
1984.0,FOOD_COURT_A,55.27,0.3685,0.694,0.427,107.28,0.344,0.7126,0.013272,7.99,2.73,5.26,WARNING,lunch_rush
1985.0,FOOD_COURT_A,64.48,0.4298,0.2996,0.6644,164.17,0.5826,0.7592,0.025326,23.97,8.88,15.09,HIGH,lunch_rush
1986.0,FOOD_COURT_A,91.21,0.6081,0.1144,0.805,244.38,0.6947,0.7943,0.028484,19.5,10.98,8.53,HIGH,lunch_rush
1987.0,FOOD_COURT_A,89.2,0.5947,0.223,0.791,149.51,0.7217,0.8766,0.026281,26.69,10.51,16.18,HIGH,lunch_rush
1988.0,FOOD_COURT_A,94.59,0.6306,0.1473,0.6704,173.92,0.6059,0.9232,0.032364,20.18,8.36,11.83,HIGH,lunch_rush
1989.0,FOOD_COURT_A,95.78,0.6385,0.1306,0.7551,213.87,0.6487,0.8861,0.021979,19.98,12.19,7.79,HIGH,lunch_rush
1990.0,FOOD_COURT_A,58.29,0.3886,0.6275,0.4632,114.91,0.3468,0.8749,0.015913,14.24,4.14,10.09,WARNING,lunch_rush
1991.0,FOOD_COURT_A,56.88,0.3792,0.537,0.2484,100.51,0.2131,0.7948,0.015797,16.68,5.8,10.88,WARNING,lunch_rush
1992.0,FOOD_COURT_A,54.43,0.3629,0.4098,0.3677,72.18,0.3244,0.62,0.016851,9.79,1.94,7.85,WARNING,lunch_rush
1993.0,FOOD_COURT_A,35.71,0.2381,0.8348,0.2178,32.47,0.1549,0.4421,0.0078,3.84,2.81,1.03,SAFE,lunch_rush
1994.0,FOOD_COURT_A,28.26,0.1884,0.7432,0.1791,32.64,0.1298,0.6188,0.003943,6.84,5.22,1.62,SAFE,lunch_rush
1995.0,FOOD_COURT_A,14.6,0.0973,0.8657,0.0966,36.63,0.1272,0.4987,0.001448,7.36,5.49,1.86,SAFE,lunch_rush
1996.0,FOOD_COURT_A,14.46,0.0964,1.1443,0.1164,38.99,0.0824,0.5751,0.001142,8.42,2.45,5.97,SAFE,lunch_rush
1997.0,FOOD_COURT_A,49.11,0.3274,0.8236,0.2227,100.45,0.2932,0.7485,0.009647,20.08,11.99,8.09,WARNING,lunch_rush
1998.0,FOOD_COURT_A,53.73,0.3582,0.6484,0.3237,85.56,0.2422,0.5673,0.012873,11.52,7.62,3.9,WARNING,lunch_rush
1999.0,FOOD_COURT_A,60.93,0.4062,0.5744,0.3727,127.22,0.2407,0.6367,0.01406,13.43,5.68,7.75,WARNING,lunch_rush
2000.0,FOOD_COURT_A,64.24,0.4283,0.6905,0.3066,113.24,0.2781,0.7066,0.015079,13.1,6.85,6.25,WARNING,lunch_rush
2001.0,FOOD_COURT_A,60.78,0.4052,0.5586,0.3609,112.59,0.336,0.576,0.016675,15.99,11.13,4.86,WARNING,lunch_rush
2002.0,FOOD_COURT_A,47.97,0.3198,0.6281,0.3079,93.51,0.41,0.5668,0.01376,11.13,8.11,3.03,WARNING,lunch_rush
2003.0,FOOD_COURT_A,36.85,0.2457,0.4567,0.367,103.9,0.3082,0.715,0.012295,17.29,12.31,4.98,WARNING,lunch_rush
2004.0,FOOD_COURT_A,51.2,0.3413,0.7782,0.3947,98.91,0.2716,0.6458,0.01761,10.19,5.91,4.28,WARNING,lunch_rush
2005.0,FOOD_COURT_A,62.74,0.4183,0.6862,0.1673,90.27,0.3307,0.7845,0.015877,12.53,7.2,5.33,WARNING,lunch_rush
2006.0,FOOD_COURT_A,49.98,0.3332,0.8412,0.2823,98.01,0.2564,0.7505,0.009665,13.49,5.81,7.68,WARNING,lunch_rush
2007.0,FOOD_COURT_A,55.07,0.3671,0.4171,0.3828,95.06,0.3481,0.6781,0.014794,7.35,2.43,4.92,WARNING,lunch_rush
2008.0,FOOD_COURT_A,53.4,0.356,0.4195,0.2884,78.32,0.411,0.5679,0.018015,13.24,7.61,5.63,WARNING,lunch_rush
2009.0,FOOD_COURT_A,53.28,0.3552,0.7088,0.3768,86.38,0.3572,0.754,0.009831,9.43,3.38,6.05,WARNING,lunch_rush
2010.0,FOOD_COURT_A,58.96,0.3931,0.694,0.4083,104.74,0.3145,0.6422,0.01011,7.41,6.9,0.5,WARNING,lunch_rush
2011.0,FOOD_COURT_A,70.53,0.4702,0.9226,0.286,115.71,0.2414,0.6907,0.013281,12.44,5.08,7.36,WARNING,lunch_rush
2012.0,FOOD_COURT_A,66.48,0.4432,0.698,0.2448,110.89,0.2285,0.6937,0.009181,14.18,4.69,9.49,WARNING,lunch_rush
2013.0,FOOD_COURT_A,56.36,0.3757,0.5461,0.3544,71.18,0.3608,0.6607,0.01099,16.23,10.01,6.21,WARNING,lunch_rush
2014.0,FOOD_COURT_A,51.86,0.3457,0.597,0.4374,81.96,0.454,0.615,0.010875,9.52,5.92,3.6,WARNING,lunch_rush
2015.0,FOOD_COURT_A,51.16,0.3411,0.7059,0.2962,90.62,0.2953,0.6979,0.007965,14.62,7.49,7.13,WARNING,lunch_rush
2016.0,FOOD_COURT_A,61.25,0.4084,0.4944,0.3618,82.57,0.4103,0.659,0.014254,16.84,9.95,6.89,WARNING,lunch_rush
2017.0,FOOD_COURT_A,40.44,0.2696,0.429,0.4164,53.27,0.3599,0.7592,0.018019,12.54,8.88,3.65,WARNING,lunch_rush
2018.0,FOOD_COURT_A,46.57,0.3105,0.3941,0.3972,64.71,0.3738,0.7645,0.016569,11.43,4.57,6.86,WARNING,lunch_rush
2019.0,FOOD_COURT_A,38.64,0.2576,0.5871,0.4758,89.0,0.3061,0.6444,0.008523,11.63,6.16,5.46,WARNING,lunch_rush
2020.0,FOOD_COURT_A,48.12,0.3208,0.744,0.3873,97.17,0.4495,0.6561,0.008455,16.51,9.5,7.01,WARNING,lunch_rush
2021.0,FOOD_COURT_A,48.86,0.3257,0.6943,0.3894,117.5,0.4447,0.6646,0.011804,13.39,6.73,6.66,WARNING,lunch_rush
2022.0,FOOD_COURT_A,50.83,0.3389,0.4611,0.3037,101.04,0.3232,0.7534,0.006396,16.18,8.46,7.72,WARNING,lunch_rush
2023.0,FOOD_COURT_A,47.24,0.3149,0.6256,0.4072,107.87,0.2108,0.6738,0.010134,16.47,7.57,8.9,WARNING,lunch_rush
2024.0,FOOD_COURT_A,48.36,0.3224,0.6856,0.2753,54.59,0.336,0.4737,0.008581,13.69,6.48,7.22,WARNING,lunch_rush
2025.0,FOOD_COURT_A,45.93,0.3062,0.5823,0.3467,80.16,0.2559,0.6124,0.015639,13.82,6.58,7.24,WARNING,lunch_rush
2026.0,FOOD_COURT_A,61.39,0.4093,0.6907,0.4301,90.63,0.2876,0.5712,0.015714,11.16,7.28,3.88,WARNING,lunch_rush
2027.0,FOOD_COURT_A,49.58,0.3305,0.2478,0.4711,68.22,0.407,0.6192,0.006287,12.47,7.04,5.43,WARNING,lunch_rush
2028.0,FOOD_COURT_A,47.81,0.3187,0.7408,0.4439,65.69,0.3282,0.5884,0.009902,12.14,5.34,6.8,WARNING,lunch_rush
2029.0,FOOD_COURT_A,55.75,0.3717,0.7899,0.4347,130.96,0.41,0.6409,0.011649,10.13,3.63,6.5,WARNING,lunch_rush
2030.0,FOOD_COURT_A,53.22,0.3548,0.7433,0.3152,115.31,0.2946,0.6225,0.006958,12.11,6.76,5.35,WARNING,lunch_rush
2031.0,FOOD_COURT_A,60.49,0.4033,0.9019,0.3896,123.47,0.2387,0.756,0.002087,10.42,6.78,3.64,WARNING,lunch_rush
2032.0,FOOD_COURT_A,57.06,0.3804,0.5879,0.4923,99.35,0.3958,0.7585,0.008247,15.22,7.75,7.46,WARNING,lunch_rush
2033.0,FOOD_COURT_A,42.23,0.2815,0.3592,0.3446,104.74,0.2998,0.5755,0.005448,15.63,7.67,7.96,WARNING,lunch_rush
2034.0,FOOD_COURT_A,50.79,0.3386,0.5715,0.305,98.9,0.1931,0.7579,0.005547,12.31,5.05,7.26,WARNING,lunch_rush
2035.0,FOOD_COURT_A,62.15,0.4144,0.6889,0.4969,91.75,0.3173,0.7701,0.011006,15.8,7.15,8.65,WARNING,lunch_rush
2036.0,FOOD_COURT_A,72.99,0.4866,0.5736,0.3911,93.3,0.2513,0.7434,0.016237,12.46,9.57,2.89,WARNING,lunch_rush
2037.0,FOOD_COURT_A,49.85,0.3323,0.7333,0.3125,106.97,0.3547,0.7453,0.012998,15.45,8.9,6.55,WARNING,lunch_rush
2038.0,FOOD_COURT_A,48.37,0.3225,0.7921,0.3711,119.57,0.3125,0.8046,0.010308,15.32,9.77,5.55,WARNING,lunch_rush
2039.0,FOOD_COURT_A,56.49,0.3766,0.4993,0.3622,107.43,0.2174,0.7199,0.010211,11.21,4.4,6.8,WARNING,lunch_rush
2040.0,FOOD_COURT_A,56.84,0.3789,0.6643,0.3984,81.69,0.3345,0.6477,0.003658,13.34,5.86,7.48,WARNING,lunch_rush
2041.0,FOOD_COURT_A,55.21,0.3681,0.7322,0.4586,58.27,0.3381,0.7274,0.011525,6.64,4.12,2.52,WARNING,lunch_rush
2042.0,FOOD_COURT_A,52.0,0.3466,0.7712,0.4782,91.65,0.2852,0.6718,0.009315,11.21,7.57,3.64,WARNING,lunch_rush
2043.0,FOOD_COURT_A,62.69,0.4179,0.6653,0.3051,81.48,0.3194,0.6563,0.009887,12.57,5.91,6.65,WARNING,lunch_rush
2044.0,FOOD_COURT_A,59.31,0.3954,0.655,0.3421,84.38,0.3077,0.8399,0.010926,7.67,3.34,4.32,WARNING,lunch_rush
2045.0,FOOD_COURT_A,55.05,0.367,0.7473,0.2734,104.99,0.2933,0.8546,0.005279,20.06,11.71,8.34,WARNING,lunch_rush
2046.0,FOOD_COURT_A,60.14,0.401,0.6856,0.3761,102.39,0.2023,0.724,0.013536,7.86,3.69,4.18,WARNING,lunch_rush
2047.0,FOOD_COURT_A,41.93,0.2795,0.6732,0.3052,105.35,0.2255,0.7488,0.015741,15.85,8.16,7.69,WARNING,lunch_rush
2048.0,FOOD_COURT_A,27.55,0.1836,1.1903,0.1567,49.54,0.0676,0.5491,0.009308,8.75,4.46,4.29,SAFE,lunch_rush
2049.0,FOOD_COURT_A,28.59,0.1906,1.2836,0.1335,37.48,0.1055,0.4772,0.00626,8.46,3.38,5.07,SAFE,lunch_rush
2050.0,FOOD_COURT_A,23.12,0.1541,1.2771,0.1519,58.06,0.1163,0.3918,0.004215,9.85,4.49,5.36,SAFE,lunch_rush
2051.0,FOOD_COURT_A,26.01,0.1734,1.1968,0.1931,76.79,0.0449,0.5097,0.002421,6.94,1.67,5.27,SAFE,lunch_rush
2052.0,FOOD_COURT_A,55.45,0.3697,0.7364,0.3135,76.29,0.105,0.6527,0.008515,12.97,3.4,9.57,WARNING,lunch_rush
2053.0,FOOD_COURT_A,72.66,0.4844,0.4656,0.7236,121.5,0.3426,0.7803,0.02796,15.77,6.45,9.32,HIGH,lunch_rush
2054.0,FOOD_COURT_A,46.53,0.3102,0.9471,0.3432,86.01,0.1775,0.4551,0.010179,4.38,2.15,2.22,SAFE,lunch_rush
2055.0,FOOD_COURT_A,26.67,0.1778,1.1669,0.1923,50.42,0.08,0.4543,0.003833,6.94,3.98,2.96,SAFE,lunch_rush
2056.0,FOOD_COURT_A,25.28,0.1685,1.0523,0.0956,44.63,0.1006,0.406,0.00115,3.33,0.54,2.79,SAFE,lunch_rush
2057.0,FOOD_COURT_A,64.76,0.4317,0.5725,0.3788,107.46,0.2729,0.7389,0.012471,17.95,10.64,7.31,HIGH,lunch_rush
2058.0,FOOD_COURT_A,81.84,0.5456,0.3304,0.6505,166.44,0.5261,0.7925,0.011864,16.87,7.17,9.69,HIGH,lunch_rush
2059.0,FOOD_COURT_A,75.8,0.5054,0.303,0.8014,202.55,0.5861,0.8421,0.025948,21.74,7.57,14.18,HIGH,lunch_rush
2060.0,FOOD_COURT_A,98.81,0.6587,0.2594,0.7664,191.76,0.5655,0.8818,0.027941,19.97,11.61,8.35,HIGH,lunch_rush
2061.0,FOOD_COURT_A,74.0,0.4934,0.2376,0.8994,188.26,0.6043,0.8776,0.025707,20.6,11.63,8.97,HIGH,lunch_rush
2062.0,FOOD_COURT_A,91.1,0.6074,0.2463,0.6918,199.12,0.5588,0.7579,0.033007,22.98,9.83,13.15,HIGH,lunch_rush
2063.0,FOOD_COURT_A,78.68,0.5246,0.1716,0.804,122.82,0.4944,0.8409,0.037004,27.03,13.45,13.58,HIGH,lunch_rush
2064.0,FOOD_COURT_A,83.52,0.5568,0.2443,0.6798,146.53,0.631,0.9027,0.025672,16.82,10.35,6.48,HIGH,lunch_rush
2065.0,FOOD_COURT_A,96.07,0.6404,0.2816,0.6174,147.12,0.5356,0.8627,0.01752,16.05,10.34,5.7,HIGH,lunch_rush
2066.0,FOOD_COURT_A,81.92,0.5461,0.2952,0.8524,161.32,0.6027,0.9588,0.030183,32.4,15.63,16.77,HIGH,lunch_rush
2067.0,FOOD_COURT_A,104.58,0.6972,0.1318,0.7639,168.8,0.5156,0.9684,0.027836,22.06,15.23,6.83,HIGH,lunch_rush
2068.0,FOOD_COURT_A,65.67,0.4378,0.3644,0.9292,156.76,0.6389,0.8422,0.036447,29.54,15.24,14.3,HIGH,lunch_rush
2069.0,FOOD_COURT_A,77.56,0.5171,0.3193,0.7404,209.03,0.6455,0.9049,0.03042,20.51,6.24,14.26,HIGH,lunch_rush
2070.0,FOOD_COURT_A,110.87,0.7391,0.2232,0.8142,211.63,0.6198,0.845,0.02963,25.38,6.41,18.97,HIGH,lunch_rush
2071.0,FOOD_COURT_A,95.74,0.6383,0.2704,0.7008,201.48,0.6363,0.8405,0.017589,14.42,6.02,8.4,HIGH,lunch_rush
2072.0,FOOD_COURT_A,98.46,0.6564,0.1066,0.8345,220.04,0.6476,0.9281,0.026792,17.01,8.99,8.02,HIGH,lunch_rush
2073.0,FOOD_COURT_A,91.81,0.6121,0.2471,0.6362,238.33,0.5817,0.951,0.033775,27.27,11.17,16.1,HIGH,lunch_rush
2074.0,FOOD_COURT_A,89.42,0.5962,0.2717,0.6655,243.22,0.6315,0.8821,0.032854,11.2,3.39,7.81,HIGH,lunch_rush
2075.0,FOOD_COURT_A,99.13,0.6609,0.3004,0.8785,186.66,0.5488,0.8666,0.021066,23.67,11.61,12.06,HIGH,lunch_rush
2076.0,FOOD_COURT_A,97.23,0.6482,0.3151,0.9407,185.74,0.5731,0.7882,0.03253,23.95,10.41,13.54,HIGH,lunch_rush
2077.0,FOOD_COURT_A,71.61,0.4774,0.2378,0.7807,163.81,0.4551,0.8425,0.019685,19.5,10.23,9.27,HIGH,lunch_rush
2078.0,FOOD_COURT_A,89.98,0.5998,0.1436,0.7376,151.83,0.5434,0.7899,0.025401,13.14,7.97,5.17,HIGH,lunch_rush
2079.0,FOOD_COURT_A,94.87,0.6325,0.2561,0.7165,144.65,0.5093,0.7909,0.017771,15.54,12.88,2.66,HIGH,lunch_rush
2080.0,FOOD_COURT_A,94.33,0.6288,0.2463,0.765,177.04,0.3803,0.8087,0.02144,23.59,13.43,10.15,HIGH,lunch_rush
2081.0,FOOD_COURT_A,75.82,0.5055,0.3767,0.8826,196.69,0.5563,0.7654,0.018677,23.11,13.18,9.93,HIGH,lunch_rush
2082.0,FOOD_COURT_A,101.6,0.6773,0.12,0.727,181.85,0.7573,0.8582,0.028429,21.3,11.07,10.24,HIGH,lunch_rush
2083.0,FOOD_COURT_A,94.8,0.632,0.1779,0.8569,186.8,0.6066,0.8714,0.038487,21.59,8.95,12.64,HIGH,lunch_rush
2084.0,FOOD_COURT_A,94.06,0.6271,0.3153,0.8688,190.59,0.5817,0.8066,0.026421,18.63,9.27,9.36,HIGH,lunch_rush
2085.0,FOOD_COURT_A,90.72,0.6048,0.314,0.8299,178.99,0.6247,0.8093,0.034539,22.49,11.05,11.44,HIGH,lunch_rush
2086.0,FOOD_COURT_A,89.7,0.598,0.3044,0.6918,217.79,0.5001,0.7782,0.022237,16.08,9.27,6.81,HIGH,lunch_rush
2087.0,FOOD_COURT_A,90.88,0.6059,0.2228,0.7677,182.16,0.5702,0.7852,0.036277,11.42,3.09,8.32,HIGH,lunch_rush
2088.0,FOOD_COURT_A,95.4,0.636,0.1909,0.7854,203.47,0.5874,0.8931,0.028768,27.74,16.8,10.94,HIGH,lunch_rush
2089.0,FOOD_COURT_A,102.15,0.681,0.3104,0.8753,206.66,0.5825,0.8473,0.022943,23.13,14.79,8.34,HIGH,lunch_rush
2090.0,FOOD_COURT_A,78.02,0.5201,0.2867,0.7512,154.89,0.6058,0.8436,0.029781,22.92,12.24,10.69,HIGH,lunch_rush
2091.0,FOOD_COURT_A,74.07,0.4938,0.2947,0.7464,163.93,0.6209,0.7921,0.016292,16.95,7.05,9.89,HIGH,lunch_rush
2092.0,FOOD_COURT_A,83.01,0.5534,0.1402,0.6817,140.22,0.5529,0.8404,0.029355,22.51,12.58,9.93,HIGH,lunch_rush
2093.0,FOOD_COURT_A,80.58,0.5372,0.1604,0.7177,185.93,0.5772,0.8431,0.034889,19.46,8.58,10.88,HIGH,lunch_rush
2094.0,FOOD_COURT_A,96.11,0.6408,0.2616,0.7565,145.78,0.4467,0.8887,0.028361,28.12,11.02,17.1,HIGH,lunch_rush
2095.0,FOOD_COURT_A,96.06,0.6404,0.1785,0.8461,145.63,0.4584,0.9173,0.019173,20.74,10.35,10.39,HIGH,lunch_rush
2096.0,FOOD_COURT_A,87.19,0.5812,0.3628,0.6052,187.61,0.535,0.834,0.016842,15.46,5.01,10.45,HIGH,lunch_rush
2097.0,FOOD_COURT_A,83.04,0.5536,0.2187,0.5846,191.29,0.6628,0.8981,0.025328,24.57,13.74,10.83,HIGH,lunch_rush
2098.0,FOOD_COURT_A,85.59,0.5706,0.3304,0.5473,236.19,0.594,0.7983,0.03811,22.16,11.96,10.2,HIGH,lunch_rush
2099.0,FOOD_COURT_A,89.0,0.5933,0.3728,0.6269,202.13,0.6118,0.7759,0.026948,26.98,13.14,13.84,HIGH,lunch_rush
2100.0,FOOD_COURT_A,103.92,0.6928,0.3082,0.7266,150.7,0.7276,0.825,0.021772,21.2,9.19,12.01,HIGH,lunch_rush
2101.0,FOOD_COURT_A,100.64,0.6709,0.0995,0.7784,172.62,0.6979,0.8274,0.031606,21.01,6.48,14.54,HIGH,lunch_rush
2102.0,FOOD_COURT_A,98.43,0.6562,0.1399,0.6674,196.38,0.6921,0.8503,0.035787,20.92,11.55,9.37,HIGH,lunch_rush
2103.0,FOOD_COURT_A,90.69,0.6046,0.0538,0.6587,218.37,0.7542,0.8521,0.019228,19.93,10.48,9.45,HIGH,lunch_rush
2104.0,FOOD_COURT_A,91.87,0.6125,0.2603,0.8044,203.6,0.4209,0.9205,0.02249,25.65,12.3,13.35,HIGH,lunch_rush
2105.0,FOOD_COURT_A,84.79,0.5653,0.1882,0.7968,170.18,0.643,0.8917,0.017958,17.13,10.79,6.35,HIGH,lunch_rush
2106.0,FOOD_COURT_A,91.6,0.6107,0.2895,0.7668,140.94,0.6298,0.932,0.025839,25.08,11.05,14.02,HIGH,lunch_rush
2107.0,FOOD_COURT_A,102.96,0.6864,0.2698,0.657,173.54,0.6026,0.8602,0.022728,25.68,14.78,10.9,HIGH,lunch_rush
2108.0,FOOD_COURT_A,59.59,0.3973,0.4494,0.5492,86.35,0.3062,0.8259,0.012044,14.28,7.83,6.45,WARNING,lunch_rush
2109.0,FOOD_COURT_A,28.93,0.1929,0.9492,0.1708,53.21,0.187,0.5437,0.00472,3.04,0.89,2.15,SAFE,lunch_rush
2110.0,FOOD_COURT_A,10.76,0.0717,0.9657,0.1701,38.86,0.1112,0.5533,0.004187,6.35,3.51,2.84,SAFE,lunch_rush
2111.0,FOOD_COURT_A,11.34,0.0756,1.1574,0.1119,16.95,0.1123,0.4411,0.004459,1.14,0.05,1.1,SAFE,lunch_rush
2112.0,FOOD_COURT_A,10.54,0.0703,1.5397,0.0801,50.2,0.1434,0.3214,0.002437,7.26,3.67,3.58,SAFE,lunch_rush
2113.0,FOOD_COURT_A,25.0,0.1667,1.013,0.0937,49.73,0.0804,0.2544,0.00447,11.83,5.15,6.68,SAFE,lunch_rush
2114.0,FOOD_COURT_A,26.43,0.1762,1.3151,0.0593,49.36,0.0583,0.3785,0.002683,6.82,4.44,2.38,SAFE,lunch_rush
2115.0,FOOD_COURT_A,19.09,0.1273,1.5265,0.0408,46.06,0.1287,0.4363,0.002485,4.05,1.57,2.48,SAFE,lunch_rush
2116.0,FOOD_COURT_A,23.73,0.1582,1.3139,0.0506,51.71,0.0953,0.3587,0.002372,9.9,5.18,4.72,SAFE,lunch_rush
2117.0,FOOD_COURT_A,24.06,0.1604,1.1273,0.1247,64.44,0.0917,0.3541,0.002502,11.84,6.65,5.19,SAFE,lunch_rush
2118.0,FOOD_COURT_A,23.52,0.1568,0.9967,0.1262,55.72,0.1035,0.2489,0.002618,5.87,2.94,2.93,SAFE,lunch_rush
2119.0,FOOD_COURT_A,17.47,0.1165,1.1826,0.1665,56.56,0.06,0.2792,0.005311,6.63,2.91,3.72,SAFE,lunch_rush
2120.0,FOOD_COURT_A,19.6,0.1307,1.4211,0.1094,44.5,0.1006,0.3389,0.00393,7.33,3.4,3.93,SAFE,lunch_rush
2121.0,FOOD_COURT_A,23.11,0.1541,1.2377,0.0328,44.41,0.064,0.5208,0.002408,5.43,3.92,1.51,SAFE,lunch_rush
2122.0,FOOD_COURT_A,15.45,0.103,1.2913,0.1155,57.39,0.097,0.4567,0.003901,6.21,2.19,4.01,SAFE,lunch_rush
2123.0,FOOD_COURT_A,21.12,0.1408,1.3913,0.104,32.27,0.1335,0.3742,0.004801,3.33,1.68,1.65,SAFE,lunch_rush
2124.0,FOOD_COURT_A,13.96,0.0931,0.9937,0.0846,43.35,0.1466,0.2714,0.00403,6.39,3.09,3.3,SAFE,lunch_rush
2125.0,FOOD_COURT_A,12.98,0.0865,0.9514,0.1131,40.77,0.1219,0.1151,0.001588,4.95,3.0,1.95,SAFE,lunch_rush
2126.0,FOOD_COURT_A,23.41,0.1561,1.1387,0.0665,52.66,0.0936,0.2753,0.001624,8.55,5.42,3.13,SAFE,lunch_rush
2127.0,FOOD_COURT_A,27.87,0.1858,0.9691,0.02,53.66,0.1015,0.2976,0.002856,7.35,5.25,2.1,SAFE,lunch_rush
2128.0,FOOD_COURT_A,23.09,0.154,1.0532,0.1858,45.53,0.0934,0.3178,0.002436,5.37,4.67,0.7,SAFE,lunch_rush
2129.0,FOOD_COURT_A,16.6,0.1106,1.0953,0.167,33.4,0.0601,0.2718,0.000731,6.75,4.72,2.03,SAFE,lunch_rush
2130.0,FOOD_COURT_A,24.53,0.1636,1.0405,0.1394,37.51,0.1252,0.3387,0.002169,8.52,3.28,5.23,SAFE,lunch_rush
2131.0,FOOD_COURT_A,24.28,0.1619,1.1657,0.1269,36.57,0.1212,0.5317,0.001683,5.1,2.48,2.62,SAFE,lunch_rush
2132.0,FOOD_COURT_A,21.11,0.1407,0.9743,0.2418,56.0,0.087,0.4645,0.001402,9.42,4.61,4.82,SAFE,lunch_rush
2133.0,FOOD_COURT_A,22.7,0.1514,1.4779,0.2552,34.34,0.0782,0.2627,0.000421,6.96,5.5,1.46,SAFE,lunch_rush
2134.0,FOOD_COURT_A,29.63,0.1975,1.5012,0.1081,33.47,0.1076,0.5101,0.002096,7.7,5.47,2.23,SAFE,lunch_rush
2135.0,FOOD_COURT_A,24.39,0.1626,1.5734,0.0716,25.04,0.0875,0.4875,0.001805,7.04,2.64,4.4,SAFE,lunch_rush
2136.0,FOOD_COURT_A,22.95,0.153,1.5685,0.105,31.6,0.0452,0.4405,0.000541,6.88,5.19,1.68,SAFE,lunch_rush
2137.0,FOOD_COURT_A,39.24,0.2616,1.1799,0.0545,34.38,0.062,0.3132,0.002947,6.1,3.96,2.13,SAFE,lunch_rush
2138.0,FOOD_COURT_A,16.81,0.1121,1.2487,0.1537,50.05,0.0635,0.4126,0.002678,5.25,1.21,4.04,SAFE,lunch_rush
2139.0,FOOD_COURT_A,12.83,0.0855,1.2612,0.1467,49.66,0.0665,0.3642,0.001943,4.29,1.71,2.58,SAFE,lunch_rush
2140.0,FOOD_COURT_A,9.63,0.0642,1.2574,0.1214,41.78,0.0504,0.3987,0.005564,7.62,2.5,5.12,SAFE,lunch_rush
2141.0,FOOD_COURT_A,55.88,0.3726,0.9311,0.2733,92.53,0.349,0.4596,0.013899,16.22,9.52,6.71,WARNING,lunch_rush
2142.0,FOOD_COURT_A,48.34,0.3223,0.6024,0.305,98.09,0.4971,0.5891,0.018909,10.93,3.95,6.98,WARNING,lunch_rush
2143.0,FOOD_COURT_A,53.14,0.3543,0.8137,0.2874,122.09,0.2589,0.6023,0.012933,13.06,5.8,7.27,WARNING,lunch_rush
2144.0,FOOD_COURT_A,60.26,0.4017,0.6504,0.4093,113.36,0.2417,0.7633,0.010242,8.55,7.71,0.84,WARNING,lunch_rush
2145.0,FOOD_COURT_A,68.58,0.4572,0.2727,0.453,186.39,0.5438,0.8933,0.022299,19.69,10.23,9.47,HIGH,lunch_rush
2146.0,FOOD_COURT_A,64.11,0.4274,0.7537,0.4114,134.06,0.3202,0.8545,0.015085,10.32,3.25,7.07,WARNING,lunch_rush
2147.0,FOOD_COURT_A,55.75,0.3716,0.4833,0.3001,63.01,0.2957,0.6861,0.01188,16.94,7.59,9.35,WARNING,lunch_rush
2148.0,FOOD_COURT_A,27.15,0.181,1.1538,0.1277,46.65,0.1334,0.503,0.00481,7.75,4.92,2.83,SAFE,lunch_rush
2149.0,FOOD_COURT_A,21.27,0.1418,1.1043,0.1065,45.34,0.1013,0.4822,0.002556,3.97,1.99,1.98,SAFE,lunch_rush
2150.0,FOOD_COURT_A,22.2,0.148,1.5256,0.032,55.86,0.0978,0.4151,0.0025,7.17,5.96,1.21,SAFE,lunch_rush
2151.0,FOOD_COURT_A,26.48,0.1765,1.5344,0.0559,37.5,0.0458,0.5048,0.002697,4.07,4.07,0.0,SAFE,lunch_rush
2152.0,FOOD_COURT_A,20.87,0.1391,1.2143,0.1352,42.5,0.1117,0.4938,0.003094,11.83,6.2,5.63,SAFE,lunch_rush
2153.0,FOOD_COURT_A,16.26,0.1084,1.4607,0.0984,56.42,0.057,0.3948,0.003392,4.94,2.02,2.92,SAFE,lunch_rush
2154.0,FOOD_COURT_A,17.54,0.1169,1.4223,0.147,56.29,0.1002,0.406,0.002983,8.81,5.35,3.46,SAFE,lunch_rush
2155.0,FOOD_COURT_A,15.31,0.1021,1.4,0.1123,52.19,0.1086,0.4677,0.004539,4.25,2.6,1.65,SAFE,lunch_rush
2156.0,FOOD_COURT_A,43.36,0.2891,0.9495,0.3171,69.31,0.2221,0.4832,0.014228,11.2,9.49,1.72,WARNING,lunch_rush
2157.0,FOOD_COURT_A,65.46,0.4364,0.8002,0.3984,85.27,0.3652,0.5861,0.013104,14.46,6.7,7.76,WARNING,lunch_rush
2158.0,FOOD_COURT_A,53.08,0.3539,0.7341,0.3452,87.88,0.4334,0.596,0.017738,21.57,11.44,10.13,WARNING,lunch_rush
2159.0,FOOD_COURT_A,60.28,0.4019,0.2804,0.5464,122.75,0.5625,0.7663,0.022623,18.59,14.12,4.47,HIGH,lunch_rush
2160.0,FOOD_COURT_A,49.22,0.3281,0.5222,0.4203,114.77,0.4801,0.6043,0.009792,10.35,5.2,5.15,WARNING,lunch_rush
2161.0,FOOD_COURT_A,28.77,0.1918,0.8353,0.2889,74.94,0.1836,0.4204,0.006552,9.79,4.83,4.96,SAFE,lunch_rush
2162.0,FOOD_COURT_A,29.11,0.1941,1.4727,0.1359,41.56,0.0859,0.4508,0.002313,4.47,2.77,1.7,SAFE,lunch_rush
2163.0,FOOD_COURT_A,34.24,0.2283,1.0495,0.1015,40.82,0.0769,0.3439,0.002766,7.48,3.91,3.56,SAFE,lunch_rush
2164.0,FOOD_COURT_A,29.16,0.1944,0.9292,0.0386,58.94,0.1001,0.4913,0.003915,3.54,2.08,1.47,SAFE,lunch_rush
2165.0,FOOD_COURT_A,30.54,0.2036,0.8589,0.0511,70.13,0.0925,0.4058,0.002933,7.63,3.18,4.45,SAFE,lunch_rush
2166.0,FOOD_COURT_A,29.72,0.1982,0.9963,0.0337,38.13,0.1187,0.2933,0.003226,10.43,3.92,6.51,SAFE,lunch_rush
2167.0,FOOD_COURT_A,22.35,0.149,0.7574,0.016,65.78,0.0893,0.3527,0.00191,7.97,4.02,3.94,SAFE,lunch_rush
2168.0,FOOD_COURT_A,25.59,0.1706,1.0888,0.0554,52.23,0.0982,0.1778,0.002957,8.38,3.19,5.2,SAFE,lunch_rush
2169.0,FOOD_COURT_A,22.86,0.1524,1.294,0.0816,63.58,0.103,0.3238,0.002671,4.84,0.52,4.32,SAFE,lunch_rush
2170.0,FOOD_COURT_A,11.9,0.0793,0.8687,0.1171,41.43,0.0628,0.3284,0.003935,5.1,4.47,0.63,SAFE,lunch_rush
2171.0,FOOD_COURT_A,22.46,0.1497,0.8414,0.1246,42.35,0.0293,0.3533,0.002904,7.46,4.49,2.96,SAFE,lunch_rush
2172.0,FOOD_COURT_A,55.11,0.3674,0.6278,0.3175,87.14,0.3586,0.559,0.008596,11.33,4.73,6.6,WARNING,lunch_rush
2173.0,FOOD_COURT_A,60.69,0.4046,0.6195,0.3336,67.5,0.343,0.7981,0.005983,10.89,10.41,0.48,WARNING,lunch_rush
2174.0,FOOD_COURT_A,50.83,0.3388,0.6584,0.3702,79.25,0.2557,0.6679,0.014558,20.26,11.15,9.1,WARNING,lunch_rush
2175.0,FOOD_COURT_A,56.94,0.3796,0.5993,0.3853,81.25,0.291,0.6325,0.013719,21.75,11.75,10.0,WARNING,lunch_rush
2176.0,FOOD_COURT_A,53.38,0.3559,0.5816,0.3231,85.95,0.2564,0.7357,0.008052,14.81,7.96,6.86,WARNING,lunch_rush
2177.0,FOOD_COURT_A,52.09,0.3473,0.6072,0.4318,86.59,0.3657,0.7351,0.016452,17.02,8.62,8.4,WARNING,lunch_rush
2178.0,FOOD_COURT_A,42.96,0.2864,0.6189,0.2699,90.1,0.3966,0.7266,0.009995,16.01,5.13,10.88,WARNING,lunch_rush
2179.0,FOOD_COURT_A,48.17,0.3212,0.8912,0.2631,105.63,0.2594,0.6487,0.005057,15.28,11.29,3.99,WARNING,lunch_rush
2180.0,FOOD_COURT_A,57.14,0.381,0.7851,0.4027,89.72,0.2313,0.7366,0.01104,12.24,6.48,5.76,WARNING,lunch_rush
2181.0,FOOD_COURT_A,73.74,0.4916,0.3793,0.5381,175.44,0.5769,0.8093,0.012666,24.44,12.5,11.93,HIGH,lunch_rush
2182.0,FOOD_COURT_A,63.67,0.4245,0.5062,0.4667,85.43,0.2912,0.7554,0.013134,16.22,7.24,8.98,WARNING,lunch_rush
2183.0,FOOD_COURT_A,98.41,0.656,0.3094,0.6836,150.66,0.4729,0.8626,0.019671,15.11,8.04,7.06,HIGH,lunch_rush
2184.0,FOOD_COURT_A,95.5,0.6367,0.2487,0.6971,185.18,0.5111,0.8776,0.015676,24.72,15.37,9.35,HIGH,lunch_rush
2185.0,FOOD_COURT_A,92.83,0.6189,0.1593,0.6541,153.66,0.6195,0.9531,0.026181,17.19,8.47,8.72,HIGH,lunch_rush
2186.0,FOOD_COURT_A,90.04,0.6003,0.2146,0.5719,175.14,0.4661,0.8552,0.021507,26.88,14.06,12.82,HIGH,lunch_rush
2187.0,FOOD_COURT_A,103.53,0.6902,0.199,0.619,148.88,0.5906,0.9194,0.021239,24.42,14.85,9.58,HIGH,lunch_rush
2188.0,FOOD_COURT_A,64.93,0.4329,0.2333,0.6544,177.01,0.7316,0.9401,0.025234,20.9,11.32,9.58,HIGH,lunch_rush
2189.0,FOOD_COURT_A,89.51,0.5967,0.2829,0.6244,160.14,0.6618,0.982,0.022896,17.57,6.83,10.74,HIGH,lunch_rush
2190.0,FOOD_COURT_A,93.02,0.6201,0.2513,0.8851,187.19,0.6054,0.9522,0.021356,18.99,7.48,11.51,HIGH,lunch_rush
2191.0,FOOD_COURT_A,97.13,0.6476,0.1978,0.6942,181.9,0.6257,0.7688,0.028313,19.53,10.2,9.33,HIGH,lunch_rush
2192.0,FOOD_COURT_A,80.17,0.5344,0.2327,0.697,218.47,0.5288,0.8205,0.032,17.59,7.86,9.73,HIGH,lunch_rush
2193.0,FOOD_COURT_A,89.55,0.597,0.0973,0.7367,166.01,0.4565,0.8042,0.032888,27.44,11.99,15.45,HIGH,lunch_rush
2194.0,FOOD_COURT_A,77.92,0.5194,0.1392,0.7116,155.42,0.5398,0.8919,0.028122,21.32,11.12,10.19,HIGH,lunch_rush
2195.0,FOOD_COURT_A,86.86,0.5791,0.2551,0.635,156.32,0.58,0.9639,0.021469,24.43,11.68,12.76,HIGH,lunch_rush
2196.0,FOOD_COURT_A,72.12,0.4808,0.2554,0.799,208.46,0.5407,0.9892,0.026379,26.62,13.3,13.32,HIGH,lunch_rush
2197.0,FOOD_COURT_A,82.25,0.5483,0.2106,0.5869,192.71,0.5152,0.7733,0.024806,18.53,8.89,9.64,HIGH,lunch_rush
2198.0,FOOD_COURT_A,61.15,0.4076,0.6851,0.2898,129.74,0.4017,0.6996,0.018399,11.93,5.02,6.92,WARNING,lunch_rush
2199.0,FOOD_COURT_A,62.03,0.4136,0.6844,0.2338,73.33,0.3194,0.7432,0.016735,13.45,8.17,5.28,WARNING,lunch_rush
2200.0,FOOD_COURT_A,58.42,0.3895,0.7781,0.475,69.04,0.3075,0.749,0.014094,20.0,8.75,11.25,WARNING,lunch_rush
2201.0,FOOD_COURT_A,75.89,0.506,0.2719,0.6905,99.59,0.5417,0.8371,0.019367,27.78,12.52,15.25,HIGH,lunch_rush
2202.0,FOOD_COURT_A,96.51,0.6434,0.26,0.6156,162.89,0.7351,0.8743,0.017298,17.97,10.79,7.17,HIGH,lunch_rush
2203.0,FOOD_COURT_A,62.4,0.416,0.4894,0.3919,108.37,0.478,0.7156,0.01482,7.81,2.2,5.62,WARNING,lunch_rush
2204.0,FOOD_COURT_A,30.97,0.2065,0.754,0.2497,57.48,0.1809,0.6322,0.007814,5.99,1.24,4.75,SAFE,lunch_rush
2205.0,FOOD_COURT_A,31.25,0.2083,1.2877,0.1059,53.73,0.0673,0.5587,0.005084,9.79,4.92,4.87,SAFE,lunch_rush
2206.0,FOOD_COURT_A,51.94,0.3463,0.8087,0.4391,69.61,0.2902,0.7109,0.009002,10.26,3.91,6.35,WARNING,lunch_rush
2207.0,FOOD_COURT_A,95.8,0.6387,0.3822,0.6578,171.41,0.4491,0.7641,0.022708,20.56,9.89,10.68,HIGH,lunch_rush
2208.0,FOOD_COURT_A,89.09,0.5939,0.3031,0.7445,144.48,0.5277,0.7354,0.020924,22.7,12.63,10.08,HIGH,lunch_rush
2209.0,FOOD_COURT_A,84.15,0.561,0.2403,0.8072,120.21,0.5692,0.83,0.016129,22.03,8.86,13.17,HIGH,lunch_rush
2210.0,FOOD_COURT_A,57.37,0.3824,0.602,0.4714,128.54,0.298,0.6785,0.01555,23.58,11.38,12.19,WARNING,lunch_rush
2211.0,FOOD_COURT_A,82.76,0.5517,0.2835,0.6064,190.98,0.6121,0.7645,0.02519,19.7,11.24,8.46,HIGH,lunch_rush
2212.0,FOOD_COURT_A,83.94,0.5596,0.2068,0.8387,128.9,0.5746,0.7995,0.021688,23.97,12.62,11.35,HIGH,lunch_rush
2213.0,FOOD_COURT_A,32.02,0.2135,0.6748,0.3162,71.88,0.2608,0.5191,0.008428,7.89,3.74,4.15,SAFE,lunch_rush
2214.0,FOOD_COURT_A,24.27,0.1618,1.2241,0.1568,49.57,0.1461,0.5293,0.006437,6.34,3.02,3.32,SAFE,lunch_rush
2215.0,FOOD_COURT_A,20.58,0.1372,1.3449,0.1133,41.08,0.0895,0.3564,0.003788,4.37,4.14,0.24,SAFE,lunch_rush
2216.0,FOOD_COURT_A,17.99,0.12,1.3611,0.1324,37.79,0.0648,0.3207,0.003575,7.55,3.45,4.11,SAFE,lunch_rush
2217.0,FOOD_COURT_A,17.51,0.1167,1.3762,0.1639,22.67,0.0322,0.363,0.004454,6.52,3.84,2.67,SAFE,lunch_rush
2218.0,FOOD_COURT_A,22.92,0.1528,1.3494,0.0742,28.69,0.0835,0.2451,0.001336,8.46,4.12,4.34,SAFE,lunch_rush
2219.0,FOOD_COURT_A,25.8,0.172,1.1763,0.0856,42.01,0.0698,0.2929,0.000401,8.56,6.22,2.34,SAFE,lunch_rush
2220.0,FOOD_COURT_A,20.46,0.1364,0.9641,0.1255,34.94,0.0803,0.4483,0.00123,8.09,5.04,3.05,SAFE,lunch_rush
2221.0,FOOD_COURT_A,19.48,0.1299,1.2988,0.0787,48.16,0.124,0.3685,0.004252,7.19,4.23,2.96,SAFE,lunch_rush
2222.0,FOOD_COURT_A,44.73,0.2982,0.9729,0.3652,76.94,0.2734,0.6724,0.009718,15.97,9.06,6.91,WARNING,lunch_rush
2223.0,FOOD_COURT_A,70.6,0.4707,0.4887,0.6643,115.27,0.5381,0.8865,0.018901,24.58,17.03,7.55,HIGH,lunch_rush
2224.0,FOOD_COURT_A,93.04,0.6203,0.2693,0.6842,145.67,0.608,0.8346,0.024412,10.63,4.54,6.09,HIGH,lunch_rush
2225.0,FOOD_COURT_A,102.1,0.6807,0.2423,0.646,172.39,0.6232,0.861,0.013698,20.02,9.76,10.26,HIGH,lunch_rush
2226.0,FOOD_COURT_A,69.1,0.4607,0.7655,0.5189,106.83,0.5404,0.6132,0.017255,6.84,2.52,4.32,WARNING,lunch_rush
2227.0,FOOD_COURT_A,47.83,0.3188,0.6463,0.5184,95.32,0.3157,0.6595,0.016442,11.93,7.5,4.43,WARNING,lunch_rush
2228.0,FOOD_COURT_A,51.64,0.3443,0.5692,0.5214,58.06,0.3999,0.6093,0.015724,8.69,2.0,6.69,WARNING,lunch_rush
2229.0,FOOD_COURT_A,57.95,0.3863,0.8756,0.4287,87.8,0.3451,0.6876,0.012789,13.57,4.67,8.9,WARNING,lunch_rush
2230.0,FOOD_COURT_A,49.63,0.3309,0.6613,0.4307,77.02,0.4259,0.6539,0.015063,14.43,5.79,8.64,WARNING,lunch_rush
2231.0,FOOD_COURT_A,92.65,0.6177,0.453,0.7388,187.91,0.4687,0.8419,0.025872,22.8,10.77,12.03,HIGH,lunch_rush
2232.0,FOOD_COURT_A,76.17,0.5078,0.2654,0.6375,204.69,0.6365,0.8957,0.035408,27.85,13.94,13.9,HIGH,lunch_rush
2233.0,FOOD_COURT_A,72.24,0.4816,0.4409,0.4345,123.1,0.4362,0.7414,0.019663,14.75,9.02,5.73,WARNING,lunch_rush
2234.0,FOOD_COURT_A,32.9,0.2193,1.0725,0.2397,57.4,0.2263,0.3918,0.007317,5.3,4.84,0.46,SAFE,lunch_rush
2235.0,FOOD_COURT_A,29.53,0.1969,1.0977,0.1844,51.25,0.0707,0.3433,0.004654,5.83,2.29,3.54,SAFE,lunch_rush
2236.0,FOOD_COURT_A,26.99,0.1799,1.3076,0.1022,44.16,0.0413,0.384,0.003516,9.38,4.48,4.9,SAFE,lunch_rush
2237.0,FOOD_COURT_A,26.58,0.1772,1.4039,0.127,53.49,0.0614,0.2625,0.003649,3.58,2.52,1.07,SAFE,lunch_rush
2238.0,FOOD_COURT_A,23.96,0.1597,1.2545,0.0833,50.5,0.0535,0.2345,0.001095,8.66,4.3,4.36,SAFE,lunch_rush
2239.0,FOOD_COURT_A,30.34,0.2023,1.0541,0.1317,34.02,0.0766,0.3606,0.003886,7.42,2.35,5.08,SAFE,lunch_rush
2240.0,FOOD_COURT_A,18.88,0.1259,1.5468,0.0507,64.42,0.1175,0.3272,0.005387,5.17,3.51,1.66,SAFE,lunch_rush
2241.0,FOOD_COURT_A,18.36,0.1224,1.4722,0.0982,45.22,0.1064,0.4622,0.00544,4.55,1.53,3.02,SAFE,lunch_rush
2242.0,FOOD_COURT_A,13.05,0.087,1.2264,0.1058,67.97,0.1164,0.3686,0.004869,7.05,4.09,2.96,SAFE,lunch_rush
2243.0,FOOD_COURT_A,18.49,0.1233,1.1761,0.1522,62.89,0.0898,0.4734,0.003002,4.09,2.31,1.78,SAFE,lunch_rush
2244.0,FOOD_COURT_A,27.44,0.1829,1.0119,0.1334,46.16,0.1018,0.4197,0.004175,8.09,2.42,5.67,SAFE,lunch_rush
2245.0,FOOD_COURT_A,27.87,0.1858,1.1774,0.1041,40.02,0.0832,0.3595,0.002663,6.12,4.73,1.39,SAFE,lunch_rush
2246.0,FOOD_COURT_A,23.41,0.1561,1.1417,0.091,50.39,0.0459,0.4187,0.002483,5.16,3.53,1.63,SAFE,lunch_rush
2247.0,FOOD_COURT_A,22.97,0.1531,1.012,0.1787,52.1,0.1011,0.4624,0.002778,11.77,5.52,6.25,SAFE,lunch_rush
2248.0,FOOD_COURT_A,52.2,0.348,0.6349,0.4888,131.38,0.2685,0.7041,0.004977,16.79,7.06,9.74,WARNING,lunch_rush
2249.0,FOOD_COURT_A,44.62,0.2974,0.3947,0.355,123.92,0.1685,0.6723,0.010635,11.04,3.91,7.14,WARNING,lunch_rush
2250.0,FOOD_COURT_A,87.06,0.5804,0.3372,0.6216,149.19,0.5843,0.836,0.022173,23.15,10.62,12.53,HIGH,lunch_rush
2251.0,FOOD_COURT_A,60.88,0.4059,0.3581,0.5484,140.37,0.3563,0.7937,0.016901,15.37,6.95,8.42,WARNING,lunch_rush
2252.0,FOOD_COURT_A,52.06,0.3471,0.589,0.5023,110.31,0.3081,0.7766,0.016646,14.83,9.64,5.18,WARNING,lunch_rush
2253.0,FOOD_COURT_A,64.97,0.4331,0.6182,0.3579,103.31,0.3565,0.5944,0.012117,23.66,12.49,11.17,WARNING,lunch_rush
2254.0,FOOD_COURT_A,62.08,0.4139,0.696,0.3938,91.12,0.3237,0.6311,0.013249,13.59,6.27,7.31,WARNING,lunch_rush
2255.0,FOOD_COURT_A,57.24,0.3816,0.7658,0.2342,104.19,0.3073,0.7032,0.015891,17.02,7.77,9.25,WARNING,lunch_rush
2256.0,FOOD_COURT_A,53.47,0.3565,0.676,0.3136,65.68,0.2547,0.7778,0.013729,20.64,10.41,10.23,WARNING,lunch_rush
2257.0,FOOD_COURT_A,59.01,0.3934,0.3218,0.4243,51.48,0.3115,0.6321,0.017267,11.24,4.96,6.28,WARNING,lunch_rush
2258.0,FOOD_COURT_A,74.51,0.4967,0.583,0.4711,65.54,0.4877,0.7071,0.018324,8.9,1.49,7.41,WARNING,lunch_rush
2259.0,FOOD_COURT_A,61.85,0.4124,0.8501,0.296,71.88,0.4665,0.6972,0.013104,14.03,6.07,7.96,WARNING,lunch_rush
2260.0,FOOD_COURT_A,60.27,0.4018,0.6534,0.3405,71.47,0.4454,0.6082,0.012439,18.07,8.89,9.18,WARNING,lunch_rush
2261.0,FOOD_COURT_A,48.04,0.3203,0.6726,0.3876,99.81,0.2977,0.6617,0.011753,9.02,5.34,3.68,WARNING,lunch_rush
2262.0,FOOD_COURT_A,43.51,0.2901,0.5324,0.3794,100.78,0.3015,0.7208,0.008803,15.12,7.54,7.57,WARNING,lunch_rush
2263.0,FOOD_COURT_A,49.24,0.3282,0.606,0.4359,88.07,0.2271,0.5639,0.00875,18.25,11.19,7.06,WARNING,lunch_rush
2264.0,FOOD_COURT_A,60.3,0.402,0.4225,0.4894,109.18,0.3756,0.6601,0.010381,8.8,5.26,3.54,WARNING,lunch_rush
2265.0,FOOD_COURT_A,52.34,0.3489,0.645,0.4644,114.55,0.4045,0.7599,0.01435,15.92,8.61,7.32,WARNING,lunch_rush
2266.0,FOOD_COURT_A,56.77,0.3785,0.7828,0.485,123.01,0.357,0.5595,0.012994,8.01,4.7,3.31,WARNING,lunch_rush
2267.0,FOOD_COURT_A,54.91,0.3661,0.7197,0.3838,88.89,0.4587,0.6514,0.011391,12.07,3.72,8.34,WARNING,lunch_rush
2268.0,FOOD_COURT_A,53.79,0.3586,0.6372,0.4271,39.98,0.3814,0.5571,0.012437,10.06,7.65,2.4,WARNING,lunch_rush
2269.0,FOOD_COURT_A,58.34,0.3889,0.6854,0.3514,93.55,0.3014,0.6061,0.007961,15.3,6.1,9.2,WARNING,lunch_rush
2270.0,FOOD_COURT_A,41.4,0.276,0.6429,0.3444,87.23,0.3084,0.6349,0.006846,11.3,7.65,3.66,WARNING,lunch_rush
2271.0,FOOD_COURT_A,43.3,0.2887,0.558,0.3203,75.32,0.3939,0.7159,0.010492,14.89,9.31,5.58,WARNING,lunch_rush
2272.0,FOOD_COURT_A,59.14,0.3943,0.7734,0.3414,86.25,0.2576,0.6193,0.016245,17.1,7.14,9.97,WARNING,lunch_rush
2273.0,FOOD_COURT_A,55.07,0.3671,0.5273,0.3912,92.69,0.3393,0.7034,0.007587,16.89,7.33,9.56,WARNING,lunch_rush
2274.0,FOOD_COURT_A,46.94,0.3129,0.4578,0.3386,102.91,0.3143,0.7454,0.010983,14.98,6.96,8.02,WARNING,lunch_rush
2275.0,FOOD_COURT_A,47.88,0.3192,0.6434,0.426,129.73,0.194,0.7332,0.009344,16.64,9.36,7.28,WARNING,lunch_rush
2276.0,FOOD_COURT_A,47.96,0.3197,0.731,0.4293,129.64,0.2919,0.791,0.009843,13.9,8.25,5.65,WARNING,lunch_rush
2277.0,FOOD_COURT_A,45.76,0.3051,0.6863,0.3689,115.19,0.2968,0.5484,0.015834,17.67,10.96,6.71,WARNING,lunch_rush
2278.0,FOOD_COURT_A,49.85,0.3323,0.6702,0.3198,110.05,0.3223,0.7292,0.011421,10.48,6.88,3.6,WARNING,lunch_rush
2279.0,FOOD_COURT_A,39.88,0.2659,0.6484,0.3623,102.31,0.2332,0.6515,0.007467,17.38,8.97,8.41,WARNING,lunch_rush
2280.0,FOOD_COURT_A,47.82,0.3188,0.5524,0.2771,103.87,0.2969,0.6347,0.012574,10.22,6.38,3.84,WARNING,lunch_rush
2281.0,FOOD_COURT_A,64.34,0.4289,0.8626,0.3969,118.44,0.3183,0.7865,0.014491,13.97,9.28,4.7,WARNING,lunch_rush
2282.0,FOOD_COURT_A,67.02,0.4468,0.921,0.5043,106.83,0.5266,0.7108,0.009618,16.78,9.8,6.97,WARNING,lunch_rush
2283.0,FOOD_COURT_A,51.36,0.3424,0.8022,0.4027,107.24,0.4556,0.8749,0.008956,17.02,8.14,8.87,WARNING,lunch_rush
2284.0,FOOD_COURT_A,56.15,0.3743,0.845,0.4117,119.16,0.2541,0.7612,0.011649,15.27,3.4,11.87,WARNING,lunch_rush
2285.0,FOOD_COURT_A,66.58,0.4439,0.6881,0.2812,115.32,0.3563,0.6937,0.012524,13.05,4.9,8.15,WARNING,lunch_rush
2286.0,FOOD_COURT_A,60.19,0.4012,0.8395,0.4031,99.51,0.336,0.6829,0.01334,15.11,6.35,8.76,WARNING,lunch_rush
2287.0,FOOD_COURT_A,59.85,0.399,0.7128,0.3724,89.29,0.2431,0.6834,0.014179,8.54,3.82,4.72,WARNING,lunch_rush
2288.0,FOOD_COURT_A,49.96,0.333,0.6199,0.3615,108.82,0.2601,0.6258,0.005945,16.0,7.22,8.78,WARNING,lunch_rush
2289.0,FOOD_COURT_A,58.82,0.3921,0.7496,0.3804,101.55,0.3046,0.5155,0.008926,23.49,10.67,12.82,WARNING,lunch_rush
2290.0,FOOD_COURT_A,60.46,0.4031,0.442,0.3696,114.92,0.5027,0.6701,0.009629,6.47,1.55,4.93,WARNING,lunch_rush
2291.0,FOOD_COURT_A,62.31,0.4154,0.7834,0.2916,127.63,0.277,0.578,0.01486,13.08,5.96,7.12,WARNING,lunch_rush
2292.0,FOOD_COURT_A,71.23,0.4749,0.7963,0.4321,121.46,0.2959,0.5243,0.014142,14.16,9.63,4.54,WARNING,lunch_rush
2293.0,FOOD_COURT_A,63.38,0.4225,0.8821,0.3695,61.83,0.234,0.5593,0.008113,11.6,2.31,9.29,WARNING,lunch_rush
2294.0,FOOD_COURT_A,64.54,0.4303,0.5163,0.4543,79.65,0.3444,0.6282,0.014146,13.15,8.34,4.8,WARNING,lunch_rush
2295.0,FOOD_COURT_A,44.73,0.2982,0.5454,0.2719,95.82,0.3109,0.5898,0.012405,11.34,5.24,6.1,WARNING,lunch_rush
2296.0,FOOD_COURT_A,67.57,0.4504,0.3741,0.5416,139.38,0.5625,0.8769,0.018574,18.86,9.32,9.54,HIGH,lunch_rush
2297.0,FOOD_COURT_A,85.89,0.5726,0.2823,0.7259,195.5,0.4811,0.8324,0.022285,13.71,2.21,11.51,HIGH,lunch_rush
2298.0,FOOD_COURT_A,86.99,0.5799,0.1576,0.6692,151.65,0.5921,0.7996,0.018524,15.01,8.38,6.63,HIGH,lunch_rush
2299.0,FOOD_COURT_A,91.85,0.6123,0.274,0.7706,186.2,0.7108,0.8935,0.018963,21.26,10.34,10.92,HIGH,lunch_rush
2300.0,FOOD_COURT_A,89.73,0.5982,0.3549,0.571,158.5,0.6402,0.8046,0.019861,23.06,14.75,8.31,HIGH,lunch_rush
2301.0,FOOD_COURT_A,64.46,0.4298,0.7474,0.3278,121.43,0.5315,0.623,0.010085,19.3,9.44,9.86,WARNING,lunch_rush
2302.0,FOOD_COURT_A,62.84,0.4189,0.8018,0.2704,90.9,0.4068,0.6147,0.007035,16.56,9.43,7.14,WARNING,lunch_rush
2303.0,FOOD_COURT_A,60.91,0.4061,1.0903,0.3185,117.16,0.1468,0.7359,0.005715,8.94,4.18,4.76,WARNING,lunch_rush
2304.0,FOOD_COURT_A,88.7,0.5914,0.4407,0.6365,142.62,0.5407,0.8255,0.014985,24.69,12.68,12.01,HIGH,lunch_rush
2305.0,FOOD_COURT_A,66.49,0.4432,0.7342,0.3484,114.56,0.4746,0.7444,0.01252,12.11,7.63,4.48,WARNING,lunch_rush
2306.0,FOOD_COURT_A,57.46,0.3831,0.5866,0.3518,110.11,0.3403,0.7304,0.013354,12.09,3.38,8.71,WARNING,lunch_rush
2307.0,FOOD_COURT_A,50.05,0.3337,0.5113,0.329,103.37,0.3254,0.6791,0.015656,15.38,6.05,9.33,WARNING,lunch_rush
2308.0,FOOD_COURT_A,44.53,0.2969,0.5456,0.3379,94.31,0.1852,0.7858,0.016109,13.89,6.14,7.75,WARNING,lunch_rush
2309.0,FOOD_COURT_A,76.37,0.5091,0.2744,0.6134,187.23,0.5914,0.8959,0.018166,20.42,10.73,9.69,HIGH,lunch_rush
2310.0,FOOD_COURT_A,81.46,0.543,0.2229,0.6993,240.87,0.6358,0.8395,0.03186,20.14,12.23,7.91,HIGH,lunch_rush
2311.0,FOOD_COURT_A,92.32,0.6155,0.228,0.8552,231.0,0.6327,0.8705,0.035228,12.48,7.2,5.28,HIGH,lunch_rush
2312.0,FOOD_COURT_A,82.03,0.5469,0.2348,0.9138,196.93,0.6047,0.9116,0.025331,19.92,9.81,10.11,HIGH,lunch_rush
2313.0,FOOD_COURT_A,88.17,0.5878,0.0774,0.7265,174.54,0.5978,0.7914,0.027704,22.36,12.76,9.6,HIGH,lunch_rush
2314.0,FOOD_COURT_A,99.87,0.6658,0.1184,0.7803,154.9,0.6028,0.7252,0.027375,19.51,11.88,7.63,HIGH,lunch_rush
2315.0,FOOD_COURT_A,87.12,0.5808,0.277,0.707,181.54,0.6869,0.753,0.019132,17.36,6.86,10.5,HIGH,lunch_rush
2316.0,FOOD_COURT_A,77.34,0.5156,0.2131,0.757,194.38,0.6256,0.8127,0.017349,25.57,15.72,9.85,HIGH,lunch_rush
2317.0,FOOD_COURT_A,90.45,0.603,0.2023,0.7201,201.95,0.5967,0.9019,0.025986,33.91,19.71,14.19,HIGH,lunch_rush
2318.0,FOOD_COURT_A,101.88,0.6792,0.2814,0.6369,196.16,0.6023,0.8529,0.023307,12.91,4.8,8.11,HIGH,lunch_rush
2319.0,FOOD_COURT_A,97.02,0.6468,0.109,0.7166,157.93,0.5878,0.8668,0.02483,22.43,7.77,14.66,HIGH,lunch_rush
2320.0,FOOD_COURT_A,95.46,0.6364,0.216,0.7619,169.32,0.7007,0.7747,0.03042,24.93,16.33,8.61,HIGH,lunch_rush
2321.0,FOOD_COURT_A,89.34,0.5956,0.2186,0.7627,160.04,0.6326,0.807,0.030047,17.02,8.8,8.22,HIGH,lunch_rush
2322.0,FOOD_COURT_A,87.64,0.5843,0.2297,0.7045,182.67,0.611,0.803,0.025411,11.78,3.95,7.83,HIGH,lunch_rush
2323.0,FOOD_COURT_A,95.09,0.6339,0.1315,0.8223,171.75,0.6253,0.8407,0.024666,24.0,12.98,11.02,HIGH,lunch_rush
2324.0,FOOD_COURT_A,106.87,0.7125,0.2075,0.872,146.1,0.6828,0.907,0.023481,19.86,11.84,8.02,HIGH,lunch_rush
2325.0,FOOD_COURT_A,84.66,0.5644,0.3042,0.8204,214.17,0.6055,0.869,0.017097,21.76,10.77,10.99,HIGH,lunch_rush
2326.0,FOOD_COURT_A,89.22,0.5948,0.2882,0.8072,193.38,0.6546,0.776,0.024782,19.57,8.23,11.35,HIGH,lunch_rush
2327.0,FOOD_COURT_A,103.72,0.6915,0.0935,0.6907,159.46,0.6514,0.9328,0.031428,18.44,5.61,12.83,HIGH,lunch_rush
2328.0,FOOD_COURT_A,98.05,0.6537,0.1898,0.7261,133.33,0.6399,0.8121,0.027686,18.4,10.51,7.89,HIGH,lunch_rush
2329.0,FOOD_COURT_A,94.85,0.6324,0.2726,0.6265,176.53,0.6059,0.8262,0.024883,29.36,19.92,9.44,HIGH,lunch_rush
2330.0,FOOD_COURT_A,86.96,0.5797,0.2749,0.888,172.51,0.5726,0.854,0.025711,17.91,9.02,8.9,HIGH,lunch_rush
2331.0,FOOD_COURT_A,97.97,0.6532,0.2648,0.7628,194.67,0.6247,0.8574,0.021016,25.55,15.37,10.18,HIGH,lunch_rush
2332.0,FOOD_COURT_A,104.5,0.6967,0.196,0.6989,193.44,0.6914,0.9015,0.020481,22.79,10.68,12.11,HIGH,lunch_rush
2333.0,FOOD_COURT_A,78.13,0.5209,0.1545,0.6352,235.07,0.5972,0.8144,0.011932,21.98,9.07,12.91,HIGH,lunch_rush
2334.0,FOOD_COURT_A,68.37,0.4558,0.241,0.6684,221.71,0.6232,0.8265,0.010347,24.42,11.61,12.81,HIGH,lunch_rush
2335.0,FOOD_COURT_A,87.03,0.5802,0.178,0.651,185.38,0.7223,0.8483,0.011382,30.36,12.1,18.26,HIGH,lunch_rush
2336.0,FOOD_COURT_A,67.28,0.4485,0.1807,0.7027,160.5,0.6505,0.8421,0.025122,25.86,11.59,14.27,HIGH,lunch_rush
2337.0,FOOD_COURT_A,71.48,0.4765,0.2323,0.6582,181.17,0.5583,0.7998,0.02318,20.63,6.76,13.87,HIGH,lunch_rush
2338.0,FOOD_COURT_A,86.03,0.5735,0.128,0.658,184.89,0.5566,0.8937,0.033502,26.63,12.47,14.16,HIGH,lunch_rush
2339.0,FOOD_COURT_A,84.61,0.5641,0.2075,0.7188,150.71,0.5403,0.8899,0.028411,26.69,13.03,13.66,HIGH,lunch_rush
2340.0,FOOD_COURT_A,67.66,0.4511,0.1188,0.7431,187.05,0.5072,0.8348,0.02575,26.47,11.98,14.49,HIGH,lunch_rush
2341.0,FOOD_COURT_A,94.39,0.6292,0.0908,0.6878,188.82,0.531,0.8577,0.03003,18.71,9.62,9.09,HIGH,lunch_rush
2342.0,FOOD_COURT_A,103.06,0.687,0.0795,0.7211,222.87,0.5209,0.8503,0.019017,15.86,7.69,8.17,HIGH,lunch_rush
2343.0,FOOD_COURT_A,99.14,0.6609,0.3884,0.8899,153.55,0.6727,0.8599,0.018914,20.73,10.29,10.43,HIGH,lunch_rush
2344.0,FOOD_COURT_A,94.61,0.6307,0.2071,0.8132,211.19,0.5987,0.8294,0.023082,14.81,8.93,5.87,HIGH,lunch_rush
2345.0,FOOD_COURT_A,86.19,0.5746,0.1884,0.826,201.97,0.5739,0.8071,0.019959,22.86,9.75,13.12,HIGH,lunch_rush
2346.0,FOOD_COURT_A,109.3,0.7286,0.3303,0.6609,201.62,0.5426,0.8979,0.020058,30.49,15.68,14.81,HIGH,lunch_rush
2347.0,FOOD_COURT_A,91.57,0.6105,0.1199,0.5593,194.76,0.5711,0.9204,0.024804,20.87,10.06,10.81,HIGH,lunch_rush
2348.0,FOOD_COURT_A,70.14,0.4676,0.0979,0.7369,145.59,0.5689,0.939,0.019774,24.43,12.09,12.35,HIGH,lunch_rush
2349.0,FOOD_COURT_A,86.04,0.5736,0.2641,0.606,224.52,0.5099,0.8537,0.019374,20.18,13.53,6.64,HIGH,lunch_rush
2350.0,FOOD_COURT_A,97.68,0.6512,0.2438,0.7734,184.7,0.6437,0.8833,0.016096,11.23,4.88,6.35,HIGH,lunch_rush
2351.0,FOOD_COURT_A,75.91,0.5061,0.1541,0.6596,164.56,0.6455,0.796,0.020012,19.51,8.27,11.25,HIGH,lunch_rush
2352.0,FOOD_COURT_A,97.64,0.6509,0.2319,0.77,178.96,0.4958,0.7677,0.025152,20.1,10.48,9.62,HIGH,lunch_rush
2353.0,FOOD_COURT_A,94.86,0.6324,0.3238,0.8229,187.02,0.6291,0.7467,0.007546,19.12,8.62,10.49,HIGH,lunch_rush
2354.0,FOOD_COURT_A,88.11,0.5874,0.2415,0.6811,120.69,0.6371,0.833,0.025635,24.84,10.65,14.19,HIGH,lunch_rush
2355.0,FOOD_COURT_A,84.47,0.5631,0.3011,0.7488,136.84,0.4495,0.7981,0.018349,25.45,9.09,16.36,HIGH,lunch_rush
2356.0,FOOD_COURT_A,78.98,0.5266,0.2433,0.722,145.5,0.4034,0.8788,0.025616,22.75,14.26,8.48,HIGH,lunch_rush
2357.0,FOOD_COURT_A,91.31,0.6087,0.1929,0.6995,164.69,0.5607,0.8939,0.038933,22.55,10.23,12.32,HIGH,lunch_rush
2358.0,FOOD_COURT_A,88.06,0.5871,0.2384,0.7175,209.74,0.5886,0.9678,0.033469,20.98,12.92,8.05,HIGH,lunch_rush
2359.0,FOOD_COURT_A,81.45,0.543,0.1276,0.6412,191.18,0.3998,0.8329,0.029311,28.21,15.99,12.22,HIGH,lunch_rush
2360.0,FOOD_COURT_A,59.57,0.3972,0.3688,0.3393,123.37,0.2782,0.7778,0.021852,11.96,7.51,4.44,WARNING,lunch_rush
2361.0,FOOD_COURT_A,57.65,0.3843,0.669,0.3514,117.07,0.2282,0.7415,0.021511,10.03,7.55,2.48,WARNING,lunch_rush
2362.0,FOOD_COURT_A,52.41,0.3494,0.7382,0.3608,99.12,0.2775,0.6582,0.016525,13.93,7.55,6.37,WARNING,lunch_rush
2363.0,FOOD_COURT_A,57.28,0.3819,0.6647,0.3582,93.27,0.1866,0.6725,0.010801,13.48,7.16,6.32,WARNING,lunch_rush
2364.0,FOOD_COURT_A,81.04,0.5403,0.4434,0.4984,139.37,0.4468,0.8032,0.021328,18.65,9.07,9.58,HIGH,lunch_rush
2365.0,FOOD_COURT_A,87.34,0.5823,0.4011,0.7591,177.61,0.4534,0.7953,0.03081,18.39,12.82,5.57,HIGH,lunch_rush
2366.0,FOOD_COURT_A,64.32,0.4288,0.4738,0.4229,113.08,0.3689,0.7237,0.019085,14.65,8.55,6.11,WARNING,lunch_rush
2367.0,FOOD_COURT_A,70.0,0.4666,0.2985,0.609,103.26,0.5385,0.8659,0.029002,23.52,13.39,10.14,HIGH,lunch_rush
2368.0,FOOD_COURT_A,78.17,0.5212,0.2777,0.7679,127.51,0.5578,0.7762,0.032985,19.17,10.18,8.99,HIGH,lunch_rush
2369.0,FOOD_COURT_A,54.61,0.3641,0.6613,0.4039,101.94,0.4841,0.7367,0.011911,16.31,8.93,7.38,WARNING,lunch_rush
2370.0,FOOD_COURT_A,43.95,0.293,0.7585,0.2134,50.02,0.2084,0.6094,0.007759,10.05,4.22,5.83,SAFE,lunch_rush
2371.0,FOOD_COURT_A,22.18,0.1479,1.246,0.1371,48.86,0.1156,0.4415,0.004242,8.27,4.3,3.97,SAFE,lunch_rush
2372.0,FOOD_COURT_A,24.66,0.1644,1.2885,0.1618,49.72,0.0382,0.4777,0.00567,6.61,5.11,1.5,SAFE,lunch_rush
2373.0,FOOD_COURT_A,26.72,0.1782,1.2775,0.0609,41.02,0.0855,0.3968,0.003803,9.2,6.84,2.36,SAFE,lunch_rush
2374.0,FOOD_COURT_A,29.85,0.199,0.9795,0.0507,64.23,0.089,0.4272,0.003293,5.79,2.8,2.99,SAFE,lunch_rush
2375.0,FOOD_COURT_A,29.6,0.1973,1.1149,0.102,44.53,0.0666,0.3669,0.002978,7.49,5.77,1.73,SAFE,lunch_rush
2376.0,FOOD_COURT_A,27.34,0.1823,1.3725,0.1134,36.69,0.0884,0.4929,0.0046,6.88,4.49,2.39,SAFE,lunch_rush
2377.0,FOOD_COURT_A,15.44,0.1029,1.3449,0.1245,45.39,0.0952,0.5706,0.003403,7.76,3.59,4.16,SAFE,lunch_rush
2378.0,FOOD_COURT_A,39.05,0.2603,0.8891,0.3091,75.08,0.3123,0.6589,0.009679,9.85,9.85,0.0,WARNING,lunch_rush
2379.0,FOOD_COURT_A,51.53,0.3435,0.5172,0.4494,93.31,0.4568,0.7017,0.011787,11.27,4.15,7.12,WARNING,lunch_rush
2380.0,FOOD_COURT_A,30.09,0.2006,0.9379,0.2017,58.67,0.2199,0.4337,0.010245,6.9,3.01,3.9,SAFE,lunch_rush
2381.0,FOOD_COURT_A,36.29,0.242,0.9718,0.0995,43.51,0.1347,0.5159,0.005441,4.73,2.91,1.82,SAFE,lunch_rush
2382.0,FOOD_COURT_A,46.35,0.309,0.6326,0.3697,78.77,0.3011,0.6599,0.005695,17.15,9.17,7.98,WARNING,lunch_rush
2383.0,FOOD_COURT_A,62.32,0.4155,0.6375,0.4716,96.34,0.4838,0.6456,0.004485,15.94,10.28,5.67,WARNING,lunch_rush
2384.0,FOOD_COURT_A,47.41,0.3161,0.7392,0.4741,99.17,0.345,0.7039,0.01022,8.98,4.26,4.71,WARNING,lunch_rush
2385.0,FOOD_COURT_A,59.8,0.3986,0.7937,0.4368,116.6,0.2644,0.7228,0.006172,10.03,5.75,4.28,WARNING,lunch_rush
2386.0,FOOD_COURT_A,56.51,0.3768,0.5199,0.4189,101.83,0.2473,0.6327,0.011646,21.1,8.63,12.47,WARNING,lunch_rush
2387.0,FOOD_COURT_A,57.65,0.3844,0.6028,0.5187,72.44,0.1903,0.5309,0.009273,12.87,5.17,7.69,WARNING,lunch_rush
2388.0,FOOD_COURT_A,48.7,0.3247,0.6702,0.3384,90.48,0.4163,0.6334,0.006303,18.9,8.43,10.47,WARNING,lunch_rush
2389.0,FOOD_COURT_A,66.98,0.4466,0.6169,0.3764,101.27,0.3349,0.6893,0.013092,19.35,10.75,8.6,WARNING,lunch_rush
2390.0,FOOD_COURT_A,31.5,0.21,0.9799,0.2146,67.27,0.154,0.5087,0.004579,10.4,4.01,6.39,SAFE,lunch_rush
2391.0,FOOD_COURT_A,14.19,0.0946,0.9166,0.1007,42.25,0.0947,0.3204,0.003026,2.79,0.0,2.79,SAFE,lunch_rush
2392.0,FOOD_COURT_A,14.96,0.0998,0.8471,0.161,39.12,0.0358,0.2972,0.003966,4.54,0.0,4.54,SAFE,lunch_rush
2393.0,FOOD_COURT_A,19.07,0.1271,1.1622,0.164,48.18,0.0632,0.3323,0.002681,5.26,2.21,3.05,SAFE,lunch_rush
2394.0,FOOD_COURT_A,22.38,0.1492,1.3029,0.2041,63.27,0.0913,0.4264,0.004055,5.35,3.54,1.81,SAFE,lunch_rush
2395.0,FOOD_COURT_A,31.38,0.2092,1.3487,0.0638,63.66,0.0436,0.3765,0.00595,6.94,4.34,2.6,SAFE,lunch_rush
2396.0,FOOD_COURT_A,19.04,0.1269,1.3883,0.0191,47.7,0.0508,0.4135,0.004688,3.76,3.38,0.38,SAFE,lunch_rush
2397.0,FOOD_COURT_A,14.7,0.098,1.2005,0.1195,47.86,0.076,0.3677,0.004415,8.29,4.54,3.76,SAFE,lunch_rush
2398.0,FOOD_COURT_A,14.64,0.0976,1.1233,0.105,41.43,0.0755,0.3679,0.002713,7.31,3.16,4.15,SAFE,lunch_rush
2399.0,FOOD_COURT_A,25.64,0.171,0.8573,0.0602,30.41,0.121,0.397,0.002324,5.08,3.69,1.39,SAFE,lunch_rush
2400.0,FOOD_COURT_A,25.75,0.1717,1.0693,0.0493,35.47,0.0893,0.3253,0.003883,8.63,4.77,3.86,SAFE,lunch_rush
2401.0,FOOD_COURT_A,20.01,0.1334,1.2985,0.0579,47.47,0.0525,0.4173,0.002896,6.0,4.52,1.48,SAFE,lunch_rush
2402.0,FOOD_COURT_A,14.17,0.0944,1.4578,0.0875,40.3,0.0901,0.4387,0.003642,5.44,1.02,4.42,SAFE,lunch_rush
2403.0,FOOD_COURT_A,24.86,0.1657,1.5099,0.079,46.9,0.027,0.4828,0.002866,7.87,5.29,2.58,SAFE,lunch_rush
2404.0,FOOD_COURT_A,19.98,0.1332,1.2081,0.1068,64.14,0.0588,0.3986,0.002817,3.09,1.05,2.04,SAFE,lunch_rush
2405.0,FOOD_COURT_A,44.87,0.2991,0.8042,0.3424,79.02,0.1814,0.5977,0.003558,21.16,10.44,10.72,WARNING,lunch_rush
2406.0,FOOD_COURT_A,37.18,0.2479,0.8694,0.261,89.84,0.1754,0.6774,0.01355,15.69,6.22,9.47,WARNING,lunch_rush
2407.0,FOOD_COURT_A,50.21,0.3347,0.6688,0.353,100.55,0.2094,0.6416,0.011197,15.36,9.99,5.37,WARNING,lunch_rush
2408.0,FOOD_COURT_A,51.74,0.345,0.7041,0.5912,100.25,0.2576,0.6637,0.014066,11.9,6.81,5.08,WARNING,lunch_rush
2409.0,FOOD_COURT_A,64.08,0.4272,0.565,0.5095,109.68,0.3712,0.7302,0.014676,18.35,3.85,14.5,WARNING,lunch_rush
2410.0,FOOD_COURT_A,51.3,0.342,0.3322,0.5125,90.84,0.3555,0.6726,0.009957,17.97,8.58,9.4,WARNING,lunch_rush
2411.0,FOOD_COURT_A,48.79,0.3252,0.4031,0.408,83.94,0.4483,0.6094,0.006699,12.55,5.51,7.04,WARNING,lunch_rush
2412.0,FOOD_COURT_A,57.23,0.3815,0.3765,0.404,106.11,0.3807,0.6497,0.005753,12.02,9.24,2.78,WARNING,lunch_rush
2413.0,FOOD_COURT_A,39.35,0.2623,0.5398,0.2348,81.68,0.196,0.4315,0.002072,7.55,2.79,4.75,SAFE,lunch_rush
2414.0,FOOD_COURT_A,30.66,0.2044,0.7913,0.1946,48.55,0.0953,0.3959,0.002096,6.33,2.35,3.98,SAFE,lunch_rush
2415.0,FOOD_COURT_A,43.46,0.2897,0.629,0.3661,95.98,0.274,0.5708,0.003503,17.93,9.63,8.3,WARNING,lunch_rush
2416.0,FOOD_COURT_A,57.73,0.3848,0.7218,0.1847,90.93,0.3558,0.7098,0.009038,6.49,0.62,5.87,WARNING,lunch_rush
2417.0,FOOD_COURT_A,64.45,0.4296,0.68,0.2724,68.43,0.244,0.7442,0.017055,13.9,8.46,5.44,WARNING,lunch_rush
2418.0,FOOD_COURT_A,42.86,0.2858,1.1119,0.2144,50.11,0.0732,0.3348,0.007732,6.54,4.53,2.02,SAFE,lunch_rush
2419.0,FOOD_COURT_A,26.42,0.1761,1.3758,0.1084,47.19,0.0803,0.3311,0.002667,5.38,4.01,1.37,SAFE,lunch_rush
2420.0,FOOD_COURT_A,14.8,0.0987,1.2984,0.0966,48.49,0.098,0.3109,0.001691,6.73,2.91,3.82,SAFE,lunch_rush
2421.0,FOOD_COURT_A,25.54,0.1702,1.2302,0.134,38.9,0.0894,0.3121,0.003031,3.49,2.29,1.2,SAFE,lunch_rush
2422.0,FOOD_COURT_A,21.84,0.1456,1.029,0.151,38.93,0.0704,0.2951,0.00501,6.71,2.86,3.86,SAFE,lunch_rush
2423.0,FOOD_COURT_A,31.67,0.2111,1.3236,0.0966,44.06,0.0393,0.4053,0.003474,8.35,5.02,3.34,SAFE,lunch_rush
2424.0,FOOD_COURT_A,31.72,0.2114,1.3176,0.1499,53.6,0.0273,0.3416,0.002286,6.11,2.05,4.06,SAFE,lunch_rush
2425.0,FOOD_COURT_A,30.46,0.2031,1.027,0.1461,53.76,0.0397,0.4617,0.00215,4.92,2.88,2.04,SAFE,lunch_rush
2426.0,FOOD_COURT_A,15.51,0.1034,1.2318,0.1251,39.71,0.0916,0.3584,0.002359,10.15,6.6,3.54,SAFE,lunch_rush
2427.0,FOOD_COURT_A,15.36,0.1024,1.3144,0.1407,65.17,0.1017,0.421,0.001364,5.07,4.51,0.55,SAFE,lunch_rush
2428.0,FOOD_COURT_A,20.91,0.1394,1.4032,0.0422,61.81,0.0677,0.4038,0.001765,7.56,2.57,4.98,SAFE,lunch_rush
2429.0,FOOD_COURT_A,15.22,0.1015,1.3528,0.0127,53.07,0.1047,0.5837,0.000983,10.18,5.84,4.34,SAFE,lunch_rush
2430.0,FOOD_COURT_A,15.64,0.1043,1.066,0.0038,25.49,0.0984,0.4114,0.001908,4.2,3.58,0.62,SAFE,lunch_rush
2431.0,FOOD_COURT_A,26.16,0.1744,0.776,0.0075,18.42,0.0402,0.4017,0.00135,3.82,2.11,1.71,SAFE,lunch_rush
2432.0,FOOD_COURT_A,12.65,0.0843,1.0106,0.0762,38.42,0.0936,0.4627,0.002645,6.76,2.67,4.09,SAFE,lunch_rush
2433.0,FOOD_COURT_A,6.55,0.0436,0.9416,0.1635,33.31,0.0968,0.4399,0.002087,8.51,4.32,4.2,SAFE,lunch_rush
2434.0,FOOD_COURT_A,17.12,0.1141,1.1734,0.049,41.25,0.088,0.1543,0.002344,3.96,2.34,1.62,SAFE,lunch_rush
2435.0,FOOD_COURT_A,36.99,0.2466,0.7452,0.2792,67.16,0.369,0.5098,0.008495,14.85,8.02,6.83,WARNING,lunch_rush
2436.0,FOOD_COURT_A,56.4,0.376,0.7366,0.2945,75.0,0.252,0.7542,0.009738,10.63,2.28,8.35,WARNING,lunch_rush
2437.0,FOOD_COURT_A,32.67,0.2178,1.1734,0.2233,52.81,0.1056,0.6302,0.004679,5.13,1.82,3.31,SAFE,lunch_rush
2438.0,FOOD_COURT_A,14.98,0.0999,1.0081,0.1367,26.32,0.0999,0.4666,0.00261,5.92,2.47,3.45,SAFE,lunch_rush
2439.0,FOOD_COURT_A,24.31,0.1621,1.397,0.1065,33.22,0.099,0.3758,0.003691,7.58,3.01,4.57,SAFE,lunch_rush
2440.0,FOOD_COURT_A,23.22,0.1548,1.2971,0.0783,42.25,0.0849,0.3532,0.003101,5.86,5.16,0.69,SAFE,lunch_rush
2441.0,FOOD_COURT_A,20.4,0.136,0.8233,0.0632,38.37,0.0875,0.2596,0.006424,5.59,3.3,2.29,SAFE,lunch_rush
2442.0,FOOD_COURT_A,23.26,0.1551,0.8319,0.1203,45.17,0.0726,0.3448,0.00347,8.16,4.14,4.02,SAFE,lunch_rush
2443.0,FOOD_COURT_A,34.77,0.2318,1.2727,0.1009,39.2,0.0766,0.4559,0.00241,6.89,3.63,3.26,SAFE,lunch_rush
2444.0,FOOD_COURT_A,23.45,0.1563,1.1977,0.0676,47.58,0.0928,0.4911,0.002,4.76,2.0,2.76,SAFE,lunch_rush
2445.0,FOOD_COURT_A,21.74,0.1449,0.9764,0.1037,28.18,0.0588,0.3319,0.003645,8.16,2.53,5.63,SAFE,lunch_rush
2446.0,FOOD_COURT_A,14.7,0.098,1.0833,0.0577,29.47,0.0974,0.3682,0.004237,6.04,2.15,3.89,SAFE,lunch_rush
2447.0,FOOD_COURT_A,21.89,0.146,1.2412,0.1347,29.46,0.0698,0.3905,0.003905,10.14,4.18,5.96,SAFE,lunch_rush
2448.0,FOOD_COURT_A,21.3,0.142,1.6353,0.228,39.93,0.0402,0.275,0.005656,7.51,3.11,4.41,SAFE,lunch_rush
2449.0,FOOD_COURT_A,25.11,0.1674,1.314,0.1759,36.51,0.1159,0.4847,0.003825,9.77,4.95,4.82,SAFE,lunch_rush
2450.0,FOOD_COURT_A,26.54,0.1769,1.0025,0.1614,47.57,0.0508,0.3497,0.003293,8.6,5.25,3.35,SAFE,lunch_rush
2451.0,FOOD_COURT_A,27.69,0.1846,1.3144,0.1061,45.94,0.0889,0.3655,0.002161,4.44,2.42,2.02,SAFE,lunch_rush
2452.0,FOOD_COURT_A,26.26,0.175,1.2927,0.0904,64.4,0.0812,0.2496,0.001429,9.12,3.96,5.16,SAFE,lunch_rush
2453.0,FOOD_COURT_A,25.65,0.171,1.5953,0.0664,64.66,0.1162,0.2954,0.002327,7.78,4.0,3.78,SAFE,lunch_rush
2454.0,FOOD_COURT_A,15.71,0.1047,1.3135,0.0806,45.05,0.1292,0.4514,0.003492,6.3,1.67,4.63,SAFE,lunch_rush
2455.0,FOOD_COURT_A,17.36,0.1158,1.3071,0.0608,44.62,0.0988,0.4168,0.004659,7.11,3.44,3.67,SAFE,lunch_rush
2456.0,FOOD_COURT_A,21.29,0.1419,1.4431,0.1212,67.2,0.1251,0.23,0.003672,10.87,5.93,4.94,SAFE,lunch_rush
2457.0,FOOD_COURT_A,14.53,0.0969,1.1684,0.0926,50.49,0.1496,0.3068,0.006409,10.31,6.16,4.15,SAFE,lunch_rush
2458.0,FOOD_COURT_A,35.52,0.2368,1.2749,0.1102,49.95,0.1574,0.3826,0.001923,3.62,2.55,1.08,SAFE,lunch_rush
2459.0,FOOD_COURT_A,23.71,0.1581,1.4268,0.1214,60.98,0.1293,0.5437,0.00517,6.38,3.44,2.94,SAFE,lunch_rush
2460.0,FOOD_COURT_A,21.01,0.1401,1.161,0.08,52.94,0.0879,0.5313,0.003342,1.53,0.88,0.65,SAFE,lunch_rush
2461.0,FOOD_COURT_A,21.2,0.1413,1.0533,0.106,66.67,0.1022,0.6115,0.001917,5.15,3.44,1.71,SAFE,lunch_rush
2462.0,FOOD_COURT_A,20.78,0.1386,0.9856,0.0821,39.62,0.0692,0.4701,0.004569,5.78,2.75,3.03,SAFE,lunch_rush
2463.0,FOOD_COURT_A,54.51,0.3634,0.8395,0.173,106.91,0.2271,0.5634,0.008672,8.54,4.2,4.34,WARNING,lunch_rush
2464.0,FOOD_COURT_A,57.53,0.3835,0.5747,0.4237,85.51,0.427,0.6502,0.004739,11.09,1.18,9.91,WARNING,lunch_rush
2465.0,FOOD_COURT_A,53.85,0.359,0.4366,0.3562,88.0,0.3497,0.7109,0.008863,13.8,6.66,7.14,WARNING,lunch_rush
2466.0,FOOD_COURT_A,66.47,0.4431,0.3476,0.7151,140.35,0.4015,0.8127,0.021894,19.12,8.46,10.66,HIGH,lunch_rush
2467.0,FOOD_COURT_A,93.94,0.6262,0.1946,0.8102,205.69,0.5622,0.9013,0.027077,26.4,11.12,15.28,HIGH,lunch_rush
2468.0,FOOD_COURT_A,43.58,0.2905,1.0874,0.4137,92.94,0.2119,0.4766,0.009512,4.71,1.94,2.77,SAFE,lunch_rush
2469.0,FOOD_COURT_A,27.52,0.1835,1.1101,0.2102,61.66,0.0963,0.3304,0.005583,6.79,4.58,2.21,SAFE,lunch_rush
2470.0,FOOD_COURT_A,28.92,0.1928,1.0736,0.1744,39.45,0.0351,0.5125,0.005728,6.33,4.08,2.25,SAFE,lunch_rush
2471.0,FOOD_COURT_A,28.1,0.1874,1.3983,0.1059,45.69,0.0675,0.4512,0.001718,8.02,3.28,4.74,SAFE,lunch_rush
2472.0,FOOD_COURT_A,13.23,0.0882,1.4683,0.0894,47.18,0.025,0.567,0.001563,7.53,2.56,4.97,SAFE,lunch_rush
2473.0,FOOD_COURT_A,28.1,0.1873,1.5001,0.0692,60.7,0.0763,0.3884,0.000581,5.11,3.64,1.47,SAFE,lunch_rush
2474.0,FOOD_COURT_A,33.89,0.226,1.1686,0.0902,37.63,0.0964,0.4729,0.00323,7.82,2.61,5.21,SAFE,lunch_rush
2475.0,FOOD_COURT_A,14.55,0.097,1.2838,0.0691,50.35,0.0862,0.3586,0.001521,10.29,4.68,5.61,SAFE,lunch_rush
2476.0,FOOD_COURT_A,7.61,0.0507,0.9,0.0878,55.81,0.1164,0.4544,0.005021,9.39,4.29,5.1,SAFE,lunch_rush
2477.0,FOOD_COURT_A,40.7,0.2713,0.7961,0.2581,69.53,0.2817,0.6227,0.005723,12.19,6.9,5.29,WARNING,lunch_rush
2478.0,FOOD_COURT_A,72.25,0.4817,0.305,0.5302,163.67,0.4733,0.8672,0.01002,21.42,8.15,13.28,HIGH,lunch_rush
2479.0,FOOD_COURT_A,58.49,0.3899,0.6687,0.5676,95.92,0.2903,0.7445,0.01351,13.34,5.04,8.3,WARNING,lunch_rush
2480.0,FOOD_COURT_A,46.78,0.3119,0.7001,0.4698,95.32,0.2271,0.6785,0.006682,18.83,13.56,5.27,WARNING,lunch_rush
2481.0,FOOD_COURT_A,38.97,0.2598,0.6516,0.3912,84.67,0.17,0.6863,0.007435,6.57,3.1,3.46,WARNING,lunch_rush
2482.0,FOOD_COURT_A,52.89,0.3526,0.5381,0.3511,95.27,0.2381,0.7031,0.010472,13.31,11.29,2.02,WARNING,lunch_rush
2483.0,FOOD_COURT_A,49.04,0.327,0.5343,0.382,117.43,0.2977,0.6514,0.012737,9.21,0.72,8.49,WARNING,lunch_rush
2484.0,FOOD_COURT_A,54.3,0.362,0.7352,0.41,80.44,0.2696,0.6572,0.008049,13.0,4.56,8.44,WARNING,lunch_rush
2485.0,FOOD_COURT_A,84.39,0.5626,0.3611,0.7169,138.47,0.5167,0.7616,0.027498,26.12,13.53,12.6,HIGH,lunch_rush
2486.0,FOOD_COURT_A,56.22,0.3748,0.613,0.4574,128.15,0.3522,0.7583,0.016896,13.27,5.91,7.36,WARNING,lunch_rush
2487.0,FOOD_COURT_A,94.16,0.6278,0.3088,0.6497,180.77,0.6102,0.8669,0.01741,24.97,8.49,16.48,HIGH,lunch_rush
2488.0,FOOD_COURT_A,59.54,0.3969,0.5771,0.4351,88.53,0.4223,0.8154,0.012492,17.87,9.74,8.13,WARNING,lunch_rush
2489.0,FOOD_COURT_A,59.26,0.3951,0.4888,0.3811,103.3,0.3229,0.7527,0.01164,15.13,11.02,4.11,WARNING,lunch_rush
2490.0,FOOD_COURT_A,39.51,0.2634,0.9204,0.2127,62.34,0.1733,0.5648,0.006185,7.64,4.11,3.53,SAFE,lunch_rush
2491.0,FOOD_COURT_A,60.12,0.4008,0.7605,0.1255,90.24,0.2126,0.5546,0.011218,13.55,7.19,6.36,WARNING,lunch_rush
2492.0,FOOD_COURT_A,21.95,0.1464,1.0524,0.0772,61.91,0.1168,0.5066,0.004859,6.08,3.01,3.07,SAFE,lunch_rush
2493.0,FOOD_COURT_A,20.82,0.1388,1.2997,0.1385,73.84,0.0747,0.2942,0.00314,4.32,0.96,3.36,SAFE,lunch_rush
2494.0,FOOD_COURT_A,31.51,0.21,1.1059,0.0962,61.04,0.0695,0.2762,0.003038,6.05,1.04,5.02,SAFE,lunch_rush
2495.0,FOOD_COURT_A,21.06,0.1404,1.1217,0.0289,42.98,0.0388,0.2935,0.003071,7.38,4.95,2.43,SAFE,lunch_rush
2496.0,FOOD_COURT_A,8.5,0.0567,0.9308,0.0823,30.19,0.0795,0.469,0.00376,7.16,5.12,2.04,SAFE,lunch_rush
2497.0,FOOD_COURT_A,11.67,0.0778,1.3009,0.1,36.55,0.0982,0.5184,0.002745,6.3,3.67,2.63,SAFE,lunch_rush
2498.0,FOOD_COURT_A,32.87,0.2191,0.9359,0.2923,87.0,0.2612,0.573,0.006424,14.27,7.61,6.66,WARNING,lunch_rush
2499.0,FOOD_COURT_A,47.06,0.3137,0.9312,0.2969,101.93,0.4255,0.673,0.014344,12.65,6.99,5.66,WARNING,lunch_rush
2500.0,FOOD_COURT_A,24.3,0.162,0.7203,0.2228,65.0,0.1889,0.5073,0.008219,3.62,0.66,2.96,SAFE,lunch_rush
2501.0,FOOD_COURT_A,13.14,0.0876,0.8762,0.1702,32.9,0.0943,0.3618,0.004088,7.7,4.13,3.57,SAFE,lunch_rush
2502.0,FOOD_COURT_A,38.75,0.2583,0.6803,0.4709,131.27,0.2391,0.637,0.007775,15.76,8.25,7.51,WARNING,lunch_rush
2503.0,FOOD_COURT_A,78.66,0.5244,0.5247,0.5395,106.26,0.4943,0.8462,0.015214,21.18,14.92,6.25,HIGH,lunch_rush
2504.0,FOOD_COURT_A,59.34,0.3956,0.6516,0.4366,97.4,0.3304,0.7494,0.015221,13.53,9.05,4.49,WARNING,lunch_rush
2505.0,FOOD_COURT_A,56.94,0.3796,0.6821,0.3528,112.77,0.2293,0.7017,0.009406,16.14,7.05,9.09,WARNING,lunch_rush
2506.0,FOOD_COURT_A,83.63,0.5575,0.4837,0.7466,143.15,0.4307,0.7884,0.018031,17.39,8.61,8.79,HIGH,lunch_rush
2507.0,FOOD_COURT_A,66.29,0.4419,0.6227,0.4656,138.32,0.3529,0.7592,0.011655,5.18,4.33,0.86,WARNING,lunch_rush
2508.0,FOOD_COURT_A,50.14,0.3343,1.1135,0.2089,76.06,0.1557,0.5039,0.003496,6.8,3.63,3.17,SAFE,lunch_rush
2509.0,FOOD_COURT_A,26.12,0.1741,1.0654,0.134,57.17,0.1122,0.5893,0.00175,6.15,3.45,2.7,SAFE,lunch_rush
2510.0,FOOD_COURT_A,12.66,0.0844,1.1826,0.0876,41.31,0.1497,0.4889,0.000553,7.33,3.9,3.43,SAFE,lunch_rush
2511.0,FOOD_COURT_A,36.89,0.2459,0.8744,0.2898,60.09,0.3582,0.5586,0.006322,10.96,6.7,4.26,WARNING,lunch_rush
2512.0,FOOD_COURT_A,49.76,0.3317,0.688,0.3434,95.42,0.3759,0.7009,0.01575,12.11,9.69,2.42,WARNING,lunch_rush
2513.0,FOOD_COURT_A,59.97,0.3998,0.5622,0.4382,109.91,0.3192,0.6729,0.017112,7.77,3.33,4.45,WARNING,lunch_rush
2514.0,FOOD_COURT_A,59.21,0.3947,0.3456,0.4184,89.82,0.3425,0.6813,0.013387,13.7,6.25,7.46,WARNING,lunch_rush
2515.0,FOOD_COURT_A,57.09,0.3806,0.7484,0.4445,74.28,0.2785,0.6376,0.013048,15.75,10.65,5.1,WARNING,lunch_rush
2516.0,FOOD_COURT_A,58.58,0.3905,0.7837,0.368,87.03,0.413,0.5499,0.010412,14.62,6.36,8.26,WARNING,lunch_rush
2517.0,FOOD_COURT_A,59.78,0.3986,0.7954,0.4293,96.89,0.2661,0.6061,0.014049,13.9,6.56,7.34,WARNING,lunch_rush
2518.0,FOOD_COURT_A,47.0,0.3134,0.6613,0.3152,105.56,0.3434,0.603,0.011549,13.55,6.79,6.76,WARNING,lunch_rush
2519.0,FOOD_COURT_A,48.49,0.3233,0.601,0.27,127.24,0.323,0.6752,0.00651,12.39,7.76,4.63,WARNING,lunch_rush
2520.0,FOOD_COURT_A,56.56,0.3771,0.7784,0.3009,133.44,0.2971,0.6932,0.005676,17.29,6.35,10.94,WARNING,lunch_rush
2521.0,FOOD_COURT_A,58.0,0.3867,0.7157,0.4307,149.85,0.384,0.7295,0.012508,6.52,5.9,0.62,WARNING,lunch_rush
2522.0,FOOD_COURT_A,51.18,0.3412,0.9117,0.4878,81.57,0.4191,0.7446,0.010637,15.63,7.95,7.68,WARNING,lunch_rush
2523.0,FOOD_COURT_A,55.14,0.3676,0.7342,0.4916,109.36,0.3259,0.8498,0.004224,6.45,1.76,4.69,WARNING,lunch_rush
2524.0,FOOD_COURT_A,76.23,0.5082,0.4474,0.3653,113.14,0.4146,0.7867,0.015721,9.16,3.3,5.87,WARNING,lunch_rush
2525.0,FOOD_COURT_A,57.24,0.3816,0.5529,0.3877,102.08,0.2455,0.628,0.012052,14.31,12.18,2.13,WARNING,lunch_rush
2526.0,FOOD_COURT_A,55.12,0.3674,0.7445,0.3019,111.86,0.3166,0.5986,0.005391,11.61,7.16,4.45,WARNING,lunch_rush
2527.0,FOOD_COURT_A,48.65,0.3244,0.8028,0.351,115.54,0.2572,0.6804,0.008461,12.85,5.11,7.74,WARNING,lunch_rush
2528.0,FOOD_COURT_A,56.54,0.3769,0.6734,0.417,88.63,0.3461,0.7329,0.010603,16.22,6.84,9.39,WARNING,lunch_rush
2529.0,FOOD_COURT_A,64.59,0.4306,0.5497,0.3698,86.8,0.3597,0.7004,0.011175,13.63,7.7,5.92,WARNING,lunch_rush
2530.0,FOOD_COURT_A,63.14,0.421,0.6981,0.3781,108.95,0.417,0.7675,0.010632,11.75,7.12,4.63,WARNING,lunch_rush
2531.0,FOOD_COURT_A,48.85,0.3257,0.8132,0.3561,101.89,0.3814,0.7769,0.006809,10.33,5.84,4.49,WARNING,lunch_rush
2532.0,FOOD_COURT_A,51.97,0.3465,0.6527,0.35,87.8,0.4858,0.7252,0.010374,9.42,3.88,5.54,WARNING,lunch_rush
2533.0,FOOD_COURT_A,56.13,0.3742,0.5247,0.3694,93.37,0.4249,0.7544,0.00877,11.8,5.06,6.73,WARNING,lunch_rush
2534.0,FOOD_COURT_A,58.75,0.3917,0.5707,0.4156,90.68,0.464,0.7706,0.011593,19.36,10.47,8.88,WARNING,lunch_rush
2535.0,FOOD_COURT_A,46.21,0.3081,0.6471,0.387,43.45,0.2983,0.6324,0.012323,17.57,11.42,6.15,WARNING,lunch_rush
2536.0,FOOD_COURT_A,51.89,0.3459,0.49,0.4109,80.19,0.4094,0.715,0.007497,14.97,9.72,5.26,WARNING,lunch_rush
2537.0,FOOD_COURT_A,63.9,0.426,0.5327,0.3405,96.76,0.3003,0.6486,0.013098,14.46,9.96,4.5,WARNING,lunch_rush
2538.0,FOOD_COURT_A,61.69,0.4113,0.4352,0.4037,105.07,0.4351,0.7295,0.012634,14.9,7.51,7.39,WARNING,lunch_rush
2539.0,FOOD_COURT_A,61.66,0.4111,0.4984,0.4633,117.37,0.3896,0.5342,0.011032,15.44,9.65,5.79,WARNING,lunch_rush
2540.0,FOOD_COURT_A,49.83,0.3322,0.4972,0.4523,91.41,0.3453,0.6627,0.014425,11.18,5.08,6.09,WARNING,lunch_rush
2541.0,FOOD_COURT_A,57.33,0.3822,0.7864,0.405,81.92,0.2412,0.8065,0.013559,18.98,11.78,7.2,WARNING,lunch_rush
2542.0,FOOD_COURT_A,56.38,0.3758,0.7206,0.3968,97.92,0.2946,0.698,0.012961,18.01,11.13,6.87,WARNING,lunch_rush
2543.0,FOOD_COURT_A,52.13,0.3476,0.7445,0.4172,107.19,0.3196,0.6511,0.009769,11.98,11.25,0.73,WARNING,lunch_rush
2544.0,FOOD_COURT_A,48.55,0.3237,0.6065,0.4531,115.51,0.3085,0.5538,0.006714,14.06,6.79,7.26,WARNING,lunch_rush
2545.0,FOOD_COURT_A,54.33,0.3622,0.7878,0.3401,102.8,0.345,0.5889,0.012466,13.15,8.5,4.66,WARNING,lunch_rush
2546.0,FOOD_COURT_A,30.41,0.2027,1.158,0.2475,67.79,0.1659,0.5761,0.005189,5.34,2.87,2.47,SAFE,lunch_rush
2547.0,FOOD_COURT_A,31.58,0.2105,1.3072,0.2118,55.23,0.075,0.4498,0.005159,5.37,2.84,2.53,SAFE,lunch_rush
2548.0,FOOD_COURT_A,20.86,0.1391,1.0683,0.1806,42.17,0.1009,0.3262,0.001878,10.84,3.68,7.16,SAFE,lunch_rush
2549.0,FOOD_COURT_A,22.51,0.1501,1.171,0.1181,41.39,0.0928,0.3275,0.004132,11.59,3.74,7.85,SAFE,lunch_rush
2550.0,FOOD_COURT_A,7.35,0.049,1.0803,0.1159,45.66,0.077,0.4415,0.002989,9.42,6.9,2.53,SAFE,lunch_rush
2551.0,FOOD_COURT_A,9.28,0.0619,0.9914,0.0979,47.87,0.0552,0.5632,0.002636,7.18,4.27,2.91,SAFE,lunch_rush
2552.0,FOOD_COURT_A,15.83,0.1055,1.2623,0.1225,26.25,0.0369,0.4545,0.001,4.59,2.46,2.13,SAFE,lunch_rush
2553.0,FOOD_COURT_A,16.47,0.1098,1.272,0.1105,17.77,0.0551,0.5965,0.00143,10.56,4.61,5.95,SAFE,lunch_rush
2554.0,FOOD_COURT_A,24.89,0.1659,1.1077,0.1168,31.46,0.0715,0.3128,0.004174,7.62,1.8,5.82,SAFE,lunch_rush
2555.0,FOOD_COURT_A,25.64,0.171,1.3326,0.0431,55.76,0.1086,0.5288,0.002828,10.22,5.78,4.44,SAFE,lunch_rush
2556.0,FOOD_COURT_A,21.48,0.1432,1.0882,0.0729,68.1,0.0767,0.3594,0.003361,5.52,2.91,2.61,SAFE,lunch_rush
2557.0,FOOD_COURT_A,17.22,0.1148,1.2789,0.0668,40.3,0.0842,0.4786,0.002302,6.06,3.57,2.48,SAFE,lunch_rush
2558.0,FOOD_COURT_A,13.06,0.0871,1.4054,0.0362,35.15,0.0523,0.5813,0.0025,6.65,3.95,2.7,SAFE,lunch_rush
2559.0,FOOD_COURT_A,26.95,0.1797,1.3538,0.0998,54.76,0.0563,0.5564,0.001846,10.6,6.26,4.34,SAFE,lunch_rush
2560.0,FOOD_COURT_A,26.74,0.1783,1.4448,0.0681,55.04,0.0324,0.4315,0.003788,1.25,0.89,0.36,SAFE,lunch_rush
2561.0,FOOD_COURT_A,29.91,0.1994,1.5206,0.0271,44.01,0.0944,0.3387,0.003305,7.39,3.59,3.8,SAFE,lunch_rush
2562.0,FOOD_COURT_A,34.01,0.2268,1.0253,0.092,49.02,0.1054,0.5125,0.004602,7.24,3.81,3.42,SAFE,lunch_rush
2563.0,FOOD_COURT_A,27.85,0.1857,1.225,0.1407,34.14,0.0726,0.3799,0.002396,7.59,3.9,3.69,SAFE,lunch_rush
2564.0,FOOD_COURT_A,22.63,0.1509,1.3957,0.1357,35.97,0.0655,0.2758,0.00466,6.59,3.59,2.99,SAFE,lunch_rush
2565.0,FOOD_COURT_A,19.27,0.1284,0.92,0.1885,54.53,0.0676,0.3838,0.004258,11.81,7.51,4.3,SAFE,lunch_rush
2566.0,FOOD_COURT_A,23.65,0.1577,1.2834,0.1845,44.09,0.0754,0.4756,0.002325,7.6,4.32,3.28,SAFE,lunch_rush
2567.0,FOOD_COURT_A,13.36,0.0891,1.1867,0.1859,24.65,0.0973,0.365,0.002042,7.68,3.63,4.05,SAFE,lunch_rush
2568.0,FOOD_COURT_A,17.06,0.1137,1.1132,0.0897,33.0,0.1082,0.4378,0.000905,6.14,4.39,1.76,SAFE,lunch_rush
2569.0,FOOD_COURT_A,8.28,0.0552,1.2068,0.1409,52.9,0.0783,0.2917,0.003838,6.8,4.35,2.45,SAFE,lunch_rush
2570.0,FOOD_COURT_A,22.18,0.1479,1.1068,0.0451,54.3,0.1009,0.3491,0.005545,9.39,3.41,5.98,SAFE,lunch_rush
2571.0,FOOD_COURT_A,65.76,0.4384,0.4799,0.3759,112.83,0.5275,0.6708,0.02417,23.92,14.5,9.42,HIGH,lunch_rush
2572.0,FOOD_COURT_A,96.0,0.64,0.2757,0.5803,142.98,0.6549,0.7027,0.030183,16.26,8.49,7.77,HIGH,lunch_rush
2573.0,FOOD_COURT_A,85.51,0.5701,0.2322,0.6316,179.27,0.4947,0.792,0.033614,27.27,16.47,10.8,HIGH,lunch_rush
2574.0,FOOD_COURT_A,86.97,0.5798,0.1721,0.7768,209.98,0.6172,0.8268,0.031914,23.21,9.88,13.33,HIGH,lunch_rush
2575.0,FOOD_COURT_A,87.1,0.5807,0.2308,0.7127,196.45,0.6583,0.8509,0.025855,21.21,9.8,11.4,HIGH,lunch_rush
2576.0,FOOD_COURT_A,86.59,0.5773,0.1969,0.5927,177.63,0.5351,0.845,0.027031,14.59,4.64,9.94,HIGH,lunch_rush
2577.0,FOOD_COURT_A,92.32,0.6154,0.1181,0.6409,208.36,0.6084,0.8539,0.027655,23.98,13.72,10.26,HIGH,lunch_rush
2578.0,FOOD_COURT_A,75.08,0.5005,0.1611,0.6687,183.95,0.5667,0.8539,0.02597,20.5,13.17,7.33,HIGH,lunch_rush
2579.0,FOOD_COURT_A,82.25,0.5483,0.1182,0.6406,162.7,0.5334,0.8851,0.02901,22.29,9.86,12.43,HIGH,lunch_rush
2580.0,FOOD_COURT_A,82.12,0.5475,0.2122,0.7308,190.67,0.3973,0.886,0.02567,21.19,13.23,7.95,HIGH,lunch_rush
2581.0,FOOD_COURT_A,99.62,0.6641,0.2911,0.6701,226.62,0.6037,0.814,0.032517,30.37,16.02,14.35,HIGH,lunch_rush
2582.0,FOOD_COURT_A,96.06,0.6404,0.359,0.7352,208.51,0.4832,0.8961,0.032723,15.61,5.98,9.63,HIGH,lunch_rush
2583.0,FOOD_COURT_A,90.03,0.6002,0.1588,0.6606,192.81,0.5173,0.8596,0.033449,23.95,13.43,10.51,HIGH,lunch_rush
2584.0,FOOD_COURT_A,78.94,0.5262,0.0546,0.7603,176.48,0.5233,0.8767,0.039304,20.1,10.35,9.75,HIGH,lunch_rush
2585.0,FOOD_COURT_A,85.99,0.5733,0.1416,0.7591,120.01,0.529,0.7414,0.031753,13.07,5.41,7.65,HIGH,lunch_rush
2586.0,FOOD_COURT_A,92.23,0.6149,0.0955,0.8082,180.29,0.4929,0.8972,0.035843,19.56,12.0,7.56,HIGH,lunch_rush
2587.0,FOOD_COURT_A,86.6,0.5774,0.3024,0.6651,213.02,0.5615,0.8953,0.026916,17.46,10.2,7.26,HIGH,lunch_rush
2588.0,FOOD_COURT_A,92.36,0.6158,0.2509,0.7027,210.12,0.6224,0.9075,0.024797,26.32,11.8,14.51,HIGH,lunch_rush
2589.0,FOOD_COURT_A,94.33,0.6288,0.2362,0.6943,183.68,0.563,0.9151,0.02356,23.62,13.21,10.41,HIGH,lunch_rush
2590.0,FOOD_COURT_A,89.41,0.596,0.1787,0.6822,189.29,0.7024,0.8346,0.029714,21.62,12.77,8.85,HIGH,lunch_rush
2591.0,FOOD_COURT_A,90.36,0.6024,0.3137,0.6574,178.14,0.5501,0.7899,0.031122,24.7,12.43,12.27,HIGH,lunch_rush
2592.0,FOOD_COURT_A,80.33,0.5355,0.25,0.7709,188.02,0.5331,0.8118,0.031989,29.01,17.23,11.78,HIGH,lunch_rush
2593.0,FOOD_COURT_A,85.21,0.568,0.3001,0.8344,185.02,0.5996,0.8505,0.032617,22.12,15.09,7.03,HIGH,lunch_rush
2594.0,FOOD_COURT_A,93.03,0.6202,0.2084,0.8236,189.47,0.6221,0.8509,0.030878,22.6,10.38,12.22,HIGH,lunch_rush
2595.0,FOOD_COURT_A,91.22,0.6081,0.1586,0.6004,190.89,0.5867,0.8229,0.017141,22.75,12.25,10.49,HIGH,lunch_rush
2596.0,FOOD_COURT_A,97.05,0.647,0.1619,0.7055,167.12,0.5272,0.8787,0.022188,16.91,7.27,9.64,HIGH,lunch_rush
2597.0,FOOD_COURT_A,65.25,0.435,0.1221,0.9117,141.73,0.5023,0.7916,0.018986,27.78,14.68,13.11,HIGH,lunch_rush
2598.0,FOOD_COURT_A,74.56,0.4971,0.079,0.7362,149.2,0.4767,0.8921,0.03045,20.7,10.14,10.56,HIGH,lunch_rush
2599.0,FOOD_COURT_A,87.9,0.586,0.2308,0.6937,210.74,0.4924,0.867,0.024768,17.87,10.56,7.31,HIGH,lunch_rush
2600.0,FOOD_COURT_A,102.02,0.6801,0.1344,0.6772,201.56,0.4599,0.8916,0.018564,18.79,10.44,8.35,HIGH,lunch_rush
2601.0,FOOD_COURT_A,97.32,0.6488,0.1707,0.7412,121.95,0.5809,0.9386,0.019866,27.2,11.46,15.74,HIGH,lunch_rush
2602.0,FOOD_COURT_A,98.65,0.6576,0.1623,0.661,180.09,0.5412,0.8743,0.023599,20.7,2.75,17.95,HIGH,lunch_rush
2603.0,FOOD_COURT_A,74.19,0.4946,0.1911,0.7646,177.87,0.6087,0.8457,0.024528,21.87,12.08,9.79,HIGH,lunch_rush
2604.0,FOOD_COURT_A,75.21,0.5014,0.0932,0.6292,147.55,0.494,0.9537,0.024789,27.64,13.08,14.55,HIGH,lunch_rush
2605.0,FOOD_COURT_A,90.74,0.6049,0.2155,0.759,206.05,0.5577,0.8899,0.027344,24.74,10.82,13.92,HIGH,lunch_rush
2606.0,FOOD_COURT_A,90.31,0.6021,0.1317,0.6971,210.03,0.4793,0.8719,0.032459,24.01,8.8,15.21,HIGH,lunch_rush
2607.0,FOOD_COURT_A,41.5,0.2767,0.9099,0.2985,93.87,0.1729,0.6082,0.010771,8.8,4.57,4.23,SAFE,lunch_rush
2608.0,FOOD_COURT_A,14.34,0.0956,1.1801,0.1497,64.96,0.1346,0.4559,0.005304,9.82,5.49,4.33,SAFE,lunch_rush
2609.0,FOOD_COURT_A,18.83,0.1256,1.2884,0.0554,60.11,0.0652,0.3365,0.003732,8.44,2.4,6.05,SAFE,lunch_rush
2610.0,FOOD_COURT_A,29.22,0.1948,1.6022,0.05,50.49,0.0361,0.3498,0.005568,7.3,3.51,3.79,SAFE,lunch_rush
2611.0,FOOD_COURT_A,12.67,0.0845,1.1502,0.0248,40.26,0.0533,0.4334,0.004058,10.96,4.43,6.53,SAFE,lunch_rush
2612.0,FOOD_COURT_A,15.96,0.1064,1.1057,0.0179,27.22,0.0461,0.3965,0.004217,9.56,5.01,4.55,SAFE,lunch_rush
2613.0,FOOD_COURT_A,17.68,0.1179,1.5149,0.0735,47.82,0.0808,0.4046,0.003983,7.62,4.3,3.32,SAFE,lunch_rush
2614.0,FOOD_COURT_A,20.9,0.1393,1.3729,0.0308,45.67,0.0921,0.5768,0.002841,6.02,4.8,1.21,SAFE,lunch_rush
2615.0,FOOD_COURT_A,17.62,0.1175,1.4165,0.1172,58.36,0.0482,0.3533,0.003075,3.52,2.75,0.77,SAFE,lunch_rush
2616.0,FOOD_COURT_A,27.98,0.1865,1.3919,0.0594,61.82,0.119,0.3287,0.003191,4.67,2.91,1.76,SAFE,lunch_rush
2617.0,FOOD_COURT_A,21.89,0.146,1.2839,0.1247,61.44,0.095,0.4378,0.001246,7.28,3.01,4.28,SAFE,lunch_rush
2618.0,FOOD_COURT_A,26.49,0.1766,1.3611,0.1073,50.03,0.1104,0.467,0.002849,5.5,3.85,1.65,SAFE,lunch_rush
2619.0,FOOD_COURT_A,23.17,0.1545,1.1887,0.0934,50.23,0.0593,0.4028,0.000855,7.06,1.44,5.61,SAFE,lunch_rush
2620.0,FOOD_COURT_A,24.67,0.1645,1.0464,0.1301,30.58,0.0866,0.4728,0.003619,8.94,5.24,3.7,SAFE,lunch_rush
2621.0,FOOD_COURT_A,23.54,0.1569,1.0565,0.0611,54.56,0.0804,0.4428,0.003363,6.84,2.7,4.13,SAFE,lunch_rush
2622.0,FOOD_COURT_A,23.06,0.1537,1.1144,0.0711,58.69,0.0872,0.4983,0.00176,5.6,1.39,4.21,SAFE,lunch_rush
2623.0,FOOD_COURT_A,34.21,0.2281,1.3125,0.0507,48.66,0.08,0.3992,0.000931,9.72,6.06,3.66,SAFE,lunch_rush
2624.0,FOOD_COURT_A,28.21,0.1881,1.0873,0.0955,37.18,0.0952,0.5411,0.002372,5.12,1.72,3.4,SAFE,lunch_rush
2625.0,FOOD_COURT_A,37.86,0.2524,0.6967,0.3293,88.5,0.1975,0.5855,0.011839,20.85,13.35,7.5,WARNING,lunch_rush
2626.0,FOOD_COURT_A,75.99,0.5066,0.4581,0.7634,160.54,0.3907,0.8038,0.021927,21.14,14.08,7.06,HIGH,lunch_rush
2627.0,FOOD_COURT_A,45.22,0.3015,0.4926,0.5079,122.15,0.2932,0.7356,0.019317,14.34,8.35,5.99,WARNING,lunch_rush
2628.0,FOOD_COURT_A,28.11,0.1874,0.8569,0.2523,72.36,0.152,0.3689,0.009715,9.18,3.58,5.6,SAFE,lunch_rush
2629.0,FOOD_COURT_A,14.4,0.096,1.3924,0.131,41.81,0.0985,0.4788,0.004759,9.91,3.97,5.94,SAFE,lunch_rush
2630.0,FOOD_COURT_A,9.35,0.0624,1.4247,0.1511,43.13,0.062,0.5096,0.003121,8.59,3.9,4.69,SAFE,lunch_rush
2631.0,FOOD_COURT_A,15.19,0.1013,1.183,0.0453,39.57,0.0842,0.2479,0.003781,5.74,4.21,1.53,SAFE,lunch_rush
2632.0,FOOD_COURT_A,24.94,0.1663,1.3321,0.0307,29.26,0.05,0.2759,0.00358,8.27,4.96,3.31,SAFE,lunch_rush
2633.0,FOOD_COURT_A,50.25,0.335,1.006,0.275,47.15,0.2736,0.5287,0.011378,12.2,4.86,7.34,WARNING,lunch_rush
2634.0,FOOD_COURT_A,92.56,0.6171,0.532,0.5377,197.42,0.4992,0.7174,0.018238,18.37,11.78,6.6,HIGH,lunch_rush
2635.0,FOOD_COURT_A,69.48,0.4632,0.7048,0.5536,120.97,0.4676,0.6308,0.011766,17.23,10.53,6.7,WARNING,lunch_rush
2636.0,FOOD_COURT_A,69.36,0.4624,0.6715,0.4661,103.15,0.4377,0.7236,0.015447,12.58,7.56,5.02,WARNING,lunch_rush
2637.0,FOOD_COURT_A,40.45,0.2697,0.8231,0.2646,63.03,0.1708,0.542,0.006227,8.96,5.05,3.91,SAFE,lunch_rush
2638.0,FOOD_COURT_A,25.98,0.1732,1.3849,0.1569,42.71,0.1295,0.4148,0.002978,5.0,2.39,2.61,SAFE,lunch_rush
2639.0,FOOD_COURT_A,48.51,0.3234,1.0958,0.2869,75.84,0.1669,0.5859,0.005109,18.51,3.49,15.01,WARNING,lunch_rush
2640.0,FOOD_COURT_A,48.25,0.3217,0.8883,0.2545,75.99,0.1246,0.6563,0.003553,11.39,5.24,6.15,WARNING,lunch_rush
2641.0,FOOD_COURT_A,24.0,0.16,0.8653,0.214,63.49,0.0842,0.469,0.005645,6.17,2.23,3.94,SAFE,lunch_rush
2642.0,FOOD_COURT_A,20.62,0.1375,1.1406,0.0642,45.98,0.1166,0.4321,0.001881,8.55,4.44,4.11,SAFE,lunch_rush
2643.0,FOOD_COURT_A,29.43,0.1962,1.0564,0.0903,52.21,0.0705,0.5105,0.004074,6.38,1.89,4.5,SAFE,lunch_rush
2644.0,FOOD_COURT_A,28.08,0.1872,1.2789,0.1167,42.24,0.057,0.3729,0.003782,10.01,7.05,2.96,SAFE,lunch_rush
2645.0,FOOD_COURT_A,28.59,0.1906,1.3697,0.1476,43.15,0.0597,0.4973,0.003259,7.33,4.31,3.03,SAFE,lunch_rush
2646.0,FOOD_COURT_A,13.39,0.0893,0.9908,0.1445,29.26,0.0746,0.4128,0.002384,9.4,7.37,2.03,SAFE,lunch_rush
2647.0,FOOD_COURT_A,15.61,0.1041,1.1985,0.1571,61.58,0.08,0.4228,0.00366,6.44,2.74,3.7,SAFE,lunch_rush
2648.0,FOOD_COURT_A,16.69,0.1113,1.5284,0.1757,57.47,0.0766,0.4606,0.006099,8.26,5.73,2.54,SAFE,lunch_rush
2649.0,FOOD_COURT_A,27.88,0.1859,1.1647,0.1745,42.7,0.0238,0.3817,0.004826,9.46,6.35,3.11,SAFE,lunch_rush
2650.0,FOOD_COURT_A,57.76,0.3851,0.8307,0.4219,92.23,0.2318,0.6166,0.00624,12.81,9.7,3.1,WARNING,lunch_rush
2651.0,FOOD_COURT_A,50.77,0.3384,0.6361,0.3585,86.28,0.2589,0.5656,0.01048,13.92,7.78,6.14,WARNING,lunch_rush
2652.0,FOOD_COURT_A,54.3,0.362,0.7171,0.4343,79.49,0.3711,0.7085,0.009977,18.89,11.31,7.58,WARNING,lunch_rush
2653.0,FOOD_COURT_A,62.37,0.4158,0.7926,0.4371,82.96,0.1843,0.7153,0.01038,10.06,1.39,8.67,WARNING,lunch_rush
2654.0,FOOD_COURT_A,57.79,0.3853,0.8071,0.3464,104.16,0.2503,0.6449,0.008058,20.77,14.52,6.24,WARNING,lunch_rush
2655.0,FOOD_COURT_A,30.07,0.2005,0.726,0.1854,65.16,0.0751,0.3816,0.002417,8.59,4.28,4.3,SAFE,lunch_rush
2656.0,FOOD_COURT_A,26.52,0.1768,1.2164,0.1611,58.65,0.0622,0.4285,0.001696,2.36,0.44,1.93,SAFE,lunch_rush
2657.0,FOOD_COURT_A,22.29,0.1486,1.2787,0.0703,28.45,0.0965,0.4445,0.002466,7.17,5.62,1.55,SAFE,lunch_rush
2658.0,FOOD_COURT_A,18.36,0.1224,0.9295,0.1086,49.39,0.0877,0.3954,0.002865,5.11,2.03,3.09,SAFE,lunch_rush
2659.0,FOOD_COURT_A,23.51,0.1567,1.1968,0.089,41.31,0.0483,0.4096,0.003403,8.63,4.99,3.64,SAFE,lunch_rush
2660.0,FOOD_COURT_A,23.1,0.154,1.1716,0.0754,55.34,0.1233,0.3331,0.003429,3.44,2.16,1.28,SAFE,lunch_rush
2661.0,FOOD_COURT_A,15.71,0.1047,1.0822,0.1171,60.33,0.0662,0.4002,0.002856,10.04,6.08,3.97,SAFE,lunch_rush
2662.0,FOOD_COURT_A,19.85,0.1323,0.8922,0.1239,39.32,0.0996,0.4331,0.001235,7.93,2.27,5.66,SAFE,lunch_rush
2663.0,FOOD_COURT_A,18.48,0.1232,0.8102,0.1348,45.73,0.0687,0.167,0.002602,5.72,2.65,3.07,SAFE,lunch_rush
2664.0,FOOD_COURT_A,14.54,0.0969,1.1757,0.1298,50.29,0.1261,0.1998,0.002414,8.81,4.53,4.28,SAFE,lunch_rush
2665.0,FOOD_COURT_A,23.98,0.1599,1.0707,0.1049,53.8,0.0922,0.5425,0.002545,10.38,7.52,2.86,SAFE,lunch_rush
2666.0,FOOD_COURT_A,12.78,0.0852,1.3031,0.1449,41.63,0.1123,0.4463,0.005997,6.24,0.78,5.47,SAFE,lunch_rush
2667.0,FOOD_COURT_A,16.5,0.11,1.0178,0.1393,43.41,0.0915,0.3815,0.00435,5.5,2.24,3.26,SAFE,lunch_rush
2668.0,FOOD_COURT_A,21.32,0.1421,1.1433,0.1704,26.86,0.093,0.396,0.002511,7.02,3.16,3.86,SAFE,lunch_rush
2669.0,FOOD_COURT_A,23.45,0.1563,1.4828,0.0878,30.39,0.1182,0.4039,0.003641,3.03,1.55,1.48,SAFE,lunch_rush
2670.0,FOOD_COURT_A,19.16,0.1277,1.0405,0.0467,37.04,0.0762,0.3699,0.00172,11.1,5.07,6.03,SAFE,lunch_rush
2671.0,FOOD_COURT_A,28.37,0.1892,1.1424,0.0831,31.09,0.0434,0.2866,0.003719,7.13,0.93,6.2,SAFE,lunch_rush
2672.0,FOOD_COURT_A,12.64,0.0843,1.2157,0.1383,29.0,0.0804,0.3049,0.002258,8.24,4.83,3.41,SAFE,lunch_rush
2673.0,FOOD_COURT_A,18.24,0.1216,1.4544,0.0415,38.67,0.0847,0.3418,0.001586,7.65,3.84,3.81,SAFE,lunch_rush
2674.0,FOOD_COURT_A,23.17,0.1545,1.2012,0.0431,38.44,0.0254,0.3942,0.002476,9.91,4.62,5.3,SAFE,lunch_rush
2675.0,FOOD_COURT_A,20.06,0.1337,1.21,0.1286,48.8,0.0516,0.4139,0.001873,2.45,1.18,1.27,SAFE,lunch_rush
2676.0,FOOD_COURT_A,29.6,0.1973,1.3393,0.0841,79.92,0.0734,0.5027,0.003007,8.82,5.26,3.55,SAFE,lunch_rush
2677.0,FOOD_COURT_A,13.84,0.0923,1.0901,0.0886,61.34,0.1055,0.5395,0.003436,2.81,2.21,0.6,SAFE,lunch_rush
2678.0,FOOD_COURT_A,11.78,0.0785,1.1982,0.1528,69.72,0.1075,0.4463,0.005843,10.51,6.29,4.23,SAFE,lunch_rush
2679.0,FOOD_COURT_A,12.44,0.0829,1.1154,0.1371,62.35,0.1031,0.3409,0.001906,1.12,0.86,0.25,SAFE,lunch_rush
2680.0,FOOD_COURT_A,25.14,0.1676,1.0437,0.216,49.95,0.0485,0.2307,0.004631,5.45,2.36,3.09,SAFE,lunch_rush
2681.0,FOOD_COURT_A,36.99,0.2466,1.115,0.0964,50.85,0.0777,0.4108,0.00419,8.11,3.27,4.85,SAFE,lunch_rush
2682.0,FOOD_COURT_A,25.11,0.1674,1.0573,0.1286,41.63,0.0851,0.3001,0.002566,4.91,3.42,1.5,SAFE,lunch_rush
2683.0,FOOD_COURT_A,18.05,0.1203,1.3439,0.1287,41.07,0.0771,0.3103,0.001882,8.16,3.6,4.56,SAFE,lunch_rush
2684.0,FOOD_COURT_A,22.02,0.1468,1.3256,0.1597,31.34,0.1234,0.4025,0.003861,6.69,5.34,1.35,SAFE,lunch_rush
2685.0,FOOD_COURT_A,24.7,0.1646,1.3872,0.1526,42.7,0.1405,0.4356,0.00239,7.04,2.05,4.99,SAFE,lunch_rush
2686.0,FOOD_COURT_A,18.65,0.1243,0.8732,0.1235,52.97,0.0513,0.6105,0.001886,5.27,2.86,2.41,SAFE,lunch_rush
2687.0,FOOD_COURT_A,25.74,0.1716,0.9328,0.2124,44.6,0.0787,0.5225,0.001854,8.54,3.31,5.23,SAFE,lunch_rush
2688.0,FOOD_COURT_A,22.05,0.147,1.1911,0.1412,29.61,0.1311,0.4982,0.000976,7.82,5.23,2.59,SAFE,lunch_rush
2689.0,FOOD_COURT_A,45.18,0.3012,0.6923,0.1636,64.34,0.2822,0.5561,0.014791,14.68,6.55,8.13,WARNING,lunch_rush
2690.0,FOOD_COURT_A,52.55,0.3503,0.6405,0.3317,85.24,0.2814,0.6005,0.010345,16.8,7.76,9.04,WARNING,lunch_rush
2691.0,FOOD_COURT_A,28.66,0.1911,1.0851,0.1565,51.8,0.1277,0.3278,0.007429,4.19,2.94,1.25,SAFE,lunch_rush
2692.0,FOOD_COURT_A,20.25,0.135,1.2008,0.1097,47.11,0.0824,0.4955,0.004031,6.28,4.14,2.14,SAFE,lunch_rush
2693.0,FOOD_COURT_A,30.79,0.2053,1.5472,0.0539,50.31,0.0425,0.418,0.003673,9.34,5.5,3.84,SAFE,lunch_rush
2694.0,FOOD_COURT_A,25.17,0.1678,1.1427,0.1823,42.05,0.0683,0.5296,0.003698,4.56,2.27,2.29,SAFE,lunch_rush
2695.0,FOOD_COURT_A,21.93,0.1462,1.2085,0.2041,54.37,0.0992,0.5031,0.004539,7.89,4.11,3.78,SAFE,lunch_rush
2696.0,FOOD_COURT_A,14.0,0.0933,1.0922,0.1112,51.32,0.11,0.5208,0.002946,5.36,1.43,3.94,SAFE,lunch_rush
2697.0,FOOD_COURT_A,24.32,0.1621,1.0503,0.0779,30.9,0.0781,0.4974,0.002424,7.88,5.19,2.69,SAFE,lunch_rush
2698.0,FOOD_COURT_A,28.18,0.1879,0.9693,0.0404,12.77,0.0519,0.3617,0.004815,7.39,3.99,3.4,SAFE,lunch_rush
2699.0,FOOD_COURT_A,23.21,0.1547,1.3049,0.0121,60.71,0.0774,0.2426,0.005625,7.35,3.49,3.85,SAFE,lunch_rush
2700.0,FOOD_COURT_A,22.19,0.1479,0.9506,0.0956,49.11,0.033,0.2578,0.001775,8.5,4.12,4.38,SAFE,lunch_rush
2701.0,FOOD_COURT_A,19.98,0.1332,1.0796,0.0832,46.49,0.0422,0.3221,0.000953,4.07,0.61,3.46,SAFE,lunch_rush
2702.0,FOOD_COURT_A,14.47,0.0965,0.8991,0.025,44.18,0.0126,0.421,0.001877,5.65,4.04,1.61,SAFE,lunch_rush
2703.0,FOOD_COURT_A,13.15,0.0877,1.1394,0.1303,35.17,0.0886,0.3854,0.003114,5.86,2.41,3.45,SAFE,lunch_rush
2704.0,FOOD_COURT_A,42.51,0.2834,0.7559,0.2925,72.63,0.2522,0.6228,0.003903,9.72,3.43,6.29,WARNING,lunch_rush
2705.0,FOOD_COURT_A,55.97,0.3731,0.5173,0.4004,96.21,0.43,0.69,0.016593,15.97,7.86,8.11,WARNING,lunch_rush
2706.0,FOOD_COURT_A,55.27,0.3684,0.7004,0.3974,122.21,0.3959,0.6888,0.008022,10.05,6.63,3.43,WARNING,lunch_rush
2707.0,FOOD_COURT_A,73.07,0.4871,0.6742,0.4171,77.85,0.4447,0.63,0.009935,15.51,6.69,8.82,WARNING,lunch_rush
2708.0,FOOD_COURT_A,71.28,0.4752,0.6058,0.3312,94.72,0.2924,0.7029,0.013991,10.15,5.79,4.36,WARNING,lunch_rush
2709.0,FOOD_COURT_A,48.21,0.3214,0.6482,0.3427,95.15,0.2969,0.6947,0.007973,15.04,6.74,8.3,WARNING,lunch_rush
2710.0,FOOD_COURT_A,39.31,0.2621,0.7181,0.5007,108.25,0.432,0.6919,0.012402,17.06,7.87,9.18,WARNING,lunch_rush
2711.0,FOOD_COURT_A,42.58,0.2839,0.4501,0.4643,132.35,0.4154,0.7375,0.020271,8.16,5.05,3.11,WARNING,lunch_rush
2712.0,FOOD_COURT_A,51.25,0.3417,0.4193,0.3576,107.76,0.3236,0.6658,0.00808,17.69,9.78,7.91,WARNING,lunch_rush
2713.0,FOOD_COURT_A,52.09,0.3473,0.5686,0.3398,95.51,0.3297,0.6546,0.011259,17.38,8.47,8.92,WARNING,lunch_rush
2714.0,FOOD_COURT_A,31.01,0.2067,0.9301,0.2086,66.63,0.1471,0.429,0.003378,3.26,1.08,2.18,SAFE,lunch_rush
2715.0,FOOD_COURT_A,24.82,0.1655,0.7058,0.138,57.74,0.1187,0.372,0.004582,9.7,4.82,4.88,SAFE,lunch_rush
2716.0,FOOD_COURT_A,20.65,0.1377,1.2254,0.1057,54.11,0.0356,0.3506,0.004113,6.98,2.87,4.11,SAFE,lunch_rush
2717.0,FOOD_COURT_A,20.6,0.1374,1.0736,0.062,45.68,0.0844,0.2244,0.002291,7.0,3.54,3.46,SAFE,lunch_rush
2718.0,FOOD_COURT_A,29.45,0.1963,0.8868,0.0462,44.44,0.0555,0.5737,0.001411,7.91,1.6,6.31,SAFE,lunch_rush
2719.0,FOOD_COURT_A,25.66,0.1711,1.3256,0.1136,44.3,0.0292,0.4625,0.000423,5.78,0.29,5.49,SAFE,lunch_rush
2720.0,FOOD_COURT_A,12.11,0.0807,1.0226,0.0808,33.19,0.0087,0.2283,0.001687,6.5,1.99,4.51,SAFE,lunch_rush
2721.0,FOOD_COURT_A,11.78,0.0785,0.8939,0.0884,37.21,0.0195,0.3453,0.003628,10.43,8.15,2.29,SAFE,lunch_rush
2722.0,FOOD_COURT_A,22.89,0.1526,0.9081,0.1929,34.39,0.0545,0.3518,0.001193,7.64,4.05,3.59,SAFE,lunch_rush
2723.0,FOOD_COURT_A,20.81,0.1388,0.9766,0.1642,57.57,0.0645,0.3237,0.00272,6.6,2.56,4.04,SAFE,lunch_rush
2724.0,FOOD_COURT_A,18.3,0.122,1.4113,0.1137,38.91,0.0957,0.342,0.002641,4.93,3.29,1.64,SAFE,lunch_rush
2725.0,FOOD_COURT_A,27.67,0.1845,1.5438,0.1091,45.82,0.0884,0.5001,0.003326,7.87,3.08,4.78,SAFE,lunch_rush
2726.0,FOOD_COURT_A,20.53,0.1369,1.2377,0.0592,39.65,0.0775,0.6047,0.00413,4.5,2.72,1.78,SAFE,lunch_rush
2727.0,FOOD_COURT_A,43.35,0.289,0.857,0.3535,59.87,0.2362,0.5839,0.009694,16.71,8.09,8.62,WARNING,lunch_rush
2728.0,FOOD_COURT_A,40.99,0.2733,0.8025,0.4861,73.92,0.2849,0.756,0.007493,19.44,8.98,10.47,WARNING,lunch_rush
2729.0,FOOD_COURT_A,79.67,0.5311,0.3738,0.639,210.59,0.43,0.7818,0.025697,18.72,11.54,7.17,HIGH,lunch_rush
2730.0,FOOD_COURT_A,70.98,0.4732,0.3508,0.7256,212.22,0.6267,0.8082,0.018377,18.41,8.8,9.62,HIGH,lunch_rush
2731.0,FOOD_COURT_A,90.71,0.6047,0.2899,0.7175,229.59,0.6833,0.8706,0.027714,9.15,4.55,4.61,HIGH,lunch_rush
2732.0,FOOD_COURT_A,101.91,0.6794,0.2983,0.7922,166.57,0.6195,0.8471,0.025421,19.52,8.6,10.92,HIGH,lunch_rush
2733.0,FOOD_COURT_A,91.58,0.6106,0.1577,0.8773,154.08,0.4914,0.8265,0.03286,25.71,13.58,12.12,HIGH,lunch_rush
2734.0,FOOD_COURT_A,98.91,0.6594,0.239,0.7452,181.09,0.5959,0.895,0.025659,17.31,6.72,10.59,HIGH,lunch_rush
2735.0,FOOD_COURT_A,90.64,0.6043,0.1831,0.674,161.81,0.678,0.9008,0.023648,19.24,7.7,11.54,HIGH,lunch_rush
2736.0,FOOD_COURT_A,63.56,0.4238,0.5501,0.581,118.8,0.4604,0.7365,0.014338,14.11,9.13,4.97,WARNING,lunch_rush
2737.0,FOOD_COURT_A,65.55,0.437,0.56,0.3306,82.32,0.3973,0.781,0.007972,13.94,6.59,7.36,WARNING,lunch_rush
2738.0,FOOD_COURT_A,47.74,0.3182,0.6963,0.3509,98.37,0.4151,0.7004,0.005138,21.62,12.37,9.24,WARNING,lunch_rush
2739.0,FOOD_COURT_A,48.64,0.3243,0.6526,0.3934,81.59,0.3583,0.7119,0.01109,15.47,8.48,6.99,WARNING,lunch_rush
2740.0,FOOD_COURT_A,51.57,0.3438,0.5867,0.2984,103.77,0.3866,0.6009,0.009132,12.39,7.22,5.17,WARNING,lunch_rush
2741.0,FOOD_COURT_A,45.45,0.303,0.7351,0.3878,105.71,0.2122,0.623,0.011549,15.63,6.98,8.65,WARNING,lunch_rush
2742.0,FOOD_COURT_A,24.99,0.1666,0.9378,0.1845,61.86,0.1394,0.3873,0.008958,6.18,0.14,6.04,SAFE,lunch_rush
2743.0,FOOD_COURT_A,11.83,0.0788,1.0777,0.0935,57.57,0.0658,0.3661,0.003476,5.9,2.57,3.33,SAFE,lunch_rush
2744.0,FOOD_COURT_A,17.79,0.1186,1.2009,0.1012,53.84,0.0497,0.3135,0.004159,7.77,3.2,4.57,SAFE,lunch_rush
2745.0,FOOD_COURT_A,21.81,0.1454,0.9658,0.1227,34.0,0.0638,0.2494,0.002697,10.69,2.46,8.23,SAFE,lunch_rush
2746.0,FOOD_COURT_A,31.61,0.2107,1.1505,0.1531,36.17,0.0666,0.2755,0.002047,8.35,3.99,4.36,SAFE,lunch_rush
2747.0,FOOD_COURT_A,19.98,0.1332,1.2728,0.1341,42.49,0.0603,0.5209,0.003999,5.19,2.5,2.69,SAFE,lunch_rush
2748.0,FOOD_COURT_A,19.85,0.1324,1.3093,0.1325,45.43,0.0527,0.3907,0.005392,8.51,2.43,6.08,SAFE,lunch_rush
2749.0,FOOD_COURT_A,41.56,0.2771,0.9344,0.3026,48.64,0.2082,0.5401,0.015821,16.28,4.27,12.02,WARNING,lunch_rush
2750.0,FOOD_COURT_A,49.07,0.3271,0.6966,0.4047,44.74,0.2035,0.4776,0.011447,10.61,8.78,1.83,WARNING,lunch_rush
2751.0,FOOD_COURT_A,29.02,0.1934,1.005,0.154,34.31,0.1041,0.3638,0.006363,9.19,6.62,2.57,SAFE,lunch_rush
2752.0,FOOD_COURT_A,24.14,0.161,1.2199,0.1564,48.73,0.0856,0.4546,0.005697,8.57,3.87,4.69,SAFE,lunch_rush
2753.0,FOOD_COURT_A,12.83,0.0855,1.1935,0.1576,41.02,0.0668,0.2701,0.004439,12.78,5.36,7.42,SAFE,lunch_rush
2754.0,FOOD_COURT_A,21.7,0.1447,1.1188,0.1276,28.39,0.0663,0.4552,0.00505,2.88,1.1,1.78,SAFE,lunch_rush
2755.0,FOOD_COURT_A,30.09,0.2006,1.1265,0.1453,37.04,0.0593,0.463,0.004166,6.21,2.07,4.14,SAFE,lunch_rush
2756.0,FOOD_COURT_A,23.91,0.1594,1.3398,0.133,30.92,0.0265,0.4463,0.003813,6.14,0.56,5.59,SAFE,lunch_rush
2757.0,FOOD_COURT_A,29.51,0.1968,1.2028,0.1369,56.36,0.0591,0.4207,0.002331,9.65,4.57,5.08,SAFE,lunch_rush
2758.0,FOOD_COURT_A,30.19,0.2013,1.1688,0.0826,43.41,0.1398,0.4416,0.002579,3.44,1.1,2.33,SAFE,lunch_rush
2759.0,FOOD_COURT_A,20.9,0.1393,1.3482,0.0685,41.36,0.117,0.4397,0.003534,6.0,3.98,2.02,SAFE,lunch_rush
2760.0,FOOD_COURT_A,12.14,0.0809,1.092,0.0948,53.21,0.0389,0.301,0.004143,8.23,2.62,5.62,SAFE,lunch_rush
2761.0,FOOD_COURT_A,11.25,0.075,1.1086,0.1182,34.03,0.0215,0.3812,0.002555,7.61,3.05,4.57,SAFE,lunch_rush
2762.0,FOOD_COURT_A,6.35,0.0424,1.489,0.0612,39.35,0.0519,0.2498,0.002059,6.42,3.07,3.35,SAFE,lunch_rush
2763.0,FOOD_COURT_A,15.03,0.1002,1.4328,0.1036,51.47,0.0822,0.4234,0.004923,5.68,5.25,0.43,SAFE,lunch_rush
2764.0,FOOD_COURT_A,19.87,0.1325,1.1191,0.1121,40.6,0.0707,0.4653,0.00386,4.3,4.3,0.0,SAFE,lunch_rush
2765.0,FOOD_COURT_A,35.6,0.2373,0.8105,0.3629,72.31,0.1673,0.6093,0.013304,15.62,8.25,7.37,WARNING,lunch_rush
2766.0,FOOD_COURT_A,49.29,0.3286,0.7335,0.4231,91.98,0.3495,0.6246,0.011061,11.87,2.12,9.76,WARNING,lunch_rush
2767.0,FOOD_COURT_A,32.0,0.2133,1.0966,0.2117,60.56,0.1441,0.507,0.004215,6.74,3.92,2.82,SAFE,lunch_rush
2768.0,FOOD_COURT_A,63.5,0.4233,0.7043,0.2841,70.92,0.2708,0.7604,0.008164,12.19,4.38,7.81,WARNING,lunch_rush
2769.0,FOOD_COURT_A,65.97,0.4398,0.8069,0.4816,113.65,0.2433,0.6307,0.008134,16.41,6.97,9.44,WARNING,lunch_rush
2770.0,FOOD_COURT_A,47.38,0.3159,0.6254,0.3609,81.51,0.3199,0.6641,0.015191,15.97,10.31,5.65,WARNING,lunch_rush
2771.0,FOOD_COURT_A,51.79,0.3453,0.5419,0.314,77.4,0.3304,0.6262,0.015306,14.1,4.81,9.29,WARNING,lunch_rush
2772.0,FOOD_COURT_A,52.5,0.35,0.4967,0.3953,79.89,0.4083,0.6661,0.013632,14.93,9.35,5.57,WARNING,lunch_rush
2773.0,FOOD_COURT_A,57.0,0.38,0.7059,0.2932,87.63,0.4936,0.7481,0.016108,14.19,9.08,5.11,WARNING,lunch_rush
2774.0,FOOD_COURT_A,57.59,0.3839,0.5645,0.5046,72.54,0.4208,0.6079,0.011876,16.75,5.14,11.61,WARNING,lunch_rush
2775.0,FOOD_COURT_A,61.06,0.4071,0.6208,0.3922,76.13,0.417,0.5523,0.008202,14.81,4.94,9.87,WARNING,lunch_rush
2776.0,FOOD_COURT_A,61.02,0.4068,0.5169,0.3214,90.97,0.4873,0.6141,0.007589,11.44,9.11,2.33,WARNING,lunch_rush
2777.0,FOOD_COURT_A,56.82,0.3788,0.5552,0.421,84.76,0.3614,0.7228,0.01594,17.43,7.85,9.58,WARNING,lunch_rush
2778.0,FOOD_COURT_A,41.2,0.2747,0.7552,0.3947,99.44,0.3001,0.6798,0.016178,19.42,12.88,6.54,WARNING,lunch_rush
2779.0,FOOD_COURT_A,49.28,0.3285,0.6693,0.5437,87.15,0.3164,0.6397,0.011223,7.14,2.24,4.89,WARNING,lunch_rush
2780.0,FOOD_COURT_A,53.12,0.3541,0.6569,0.5185,111.21,0.2225,0.5422,0.019331,11.22,6.27,4.95,WARNING,lunch_rush
2781.0,FOOD_COURT_A,61.74,0.4116,0.7088,0.3653,128.93,0.3811,0.6331,0.021845,16.53,7.85,8.67,WARNING,lunch_rush
2782.0,FOOD_COURT_A,66.31,0.4421,0.6766,0.3003,103.69,0.3161,0.7716,0.017131,13.49,8.5,4.98,WARNING,lunch_rush
2783.0,FOOD_COURT_A,56.07,0.3738,0.66,0.426,70.7,0.3337,0.6615,0.017504,14.54,5.47,9.07,WARNING,lunch_rush
2784.0,FOOD_COURT_A,45.11,0.3007,0.6755,0.3775,107.61,0.3821,0.6607,0.013167,8.96,6.4,2.56,WARNING,lunch_rush
2785.0,FOOD_COURT_A,44.19,0.2946,0.658,0.5256,100.77,0.4162,0.7701,0.01447,15.89,8.98,6.9,WARNING,lunch_rush
2786.0,FOOD_COURT_A,47.75,0.3183,0.6722,0.397,89.95,0.4113,0.6094,0.016741,22.27,9.16,13.11,WARNING,lunch_rush
2787.0,FOOD_COURT_A,57.33,0.3822,0.5618,0.3501,87.19,0.3863,0.577,0.019424,14.85,8.58,6.27,WARNING,lunch_rush
2788.0,FOOD_COURT_A,57.77,0.3851,0.6731,0.3741,96.2,0.4051,0.7596,0.015351,19.77,12.28,7.49,WARNING,lunch_rush
2789.0,FOOD_COURT_A,67.46,0.4497,0.3224,0.3702,58.61,0.4478,0.6836,0.015747,18.95,11.11,7.84,WARNING,lunch_rush
2790.0,FOOD_COURT_A,61.01,0.4067,0.5143,0.3912,94.54,0.4422,0.6329,0.016845,9.07,4.74,4.33,WARNING,lunch_rush
2791.0,FOOD_COURT_A,62.04,0.4136,0.4213,0.3424,79.64,0.3476,0.6805,0.008605,20.68,11.4,9.28,WARNING,lunch_rush
2792.0,FOOD_COURT_A,51.62,0.3441,0.4911,0.4497,118.45,0.2923,0.697,0.013378,21.26,11.5,9.76,WARNING,lunch_rush
2793.0,FOOD_COURT_A,60.96,0.4064,0.6169,0.3882,118.95,0.2556,0.709,0.014905,4.49,4.25,0.24,WARNING,lunch_rush
2794.0,FOOD_COURT_A,49.42,0.3294,0.9002,0.3558,100.86,0.2277,0.756,0.014461,14.45,8.63,5.82,WARNING,lunch_rush
2795.0,FOOD_COURT_A,59.0,0.3933,0.5089,0.329,91.42,0.2832,0.6896,0.015817,7.25,6.24,1.0,WARNING,lunch_rush
2796.0,FOOD_COURT_A,60.81,0.4054,0.4935,0.4129,104.63,0.3489,0.6685,0.009227,4.64,3.59,1.04,WARNING,lunch_rush
2797.0,FOOD_COURT_A,61.21,0.4081,0.6868,0.4548,78.45,0.3498,0.843,0.009796,11.19,7.01,4.18,WARNING,lunch_rush
2798.0,FOOD_COURT_A,54.69,0.3646,0.8886,0.4128,86.4,0.4113,0.6502,0.009834,16.49,9.54,6.96,WARNING,lunch_rush
2799.0,FOOD_COURT_A,49.32,0.3288,0.8289,0.4103,112.0,0.4511,0.6449,0.015243,12.06,5.97,6.09,WARNING,lunch_rush
2800.0,FOOD_COURT_A,58.0,0.3867,0.68,0.343,92.39,0.4098,0.6568,0.015489,12.08,3.3,8.78,WARNING,lunch_rush
2801.0,FOOD_COURT_A,61.02,0.4068,0.7872,0.4063,66.13,0.3682,0.7227,0.009993,14.42,8.5,5.92,WARNING,lunch_rush
2802.0,FOOD_COURT_A,62.62,0.4175,0.6469,0.3253,111.12,0.2379,0.8334,0.01988,14.07,8.24,5.83,WARNING,lunch_rush
2803.0,FOOD_COURT_A,54.73,0.3648,0.896,0.3914,85.28,0.2126,0.8015,0.018494,8.8,4.3,4.5,WARNING,lunch_rush
2804.0,FOOD_COURT_A,58.83,0.3922,0.8238,0.461,92.26,0.3479,0.7477,0.011593,13.86,6.62,7.24,WARNING,lunch_rush
2805.0,FOOD_COURT_A,99.27,0.6618,0.4708,0.5609,143.5,0.5152,0.7441,0.029797,27.42,13.95,13.47,HIGH,lunch_rush
2806.0,FOOD_COURT_A,99.33,0.6622,0.313,0.6144,155.62,0.6476,0.8365,0.034857,25.37,13.64,11.73,HIGH,lunch_rush
2807.0,FOOD_COURT_A,94.22,0.6281,0.1937,0.7813,105.98,0.4173,0.8518,0.03841,29.0,18.36,10.64,HIGH,lunch_rush
2808.0,FOOD_COURT_A,66.88,0.4459,0.4081,0.4632,124.6,0.3856,0.664,0.021085,6.98,2.95,4.03,WARNING,lunch_rush
2809.0,FOOD_COURT_A,72.99,0.4866,0.6111,0.4794,75.79,0.4058,0.6965,0.007346,15.54,8.75,6.79,WARNING,lunch_rush
2810.0,FOOD_COURT_A,60.96,0.4064,0.3745,0.4301,91.83,0.3126,0.6661,0.013502,19.86,10.57,9.29,WARNING,lunch_rush
2811.0,FOOD_COURT_A,58.13,0.3875,0.7083,0.3209,91.71,0.436,0.698,0.007641,15.72,6.69,9.03,WARNING,lunch_rush
2812.0,FOOD_COURT_A,63.64,0.4243,0.8011,0.3409,89.13,0.408,0.7817,0.01132,10.65,8.31,2.34,WARNING,lunch_rush
2813.0,FOOD_COURT_A,67.57,0.4505,0.6261,0.3373,89.21,0.3767,0.8112,0.008679,15.06,9.52,5.54,WARNING,lunch_rush
2814.0,FOOD_COURT_A,40.75,0.2717,0.8945,0.2197,37.47,0.142,0.438,0.005581,5.48,1.64,3.84,SAFE,lunch_rush
2815.0,FOOD_COURT_A,31.06,0.2071,0.8724,0.0949,38.23,0.1103,0.2617,0.002071,5.86,3.31,2.56,SAFE,lunch_rush
2816.0,FOOD_COURT_A,32.92,0.2195,1.1575,0.0868,25.21,0.1061,0.334,0.002736,6.22,3.27,2.95,SAFE,lunch_rush
2817.0,FOOD_COURT_A,20.73,0.1382,1.5916,0.0896,50.68,0.0522,0.4071,0.001851,5.45,2.02,3.44,SAFE,lunch_rush
2818.0,FOOD_COURT_A,19.5,0.13,1.4468,0.0718,41.86,0.0952,0.4183,0.001313,4.56,2.43,2.14,SAFE,lunch_rush
2819.0,FOOD_COURT_A,22.67,0.1511,1.2172,0.0549,48.16,0.0914,0.3457,0.004073,7.22,1.48,5.74,SAFE,lunch_rush
2820.0,FOOD_COURT_A,19.24,0.1282,1.249,0.108,35.9,0.0487,0.3622,0.002971,10.02,5.85,4.17,SAFE,lunch_rush
2821.0,FOOD_COURT_A,28.6,0.1907,1.3289,0.0471,60.85,0.0532,0.3229,0.004402,1.26,1.02,0.24,SAFE,lunch_rush
2822.0,FOOD_COURT_A,19.99,0.1333,1.6387,0.1221,41.2,0.0566,0.4052,0.002064,9.09,4.77,4.32,SAFE,lunch_rush
2823.0,FOOD_COURT_A,25.44,0.1696,1.2785,0.0994,41.05,0.0793,0.3989,0.000619,9.71,5.43,4.28,SAFE,lunch_rush
2824.0,FOOD_COURT_A,23.22,0.1548,1.0295,0.1305,49.78,0.0608,0.3884,0.004363,1.21,1.21,0.0,SAFE,lunch_rush
2825.0,FOOD_COURT_A,15.94,0.1063,1.0196,0.1602,29.46,0.0586,0.3138,0.00456,5.38,2.27,3.1,SAFE,lunch_rush
2826.0,FOOD_COURT_A,20.22,0.1348,1.0228,0.069,42.15,0.0743,0.3221,0.002736,6.11,4.87,1.24,SAFE,lunch_rush
2827.0,FOOD_COURT_A,21.49,0.1433,0.7809,0.0473,52.09,0.0588,0.4244,0.001358,7.82,3.35,4.47,SAFE,lunch_rush
2828.0,FOOD_COURT_A,65.93,0.4395,0.4033,0.6396,114.72,0.4769,0.6728,0.025627,18.4,9.53,8.87,HIGH,lunch_rush
2829.0,FOOD_COURT_A,74.02,0.4935,0.2437,0.7025,175.21,0.435,0.7754,0.027172,20.63,12.65,7.98,HIGH,lunch_rush
2830.0,FOOD_COURT_A,77.35,0.5156,0.3209,0.9107,183.67,0.4794,0.7434,0.025412,29.48,15.32,14.16,HIGH,lunch_rush
2831.0,FOOD_COURT_A,78.95,0.5263,0.1346,0.9703,261.09,0.6032,0.8502,0.01966,26.77,17.17,9.6,HIGH,lunch_rush
2832.0,FOOD_COURT_A,93.03,0.6202,0.1994,0.7944,162.34,0.4364,0.8692,0.016724,29.57,11.94,17.63,HIGH,lunch_rush
2833.0,FOOD_COURT_A,92.51,0.6167,0.2254,0.7619,161.2,0.7087,0.8291,0.022938,23.22,10.14,13.08,HIGH,lunch_rush
2834.0,FOOD_COURT_A,104.22,0.6948,0.2501,0.8021,165.73,0.6942,0.8617,0.029653,17.64,11.76,5.89,HIGH,lunch_rush
2835.0,FOOD_COURT_A,102.57,0.6838,0.1499,0.8786,187.32,0.6115,0.8959,0.01761,18.43,10.8,7.63,HIGH,lunch_rush
2836.0,FOOD_COURT_A,72.82,0.4855,0.2163,0.7575,157.38,0.6986,0.9068,0.021715,17.39,9.27,8.12,HIGH,lunch_rush
2837.0,FOOD_COURT_A,79.36,0.5291,0.2464,0.8217,188.74,0.6371,0.8558,0.024585,24.95,7.79,17.17,HIGH,lunch_rush
2838.0,FOOD_COURT_A,69.62,0.4642,0.1783,0.8066,177.4,0.7189,0.7673,0.027597,22.49,11.67,10.81,HIGH,lunch_rush
2839.0,FOOD_COURT_A,79.74,0.5316,0.1341,0.9368,150.06,0.5174,0.8498,0.025681,24.24,12.4,11.84,HIGH,lunch_rush
2840.0,FOOD_COURT_A,81.57,0.5438,0.2336,0.7529,199.04,0.5798,0.9065,0.013918,23.54,12.46,11.08,HIGH,lunch_rush
2841.0,FOOD_COURT_A,83.59,0.5573,0.2879,0.6703,211.29,0.6207,0.8434,0.020434,18.12,4.91,13.2,HIGH,lunch_rush
2842.0,FOOD_COURT_A,81.66,0.5444,0.2409,0.7226,155.42,0.6623,0.9012,0.023509,23.57,12.21,11.36,HIGH,lunch_rush
2843.0,FOOD_COURT_A,104.96,0.6997,0.1899,0.8306,197.72,0.4263,0.8719,0.020121,14.16,10.68,3.48,HIGH,lunch_rush
2844.0,FOOD_COURT_A,90.93,0.6062,0.2895,0.6359,146.31,0.6569,0.8755,0.017647,19.31,7.46,11.85,HIGH,lunch_rush
2845.0,FOOD_COURT_A,74.95,0.4996,0.3228,0.5769,204.22,0.5275,0.8175,0.019652,22.99,13.15,9.84,HIGH,lunch_rush
2846.0,FOOD_COURT_A,90.0,0.6,0.3324,0.6561,237.64,0.5327,0.8418,0.01325,17.71,10.19,7.53,HIGH,lunch_rush
2847.0,FOOD_COURT_A,87.34,0.5823,0.1067,0.6301,171.9,0.5649,0.9525,0.021572,20.62,9.63,11.0,HIGH,lunch_rush
2848.0,FOOD_COURT_A,97.06,0.647,0.2559,0.5989,159.56,0.6302,0.7751,0.022595,18.41,10.51,7.9,HIGH,lunch_rush
2849.0,FOOD_COURT_A,92.62,0.6174,0.252,0.6907,201.26,0.5688,0.837,0.018211,17.43,13.99,3.43,HIGH,lunch_rush
2850.0,FOOD_COURT_A,105.04,0.7002,0.3543,0.7724,167.7,0.68,0.914,0.023621,21.17,13.84,7.32,HIGH,lunch_rush
2851.0,FOOD_COURT_A,93.6,0.624,0.3363,0.8011,197.16,0.7282,0.906,0.022889,20.63,11.92,8.71,HIGH,lunch_rush
2852.0,FOOD_COURT_A,83.54,0.557,0.31,0.656,234.85,0.7456,0.8947,0.025118,25.6,14.87,10.73,HIGH,lunch_rush
2853.0,FOOD_COURT_A,97.78,0.6518,0.1278,0.7114,179.33,0.6659,0.9454,0.025388,29.51,15.97,13.54,HIGH,lunch_rush
2854.0,FOOD_COURT_A,104.0,0.6933,0.1396,0.6033,131.15,0.6129,0.8779,0.022823,23.34,9.64,13.7,HIGH,lunch_rush
2855.0,FOOD_COURT_A,96.4,0.6427,0.1833,0.7029,155.41,0.4674,0.8137,0.028618,21.28,7.57,13.71,HIGH,lunch_rush
2856.0,FOOD_COURT_A,72.4,0.4827,0.1559,0.6892,126.3,0.3701,0.9164,0.024969,17.41,6.85,10.56,HIGH,lunch_rush
2857.0,FOOD_COURT_A,83.66,0.5577,0.2608,0.6118,144.35,0.54,0.8372,0.026337,23.19,18.98,4.22,HIGH,lunch_rush
2858.0,FOOD_COURT_A,92.47,0.6165,0.1737,0.6737,119.99,0.6123,0.8291,0.03006,17.25,7.58,9.68,HIGH,lunch_rush
2859.0,FOOD_COURT_A,97.6,0.6506,0.1555,0.5266,185.51,0.5618,0.8732,0.033204,24.23,14.43,9.8,HIGH,lunch_rush
2860.0,FOOD_COURT_A,96.36,0.6424,0.1174,0.6755,167.6,0.6316,0.8717,0.030676,25.12,12.93,12.19,HIGH,lunch_rush
2861.0,FOOD_COURT_A,103.44,0.6896,0.3113,0.7755,171.38,0.6249,0.896,0.036049,18.62,7.71,10.91,HIGH,lunch_rush
2862.0,FOOD_COURT_A,104.98,0.6999,0.262,0.8245,179.05,0.5651,0.8528,0.029477,24.1,11.9,12.2,HIGH,lunch_rush
2863.0,FOOD_COURT_A,83.62,0.5575,0.3213,0.7338,192.18,0.6172,0.8491,0.036723,33.42,14.2,19.22,HIGH,lunch_rush
2864.0,FOOD_COURT_A,82.41,0.5494,0.2209,0.7949,153.14,0.6045,0.8928,0.025297,13.82,10.25,3.57,HIGH,lunch_rush
2865.0,FOOD_COURT_A,60.13,0.4009,0.5417,0.521,115.46,0.3994,0.9167,0.013116,11.96,8.1,3.86,WARNING,lunch_rush
2866.0,FOOD_COURT_A,41.71,0.2781,0.8096,0.1702,78.69,0.1729,0.5749,0.005721,4.32,1.23,3.09,SAFE,lunch_rush
2867.0,FOOD_COURT_A,25.02,0.1668,1.1381,0.1558,27.45,0.104,0.4893,0.006816,3.24,3.23,0.02,SAFE,lunch_rush
2868.0,FOOD_COURT_A,13.75,0.0917,1.0313,0.175,35.88,0.1127,0.4953,0.006237,8.32,4.92,3.4,SAFE,lunch_rush
2869.0,FOOD_COURT_A,19.91,0.1327,1.3508,0.1753,45.56,0.0724,0.4402,0.001871,6.38,4.64,1.74,SAFE,lunch_rush
2870.0,FOOD_COURT_A,16.88,0.1125,1.1639,0.0965,54.93,0.1203,0.4215,0.002658,10.89,4.54,6.35,SAFE,lunch_rush
2871.0,FOOD_COURT_A,25.58,0.1705,1.0347,0.0473,60.18,0.0834,0.4833,0.002482,4.58,2.01,2.58,SAFE,lunch_rush
2872.0,FOOD_COURT_A,42.06,0.2804,0.7968,0.2873,74.55,0.3378,0.7399,0.005785,17.05,7.81,9.24,WARNING,lunch_rush
2873.0,FOOD_COURT_A,47.42,0.3162,0.6986,0.3831,79.79,0.3163,0.7119,0.013756,15.41,5.32,10.09,WARNING,lunch_rush
2874.0,FOOD_COURT_A,25.9,0.1727,0.9087,0.1572,58.15,0.1831,0.4942,0.008597,6.75,3.66,3.09,SAFE,lunch_rush
2875.0,FOOD_COURT_A,19.39,0.1292,0.868,0.0576,39.37,0.1007,0.4681,0.004787,5.8,3.48,2.32,SAFE,lunch_rush
2876.0,FOOD_COURT_A,13.84,0.0922,1.1257,0.104,33.58,0.0556,0.4178,0.001907,3.88,0.82,3.07,SAFE,lunch_rush
2877.0,FOOD_COURT_A,26.82,0.1788,1.0291,0.0312,46.65,0.0167,0.4003,0.003775,3.13,1.8,1.33,SAFE,lunch_rush
2878.0,FOOD_COURT_A,27.07,0.1805,0.8947,0.0232,44.83,0.0277,0.369,0.00464,6.47,2.41,4.06,SAFE,lunch_rush
2879.0,FOOD_COURT_A,8.79,0.0586,1.3081,0.043,46.74,0.0424,0.3586,0.003568,9.21,5.27,3.94,SAFE,lunch_rush
2880.0,FOOD_COURT_A,14.66,0.0978,1.1971,0.0793,24.32,0.0709,0.2978,0.003093,7.67,5.04,2.63,SAFE,lunch_rush
2881.0,FOOD_COURT_A,23.09,0.154,1.2851,0.0577,23.99,0.0536,0.2635,0.005441,8.88,6.04,2.84,SAFE,lunch_rush
2882.0,FOOD_COURT_A,13.8,0.092,1.3147,0.07,58.27,0.0784,0.406,0.002784,5.83,3.99,1.84,SAFE,lunch_rush
2883.0,FOOD_COURT_A,25.77,0.1718,1.2213,0.03,45.48,0.0817,0.3741,0.001743,8.11,6.75,1.36,SAFE,lunch_rush
2884.0,FOOD_COURT_A,31.16,0.2077,1.3018,0.01,45.99,0.0871,0.484,0.002607,6.74,4.28,2.47,SAFE,lunch_rush
2885.0,FOOD_COURT_A,23.03,0.1535,1.2523,0.0332,53.97,0.0646,0.5037,0.002125,8.82,4.19,4.64,SAFE,lunch_rush
2886.0,FOOD_COURT_A,27.53,0.1835,1.0888,0.0515,41.87,0.1053,0.4734,0.002156,10.28,3.58,6.71,SAFE,lunch_rush
2887.0,FOOD_COURT_A,22.29,0.1486,1.0237,0.0173,33.83,0.1347,0.4961,0.00198,6.02,3.42,2.6,SAFE,lunch_rush
2888.0,FOOD_COURT_A,18.38,0.1225,1.0216,0.0901,27.66,0.1062,0.3881,0.000594,8.2,4.58,3.62,SAFE,lunch_rush
2889.0,FOOD_COURT_A,10.78,0.0719,1.047,0.1542,61.33,0.0603,0.3496,0.002638,8.97,6.03,2.94,SAFE,lunch_rush
2890.0,FOOD_COURT_A,47.2,0.3147,0.8059,0.3967,128.11,0.1961,0.6212,0.009497,15.89,9.53,6.36,WARNING,lunch_rush
2891.0,FOOD_COURT_A,29.13,0.1942,1.2695,0.119,64.01,0.1666,0.4514,0.00583,7.44,4.48,2.96,SAFE,lunch_rush
2892.0,FOOD_COURT_A,22.43,0.1496,1.4896,0.168,66.44,0.1271,0.3044,0.00391,8.83,6.23,2.59,SAFE,lunch_rush
2893.0,FOOD_COURT_A,25.97,0.1732,1.2533,0.0789,41.04,0.0537,0.2639,0.003467,5.67,2.85,2.82,SAFE,lunch_rush
2894.0,FOOD_COURT_A,26.47,0.1765,1.1869,0.1109,24.57,0.0859,0.3557,0.003951,7.78,3.73,4.05,SAFE,lunch_rush
2895.0,FOOD_COURT_A,46.13,0.3075,0.7372,0.4035,72.55,0.3622,0.5512,0.010533,9.07,4.87,4.2,WARNING,lunch_rush
2896.0,FOOD_COURT_A,51.02,0.3401,0.6505,0.1834,85.31,0.3729,0.6641,0.011468,12.03,5.02,7.02,WARNING,lunch_rush
2897.0,FOOD_COURT_A,48.22,0.3215,0.9111,0.3375,112.51,0.4525,0.7436,0.013786,8.32,4.05,4.27,WARNING,lunch_rush
2898.0,FOOD_COURT_A,51.19,0.3413,0.6102,0.2636,91.8,0.3514,0.683,0.008175,4.85,1.08,3.76,WARNING,lunch_rush
2899.0,FOOD_COURT_A,61.76,0.4117,0.6903,0.4335,102.83,0.4105,0.6148,0.013468,17.71,12.65,5.07,WARNING,lunch_rush
2900.0,FOOD_COURT_A,53.51,0.3567,0.6047,0.4101,87.23,0.2016,0.776,0.013316,13.55,6.65,6.9,WARNING,lunch_rush
2901.0,FOOD_COURT_A,53.2,0.3547,0.7004,0.4388,89.74,0.2466,0.6592,0.014464,12.1,6.83,5.28,WARNING,lunch_rush
2902.0,FOOD_COURT_A,82.8,0.552,0.3864,0.6335,191.3,0.6134,0.8288,0.026083,24.75,11.45,13.29,HIGH,lunch_rush
2903.0,FOOD_COURT_A,80.76,0.5384,0.1414,0.5977,162.37,0.6664,0.8413,0.027536,20.84,10.09,10.76,HIGH,lunch_rush
2904.0,FOOD_COURT_A,84.45,0.563,0.1767,0.6796,180.64,0.7256,0.9524,0.014473,18.31,11.51,6.8,HIGH,lunch_rush
2905.0,FOOD_COURT_A,65.71,0.438,0.3264,0.5517,77.68,0.4737,0.7387,0.013337,12.2,10.05,2.16,WARNING,lunch_rush
2906.0,FOOD_COURT_A,86.56,0.5771,0.2771,0.6709,125.7,0.5387,0.7336,0.029141,30.05,12.0,18.05,HIGH,lunch_rush
2907.0,FOOD_COURT_A,61.05,0.407,0.527,0.3824,73.5,0.3732,0.7324,0.018645,16.11,9.02,7.09,WARNING,lunch_rush
2908.0,FOOD_COURT_A,73.4,0.4893,0.5611,0.5202,67.3,0.3295,0.5852,0.015906,14.56,5.31,9.25,WARNING,lunch_rush
2909.0,FOOD_COURT_A,61.54,0.4103,0.4507,0.3116,75.56,0.3206,0.6242,0.014555,9.62,3.01,6.61,WARNING,lunch_rush
2910.0,FOOD_COURT_A,43.11,0.2874,0.3225,0.3702,78.19,0.4695,0.5949,0.012722,17.28,8.46,8.82,WARNING,lunch_rush
2911.0,FOOD_COURT_A,45.47,0.3031,0.5127,0.2406,109.22,0.3671,0.5362,0.014785,16.67,9.0,7.68,WARNING,lunch_rush
2912.0,FOOD_COURT_A,30.96,0.2064,1.2852,0.0722,65.83,0.2325,0.3099,0.005567,6.72,2.97,3.75,SAFE,lunch_rush
2913.0,FOOD_COURT_A,22.18,0.1478,1.023,0.1304,34.86,0.1641,0.3591,0.00309,5.08,1.51,3.57,SAFE,lunch_rush
2914.0,FOOD_COURT_A,20.33,0.1355,1.3391,0.1402,47.74,0.1437,0.256,0.004743,8.37,4.98,3.39,SAFE,lunch_rush
2915.0,FOOD_COURT_A,13.79,0.0919,1.4939,0.1255,42.87,0.0921,0.33,0.004651,6.23,2.34,3.89,SAFE,lunch_rush
2916.0,FOOD_COURT_A,12.46,0.0831,1.4089,0.1352,46.29,0.105,0.4311,0.003668,4.85,2.88,1.97,SAFE,lunch_rush
2917.0,FOOD_COURT_A,21.02,0.1401,1.5789,0.0868,37.32,0.0792,0.3906,0.003036,7.53,2.6,4.93,SAFE,lunch_rush
2918.0,FOOD_COURT_A,20.18,0.1345,1.4073,0.073,54.01,0.0711,0.4936,0.00315,5.03,3.34,1.7,SAFE,lunch_rush
2919.0,FOOD_COURT_A,32.55,0.217,1.1481,0.1253,47.83,0.0937,0.3866,0.004842,5.4,3.68,1.71,SAFE,lunch_rush
2920.0,FOOD_COURT_A,22.06,0.147,1.138,0.1454,46.73,0.1038,0.4078,0.005189,9.11,2.87,6.24,SAFE,lunch_rush
2921.0,FOOD_COURT_A,37.86,0.2524,0.6782,0.3494,91.75,0.1276,0.6563,0.012713,14.2,9.28,4.92,WARNING,lunch_rush
2922.0,FOOD_COURT_A,78.6,0.524,0.3704,0.5488,157.88,0.3356,0.8509,0.02468,10.94,7.69,3.25,HIGH,lunch_rush
2923.0,FOOD_COURT_A,42.96,0.2864,0.5201,0.4384,134.31,0.3089,0.6944,0.015689,20.51,10.3,10.21,WARNING,lunch_rush
2924.0,FOOD_COURT_A,52.46,0.3498,0.4778,0.2974,87.58,0.4758,0.7186,0.004707,17.24,10.36,6.88,WARNING,lunch_rush
2925.0,FOOD_COURT_A,58.45,0.3896,0.563,0.3592,85.68,0.5096,0.6663,0.008837,17.21,10.2,7.01,WARNING,lunch_rush
2926.0,FOOD_COURT_A,58.0,0.3867,0.5369,0.2586,111.9,0.443,0.6983,0.013049,5.83,5.83,0.0,WARNING,lunch_rush
2927.0,FOOD_COURT_A,60.2,0.4014,0.5423,0.3707,78.79,0.2969,0.6053,0.012018,6.5,3.02,3.49,WARNING,lunch_rush
2928.0,FOOD_COURT_A,55.98,0.3732,0.411,0.3793,102.27,0.3462,0.6862,0.012379,7.67,5.68,1.99,WARNING,lunch_rush
2929.0,FOOD_COURT_A,55.27,0.3685,0.4652,0.2842,65.42,0.334,0.5877,0.010821,11.45,6.72,4.72,WARNING,lunch_rush
2930.0,FOOD_COURT_A,42.76,0.2851,0.6184,0.3167,54.64,0.3113,0.6069,0.012155,11.67,3.47,8.2,WARNING,lunch_rush
2931.0,FOOD_COURT_A,32.88,0.2192,1.0095,0.1923,43.15,0.1899,0.4084,0.006206,3.59,2.87,0.72,SAFE,lunch_rush
2932.0,FOOD_COURT_A,16.98,0.1132,1.3346,0.0661,30.0,0.1015,0.3678,0.004276,4.72,0.64,4.08,SAFE,lunch_rush
2933.0,FOOD_COURT_A,15.69,0.1046,1.1318,0.0826,39.66,0.1218,0.4481,0.002259,5.02,3.92,1.1,SAFE,lunch_rush
2934.0,FOOD_COURT_A,15.21,0.1014,1.0986,0.0778,27.81,0.1576,0.3987,0.003387,6.96,2.97,3.99,SAFE,lunch_rush
2935.0,FOOD_COURT_A,5.97,0.0398,0.8569,0.1043,35.71,0.1073,0.4355,0.002293,6.13,2.36,3.78,SAFE,lunch_rush
2936.0,FOOD_COURT_A,18.92,0.1261,1.3477,0.1672,40.22,0.0861,0.3809,0.000688,6.61,6.61,0.0,SAFE,lunch_rush
2937.0,FOOD_COURT_A,14.1,0.094,1.2619,0.1719,39.33,0.0794,0.4278,0.003678,9.64,5.62,4.02,SAFE,lunch_rush
2938.0,FOOD_COURT_A,21.18,0.1412,1.0785,0.0516,51.74,0.0867,0.5049,0.005228,7.79,3.47,4.33,SAFE,lunch_rush
2939.0,FOOD_COURT_A,49.54,0.3303,0.6217,0.2593,91.71,0.283,0.652,0.011952,19.5,5.48,14.02,WARNING,lunch_rush
2940.0,FOOD_COURT_A,61.77,0.4118,0.5932,0.2206,76.66,0.3924,0.6177,0.011232,15.29,5.96,9.33,WARNING,lunch_rush
2941.0,FOOD_COURT_A,56.49,0.3766,0.4905,0.1971,63.42,0.2816,0.6442,0.009019,20.96,10.18,10.78,WARNING,lunch_rush
2942.0,FOOD_COURT_A,66.33,0.4422,0.5618,0.2179,66.33,0.2753,0.6346,0.013841,9.08,2.55,6.53,WARNING,lunch_rush
2943.0,FOOD_COURT_A,57.24,0.3816,0.9144,0.4012,91.0,0.2854,0.6252,0.011736,19.05,10.06,8.99,WARNING,lunch_rush
2944.0,FOOD_COURT_A,55.98,0.3732,0.9011,0.3688,107.37,0.2852,0.6572,0.012053,17.01,9.45,7.56,WARNING,lunch_rush
2945.0,FOOD_COURT_A,38.71,0.258,0.6614,0.1777,105.72,0.3495,0.7671,0.017201,17.6,8.08,9.53,WARNING,lunch_rush
2946.0,FOOD_COURT_A,45.69,0.3046,0.9718,0.3602,103.96,0.2608,0.753,0.015215,13.72,7.22,6.5,WARNING,lunch_rush
2947.0,FOOD_COURT_A,70.32,0.4688,0.5159,0.4813,140.72,0.5116,0.8902,0.009321,11.09,8.5,2.59,HIGH,lunch_rush
2948.0,FOOD_COURT_A,92.7,0.618,0.4008,0.7265,182.81,0.5181,0.7902,0.021756,25.57,14.85,10.72,HIGH,lunch_rush
2949.0,FOOD_COURT_A,90.15,0.601,0.3217,0.8229,207.04,0.4911,0.7821,0.033508,23.34,13.7,9.64,HIGH,lunch_rush
2950.0,FOOD_COURT_A,83.89,0.5592,0.3303,0.7251,176.52,0.5777,0.8626,0.025393,19.25,5.35,13.9,HIGH,lunch_rush
2951.0,FOOD_COURT_A,69.44,0.4629,0.3128,0.5305,165.4,0.5795,0.8532,0.012448,20.5,10.29,10.21,HIGH,lunch_rush
2952.0,FOOD_COURT_A,73.02,0.4868,0.3131,0.5197,164.14,0.6915,0.8895,0.015791,17.19,9.25,7.94,HIGH,lunch_rush
2953.0,FOOD_COURT_A,62.31,0.4154,0.4987,0.3437,123.1,0.4526,0.8204,0.017347,12.6,6.1,6.5,WARNING,lunch_rush
2954.0,FOOD_COURT_A,40.91,0.2727,1.2755,0.2201,70.7,0.1467,0.6282,0.006431,6.18,3.97,2.21,SAFE,lunch_rush
2955.0,FOOD_COURT_A,25.12,0.1675,1.754,0.066,45.12,0.1318,0.5625,0.004441,9.45,5.06,4.38,SAFE,lunch_rush
2956.0,FOOD_COURT_A,20.18,0.1345,1.2831,0.0227,76.8,0.1069,0.5283,0.001332,7.06,2.87,4.19,SAFE,lunch_rush
2957.0,FOOD_COURT_A,19.61,0.1307,1.3113,0.0915,53.33,0.1259,0.5444,0.001366,7.69,4.95,2.74,SAFE,lunch_rush
2958.0,FOOD_COURT_A,35.21,0.2348,1.2228,0.1487,41.96,0.1114,0.6315,0.003205,7.3,3.32,3.99,SAFE,lunch_rush
2959.0,FOOD_COURT_A,26.38,0.1759,0.917,0.095,52.24,0.1113,0.3297,0.002823,4.36,3.74,0.62,SAFE,lunch_rush
2960.0,FOOD_COURT_A,29.96,0.1997,0.8081,0.1491,37.08,0.0626,0.3645,0.004097,8.2,3.33,4.87,SAFE,lunch_rush
2961.0,FOOD_COURT_A,25.34,0.1689,1.2303,0.1164,23.37,0.0571,0.397,0.002669,4.39,0.72,3.67,SAFE,lunch_rush
2962.0,FOOD_COURT_A,27.83,0.1855,1.1593,0.1318,22.1,0.1017,0.3817,0.001836,6.62,2.9,3.71,SAFE,lunch_rush
2963.0,FOOD_COURT_A,38.91,0.2594,0.6866,0.2287,35.19,0.2099,0.5932,0.007508,15.12,8.91,6.21,WARNING,lunch_rush
2964.0,FOOD_COURT_A,47.12,0.3142,0.8631,0.3133,43.86,0.2475,0.7499,0.011338,16.16,6.9,9.26,WARNING,lunch_rush
2965.0,FOOD_COURT_A,61.44,0.4096,0.7198,0.361,118.81,0.223,0.6552,0.019147,9.0,6.3,2.7,WARNING,lunch_rush
2966.0,FOOD_COURT_A,63.0,0.42,0.759,0.3687,113.65,0.2079,0.7033,0.016027,11.1,6.65,4.44,WARNING,lunch_rush
2967.0,FOOD_COURT_A,69.01,0.4601,0.922,0.2768,98.21,0.1925,0.7667,0.011554,13.1,7.86,5.24,WARNING,lunch_rush
2968.0,FOOD_COURT_A,44.41,0.2961,0.8653,0.2995,84.07,0.2607,0.7886,0.011814,17.53,7.9,9.63,WARNING,lunch_rush
2969.0,FOOD_COURT_A,72.23,0.4815,0.8061,0.3469,66.72,0.2762,0.8063,0.012217,18.78,10.93,7.85,WARNING,lunch_rush
2970.0,FOOD_COURT_A,53.13,0.3542,0.5638,0.3273,80.13,0.3499,0.7299,0.011589,11.97,6.53,5.43,WARNING,lunch_rush
2971.0,FOOD_COURT_A,56.19,0.3746,0.7379,0.2095,119.68,0.4345,0.6679,0.015084,10.54,6.15,4.39,WARNING,lunch_rush
2972.0,FOOD_COURT_A,49.66,0.3311,0.8061,0.3396,132.44,0.3406,0.6316,0.011064,18.59,7.49,11.1,WARNING,lunch_rush
2973.0,FOOD_COURT_A,48.28,0.3219,0.7038,0.3068,96.17,0.2881,0.5502,0.017774,10.44,2.98,7.46,WARNING,lunch_rush
2974.0,FOOD_COURT_A,37.54,0.2503,0.3488,0.3254,103.67,0.3224,0.6561,0.014809,9.22,7.31,1.9,WARNING,lunch_rush
2975.0,FOOD_COURT_A,40.12,0.2674,0.5406,0.3234,85.64,0.2497,0.5562,0.017916,15.97,6.74,9.23,WARNING,lunch_rush
2976.0,FOOD_COURT_A,27.5,0.1833,0.9757,0.1563,48.55,0.1291,0.5183,0.006019,4.33,0.77,3.56,SAFE,lunch_rush
2977.0,FOOD_COURT_A,20.41,0.1361,1.261,0.086,32.23,0.0805,0.3909,0.005832,5.06,2.19,2.86,SAFE,lunch_rush
2978.0,FOOD_COURT_A,23.21,0.1548,1.3514,0.1332,47.53,0.0548,0.2976,0.004419,6.42,2.28,4.14,SAFE,lunch_rush
2979.0,FOOD_COURT_A,17.43,0.1162,1.3727,0.1581,44.0,0.0467,0.3075,0.005296,7.71,2.79,4.92,SAFE,lunch_rush
2980.0,FOOD_COURT_A,20.53,0.1368,1.1642,0.1389,49.59,0.014,0.3144,0.001589,2.99,2.89,0.11,SAFE,lunch_rush
2981.0,FOOD_COURT_A,21.74,0.1449,1.3354,0.1161,61.45,0.062,0.3666,0.003243,4.81,2.99,1.82,SAFE,lunch_rush
2982.0,FOOD_COURT_A,16.43,0.1096,1.1877,0.1516,65.95,0.0833,0.2919,0.004465,5.82,3.26,2.56,SAFE,lunch_rush
2983.0,FOOD_COURT_A,21.86,0.1457,1.0835,0.0455,63.13,0.1212,0.3811,0.002428,7.22,2.52,4.71,SAFE,lunch_rush
2984.0,FOOD_COURT_A,17.01,0.1134,1.1333,0.0886,75.38,0.0975,0.5337,0.005044,3.77,1.72,2.05,SAFE,lunch_rush
2985.0,FOOD_COURT_A,16.98,0.1132,1.3564,0.0728,44.71,0.125,0.2771,0.003185,9.69,5.35,4.35,SAFE,lunch_rush
2986.0,FOOD_COURT_A,19.76,0.1317,1.3494,0.1263,34.62,0.1234,0.4121,0.00178,4.39,2.59,1.8,SAFE,lunch_rush
2987.0,FOOD_COURT_A,17.87,0.1191,0.9836,0.1656,55.95,0.1031,0.4775,0.001238,8.1,2.53,5.57,SAFE,lunch_rush
2988.0,FOOD_COURT_A,41.98,0.2799,0.582,0.3931,59.89,0.3422,0.5235,0.008805,11.34,7.24,4.1,WARNING,lunch_rush
2989.0,FOOD_COURT_A,24.85,0.1657,0.7648,0.1787,59.24,0.1743,0.4217,0.003202,9.51,5.27,4.24,SAFE,lunch_rush
2990.0,FOOD_COURT_A,14.3,0.0953,1.3204,0.1397,55.69,0.1178,0.2992,0.002313,10.47,4.36,6.11,SAFE,lunch_rush
2991.0,FOOD_COURT_A,22.11,0.1474,1.2499,0.1113,49.6,0.0605,0.3484,0.00393,7.09,3.49,3.59,SAFE,lunch_rush
2992.0,FOOD_COURT_A,49.16,0.3277,1.1291,0.2822,79.89,0.3358,0.5725,0.012312,10.0,7.91,2.09,WARNING,lunch_rush
2993.0,FOOD_COURT_A,78.55,0.5237,0.4615,0.6538,144.02,0.4809,0.7272,0.025812,13.69,8.45,5.24,HIGH,lunch_rush
2994.0,FOOD_COURT_A,60.45,0.403,0.5863,0.5331,58.48,0.2962,0.6244,0.017538,13.65,6.88,6.76,WARNING,lunch_rush
2995.0,FOOD_COURT_A,65.85,0.439,0.4726,0.3338,102.57,0.3417,0.8011,0.012535,11.54,7.65,3.89,WARNING,lunch_rush
2996.0,FOOD_COURT_A,64.95,0.433,0.5223,0.3119,53.73,0.2193,0.6179,0.013139,10.98,5.43,5.55,WARNING,lunch_rush
2997.0,FOOD_COURT_A,58.78,0.3918,0.4779,0.3324,68.06,0.2959,0.8282,0.005159,13.49,6.83,6.66,WARNING,lunch_rush
2998.0,FOOD_COURT_A,52.38,0.3492,0.6379,0.4663,101.11,0.3039,0.6956,0.006666,11.2,4.67,6.54,WARNING,lunch_rush
2999.0,FOOD_COURT_A,27.82,0.1855,0.908,0.1468,78.21,0.1262,0.3374,0.002594,4.81,2.62,2.19,SAFE,lunch_rush
3000.0,FOOD_COURT_A,28.52,0.1901,1.1069,0.11,61.32,0.0595,0.4351,0.003339,6.86,3.78,3.08,SAFE,lunch_rush
3001.0,FOOD_COURT_A,21.54,0.1436,1.2388,0.1086,47.89,0.0632,0.491,0.002824,6.09,2.04,4.05,SAFE,lunch_rush
3002.0,FOOD_COURT_A,13.01,0.0867,1.1696,0.202,39.36,0.1201,0.5022,0.001481,6.05,3.72,2.33,SAFE,lunch_rush
3003.0,FOOD_COURT_A,19.72,0.1315,1.7271,0.1474,42.02,0.0902,0.4548,0.002184,4.06,2.69,1.37,SAFE,lunch_rush
3004.0,FOOD_COURT_A,26.03,0.1735,1.5831,0.1208,57.28,0.0923,0.3632,0.004033,6.81,1.76,5.05,SAFE,lunch_rush
3005.0,FOOD_COURT_A,19.9,0.1327,1.5603,0.1187,55.62,0.0888,0.3878,0.001441,9.21,4.85,4.36,SAFE,lunch_rush
3006.0,FOOD_COURT_A,24.28,0.1618,1.813,0.119,60.4,0.0542,0.3223,0.00216,5.8,2.54,3.27,SAFE,lunch_rush
3007.0,FOOD_COURT_A,22.53,0.1502,1.3356,0.0357,42.86,0.0414,0.4512,0.002536,9.03,2.93,6.09,SAFE,lunch_rush
3008.0,FOOD_COURT_A,20.02,0.1335,1.1675,0.069,34.61,0.0742,0.4089,0.001127,4.95,1.73,3.22,SAFE,lunch_rush
3009.0,FOOD_COURT_A,14.28,0.0952,1.108,0.1209,46.57,0.0694,0.295,0.000338,2.1,0.31,1.79,SAFE,lunch_rush
3010.0,FOOD_COURT_A,14.98,0.0999,1.3237,0.1396,52.8,0.0761,0.2099,0.001713,7.83,5.64,2.19,SAFE,lunch_rush
3011.0,FOOD_COURT_A,27.66,0.1844,1.3767,0.1129,26.22,0.0483,0.2965,0.00164,7.54,1.73,5.81,SAFE,lunch_rush
3012.0,FOOD_COURT_A,12.9,0.086,1.155,0.1417,44.35,0.0594,0.2394,0.004198,8.08,5.84,2.24,SAFE,lunch_rush
3013.0,FOOD_COURT_A,9.9,0.066,1.3015,0.1399,41.86,0.0795,0.2979,0.004133,5.36,4.37,0.99,SAFE,lunch_rush
3014.0,FOOD_COURT_A,14.83,0.0989,1.2485,0.1738,58.86,0.128,0.3449,0.003871,4.33,2.16,2.17,SAFE,lunch_rush
3015.0,FOOD_COURT_A,16.44,0.1096,1.3826,0.1132,49.89,0.1324,0.2424,0.004303,6.16,2.26,3.9,SAFE,lunch_rush
3016.0,FOOD_COURT_A,16.32,0.1088,1.2714,0.082,61.45,0.0875,0.3717,0.002062,4.38,2.3,2.08,SAFE,lunch_rush
3017.0,FOOD_COURT_A,21.59,0.144,1.37,0.0869,55.75,0.0678,0.4979,0.002392,5.31,4.53,0.78,SAFE,lunch_rush
3018.0,FOOD_COURT_A,49.28,0.3285,0.7275,0.3865,67.75,0.2634,0.6902,0.008666,10.58,6.69,3.89,WARNING,lunch_rush
3019.0,FOOD_COURT_A,58.49,0.3899,0.88,0.324,55.32,0.4583,0.6796,0.004752,14.66,3.22,11.44,WARNING,lunch_rush
3020.0,FOOD_COURT_A,42.84,0.2856,1.0336,0.1629,44.56,0.2191,0.3413,0.002975,8.13,4.0,4.13,SAFE,lunch_rush
3021.0,FOOD_COURT_A,57.11,0.3807,0.7696,0.2956,68.86,0.1581,0.5895,0.015771,19.16,9.09,10.07,WARNING,lunch_rush
3022.0,FOOD_COURT_A,54.81,0.3654,0.7194,0.3672,93.99,0.2933,0.679,0.016912,15.28,7.98,7.3,WARNING,lunch_rush
3023.0,FOOD_COURT_A,33.43,0.2229,1.0957,0.273,78.01,0.1777,0.3277,0.009367,7.52,4.51,3.01,SAFE,lunch_rush
3024.0,FOOD_COURT_A,30.51,0.2034,1.2707,0.0819,48.18,0.1049,0.44,0.003264,4.1,3.32,0.78,SAFE,lunch_rush
3025.0,FOOD_COURT_A,60.17,0.4011,0.7387,0.2066,86.62,0.3746,0.533,0.002042,9.05,2.87,6.18,WARNING,lunch_rush
3026.0,FOOD_COURT_A,55.47,0.3698,0.8707,0.2455,74.21,0.3582,0.6906,0.011088,13.31,4.43,8.88,WARNING,lunch_rush
3027.0,FOOD_COURT_A,44.61,0.2974,0.6495,0.2429,46.15,0.2963,0.6845,0.010833,13.28,6.1,7.18,WARNING,lunch_rush
3028.0,FOOD_COURT_A,63.02,0.4201,0.7448,0.3808,83.1,0.2788,0.689,0.013685,20.77,6.64,14.12,WARNING,lunch_rush
3029.0,FOOD_COURT_A,72.33,0.4822,0.5422,0.3913,93.33,0.1727,0.7396,0.007923,6.88,4.01,2.87,WARNING,lunch_rush
3030.0,FOOD_COURT_A,64.65,0.431,0.5458,0.4162,80.66,0.1866,0.7766,0.007492,9.92,5.94,3.98,WARNING,lunch_rush
3031.0,FOOD_COURT_A,59.43,0.3962,0.6702,0.5254,72.8,0.4666,0.6486,0.013347,14.55,10.76,3.79,WARNING,lunch_rush
3032.0,FOOD_COURT_A,66.59,0.4439,0.5633,0.5575,97.66,0.408,0.6277,0.010344,13.28,4.88,8.39,WARNING,lunch_rush
3033.0,FOOD_COURT_A,54.39,0.3626,0.4258,0.5578,107.67,0.3308,0.7174,0.014197,16.85,9.77,7.07,WARNING,lunch_rush
3034.0,FOOD_COURT_A,64.36,0.4291,0.5634,0.5483,103.06,0.4634,0.6479,0.013323,11.29,4.66,6.63,WARNING,lunch_rush
3035.0,FOOD_COURT_A,48.46,0.3231,0.7228,0.4758,83.99,0.3136,0.7628,0.008914,14.06,8.49,5.58,WARNING,lunch_rush
3036.0,FOOD_COURT_A,57.02,0.3801,0.8724,0.3176,108.7,0.3198,0.8739,0.008943,12.01,5.81,6.2,WARNING,lunch_rush
3037.0,FOOD_COURT_A,64.0,0.4267,0.6562,0.4353,117.45,0.3122,0.8371,0.010075,8.43,1.96,6.47,WARNING,lunch_rush
3038.0,FOOD_COURT_A,64.12,0.4274,0.7892,0.3984,108.24,0.2081,0.8001,0.010268,6.7,4.49,2.21,WARNING,lunch_rush
3039.0,FOOD_COURT_A,68.56,0.457,0.7537,0.3977,126.53,0.2945,0.7133,0.018184,12.77,10.12,2.66,WARNING,lunch_rush
3040.0,FOOD_COURT_A,43.93,0.2929,0.6333,0.3576,120.42,0.3834,0.6822,0.014749,10.52,3.99,6.53,WARNING,lunch_rush
3041.0,FOOD_COURT_A,60.91,0.406,0.4489,0.3617,99.33,0.2943,0.7633,0.007622,13.16,7.98,5.18,WARNING,lunch_rush
3042.0,FOOD_COURT_A,54.85,0.3657,0.7098,0.3848,69.12,0.2612,0.6987,0.012616,15.62,9.19,6.43,WARNING,lunch_rush
3043.0,FOOD_COURT_A,51.97,0.3465,0.6654,0.348,65.42,0.3583,0.8002,0.014264,17.5,8.57,8.93,WARNING,lunch_rush
3044.0,FOOD_COURT_A,49.4,0.3293,0.7622,0.3997,56.57,0.3119,0.6914,0.010792,14.88,5.77,9.11,WARNING,lunch_rush
3045.0,FOOD_COURT_A,42.36,0.2824,0.7107,0.4479,93.82,0.2564,0.6206,0.018623,12.1,4.83,7.26,WARNING,lunch_rush
3046.0,FOOD_COURT_A,60.27,0.4018,0.7866,0.3918,78.78,0.2025,0.7553,0.015258,13.5,4.93,8.58,WARNING,lunch_rush
3047.0,FOOD_COURT_A,64.9,0.4327,0.8694,0.4426,104.79,0.2866,0.6936,0.021152,14.48,7.56,6.93,WARNING,lunch_rush
3048.0,FOOD_COURT_A,65.51,0.4367,1.0395,0.2684,108.86,0.2138,0.704,0.013317,9.33,5.72,3.61,WARNING,lunch_rush
3049.0,FOOD_COURT_A,56.13,0.3742,0.914,0.3037,108.28,0.29,0.6865,0.010728,10.4,5.89,4.51,WARNING,lunch_rush
3050.0,FOOD_COURT_A,57.01,0.38,0.8503,0.3976,129.46,0.4029,0.6626,0.015584,13.22,8.89,4.34,WARNING,lunch_rush
3051.0,FOOD_COURT_A,49.42,0.3295,0.4908,0.4096,108.68,0.3268,0.754,0.014315,13.78,5.29,8.49,WARNING,lunch_rush
3052.0,FOOD_COURT_A,57.35,0.3823,0.4288,0.3735,108.38,0.4067,0.7058,0.010279,11.56,5.73,5.83,WARNING,lunch_rush
3053.0,FOOD_COURT_A,54.23,0.3615,0.5427,0.4494,104.57,0.3874,0.6659,0.009286,16.66,9.53,7.13,WARNING,lunch_rush
3054.0,FOOD_COURT_A,55.98,0.3732,0.459,0.5346,73.93,0.4164,0.5395,0.004163,9.9,6.59,3.31,WARNING,lunch_rush
3055.0,FOOD_COURT_A,67.27,0.4485,0.6303,0.3743,86.56,0.3404,0.6884,0.013481,6.0,5.8,0.21,WARNING,lunch_rush
3056.0,FOOD_COURT_A,32.93,0.2195,1.2923,0.2287,69.07,0.2145,0.5583,0.005976,5.86,3.4,2.46,SAFE,lunch_rush
3057.0,FOOD_COURT_A,20.42,0.1361,1.0371,0.0979,41.1,0.1553,0.4865,0.002902,10.74,4.91,5.83,SAFE,lunch_rush
3058.0,FOOD_COURT_A,24.36,0.1624,1.0521,0.1662,38.3,0.057,0.5533,0.002353,10.32,3.28,7.04,SAFE,lunch_rush
3059.0,FOOD_COURT_A,23.58,0.1572,1.2305,0.1107,65.36,0.03,0.4159,0.003861,5.29,2.79,2.51,SAFE,lunch_rush
3060.0,FOOD_COURT_A,19.61,0.1307,1.2336,0.1766,75.24,0.0898,0.343,0.001158,7.38,3.36,4.03,SAFE,lunch_rush
3061.0,FOOD_COURT_A,30.73,0.2049,1.1955,0.109,49.67,0.1092,0.3145,0.002574,8.12,4.85,3.27,SAFE,lunch_rush
3062.0,FOOD_COURT_A,29.53,0.1969,0.9851,0.1306,41.01,0.0491,0.4899,0.002592,4.41,0.33,4.08,SAFE,lunch_rush
3063.0,FOOD_COURT_A,32.06,0.2137,1.0314,0.13,50.8,0.0147,0.5155,0.001051,4.35,1.88,2.47,SAFE,lunch_rush
3064.0,FOOD_COURT_A,19.8,0.132,0.9017,0.1481,49.37,0.034,0.3724,0.004659,6.97,2.91,4.05,SAFE,lunch_rush
3065.0,FOOD_COURT_A,22.37,0.1491,1.0138,0.106,33.33,0.0505,0.3361,0.003648,6.01,2.98,3.03,SAFE,lunch_rush
3066.0,FOOD_COURT_A,23.8,0.1586,0.9712,0.1321,43.14,0.0627,0.396,0.002316,6.94,2.68,4.26,SAFE,lunch_rush
3067.0,FOOD_COURT_A,17.62,0.1174,1.1852,0.0982,40.33,0.0935,0.3407,0.002599,7.66,4.27,3.38,SAFE,lunch_rush
3068.0,FOOD_COURT_A,9.11,0.0607,1.256,0.0596,45.38,0.0662,0.2811,0.00419,6.27,4.12,2.15,SAFE,lunch_rush
3069.0,FOOD_COURT_A,3.33,0.0222,1.2504,0.1404,47.96,0.0665,0.4148,0.005293,5.12,4.55,0.57,SAFE,lunch_rush
3070.0,FOOD_COURT_A,21.42,0.1428,1.2149,0.199,46.06,0.0817,0.4398,0.004565,4.0,2.75,1.25,SAFE,lunch_rush
3071.0,FOOD_COURT_A,13.04,0.0869,1.2711,0.0597,32.41,0.0456,0.3232,0.002789,3.62,1.09,2.53,SAFE,lunch_rush
3072.0,FOOD_COURT_A,17.03,0.1136,1.5016,0.1885,51.25,0.1142,0.352,0.004226,8.15,2.5,5.65,SAFE,lunch_rush
3073.0,FOOD_COURT_A,16.18,0.1079,1.3238,0.1503,44.39,0.0929,0.534,0.003567,5.32,5.29,0.04,SAFE,lunch_rush
3074.0,FOOD_COURT_A,20.58,0.1372,1.1525,0.0451,54.07,0.0618,0.3411,0.003124,5.7,2.1,3.6,SAFE,lunch_rush
3075.0,FOOD_COURT_A,14.95,0.0997,0.9923,0.0201,46.7,0.0595,0.4245,0.005098,3.21,2.7,0.5,SAFE,lunch_rush
3076.0,FOOD_COURT_A,15.59,0.1039,1.0936,0.0214,53.86,0.0542,0.5401,0.003623,6.95,3.61,3.34,SAFE,lunch_rush
3077.0,FOOD_COURT_A,18.43,0.1229,1.1651,0.055,28.55,0.1072,0.357,0.004877,4.06,1.08,2.98,SAFE,lunch_rush
3078.0,FOOD_COURT_A,23.97,0.1598,1.2017,0.1139,43.49,0.0547,0.2692,0.002862,8.28,4.75,3.53,SAFE,lunch_rush
3079.0,FOOD_COURT_A,24.37,0.1625,0.9116,0.1208,37.44,0.0476,0.4659,0.003506,8.68,5.09,3.6,SAFE,lunch_rush
3080.0,FOOD_COURT_A,17.53,0.1169,1.0765,0.0801,40.24,0.0506,0.3567,0.006856,5.35,5.35,0.0,SAFE,lunch_rush
3081.0,FOOD_COURT_A,26.48,0.1765,1.3734,0.0454,36.17,0.0705,0.3906,0.003973,4.24,1.71,2.53,SAFE,lunch_rush
3082.0,FOOD_COURT_A,14.62,0.0975,1.3718,0.1178,52.16,0.0456,0.3296,0.002772,4.26,2.67,1.59,SAFE,lunch_rush
3083.0,FOOD_COURT_A,20.48,0.1365,1.1021,0.1451,55.24,0.076,0.4473,0.00228,7.55,4.8,2.76,SAFE,lunch_rush
3084.0,FOOD_COURT_A,16.32,0.1088,1.3766,0.161,22.85,0.0702,0.3863,0.002301,6.16,5.35,0.81,SAFE,lunch_rush
3085.0,FOOD_COURT_A,68.74,0.4583,0.4806,0.4294,154.09,0.3879,0.723,0.028825,20.66,10.27,10.4,HIGH,lunch_rush
3086.0,FOOD_COURT_A,93.89,0.6259,0.3873,0.6958,142.03,0.5412,0.7092,0.020479,18.53,8.13,10.39,HIGH,lunch_rush
3087.0,FOOD_COURT_A,103.34,0.689,0.3409,0.6238,158.15,0.5453,0.8111,0.030273,21.12,13.19,7.93,HIGH,lunch_rush
3088.0,FOOD_COURT_A,95.01,0.6334,0.2929,0.6816,202.62,0.5847,0.8323,0.026947,17.2,9.13,8.08,HIGH,lunch_rush
3089.0,FOOD_COURT_A,93.75,0.625,0.3069,0.7041,152.54,0.544,0.8484,0.024093,21.45,12.46,8.99,HIGH,lunch_rush
3090.0,FOOD_COURT_A,96.04,0.6403,0.2628,0.861,148.89,0.6212,0.8231,0.016953,18.57,11.84,6.73,HIGH,lunch_rush
3091.0,FOOD_COURT_A,91.64,0.6109,0.3395,0.79,203.64,0.6448,0.8033,0.022625,11.33,2.24,9.09,HIGH,lunch_rush
3092.0,FOOD_COURT_A,90.69,0.6046,0.2481,0.7019,211.57,0.5852,0.8619,0.016334,26.6,13.44,13.16,HIGH,lunch_rush
3093.0,FOOD_COURT_A,73.14,0.4876,0.2941,0.5967,179.67,0.6471,0.88,0.016855,18.95,13.57,5.39,HIGH,lunch_rush
3094.0,FOOD_COURT_A,63.98,0.4265,0.2126,0.5485,201.13,0.5729,0.9194,0.022019,14.31,5.81,8.49,HIGH,lunch_rush
3095.0,FOOD_COURT_A,84.8,0.5653,0.1726,0.5909,141.71,0.5508,0.8276,0.027428,23.34,11.76,11.58,HIGH,lunch_rush
3096.0,FOOD_COURT_A,87.19,0.5813,0.2622,0.6681,207.26,0.5392,0.834,0.036647,19.91,14.55,5.36,HIGH,lunch_rush
3097.0,FOOD_COURT_A,100.6,0.6706,0.1592,0.8687,238.8,0.5755,0.8885,0.041874,18.53,9.88,8.65,HIGH,lunch_rush
3098.0,FOOD_COURT_A,75.67,0.5045,0.2134,0.8195,183.99,0.5793,0.7863,0.017619,28.44,15.99,12.45,HIGH,lunch_rush
3099.0,FOOD_COURT_A,73.16,0.4877,0.1788,0.6624,136.01,0.5532,0.8516,0.0259,25.81,10.75,15.06,HIGH,lunch_rush
3100.0,FOOD_COURT_A,76.39,0.5093,0.2604,0.6686,201.31,0.4502,0.8931,0.022608,15.4,8.88,6.52,HIGH,lunch_rush
3101.0,FOOD_COURT_A,98.08,0.6539,0.2002,0.6493,214.21,0.5414,0.912,0.024791,21.95,7.78,14.17,HIGH,lunch_rush
3102.0,FOOD_COURT_A,94.97,0.6331,0.1926,0.7243,142.39,0.6062,0.9304,0.01719,22.11,13.72,8.4,HIGH,lunch_rush
3103.0,FOOD_COURT_A,94.29,0.6286,0.2706,0.8477,156.98,0.591,0.9005,0.028756,19.14,14.48,4.67,HIGH,lunch_rush
3104.0,FOOD_COURT_A,90.62,0.6041,0.1584,0.7704,190.05,0.5688,0.8649,0.026228,14.68,10.72,3.96,HIGH,lunch_rush
3105.0,FOOD_COURT_A,69.32,0.4621,0.1299,0.7277,200.0,0.6048,0.8037,0.029664,18.01,9.66,8.35,HIGH,lunch_rush
3106.0,FOOD_COURT_A,70.99,0.4733,0.0994,0.663,220.89,0.4685,0.8002,0.033368,18.99,9.21,9.78,HIGH,lunch_rush
3107.0,FOOD_COURT_A,79.6,0.5306,0.3536,0.7194,234.82,0.5396,0.8207,0.03255,22.78,12.47,10.3,HIGH,lunch_rush
3108.0,FOOD_COURT_A,84.12,0.5608,0.2282,0.7608,144.97,0.6134,0.9462,0.03638,25.47,14.27,11.2,HIGH,lunch_rush
3109.0,FOOD_COURT_A,77.94,0.5196,0.2649,0.7252,148.13,0.5794,0.956,0.034002,19.39,11.13,8.26,HIGH,lunch_rush
3110.0,FOOD_COURT_A,86.38,0.5759,0.1706,0.9175,173.28,0.5219,0.8802,0.041136,21.73,9.17,12.56,HIGH,lunch_rush
3111.0,FOOD_COURT_A,99.05,0.6603,0.1513,0.7764,192.43,0.4864,0.8008,0.021556,22.25,13.57,8.68,HIGH,lunch_rush
3112.0,FOOD_COURT_A,85.62,0.5708,0.1139,0.8157,228.62,0.4802,0.8009,0.027552,23.17,12.91,10.27,HIGH,lunch_rush
3113.0,FOOD_COURT_A,82.83,0.5522,0.0966,0.9277,149.62,0.4793,0.87,0.032416,22.09,8.33,13.76,HIGH,lunch_rush
3114.0,FOOD_COURT_A,85.85,0.5723,0.1775,0.6913,140.22,0.5232,0.828,0.025149,18.77,9.4,9.37,HIGH,lunch_rush
3115.0,FOOD_COURT_A,80.49,0.5366,0.36,0.4434,112.08,0.3731,0.7458,0.014635,14.16,8.92,5.25,WARNING,lunch_rush
3116.0,FOOD_COURT_A,63.28,0.4219,0.3432,0.4321,94.8,0.3029,0.7866,0.019588,11.74,7.74,4.01,WARNING,lunch_rush
3117.0,FOOD_COURT_A,57.51,0.3834,0.5859,0.379,88.32,0.3633,0.6811,0.011436,14.55,6.3,8.25,WARNING,lunch_rush
3118.0,FOOD_COURT_A,36.45,0.243,0.8271,0.1666,60.07,0.1725,0.5452,0.004405,8.55,3.99,4.56,SAFE,lunch_rush
3119.0,FOOD_COURT_A,51.94,0.3463,0.6584,0.291,76.42,0.3951,0.7469,0.010657,8.09,4.7,3.39,WARNING,lunch_rush
3120.0,FOOD_COURT_A,64.64,0.4309,0.2981,0.5917,109.73,0.4994,0.6841,0.026944,13.77,7.72,6.05,HIGH,lunch_rush
3121.0,FOOD_COURT_A,60.72,0.4048,0.258,0.6026,189.09,0.6463,0.7979,0.024373,23.42,12.46,10.96,HIGH,lunch_rush
3122.0,FOOD_COURT_A,34.14,0.2276,0.8578,0.2078,90.2,0.2839,0.5839,0.009427,8.67,4.92,3.75,SAFE,lunch_rush
3123.0,FOOD_COURT_A,24.92,0.1661,1.4461,0.1559,56.56,0.1025,0.4355,0.002922,7.78,3.62,4.15,SAFE,lunch_rush
3124.0,FOOD_COURT_A,35.93,0.2396,1.2566,0.1099,33.2,0.0894,0.4795,0.001933,5.47,1.62,3.85,SAFE,lunch_rush
3125.0,FOOD_COURT_A,13.36,0.0891,0.9778,0.1523,48.24,0.0268,0.3572,0.002321,5.9,4.63,1.27,SAFE,lunch_rush
3126.0,FOOD_COURT_A,14.21,0.0948,1.1664,0.105,42.52,0.0525,0.201,0.004789,7.51,2.87,4.64,SAFE,lunch_rush
3127.0,FOOD_COURT_A,49.21,0.3281,0.5379,0.2743,86.54,0.1829,0.5768,0.010642,19.58,8.42,11.16,WARNING,lunch_rush
3128.0,FOOD_COURT_A,60.97,0.4065,0.7898,0.2626,90.14,0.1879,0.6874,0.015251,15.82,7.59,8.23,WARNING,lunch_rush
3129.0,FOOD_COURT_A,62.31,0.4154,0.4947,0.4614,103.91,0.2677,0.6325,0.016429,15.19,4.12,11.07,WARNING,lunch_rush
3130.0,FOOD_COURT_A,37.63,0.2509,0.9872,0.2092,61.88,0.1376,0.4595,0.007491,7.5,4.48,3.02,SAFE,lunch_rush
3131.0,FOOD_COURT_A,26.17,0.1745,1.2626,0.0627,59.37,0.0638,0.4689,0.006674,7.52,5.66,1.86,SAFE,lunch_rush
3132.0,FOOD_COURT_A,47.64,0.3176,0.9636,0.4726,68.96,0.2757,0.5143,0.007346,12.25,7.5,4.75,WARNING,lunch_rush
3133.0,FOOD_COURT_A,39.19,0.2612,0.4789,0.3615,78.02,0.1333,0.6753,0.010076,11.03,8.79,2.24,WARNING,lunch_rush
3134.0,FOOD_COURT_A,41.73,0.2782,0.8532,0.3522,120.09,0.2462,0.721,0.016231,16.85,11.69,5.16,WARNING,lunch_rush
3135.0,FOOD_COURT_A,73.26,0.4884,0.3159,0.5768,167.39,0.4682,0.7268,0.019795,18.35,7.73,10.62,HIGH,lunch_rush
3136.0,FOOD_COURT_A,81.27,0.5418,0.2849,0.6569,190.94,0.536,0.7818,0.029107,15.78,5.41,10.37,HIGH,lunch_rush
3137.0,FOOD_COURT_A,41.52,0.2768,1.0413,0.3276,78.56,0.2314,0.5187,0.011137,8.01,5.72,2.29,SAFE,lunch_rush
3138.0,FOOD_COURT_A,33.53,0.2235,1.1432,0.0983,55.83,0.0854,0.4752,0.005622,6.37,3.07,3.3,SAFE,lunch_rush
3139.0,FOOD_COURT_A,23.94,0.1596,1.2904,0.1669,54.64,0.0709,0.5584,0.003381,12.33,8.33,4.0,SAFE,lunch_rush
3140.0,FOOD_COURT_A,16.1,0.1073,1.2955,0.0951,52.86,0.0788,0.5216,0.003239,3.47,0.0,3.47,SAFE,lunch_rush
3141.0,FOOD_COURT_A,22.39,0.1493,1.4073,0.1271,46.73,0.0984,0.4009,0.001009,4.26,3.94,0.32,SAFE,lunch_rush
3142.0,FOOD_COURT_A,15.61,0.1041,1.3467,0.1539,25.24,0.1003,0.479,0.00195,2.87,0.64,2.23,SAFE,lunch_rush
3143.0,FOOD_COURT_A,20.68,0.1379,1.3038,0.1185,35.66,0.0535,0.5409,0.003806,6.12,4.44,1.68,SAFE,lunch_rush
3144.0,FOOD_COURT_A,17.95,0.1197,1.3406,0.074,34.06,0.0974,0.5018,0.004021,8.51,2.13,6.38,SAFE,lunch_rush
3145.0,FOOD_COURT_A,15.86,0.1057,1.3153,0.1419,51.76,0.1564,0.4122,0.002921,6.57,4.07,2.5,SAFE,lunch_rush
3146.0,FOOD_COURT_A,19.21,0.1281,1.0195,0.0619,56.22,0.1369,0.4709,0.005286,6.39,2.34,4.05,SAFE,lunch_rush
3147.0,FOOD_COURT_A,11.41,0.076,1.2285,0.0474,42.05,0.1086,0.3628,0.002266,6.14,2.49,3.66,SAFE,lunch_rush
3148.0,FOOD_COURT_A,14.81,0.0987,1.4725,0.0564,33.39,0.0731,0.4806,0.003268,8.49,3.14,5.35,SAFE,lunch_rush
3149.0,FOOD_COURT_A,20.81,0.1388,1.222,0.1308,42.42,0.0563,0.3947,0.00215,7.28,5.3,1.99,SAFE,lunch_rush
3150.0,FOOD_COURT_A,31.41,0.2094,1.2084,0.1007,72.06,0.0415,0.2228,0.003633,7.52,3.27,4.25,SAFE,lunch_rush
3151.0,FOOD_COURT_A,23.37,0.1558,1.2464,0.0542,66.25,0.0678,0.3372,0.002266,10.54,4.52,6.01,SAFE,lunch_rush
3152.0,FOOD_COURT_A,22.67,0.1512,1.1968,0.0569,37.39,0.0705,0.22,0.002224,8.16,5.19,2.97,SAFE,lunch_rush
3153.0,FOOD_COURT_A,17.22,0.1148,1.121,0.1324,38.42,0.0868,0.4353,0.000818,5.49,2.05,3.44,SAFE,lunch_rush
3154.0,FOOD_COURT_A,29.11,0.1941,1.0423,0.0693,57.51,0.0806,0.3467,0.00257,4.84,2.86,1.98,SAFE,lunch_rush
3155.0,FOOD_COURT_A,29.52,0.1968,1.0351,0.0595,63.76,0.0674,0.4422,0.002943,8.29,4.99,3.3,SAFE,lunch_rush
3156.0,FOOD_COURT_A,29.03,0.1935,1.1505,0.0977,42.36,0.1272,0.3942,0.003038,9.38,2.73,6.65,SAFE,lunch_rush
3157.0,FOOD_COURT_A,23.72,0.1582,0.8875,0.1294,42.11,0.1228,0.3632,0.004117,5.69,1.92,3.77,SAFE,lunch_rush
3158.0,FOOD_COURT_A,23.59,0.1573,1.2689,0.0722,53.84,0.0834,0.5375,0.005236,6.61,3.6,3.01,SAFE,lunch_rush
3159.0,FOOD_COURT_A,15.04,0.1003,1.4761,0.0837,23.56,0.0884,0.4282,0.002969,7.72,3.63,4.09,SAFE,lunch_rush
3160.0,FOOD_COURT_A,20.38,0.1359,1.3213,0.1095,38.48,0.0477,0.546,0.003404,9.98,3.49,6.49,SAFE,lunch_rush
3161.0,FOOD_COURT_A,28.99,0.1933,1.4426,0.0538,49.47,0.0752,0.5076,0.004204,7.06,4.49,2.56,SAFE,lunch_rush
3162.0,FOOD_COURT_A,22.16,0.1477,1.0465,0.1636,39.23,0.046,0.3378,0.002601,9.4,6.35,3.05,SAFE,lunch_rush
3163.0,FOOD_COURT_A,27.1,0.1806,0.8307,0.1089,35.78,0.0977,0.4202,0.004003,4.58,2.22,2.36,SAFE,lunch_rush
3164.0,FOOD_COURT_A,23.63,0.1576,1.1343,0.1193,35.09,0.1222,0.4827,0.002045,6.06,2.81,3.25,SAFE,lunch_rush
3165.0,FOOD_COURT_A,20.19,0.1346,1.321,0.1077,45.77,0.0912,0.3596,0.00215,4.8,1.47,3.33,SAFE,lunch_rush
3166.0,FOOD_COURT_A,19.19,0.1279,1.1104,0.1366,26.6,0.0395,0.3826,0.00314,6.47,2.77,3.7,SAFE,lunch_rush
3167.0,FOOD_COURT_A,18.57,0.1238,1.1499,0.0858,50.9,0.0685,0.3838,0.003909,2.28,1.74,0.55,SAFE,lunch_rush
3168.0,FOOD_COURT_A,25.19,0.1679,1.1837,0.0844,30.03,0.0874,0.3816,0.004563,10.65,4.96,5.7,SAFE,lunch_rush
3169.0,FOOD_COURT_A,34.93,0.2328,1.1412,0.0831,42.82,0.0777,0.3647,0.004893,9.18,4.7,4.48,SAFE,lunch_rush
3170.0,FOOD_COURT_A,19.54,0.1303,1.3126,0.0642,33.64,0.0233,0.269,0.001468,6.02,2.09,3.94,SAFE,lunch_rush
3171.0,FOOD_COURT_A,18.76,0.1251,1.2618,0.0491,47.81,0.0547,0.3483,0.003313,6.74,1.11,5.64,SAFE,lunch_rush
3172.0,FOOD_COURT_A,7.85,0.0524,1.4247,0.047,64.03,0.0938,0.4437,0.00327,6.82,2.26,4.56,SAFE,lunch_rush
3173.0,FOOD_COURT_A,27.39,0.1826,1.0414,0.038,55.31,0.1091,0.4029,0.000981,5.52,3.72,1.79,SAFE,lunch_rush
3174.0,FOOD_COURT_A,22.07,0.1472,1.228,0.205,47.75,0.0752,0.4432,0.001652,9.22,5.13,4.09,SAFE,lunch_rush
3175.0,FOOD_COURT_A,22.25,0.1483,1.5528,0.142,50.02,0.0568,0.4026,0.002674,9.16,4.62,4.54,SAFE,lunch_rush
3176.0,FOOD_COURT_A,19.8,0.132,0.9648,0.1449,55.14,0.0519,0.4432,0.000802,8.34,5.81,2.52,SAFE,lunch_rush
3177.0,FOOD_COURT_A,18.3,0.122,1.5106,0.1544,29.49,0.0593,0.4578,0.002072,7.2,4.4,2.8,SAFE,lunch_rush
3178.0,FOOD_COURT_A,17.42,0.1161,1.1414,0.1026,50.15,0.0431,0.444,0.002807,5.25,3.85,1.4,SAFE,lunch_rush
3179.0,FOOD_COURT_A,14.96,0.0997,1.3656,0.1016,63.56,0.0695,0.5852,0.001899,3.75,1.77,1.98,SAFE,lunch_rush
3180.0,FOOD_COURT_A,16.13,0.1076,1.302,0.059,47.84,0.0574,0.4612,0.002162,5.47,2.87,2.6,SAFE,lunch_rush
3181.0,FOOD_COURT_A,26.2,0.1747,1.1633,0.0403,35.72,0.0756,0.3612,0.000649,7.06,7.06,0.0,SAFE,lunch_rush
3182.0,FOOD_COURT_A,28.31,0.1887,1.1289,0.1344,47.79,0.0919,0.3887,0.002308,7.06,2.97,4.08,SAFE,lunch_rush
3183.0,FOOD_COURT_A,18.56,0.1238,1.0666,0.206,39.7,0.0691,0.4066,0.002378,9.31,4.07,5.24,SAFE,lunch_rush
3184.0,FOOD_COURT_A,17.03,0.1135,0.9884,0.1202,15.41,0.0986,0.4387,0.000713,7.54,1.66,5.88,SAFE,lunch_rush
3185.0,FOOD_COURT_A,19.01,0.1268,1.0862,0.1137,29.36,0.1034,0.4534,0.002914,9.95,6.08,3.87,SAFE,lunch_rush
3186.0,FOOD_COURT_A,13.9,0.0927,1.2391,0.1424,42.44,0.101,0.4074,0.003834,10.5,7.14,3.36,SAFE,lunch_rush
3187.0,FOOD_COURT_A,16.43,0.1096,0.9798,0.0942,48.71,0.0507,0.3838,0.004999,7.27,6.32,0.95,SAFE,lunch_rush
3188.0,FOOD_COURT_A,18.39,0.1226,1.2292,0.12,41.25,0.0576,0.3001,0.004216,7.61,4.39,3.22,SAFE,lunch_rush
3189.0,FOOD_COURT_A,27.91,0.1861,1.179,0.0639,48.74,0.043,0.369,0.002717,5.0,3.64,1.36,SAFE,lunch_rush
3190.0,FOOD_COURT_A,24.36,0.1624,1.4562,0.0574,33.68,0.069,0.3563,0.002816,7.59,3.58,4.01,SAFE,lunch_rush
3191.0,FOOD_COURT_A,12.6,0.084,1.1031,0.0563,34.43,0.0675,0.419,0.002795,6.54,3.51,3.03,SAFE,lunch_rush
3192.0,FOOD_COURT_A,16.57,0.1105,1.0649,0.1229,22.0,0.0428,0.3266,0.004938,5.3,3.24,2.05,SAFE,lunch_rush
3193.0,FOOD_COURT_A,21.93,0.1462,1.2471,0.1464,42.08,0.0764,0.3238,0.001481,6.61,2.56,4.05,SAFE,lunch_rush
3194.0,FOOD_COURT_A,19.44,0.1296,1.0613,0.1468,40.48,0.0855,0.3073,0.003547,6.96,1.48,5.49,SAFE,lunch_rush
3195.0,FOOD_COURT_A,33.83,0.2255,0.6741,0.2254,69.11,0.157,0.612,0.018729,14.54,6.42,8.12,WARNING,lunch_rush
3196.0,FOOD_COURT_A,50.79,0.3386,0.7775,0.41,105.97,0.1874,0.6211,0.01328,13.97,12.1,1.87,WARNING,lunch_rush
3197.0,FOOD_COURT_A,24.47,0.1631,1.0065,0.1641,51.98,0.1361,0.3635,0.006829,6.66,5.06,1.6,SAFE,lunch_rush
3198.0,FOOD_COURT_A,25.64,0.1709,1.4992,0.078,26.95,0.0996,0.4538,0.002049,8.09,3.71,4.38,SAFE,lunch_rush
3199.0,FOOD_COURT_A,20.34,0.1356,1.361,0.1154,38.81,0.1031,0.4369,0.001796,9.36,4.48,4.88,SAFE,lunch_rush
3200.0,FOOD_COURT_A,16.63,0.1109,1.1204,0.1044,47.29,0.0652,0.4462,0.000746,7.58,5.0,2.58,SAFE,lunch_rush
3201.0,FOOD_COURT_A,20.26,0.1351,1.0387,0.1974,40.86,0.0196,0.4238,0.003354,6.66,4.16,2.49,SAFE,lunch_rush
3202.0,FOOD_COURT_A,21.28,0.1419,1.218,0.0666,54.02,0.0532,0.5091,0.003655,9.04,3.85,5.19,SAFE,lunch_rush
3203.0,FOOD_COURT_A,14.93,0.0995,1.3447,0.1312,50.52,0.0845,0.419,0.003159,4.65,4.65,0.0,SAFE,lunch_rush
3204.0,FOOD_COURT_A,27.53,0.1835,1.277,0.0394,37.16,0.0421,0.2783,0.001104,7.8,6.51,1.29,SAFE,lunch_rush
3205.0,FOOD_COURT_A,29.42,0.1961,1.2629,0.0399,37.6,0.0764,0.4239,0.003348,7.26,2.82,4.44,SAFE,lunch_rush
3206.0,FOOD_COURT_A,16.9,0.1127,1.3003,0.0975,50.96,0.0687,0.4629,0.001068,3.29,1.19,2.1,SAFE,lunch_rush
3207.0,FOOD_COURT_A,12.77,0.0851,1.056,0.1299,38.34,0.0543,0.3125,0.001525,6.97,3.77,3.21,SAFE,lunch_rush
3208.0,FOOD_COURT_A,25.65,0.171,1.0596,0.1249,48.54,0.049,0.4393,0.001639,4.35,1.14,3.21,SAFE,lunch_rush
3209.0,FOOD_COURT_A,17.89,0.1193,1.3901,0.1144,61.04,0.1275,0.3057,0.000492,6.77,2.55,4.22,SAFE,lunch_rush
3210.0,FOOD_COURT_A,27.06,0.1804,0.8386,0.3436,84.37,0.2375,0.5012,0.005585,8.25,3.88,4.36,WARNING,lunch_rush
3211.0,FOOD_COURT_A,35.49,0.2366,0.7097,0.1677,110.41,0.3293,0.5273,0.005437,16.57,11.98,4.59,WARNING,lunch_rush
3212.0,FOOD_COURT_A,51.37,0.3425,0.5477,0.421,128.58,0.4219,0.6256,0.009873,9.51,2.38,7.13,WARNING,lunch_rush
3213.0,FOOD_COURT_A,55.17,0.3678,0.7134,0.4724,89.47,0.2976,0.6962,0.012926,14.96,7.91,7.05,WARNING,lunch_rush
3214.0,FOOD_COURT_A,54.54,0.3636,0.7488,0.199,100.1,0.4039,0.671,0.017677,10.46,7.03,3.43,WARNING,lunch_rush
3215.0,FOOD_COURT_A,47.73,0.3182,0.7901,0.388,85.89,0.4183,0.6495,0.011041,9.3,4.73,4.57,WARNING,lunch_rush
3216.0,FOOD_COURT_A,52.38,0.3492,0.9205,0.2791,106.93,0.462,0.6901,0.008195,14.15,7.54,6.6,WARNING,lunch_rush
3217.0,FOOD_COURT_A,51.87,0.3458,0.7101,0.3398,81.97,0.3523,0.6928,0.009048,8.66,3.14,5.52,WARNING,lunch_rush
3218.0,FOOD_COURT_A,61.77,0.4118,0.8168,0.3923,95.28,0.2969,0.627,0.010959,19.52,9.95,9.57,WARNING,lunch_rush
3219.0,FOOD_COURT_A,68.31,0.4554,0.5212,0.3845,109.74,0.2048,0.7116,0.012164,15.0,9.41,5.59,WARNING,lunch_rush
3220.0,FOOD_COURT_A,89.77,0.5984,0.2528,0.6155,191.33,0.6269,0.7603,0.019813,21.25,7.72,13.53,HIGH,lunch_rush
3221.0,FOOD_COURT_A,84.11,0.5608,0.259,0.6189,178.16,0.6392,0.8078,0.025732,19.85,12.17,7.67,HIGH,lunch_rush
3222.0,FOOD_COURT_A,93.1,0.6207,0.2031,0.7989,151.65,0.5044,0.7832,0.025491,21.02,11.41,9.61,HIGH,lunch_rush
3223.0,FOOD_COURT_A,55.25,0.3683,0.509,0.5136,161.04,0.4309,0.7626,0.016592,12.39,9.38,3.01,WARNING,lunch_rush
3224.0,FOOD_COURT_A,61.95,0.413,0.5413,0.342,82.52,0.3219,0.7145,0.017363,9.27,3.84,5.43,WARNING,lunch_rush
3225.0,FOOD_COURT_A,62.13,0.4142,0.5231,0.2758,73.91,0.4504,0.6388,0.018833,5.28,3.31,1.97,WARNING,lunch_rush
3226.0,FOOD_COURT_A,28.13,0.1875,1.0055,0.2157,56.64,0.1733,0.4882,0.008822,6.39,2.07,4.32,SAFE,lunch_rush
3227.0,FOOD_COURT_A,24.39,0.1626,1.3094,0.1684,52.89,0.1076,0.4153,0.004224,8.27,4.47,3.79,SAFE,lunch_rush
3228.0,FOOD_COURT_A,27.4,0.1827,1.3132,0.1052,42.94,0.1192,0.4067,0.003969,8.11,6.65,1.46,SAFE,lunch_rush
3229.0,FOOD_COURT_A,31.25,0.2083,1.0129,0.0716,54.71,0.113,0.3264,0.005318,6.82,4.0,2.83,SAFE,lunch_rush
3230.0,FOOD_COURT_A,22.82,0.1522,1.1854,0.1419,57.31,0.0379,0.4353,0.004546,3.64,2.45,1.18,SAFE,lunch_rush
3231.0,FOOD_COURT_A,20.91,0.1394,1.6649,0.0978,60.24,0.0448,0.4838,0.003064,7.79,4.01,3.78,SAFE,lunch_rush
3232.0,FOOD_COURT_A,47.89,0.3193,0.8836,0.2353,103.03,0.332,0.7439,0.008513,17.89,8.28,9.61,WARNING,lunch_rush
3233.0,FOOD_COURT_A,57.93,0.3862,0.8884,0.3406,71.1,0.4114,0.7231,0.009494,13.59,6.19,7.39,WARNING,lunch_rush
3234.0,FOOD_COURT_A,52.14,0.3476,0.891,0.4601,87.92,0.2404,0.7586,0.01118,8.08,3.27,4.81,WARNING,lunch_rush
3235.0,FOOD_COURT_A,39.96,0.2664,1.2015,0.2123,57.07,0.1329,0.4358,0.005797,8.14,4.56,3.58,SAFE,lunch_rush
3236.0,FOOD_COURT_A,32.34,0.2156,1.2453,0.1635,60.18,0.0874,0.3986,0.004207,5.99,3.59,2.4,SAFE,lunch_rush
3237.0,FOOD_COURT_A,23.23,0.1549,1.1972,0.2015,32.98,0.052,0.3387,0.003944,9.6,6.34,3.26,SAFE,lunch_rush
3238.0,FOOD_COURT_A,16.77,0.1118,1.1573,0.1503,58.67,0.0535,0.4101,0.002442,6.05,3.64,2.42,SAFE,lunch_rush
3239.0,FOOD_COURT_A,14.63,0.0975,1.2619,0.0581,43.72,0.0794,0.5982,0.003541,9.29,3.6,5.69,SAFE,lunch_rush
3240.0,FOOD_COURT_A,21.61,0.1441,1.0443,0.0952,47.95,0.1131,0.4904,0.001215,6.83,2.13,4.7,SAFE,lunch_rush
3241.0,FOOD_COURT_A,20.48,0.1366,1.0509,0.094,22.38,0.1021,0.3093,0.003622,5.84,4.92,0.92,SAFE,lunch_rush
3242.0,FOOD_COURT_A,18.31,0.1221,1.6301,0.1084,38.43,0.0749,0.3194,0.001717,9.36,6.58,2.78,SAFE,lunch_rush
3243.0,FOOD_COURT_A,25.28,0.1685,1.2299,0.0894,51.67,0.0731,0.3208,0.003566,10.82,5.5,5.32,SAFE,lunch_rush
3244.0,FOOD_COURT_A,20.79,0.1386,1.1264,0.0842,43.79,0.072,0.3443,0.004345,3.88,2.68,1.2,SAFE,lunch_rush
3245.0,FOOD_COURT_A,24.01,0.1601,1.0863,0.0826,40.12,0.0564,0.4331,0.002534,12.0,5.18,6.82,SAFE,lunch_rush
3246.0,FOOD_COURT_A,20.34,0.1356,1.3087,0.1268,55.92,0.0956,0.4629,0.002555,6.87,4.36,2.51,SAFE,lunch_rush
3247.0,FOOD_COURT_A,50.94,0.3396,0.8162,0.2983,44.88,0.2282,0.5689,0.016295,15.58,8.82,6.76,WARNING,lunch_rush
3248.0,FOOD_COURT_A,65.78,0.4385,0.4079,0.583,204.36,0.4696,0.8048,0.020457,16.86,9.89,6.98,HIGH,lunch_rush
3249.0,FOOD_COURT_A,51.77,0.3451,0.361,0.4081,131.53,0.4874,0.7612,0.013806,3.87,2.77,1.11,WARNING,lunch_rush
3250.0,FOOD_COURT_A,53.72,0.3581,0.4914,0.3537,104.75,0.3215,0.7242,0.012916,13.88,6.77,7.11,WARNING,lunch_rush
3251.0,FOOD_COURT_A,55.62,0.3708,0.8543,0.3427,71.81,0.3017,0.762,0.00978,13.96,8.89,5.07,WARNING,lunch_rush
3252.0,FOOD_COURT_A,34.31,0.2288,0.8842,0.2261,44.76,0.0947,0.5023,0.006298,6.98,2.22,4.76,SAFE,lunch_rush
3253.0,FOOD_COURT_A,32.9,0.2193,1.0036,0.107,43.67,0.0842,0.478,0.006035,7.15,3.95,3.2,SAFE,lunch_rush
3254.0,FOOD_COURT_A,25.18,0.1679,1.2984,0.1,31.05,0.1047,0.333,0.004841,7.1,1.94,5.16,SAFE,lunch_rush
3255.0,FOOD_COURT_A,18.7,0.1247,1.2808,0.2271,41.45,0.0978,0.4694,0.001767,8.3,4.66,3.64,SAFE,lunch_rush
3256.0,FOOD_COURT_A,28.08,0.1872,0.86,0.173,37.17,0.1315,0.495,0.002483,3.89,2.14,1.74,SAFE,lunch_rush
3257.0,FOOD_COURT_A,28.43,0.1895,0.9083,0.1068,33.5,0.1199,0.5472,0.002764,4.96,2.51,2.45,SAFE,lunch_rush
3258.0,FOOD_COURT_A,22.59,0.1506,0.9892,0.04,43.2,0.0795,0.4371,0.004126,6.79,3.88,2.91,SAFE,lunch_rush
3259.0,FOOD_COURT_A,7.37,0.0491,0.8842,0.086,34.24,0.0978,0.3244,0.001384,8.07,3.68,4.39,SAFE,lunch_rush
3260.0,FOOD_COURT_A,25.31,0.1687,0.9289,0.1405,40.75,0.0408,0.3973,0.000981,6.63,3.53,3.1,SAFE,lunch_rush
3261.0,FOOD_COURT_A,29.41,0.1961,0.9209,0.0512,45.66,0.111,0.5807,0.003388,7.95,4.22,3.74,SAFE,lunch_rush
3262.0,FOOD_COURT_A,26.44,0.1762,1.11,0.0872,53.6,0.1249,0.4719,0.001706,4.39,1.95,2.44,SAFE,lunch_rush
3263.0,FOOD_COURT_A,28.37,0.1892,1.2715,0.0262,46.58,0.1503,0.4223,0.004144,4.61,1.32,3.29,SAFE,lunch_rush
3264.0,FOOD_COURT_A,32.84,0.2189,1.3788,0.0421,39.93,0.123,0.5062,0.003267,9.27,5.7,3.57,SAFE,lunch_rush
3265.0,FOOD_COURT_A,24.56,0.1638,0.7213,0.0777,43.38,0.0569,0.4183,0.003578,9.09,3.21,5.87,SAFE,lunch_rush
3266.0,FOOD_COURT_A,15.71,0.1047,1.1845,0.047,44.12,0.0809,0.484,0.001926,6.9,3.46,3.45,SAFE,lunch_rush
3267.0,FOOD_COURT_A,34.45,0.2297,1.0492,0.2168,67.83,0.3146,0.6723,0.013608,13.46,8.17,5.29,WARNING,lunch_rush
3268.0,FOOD_COURT_A,21.34,0.1423,0.9529,0.1778,51.34,0.2174,0.5564,0.007589,7.08,4.49,2.59,SAFE,lunch_rush
3269.0,FOOD_COURT_A,36.91,0.246,0.6211,0.31,113.71,0.2888,0.6767,0.01082,16.49,7.04,9.45,WARNING,lunch_rush
3270.0,FOOD_COURT_A,80.64,0.5376,0.3366,0.5525,128.78,0.4905,0.7511,0.025043,22.58,11.56,11.02,HIGH,lunch_rush
3271.0,FOOD_COURT_A,81.45,0.543,0.1861,0.6797,152.76,0.5969,0.7685,0.020429,30.17,14.96,15.21,HIGH,lunch_rush
3272.0,FOOD_COURT_A,110.59,0.7373,0.3194,0.844,182.82,0.5538,0.903,0.028289,17.66,7.63,10.03,HIGH,lunch_rush
3273.0,FOOD_COURT_A,74.66,0.4978,0.5782,0.4449,123.16,0.3578,0.7182,0.012846,10.8,4.04,6.76,WARNING,lunch_rush
3274.0,FOOD_COURT_A,60.28,0.4019,0.6268,0.3876,106.31,0.3662,0.5891,0.006996,17.52,10.86,6.66,WARNING,lunch_rush
3275.0,FOOD_COURT_A,55.96,0.3731,0.5962,0.3898,70.74,0.3709,0.7316,0.007264,16.81,7.66,9.14,WARNING,lunch_rush
3276.0,FOOD_COURT_A,79.54,0.5302,0.3103,0.7812,154.47,0.4834,0.8195,0.021195,14.92,8.13,6.79,HIGH,lunch_rush
3277.0,FOOD_COURT_A,89.25,0.595,0.2674,0.7659,195.34,0.4502,0.861,0.016075,19.12,9.25,9.87,HIGH,lunch_rush
3278.0,FOOD_COURT_A,98.93,0.6596,0.1652,0.864,176.08,0.4175,0.8037,0.017641,26.67,12.33,14.34,HIGH,lunch_rush
3279.0,FOOD_COURT_A,87.16,0.581,0.0795,0.9162,195.28,0.5638,0.8006,0.028823,21.08,9.36,11.72,HIGH,lunch_rush
3280.0,FOOD_COURT_A,53.85,0.359,0.5741,0.5173,123.35,0.3767,0.7037,0.015445,11.15,7.95,3.19,WARNING,lunch_rush
3281.0,FOOD_COURT_A,92.16,0.6144,0.5138,0.6721,199.6,0.3639,0.7537,0.026714,17.3,8.21,9.08,HIGH,lunch_rush
3282.0,FOOD_COURT_A,51.14,0.3409,0.6369,0.4274,131.09,0.2465,0.7153,0.020943,13.12,6.56,6.56,WARNING,lunch_rush
3283.0,FOOD_COURT_A,54.06,0.3604,0.5806,0.4771,127.51,0.2789,0.6445,0.014071,17.0,8.74,8.26,WARNING,lunch_rush
3284.0,FOOD_COURT_A,53.43,0.3562,0.6574,0.3956,108.59,0.3477,0.6481,0.00952,15.58,7.81,7.77,WARNING,lunch_rush
3285.0,FOOD_COURT_A,54.98,0.3666,0.6759,0.3245,111.1,0.2305,0.6828,0.011409,13.61,8.66,4.95,WARNING,lunch_rush
3286.0,FOOD_COURT_A,58.81,0.3921,0.6812,0.3653,99.66,0.1966,0.5803,0.010818,13.59,6.03,7.56,WARNING,lunch_rush
3287.0,FOOD_COURT_A,49.29,0.3286,0.8418,0.3849,82.95,0.2765,0.7342,0.015685,10.24,6.22,4.01,WARNING,lunch_rush
3288.0,FOOD_COURT_A,60.93,0.4062,0.7284,0.2906,80.3,0.3579,0.7255,0.007647,19.5,8.61,10.89,WARNING,lunch_rush
3289.0,FOOD_COURT_A,54.63,0.3642,0.7814,0.3296,54.71,0.2362,0.7328,0.011757,18.4,8.12,10.29,WARNING,lunch_rush
3290.0,FOOD_COURT_A,62.27,0.4152,0.6796,0.4162,97.85,0.2054,0.7089,0.008575,13.17,2.91,10.26,WARNING,lunch_rush
3291.0,FOOD_COURT_A,45.03,0.3002,0.5295,0.373,103.44,0.2163,0.7308,0.006489,10.7,8.08,2.63,WARNING,lunch_rush
3292.0,FOOD_COURT_A,61.93,0.4129,0.6186,0.4375,67.89,0.1457,0.6732,0.012994,15.22,5.64,9.58,WARNING,lunch_rush
3293.0,FOOD_COURT_A,61.69,0.4113,0.7212,0.4087,83.97,0.3291,0.6784,0.010782,14.93,6.53,8.4,WARNING,lunch_rush
3294.0,FOOD_COURT_A,58.88,0.3925,0.7665,0.3428,93.48,0.3216,0.7205,0.008909,12.32,7.57,4.75,WARNING,lunch_rush
3295.0,FOOD_COURT_A,66.81,0.4454,0.5498,0.2259,81.96,0.3103,0.7057,0.010498,12.15,8.49,3.66,WARNING,lunch_rush
3296.0,FOOD_COURT_A,57.02,0.3802,0.3198,0.2358,96.65,0.2595,0.5874,0.012534,8.04,4.15,3.89,WARNING,lunch_rush
3297.0,FOOD_COURT_A,54.6,0.364,0.3181,0.3226,66.89,0.358,0.7567,0.009234,15.83,8.04,7.79,WARNING,lunch_rush
3298.0,FOOD_COURT_A,55.58,0.3705,0.599,0.3793,95.59,0.1901,0.7372,0.008394,15.01,9.19,5.82,WARNING,lunch_rush
3299.0,FOOD_COURT_A,63.03,0.4202,0.6212,0.3867,81.99,0.2897,0.6826,0.008042,11.76,7.78,3.98,WARNING,lunch_rush
3300.0,FOOD_COURT_A,53.49,0.3566,0.7198,0.4391,85.37,0.2935,0.6389,0.008684,13.01,7.31,5.7,WARNING,lunch_rush
3301.0,FOOD_COURT_A,66.6,0.444,0.7869,0.4017,91.29,0.3494,0.6167,0.002673,7.98,1.83,6.15,WARNING,lunch_rush
3302.0,FOOD_COURT_A,62.6,0.4173,0.7341,0.3669,81.13,0.2723,0.7431,0.00917,19.78,9.45,10.33,WARNING,lunch_rush
3303.0,FOOD_COURT_A,46.59,0.3106,0.7259,0.3449,79.64,0.3863,0.6086,0.01426,13.45,4.3,9.15,WARNING,lunch_rush
3304.0,FOOD_COURT_A,64.47,0.4298,0.6338,0.4262,90.41,0.2734,0.6334,0.012148,12.01,5.38,6.63,WARNING,lunch_rush
3305.0,FOOD_COURT_A,54.94,0.3663,0.7169,0.4512,74.65,0.2481,0.7213,0.019054,10.83,9.44,1.39,WARNING,lunch_rush
3306.0,FOOD_COURT_A,58.87,0.3925,0.9804,0.4661,96.51,0.0744,0.7179,0.019981,10.9,6.65,4.25,WARNING,lunch_rush
3307.0,FOOD_COURT_A,52.95,0.353,0.8107,0.4209,104.23,0.2116,0.6605,0.010623,15.48,7.61,7.88,WARNING,lunch_rush
3308.0,FOOD_COURT_A,60.03,0.4002,0.925,0.3643,88.06,0.3352,0.7332,0.011074,13.77,7.14,6.63,WARNING,lunch_rush
3309.0,FOOD_COURT_A,65.45,0.4363,0.7231,0.4208,71.98,0.4402,0.6937,0.009116,18.7,8.56,10.13,WARNING,lunch_rush
3310.0,FOOD_COURT_A,53.51,0.3567,0.8295,0.2679,74.52,0.3212,0.6303,0.011301,15.32,5.23,10.08,WARNING,lunch_rush
3311.0,FOOD_COURT_A,58.58,0.3905,0.7861,0.3507,63.67,0.2174,0.5517,0.011528,16.84,13.06,3.78,WARNING,lunch_rush
3312.0,FOOD_COURT_A,46.92,0.3128,0.4614,0.4088,57.23,0.2427,0.6219,0.011809,14.52,9.79,4.73,WARNING,lunch_rush
3313.0,FOOD_COURT_A,53.2,0.3547,0.3983,0.4254,53.02,0.2251,0.7493,0.00982,10.87,4.47,6.4,WARNING,lunch_rush
3314.0,FOOD_COURT_A,60.9,0.406,0.8616,0.2484,95.71,0.1602,0.7289,0.01449,16.61,8.1,8.51,WARNING,lunch_rush
3315.0,FOOD_COURT_A,59.25,0.395,0.9387,0.3056,78.9,0.2003,0.88,0.014174,12.47,8.49,3.98,WARNING,lunch_rush
3316.0,FOOD_COURT_A,45.48,0.3032,0.7527,0.3166,56.28,0.1901,0.6065,0.007954,10.97,5.29,5.68,WARNING,lunch_rush
3317.0,FOOD_COURT_A,47.84,0.3189,0.7593,0.3711,84.85,0.2768,0.7395,0.011742,17.62,7.72,9.9,WARNING,lunch_rush
3318.0,FOOD_COURT_A,60.52,0.4035,0.7409,0.3666,103.36,0.2347,0.7556,0.012043,14.9,6.38,8.52,WARNING,lunch_rush
3319.0,FOOD_COURT_A,55.68,0.3712,0.6713,0.4012,84.07,0.2209,0.7235,0.011045,16.09,5.85,10.24,WARNING,lunch_rush
3320.0,FOOD_COURT_A,48.03,0.3202,0.7582,0.3217,72.73,0.3446,0.7245,0.013625,16.48,8.37,8.11,WARNING,lunch_rush
3321.0,FOOD_COURT_A,42.12,0.2808,0.685,0.4337,101.0,0.4109,0.6797,0.007438,12.61,6.69,5.91,WARNING,lunch_rush
3322.0,FOOD_COURT_A,52.13,0.3476,0.5268,0.422,100.92,0.4727,0.6782,0.013132,10.97,6.99,3.99,WARNING,lunch_rush
3323.0,FOOD_COURT_A,54.6,0.364,0.6497,0.5084,77.23,0.2839,0.8274,0.014083,11.37,1.93,9.43,WARNING,lunch_rush
3324.0,FOOD_COURT_A,47.94,0.3196,0.8346,0.4948,74.62,0.2496,0.6781,0.012929,14.55,8.08,6.47,WARNING,lunch_rush
3325.0,FOOD_COURT_A,61.5,0.41,0.6416,0.2524,107.45,0.1064,0.7024,0.021928,16.86,9.87,7.0,WARNING,lunch_rush
3326.0,FOOD_COURT_A,58.19,0.3879,0.6363,0.2988,87.81,0.3605,0.6424,0.018374,14.02,7.91,6.11,WARNING,lunch_rush
3327.0,FOOD_COURT_A,56.11,0.3741,0.5805,0.4355,103.92,0.3269,0.652,0.014852,16.3,7.76,8.54,WARNING,lunch_rush
3328.0,FOOD_COURT_A,60.39,0.4026,0.6534,0.4207,85.36,0.3822,0.7177,0.016347,15.65,8.42,7.23,WARNING,lunch_rush
3329.0,FOOD_COURT_A,55.12,0.3675,0.817,0.3328,85.08,0.2599,0.6807,0.011554,13.55,5.44,8.11,WARNING,lunch_rush
3330.0,FOOD_COURT_A,53.44,0.3563,0.8874,0.4188,64.34,0.3899,0.718,0.015468,17.92,8.46,9.45,WARNING,lunch_rush
3331.0,FOOD_COURT_A,48.76,0.3251,0.8527,0.3595,102.13,0.2808,0.5734,0.012509,8.87,2.41,6.47,WARNING,lunch_rush
3332.0,FOOD_COURT_A,64.43,0.4296,0.6835,0.2606,69.71,0.2085,0.6384,0.013099,14.27,12.0,2.27,WARNING,lunch_rush
3333.0,FOOD_COURT_A,55.47,0.3698,0.7724,0.4496,115.15,0.2507,0.7191,0.010168,16.87,7.81,9.05,WARNING,lunch_rush
3334.0,FOOD_COURT_A,42.98,0.2865,0.8108,0.416,117.9,0.3333,0.6014,0.008532,10.34,4.42,5.92,WARNING,lunch_rush
3335.0,FOOD_COURT_A,55.14,0.3676,0.6999,0.4581,93.92,0.3221,0.6733,0.01441,10.8,7.16,3.63,WARNING,lunch_rush
3336.0,FOOD_COURT_A,49.18,0.3279,0.6024,0.2708,91.4,0.2712,0.7138,0.015489,13.42,6.29,7.13,WARNING,lunch_rush
3337.0,FOOD_COURT_A,49.97,0.3332,0.5771,0.3452,106.29,0.348,0.7138,0.011767,13.52,8.65,4.87,WARNING,lunch_rush
3338.0,FOOD_COURT_A,51.55,0.3437,0.3971,0.3365,103.39,0.2299,0.6736,0.014997,14.51,7.42,7.09,WARNING,lunch_rush
3339.0,FOOD_COURT_A,54.55,0.3637,0.569,0.4326,107.48,0.2129,0.6643,0.013629,22.06,7.55,14.51,WARNING,lunch_rush
3340.0,FOOD_COURT_A,51.91,0.3461,0.5717,0.3848,100.34,0.3387,0.5634,0.004484,13.57,7.87,5.7,WARNING,lunch_rush
3341.0,FOOD_COURT_A,48.24,0.3216,0.6793,0.4344,81.05,0.3945,0.5993,0.012509,13.24,7.01,6.23,WARNING,lunch_rush
3342.0,FOOD_COURT_A,68.2,0.4547,0.4621,0.6393,176.46,0.551,0.8058,0.019121,27.12,14.7,12.42,HIGH,lunch_rush
3343.0,FOOD_COURT_A,79.39,0.5293,0.1492,0.5786,164.46,0.5627,0.8346,0.021381,15.32,10.41,4.91,HIGH,lunch_rush
3344.0,FOOD_COURT_A,82.41,0.5494,0.1764,0.5627,198.61,0.6199,0.9065,0.027249,20.8,9.23,11.57,HIGH,lunch_rush
3345.0,FOOD_COURT_A,87.81,0.5854,0.2518,0.5385,169.92,0.5424,0.8391,0.032366,13.38,7.98,5.41,HIGH,lunch_rush
3346.0,FOOD_COURT_A,87.15,0.581,0.215,0.616,169.85,0.5534,0.8368,0.029278,21.04,11.16,9.87,HIGH,lunch_rush
3347.0,FOOD_COURT_A,77.0,0.5134,0.1244,0.5954,188.47,0.5864,0.8164,0.032083,15.53,8.7,6.82,HIGH,lunch_rush
3348.0,FOOD_COURT_A,83.97,0.5598,0.0903,0.5417,186.31,0.5994,0.9449,0.024159,16.64,4.06,12.58,HIGH,lunch_rush
3349.0,FOOD_COURT_A,95.51,0.6367,0.1293,0.5314,170.61,0.6804,0.8181,0.024368,23.03,15.02,8.01,HIGH,lunch_rush
3350.0,FOOD_COURT_A,90.84,0.6056,0.1607,0.5369,185.46,0.4871,0.8403,0.029145,21.66,10.08,11.58,HIGH,lunch_rush
3351.0,FOOD_COURT_A,88.48,0.5899,0.2316,0.612,158.56,0.5376,0.8188,0.037228,27.53,12.19,15.34,HIGH,lunch_rush
3352.0,FOOD_COURT_A,73.05,0.487,0.2383,0.6659,171.94,0.4349,0.7868,0.028282,16.78,9.42,7.36,HIGH,lunch_rush
3353.0,FOOD_COURT_A,82.03,0.5468,0.2625,0.7246,140.26,0.6126,0.8134,0.028239,20.88,9.47,11.41,HIGH,lunch_rush
3354.0,FOOD_COURT_A,76.02,0.5068,0.1498,0.7198,224.94,0.6451,0.8804,0.022055,18.95,8.93,10.02,HIGH,lunch_rush
3355.0,FOOD_COURT_A,96.99,0.6466,0.2708,0.5149,156.15,0.5911,0.8788,0.021139,26.79,11.61,15.19,HIGH,lunch_rush
3356.0,FOOD_COURT_A,94.03,0.6268,0.2782,0.7241,145.19,0.6002,0.8548,0.027925,16.71,10.72,5.99,HIGH,lunch_rush
3357.0,FOOD_COURT_A,86.65,0.5777,0.3288,0.7267,154.16,0.5946,0.8887,0.013956,26.55,15.44,11.11,HIGH,lunch_rush
3358.0,FOOD_COURT_A,83.38,0.5559,0.1301,0.8228,154.34,0.5573,0.8923,0.024451,16.28,7.92,8.36,HIGH,lunch_rush
3359.0,FOOD_COURT_A,86.81,0.5787,0.2391,0.7546,213.3,0.6321,0.8485,0.022288,26.38,10.24,16.14,HIGH,lunch_rush
3360.0,FOOD_COURT_A,100.79,0.6719,0.1844,0.6891,226.05,0.6119,0.8335,0.025536,18.25,8.91,9.34,HIGH,lunch_rush
3361.0,FOOD_COURT_A,80.18,0.5345,0.0623,0.6596,218.19,0.6314,0.7716,0.020993,26.59,12.42,14.17,HIGH,lunch_rush
3362.0,FOOD_COURT_A,93.47,0.6232,0.1878,0.6559,231.18,0.5139,0.8375,0.023764,19.59,11.44,8.14,HIGH,lunch_rush
3363.0,FOOD_COURT_A,89.31,0.5954,0.1863,0.7379,193.75,0.6893,0.7822,0.0217,23.11,10.6,12.51,HIGH,lunch_rush
3364.0,FOOD_COURT_A,95.21,0.6347,0.2124,0.7759,180.8,0.5136,0.9182,0.032463,24.07,11.61,12.46,HIGH,lunch_rush
3365.0,FOOD_COURT_A,89.62,0.5975,0.192,0.8084,205.58,0.5503,0.8057,0.021644,17.73,7.31,10.42,HIGH,lunch_rush
3366.0,FOOD_COURT_A,88.42,0.5895,0.1561,0.8122,151.12,0.5396,0.884,0.030934,13.49,9.44,4.05,HIGH,lunch_rush
3367.0,FOOD_COURT_A,92.25,0.615,0.2176,0.7365,180.45,0.5432,0.8625,0.026185,12.65,7.19,5.46,HIGH,lunch_rush
3368.0,FOOD_COURT_A,87.52,0.5835,0.2338,0.745,209.56,0.6415,0.8269,0.029621,11.55,3.88,7.67,HIGH,lunch_rush
3369.0,FOOD_COURT_A,84.76,0.5651,0.2839,0.785,145.43,0.6641,0.7975,0.014754,21.3,13.12,8.18,HIGH,lunch_rush
3370.0,FOOD_COURT_A,99.85,0.6657,0.2143,0.7166,135.82,0.5907,0.7753,0.021743,31.39,20.5,10.89,HIGH,lunch_rush
3371.0,FOOD_COURT_A,96.98,0.6465,0.2176,0.7219,191.7,0.6384,0.6684,0.018496,23.9,12.76,11.13,HIGH,lunch_rush
3372.0,FOOD_COURT_A,88.02,0.5868,0.2299,0.6428,170.35,0.5957,0.9005,0.028143,24.55,10.5,14.05,HIGH,lunch_rush
3373.0,FOOD_COURT_A,91.17,0.6078,0.2277,0.6243,188.89,0.6989,0.8542,0.02557,25.92,12.94,12.98,HIGH,lunch_rush
3374.0,FOOD_COURT_A,88.27,0.5885,0.2807,0.8075,216.54,0.6454,0.7727,0.028374,14.66,4.33,10.32,HIGH,lunch_rush
3375.0,FOOD_COURT_A,95.41,0.6361,0.1587,0.516,193.66,0.6565,0.8154,0.025177,23.28,11.78,11.51,HIGH,lunch_rush
3376.0,FOOD_COURT_A,88.15,0.5877,0.309,0.7328,200.05,0.6636,0.8479,0.022799,23.12,13.77,9.36,HIGH,lunch_rush
3377.0,FOOD_COURT_A,75.98,0.5065,0.1506,0.6782,160.74,0.6269,0.8091,0.018882,21.13,12.32,8.81,HIGH,lunch_rush
3378.0,FOOD_COURT_A,83.09,0.554,0.2189,0.7167,196.32,0.4623,0.7787,0.014208,28.71,13.98,14.72,HIGH,lunch_rush
3379.0,FOOD_COURT_A,86.61,0.5774,0.3158,0.7975,165.0,0.4941,0.7682,0.02379,15.54,9.19,6.35,HIGH,lunch_rush
3380.0,FOOD_COURT_A,89.12,0.5942,0.3344,0.704,213.34,0.5172,0.9027,0.019444,17.01,9.27,7.74,HIGH,lunch_rush
3381.0,FOOD_COURT_A,76.85,0.5123,0.2703,0.7459,153.9,0.5844,0.8746,0.015566,21.6,6.39,15.21,HIGH,lunch_rush
3382.0,FOOD_COURT_A,83.24,0.555,0.1406,0.6873,166.34,0.6449,0.8563,0.019019,23.37,13.22,10.14,HIGH,lunch_rush
3383.0,FOOD_COURT_A,84.64,0.5643,0.1457,0.7822,171.11,0.5596,0.8338,0.029121,15.06,4.84,10.22,HIGH,lunch_rush
3384.0,FOOD_COURT_A,77.26,0.5151,0.1864,0.7518,99.7,0.651,0.9379,0.024261,26.5,11.36,15.14,HIGH,lunch_rush
3385.0,FOOD_COURT_A,84.33,0.5622,0.2208,0.9003,128.22,0.5461,0.8862,0.026886,22.62,16.07,6.55,HIGH,lunch_rush
3386.0,FOOD_COURT_A,98.15,0.6543,0.3648,0.5909,176.49,0.554,0.8439,0.02977,17.49,7.17,10.32,HIGH,lunch_rush
3387.0,FOOD_COURT_A,108.39,0.7226,0.2318,0.6739,184.92,0.5595,0.7076,0.027675,19.0,8.14,10.86,HIGH,lunch_rush
3388.0,FOOD_COURT_A,104.43,0.6962,0.2632,0.6281,149.59,0.5758,0.8606,0.03794,19.57,8.39,11.18,HIGH,lunch_rush
3389.0,FOOD_COURT_A,96.26,0.6417,0.1886,0.5833,150.49,0.5804,0.8427,0.033973,15.43,5.92,9.51,HIGH,lunch_rush
3390.0,FOOD_COURT_A,88.73,0.5915,0.1377,0.6886,152.03,0.4676,0.8777,0.025115,17.9,8.82,9.08,HIGH,lunch_rush
3391.0,FOOD_COURT_A,84.51,0.5634,0.1073,0.775,197.01,0.5302,0.8233,0.028946,15.2,9.78,5.42,HIGH,lunch_rush
3392.0,FOOD_COURT_A,82.73,0.5515,0.3374,0.6568,229.53,0.5921,0.7877,0.02879,21.31,14.22,7.09,HIGH,lunch_rush
3393.0,FOOD_COURT_A,84.49,0.5632,0.212,0.6816,234.02,0.4452,0.8346,0.024187,19.35,10.71,8.64,HIGH,lunch_rush
3394.0,FOOD_COURT_A,83.52,0.5568,0.2143,0.7628,217.68,0.5591,0.8272,0.016593,21.54,14.87,6.67,HIGH,lunch_rush
3395.0,FOOD_COURT_A,68.64,0.4576,0.3137,0.9288,209.23,0.5134,0.8838,0.023433,25.21,13.89,11.32,HIGH,lunch_rush
3396.0,FOOD_COURT_A,78.8,0.5253,0.2169,0.7383,237.98,0.4813,0.8872,0.022471,20.6,9.65,10.96,HIGH,lunch_rush
3397.0,FOOD_COURT_A,92.57,0.6172,0.2921,0.6188,205.45,0.5162,0.9427,0.019335,18.2,13.18,5.01,HIGH,lunch_rush
3398.0,FOOD_COURT_A,93.25,0.6217,0.2966,0.6739,223.2,0.6155,0.9345,0.026779,16.53,8.5,8.02,HIGH,lunch_rush
3399.0,FOOD_COURT_A,95.95,0.6396,0.347,0.6679,197.62,0.6006,0.7357,0.022753,27.7,12.74,14.96,HIGH,lunch_rush
3400.0,FOOD_COURT_A,87.39,0.5826,0.2611,0.5144,151.64,0.5373,0.7583,0.024396,18.38,7.89,10.49,HIGH,lunch_rush
3401.0,FOOD_COURT_A,90.23,0.6015,0.2031,0.7069,119.89,0.6184,0.8099,0.026229,20.69,10.3,10.38,HIGH,lunch_rush
3402.0,FOOD_COURT_A,102.03,0.6802,0.1439,0.7979,140.48,0.583,0.7915,0.01715,25.58,11.44,14.13,HIGH,lunch_rush
3403.0,FOOD_COURT_A,101.04,0.6736,0.3465,0.7297,158.92,0.5113,0.8545,0.02092,20.74,13.08,7.66,HIGH,lunch_rush
3404.0,FOOD_COURT_A,96.17,0.6411,0.2134,0.6974,203.43,0.7076,0.9144,0.026005,19.37,7.62,11.75,HIGH,lunch_rush
3405.0,FOOD_COURT_A,89.77,0.5985,0.3116,0.7178,200.13,0.5903,0.7988,0.025513,18.53,11.61,6.92,HIGH,lunch_rush
3406.0,FOOD_COURT_A,84.31,0.5621,0.1845,0.783,188.89,0.6717,0.8111,0.02351,11.98,4.73,7.24,HIGH,lunch_rush
3407.0,FOOD_COURT_A,95.52,0.6368,0.3621,0.8986,254.12,0.5272,0.8811,0.03206,19.31,8.55,10.76,HIGH,lunch_rush
3408.0,FOOD_COURT_A,88.64,0.5909,0.1909,0.8928,187.9,0.6616,0.878,0.029311,19.66,12.65,7.01,HIGH,lunch_rush
3409.0,FOOD_COURT_A,86.35,0.5757,0.1177,0.8417,186.25,0.6373,0.8761,0.035397,24.35,12.51,11.84,HIGH,lunch_rush
3410.0,FOOD_COURT_A,89.45,0.5963,0.149,0.6846,184.14,0.6099,0.9126,0.03264,29.75,16.67,13.09,HIGH,lunch_rush
3411.0,FOOD_COURT_A,74.05,0.4936,0.2957,0.6155,191.77,0.5493,0.8227,0.021028,15.34,5.05,10.29,HIGH,lunch_rush
3412.0,FOOD_COURT_A,81.92,0.5462,0.1845,0.7468,187.13,0.4548,0.9016,0.02345,25.5,16.07,9.43,HIGH,lunch_rush
3413.0,FOOD_COURT_A,86.63,0.5776,0.2216,0.7907,92.4,0.4999,0.8864,0.020567,20.94,9.16,11.78,HIGH,lunch_rush
3414.0,FOOD_COURT_A,93.6,0.624,0.1643,0.8176,163.36,0.48,0.8157,0.021565,16.36,9.7,6.66,HIGH,lunch_rush
3415.0,FOOD_COURT_A,104.55,0.697,0.1238,0.7397,158.67,0.6132,0.8345,0.035356,26.65,13.05,13.6,HIGH,lunch_rush
3416.0,FOOD_COURT_A,95.17,0.6345,0.1504,0.8017,195.22,0.6684,0.7732,0.011526,21.28,10.24,11.04,HIGH,lunch_rush
3417.0,FOOD_COURT_A,51.32,0.3421,0.4826,0.472,126.35,0.4855,0.7638,0.014437,12.99,9.71,3.28,WARNING,lunch_rush
3418.0,FOOD_COURT_A,53.89,0.3593,0.8722,0.4681,126.78,0.3014,0.6831,0.016782,12.71,6.41,6.3,WARNING,lunch_rush
3419.0,FOOD_COURT_A,58.45,0.3897,0.7628,0.4596,116.29,0.3399,0.5343,0.013003,16.99,11.6,5.39,WARNING,lunch_rush
3420.0,FOOD_COURT_A,41.41,0.276,1.1701,0.146,63.44,0.1579,0.447,0.00778,5.18,1.52,3.66,SAFE,lunch_rush
3421.0,FOOD_COURT_A,22.01,0.1467,1.313,0.1121,73.15,0.1183,0.317,0.004355,8.29,3.89,4.4,SAFE,lunch_rush
3422.0,FOOD_COURT_A,17.29,0.1152,0.9499,0.1266,29.2,0.125,0.2854,0.003558,9.29,4.34,4.95,SAFE,lunch_rush
3423.0,FOOD_COURT_A,22.77,0.1518,0.7885,0.038,19.4,0.1139,0.3977,0.001351,6.73,4.84,1.89,SAFE,lunch_rush
3424.0,FOOD_COURT_A,22.73,0.1515,1.0859,0.0225,26.24,0.051,0.3872,0.005163,7.01,3.37,3.64,SAFE,lunch_rush
3425.0,FOOD_COURT_A,19.74,0.1316,1.0465,0.0309,46.6,0.0555,0.4844,0.003795,6.68,3.57,3.11,SAFE,lunch_rush
3426.0,FOOD_COURT_A,18.78,0.1252,1.0258,0.142,39.02,0.0724,0.4419,0.003487,4.83,4.35,0.48,SAFE,lunch_rush
3427.0,FOOD_COURT_A,42.01,0.28,0.8332,0.2246,108.8,0.2862,0.5852,0.003114,16.46,9.96,6.5,WARNING,lunch_rush
3428.0,FOOD_COURT_A,56.38,0.3759,0.7303,0.3513,112.59,0.4035,0.686,0.010653,10.0,4.14,5.85,WARNING,lunch_rush
3429.0,FOOD_COURT_A,76.27,0.5085,0.4025,0.6526,186.48,0.5588,0.8286,0.015372,21.13,12.14,8.99,HIGH,lunch_rush
3430.0,FOOD_COURT_A,61.47,0.4098,0.3675,0.3619,143.07,0.3982,0.5289,0.012318,14.02,4.94,9.09,WARNING,lunch_rush
3431.0,FOOD_COURT_A,41.31,0.2754,0.7294,0.1511,73.13,0.1474,0.3114,0.004558,11.25,5.71,5.55,SAFE,lunch_rush
3432.0,FOOD_COURT_A,20.39,0.1359,1.1753,0.1609,65.85,0.1208,0.3399,0.002665,5.8,2.96,2.84,SAFE,lunch_rush
3433.0,FOOD_COURT_A,18.89,0.1259,1.0335,0.1672,49.12,0.0997,0.4454,0.00292,9.07,5.43,3.64,SAFE,lunch_rush
3434.0,FOOD_COURT_A,18.74,0.125,0.9873,0.1033,39.72,0.0481,0.4294,0.002303,9.65,5.02,4.63,SAFE,lunch_rush
3435.0,FOOD_COURT_A,10.85,0.0723,1.2566,0.0473,48.89,0.0595,0.393,0.002688,5.96,4.68,1.28,SAFE,lunch_rush
3436.0,FOOD_COURT_A,15.43,0.1029,1.294,0.1123,34.25,0.0949,0.3832,0.004533,8.46,4.93,3.53,SAFE,lunch_rush
3437.0,FOOD_COURT_A,14.45,0.0964,1.1905,0.1289,35.83,0.0643,0.45,0.005339,5.38,4.43,0.95,SAFE,lunch_rush
3438.0,FOOD_COURT_A,22.28,0.1485,1.3587,0.1011,42.36,0.058,0.5113,0.00337,9.85,5.17,4.68,SAFE,lunch_rush
3439.0,FOOD_COURT_A,20.03,0.1335,0.9904,0.0815,45.54,0.0907,0.3383,0.0023,4.44,0.0,4.44,SAFE,lunch_rush
3440.0,FOOD_COURT_A,15.66,0.1044,0.9543,0.118,43.16,0.0814,0.2185,0.004841,10.06,6.42,3.64,SAFE,lunch_rush
3441.0,FOOD_COURT_A,11.08,0.0739,0.9941,0.0405,51.44,0.0577,0.4156,0.004721,7.16,2.95,4.21,SAFE,lunch_rush
3442.0,FOOD_COURT_A,19.16,0.1277,1.1276,0.0574,54.97,0.0562,0.3515,0.003973,4.49,0.67,3.83,SAFE,lunch_rush
3443.0,FOOD_COURT_A,23.94,0.1596,1.3574,0.0597,52.56,0.0169,0.3394,0.002377,6.57,5.71,0.86,SAFE,lunch_rush
3444.0,FOOD_COURT_A,15.63,0.1042,1.2641,0.08,31.36,0.034,0.4165,0.003634,6.79,3.98,2.81,SAFE,lunch_rush
3445.0,FOOD_COURT_A,18.65,0.1243,1.3642,0.1367,45.57,0.0153,0.3693,0.003743,8.33,4.96,3.38,SAFE,lunch_rush
3446.0,FOOD_COURT_A,13.82,0.0921,1.2836,0.099,43.72,0.0242,0.5068,0.002467,8.52,4.49,4.03,SAFE,lunch_rush
3447.0,FOOD_COURT_A,16.86,0.1124,1.0874,0.1461,42.28,0.0416,0.4132,0.001851,8.15,3.25,4.91,SAFE,lunch_rush
3448.0,FOOD_COURT_A,10.03,0.0668,1.1554,0.1222,40.88,0.0903,0.3576,0.00347,8.98,6.07,2.9,SAFE,lunch_rush
3449.0,FOOD_COURT_A,19.55,0.1303,1.3123,0.1319,40.74,0.0745,0.3018,0.003201,7.4,4.03,3.36,SAFE,lunch_rush
3450.0,FOOD_COURT_A,15.23,0.1016,1.3179,0.1476,35.79,0.0811,0.4457,0.004894,7.57,2.01,5.56,SAFE,lunch_rush
3451.0,FOOD_COURT_A,18.68,0.1245,1.0376,0.1255,50.1,0.0938,0.5465,0.002914,5.61,4.64,0.97,SAFE,lunch_rush
3452.0,FOOD_COURT_A,30.2,0.2014,0.8793,0.1028,41.69,0.0864,0.3964,0.003292,5.92,2.96,2.96,SAFE,lunch_rush
3453.0,FOOD_COURT_A,28.04,0.1869,0.8294,0.1078,42.48,0.0743,0.3573,0.000988,4.34,2.4,1.94,SAFE,lunch_rush
3454.0,FOOD_COURT_A,27.93,0.1862,1.0675,0.1007,66.66,0.1062,0.3793,0.001133,5.62,2.62,3.0,SAFE,lunch_rush
3455.0,FOOD_COURT_A,29.39,0.1959,0.8698,0.1228,42.03,0.0916,0.4954,0.002942,6.52,3.83,2.69,SAFE,lunch_rush
3456.0,FOOD_COURT_A,19.76,0.1317,1.0122,0.1159,59.1,0.1009,0.4782,0.003411,8.76,3.2,5.56,SAFE,lunch_rush
3457.0,FOOD_COURT_A,22.81,0.1521,1.0966,0.1074,48.45,0.0355,0.4753,0.006075,4.62,1.07,3.55,SAFE,lunch_rush
3458.0,FOOD_COURT_A,22.54,0.1503,1.0426,0.0509,56.47,0.0482,0.4961,0.00668,6.81,2.71,4.1,SAFE,lunch_rush
3459.0,FOOD_COURT_A,19.25,0.1284,1.243,0.0182,53.62,0.0962,0.3742,0.004923,7.05,3.36,3.69,SAFE,lunch_rush
3460.0,FOOD_COURT_A,19.98,0.1332,1.0455,0.0055,52.04,0.0665,0.458,0.003309,6.86,2.75,4.1,SAFE,lunch_rush
3461.0,FOOD_COURT_A,28.02,0.1868,1.0192,0.07,40.83,0.0972,0.5306,0.003272,8.47,5.76,2.71,SAFE,lunch_rush
3462.0,FOOD_COURT_A,14.76,0.0984,0.9862,0.1069,37.15,0.0297,0.3224,0.002767,2.67,0.59,2.07,SAFE,lunch_rush
3463.0,FOOD_COURT_A,18.72,0.1248,1.2177,0.1547,41.64,0.029,0.4545,0.001369,0.63,0.0,0.63,SAFE,lunch_rush
3464.0,FOOD_COURT_A,19.65,0.131,1.1711,0.2141,38.04,0.0118,0.4061,0.003976,6.38,3.34,3.04,SAFE,lunch_rush
3465.0,FOOD_COURT_A,21.95,0.1463,1.185,0.1499,44.09,0.1012,0.5179,0.006133,10.52,3.78,6.74,SAFE,lunch_rush
3466.0,FOOD_COURT_A,22.92,0.1528,1.4741,0.1156,54.17,0.0729,0.4797,0.004017,9.65,5.21,4.45,SAFE,lunch_rush
3467.0,FOOD_COURT_A,31.92,0.2128,1.1846,0.103,23.35,0.0865,0.3742,0.003279,6.1,2.33,3.78,SAFE,lunch_rush
3468.0,FOOD_COURT_A,27.81,0.1854,1.2364,0.106,49.43,0.0788,0.3591,0.004302,12.98,8.84,4.13,SAFE,lunch_rush
3469.0,FOOD_COURT_A,47.48,0.3165,0.7913,0.319,55.07,0.187,0.6197,0.007529,13.65,7.4,6.26,WARNING,lunch_rush
3470.0,FOOD_COURT_A,58.02,0.3868,0.6944,0.4866,93.14,0.244,0.6234,0.012169,18.28,10.93,7.35,WARNING,lunch_rush
3471.0,FOOD_COURT_A,55.89,0.3726,0.8315,0.4068,75.14,0.4058,0.7616,0.007588,14.26,8.49,5.76,WARNING,lunch_rush
3472.0,FOOD_COURT_A,63.8,0.4253,0.8097,0.3429,109.61,0.4061,0.791,0.008319,12.44,7.99,4.45,WARNING,lunch_rush
3473.0,FOOD_COURT_A,36.49,0.2433,1.2333,0.1772,66.97,0.2101,0.4917,0.004721,5.6,2.35,3.25,SAFE,lunch_rush
3474.0,FOOD_COURT_A,25.14,0.1676,1.2901,0.0532,67.17,0.1302,0.5997,0.005086,10.0,5.59,4.42,SAFE,lunch_rush
3475.0,FOOD_COURT_A,25.75,0.1717,1.2786,0.0326,56.14,0.1228,0.3767,0.002604,7.88,3.5,4.38,SAFE,lunch_rush
3476.0,FOOD_COURT_A,13.07,0.0871,1.3741,0.0658,55.15,0.1056,0.273,0.001188,9.85,3.61,6.24,SAFE,lunch_rush
3477.0,FOOD_COURT_A,11.01,0.0734,0.9763,0.0824,54.84,0.0546,0.4227,0.000356,6.01,4.01,2.0,SAFE,lunch_rush
3478.0,FOOD_COURT_A,22.33,0.1489,1.104,0.1114,34.15,0.0953,0.364,0.006031,4.76,1.0,3.76,SAFE,lunch_rush
3479.0,FOOD_COURT_A,26.71,0.1781,1.4031,0.0411,31.56,0.119,0.4604,0.001809,6.36,4.79,1.57,SAFE,lunch_rush
3480.0,FOOD_COURT_A,28.38,0.1892,0.9971,0.035,19.72,0.1239,0.4799,0.003385,3.53,2.6,0.93,SAFE,lunch_rush
3481.0,FOOD_COURT_A,21.74,0.1449,1.1911,0.0717,20.11,0.1519,0.575,0.003262,6.01,3.89,2.13,SAFE,lunch_rush
3482.0,FOOD_COURT_A,19.25,0.1284,0.9754,0.0723,48.29,0.09,0.3494,0.004453,9.52,6.21,3.31,SAFE,lunch_rush
3483.0,FOOD_COURT_A,16.68,0.1112,1.1268,0.0657,49.21,0.0793,0.4058,0.002598,9.72,3.96,5.76,SAFE,lunch_rush
3484.0,FOOD_COURT_A,21.63,0.1442,1.2656,0.0961,49.89,0.072,0.4547,0.004974,3.64,2.08,1.56,SAFE,lunch_rush
3485.0,FOOD_COURT_A,17.47,0.1165,1.287,0.1578,38.23,0.1154,0.4071,0.005855,7.26,3.92,3.34,SAFE,lunch_rush
3486.0,FOOD_COURT_A,26.45,0.1763,1.0408,0.0598,33.68,0.0725,0.3892,0.004715,6.94,2.5,4.43,SAFE,lunch_rush
3487.0,FOOD_COURT_A,24.43,0.1629,1.0269,0.0391,27.0,0.0393,0.3674,0.005342,8.96,3.56,5.4,SAFE,lunch_rush
3488.0,FOOD_COURT_A,23.64,0.1576,1.2908,0.0973,54.39,0.0648,0.3513,0.0023,7.44,6.13,1.32,SAFE,lunch_rush
3489.0,FOOD_COURT_A,12.93,0.0862,1.2048,0.0648,44.79,0.0823,0.3349,0.003246,9.13,5.2,3.93,SAFE,lunch_rush
3490.0,FOOD_COURT_A,28.76,0.1917,1.1525,0.0206,52.47,0.0878,0.281,0.001817,4.36,4.05,0.31,SAFE,lunch_rush
3491.0,FOOD_COURT_A,14.7,0.098,1.1047,0.1478,53.03,0.0299,0.2495,0.002223,8.54,5.27,3.28,SAFE,lunch_rush
3492.0,FOOD_COURT_A,22.34,0.1489,1.3006,0.0995,44.85,0.0663,0.4574,0.003563,7.02,4.49,2.53,SAFE,lunch_rush
3493.0,FOOD_COURT_A,18.94,0.1262,1.0657,0.0848,30.84,0.0602,0.4392,0.00135,7.28,3.47,3.81,SAFE,lunch_rush
3494.0,FOOD_COURT_A,22.06,0.1471,1.302,0.0381,25.07,0.1221,0.3494,0.002398,5.04,1.58,3.47,SAFE,lunch_rush
3495.0,FOOD_COURT_A,16.54,0.1103,1.4291,0.1073,31.48,0.0553,0.4953,0.004818,10.71,5.88,4.82,SAFE,lunch_rush
3496.0,FOOD_COURT_A,17.7,0.118,1.0617,0.0479,41.16,0.0627,0.5852,0.003197,12.09,7.05,5.05,SAFE,lunch_rush
3497.0,FOOD_COURT_A,19.92,0.1328,1.3697,0.1157,33.87,0.0937,0.5841,0.000959,8.5,5.25,3.25,SAFE,lunch_rush
3498.0,FOOD_COURT_A,10.83,0.0722,1.3011,0.1449,38.14,0.1258,0.5565,0.003139,5.38,1.79,3.59,SAFE,lunch_rush
3499.0,FOOD_COURT_A,16.88,0.1126,1.4938,0.1417,34.88,0.0668,0.4417,0.003593,8.99,3.18,5.81,SAFE,lunch_rush
3500.0,FOOD_COURT_A,16.35,0.109,1.2593,0.18,39.78,0.0577,0.4112,0.001078,4.92,1.71,3.21,SAFE,lunch_rush
3501.0,FOOD_COURT_A,17.3,0.1154,1.1874,0.1753,26.72,0.0554,0.4005,0.004084,7.84,3.08,4.76,SAFE,lunch_rush
3502.0,FOOD_COURT_A,19.86,0.1324,1.2207,0.2114,25.29,0.084,0.5637,0.003343,6.87,2.76,4.11,SAFE,lunch_rush
3503.0,FOOD_COURT_A,27.57,0.1838,0.8938,0.1399,26.56,0.1307,0.502,0.001003,8.62,5.09,3.53,SAFE,lunch_rush
3504.0,FOOD_COURT_A,15.73,0.1049,1.0269,0.042,28.82,0.0845,0.4013,0.001892,6.25,2.55,3.7,SAFE,lunch_rush
3505.0,FOOD_COURT_A,20.25,0.135,1.1601,0.1434,45.79,0.0771,0.4928,0.001393,7.52,2.78,4.74,SAFE,lunch_rush
3506.0,FOOD_COURT_A,24.68,0.1645,1.1456,0.0701,30.85,0.0709,0.6898,0.001045,7.41,1.58,5.83,SAFE,lunch_rush
3507.0,FOOD_COURT_A,25.55,0.1703,1.3894,0.0382,36.98,0.0907,0.3534,0.0036,9.16,6.03,3.13,SAFE,lunch_rush
3508.0,FOOD_COURT_A,19.97,0.1332,0.8406,0.0656,44.93,0.0744,0.284,0.003347,7.13,5.5,1.63,SAFE,lunch_rush
3509.0,FOOD_COURT_A,15.06,0.1004,1.2777,0.1148,56.19,0.0886,0.303,0.003483,6.0,2.26,3.73,SAFE,lunch_rush
3510.0,FOOD_COURT_A,17.73,0.1182,0.8079,0.1841,57.28,0.1233,0.3709,0.0022,7.08,3.56,3.52,SAFE,lunch_rush
3511.0,FOOD_COURT_A,22.59,0.1506,1.3206,0.2153,51.09,0.0655,0.3961,0.004061,3.52,1.98,1.54,SAFE,lunch_rush
3512.0,FOOD_COURT_A,24.91,0.1661,1.2897,0.1554,69.74,0.0584,0.5569,0.004696,5.46,1.68,3.78,SAFE,lunch_rush
3513.0,FOOD_COURT_A,22.51,0.1501,1.0188,0.1261,71.95,0.0615,0.4209,0.001409,9.56,3.17,6.39,SAFE,lunch_rush
3514.0,FOOD_COURT_A,29.72,0.1981,1.0828,0.1256,57.49,0.0709,0.3003,0.003734,5.71,3.68,2.02,SAFE,lunch_rush
3515.0,FOOD_COURT_A,21.24,0.1416,1.2431,0.0847,65.93,0.1045,0.4677,0.003441,3.55,2.16,1.39,SAFE,lunch_rush
3516.0,FOOD_COURT_A,22.6,0.1506,1.1294,0.1096,49.09,0.0858,0.4043,0.003866,3.88,1.57,2.31,SAFE,lunch_rush
3517.0,FOOD_COURT_A,21.48,0.1432,1.2688,0.0329,41.41,0.0681,0.3157,0.002379,10.27,5.56,4.7,SAFE,lunch_rush
3518.0,FOOD_COURT_A,22.27,0.1484,1.2042,0.0099,49.7,0.1215,0.3696,0.004889,7.37,3.37,4.0,SAFE,lunch_rush
3519.0,FOOD_COURT_A,23.7,0.158,1.2409,0.056,55.46,0.0929,0.5002,0.004163,3.73,2.92,0.8,SAFE,lunch_rush
3520.0,FOOD_COURT_A,17.56,0.1171,1.2434,0.0641,53.81,0.0583,0.5373,0.004996,9.21,3.2,6.02,SAFE,lunch_rush
3521.0,FOOD_COURT_A,25.13,0.1675,1.4645,0.0695,40.08,0.05,0.3301,0.003561,5.44,1.78,3.66,SAFE,lunch_rush
3522.0,FOOD_COURT_A,30.78,0.2052,1.05,0.0409,58.78,0.0587,0.4159,0.004196,5.74,4.68,1.06,SAFE,lunch_rush
3523.0,FOOD_COURT_A,21.67,0.1444,1.0352,0.2039,30.35,0.0868,0.5332,0.002948,6.83,4.31,2.52,SAFE,lunch_rush
3524.0,FOOD_COURT_A,27.86,0.1857,1.0823,0.1044,29.21,0.0819,0.447,0.001049,5.34,1.56,3.78,SAFE,lunch_rush
3525.0,FOOD_COURT_A,19.29,0.1286,0.9777,0.07,31.22,0.0605,0.2629,0.003776,11.1,4.67,6.43,SAFE,lunch_rush
3526.0,FOOD_COURT_A,14.46,0.0964,1.2949,0.074,44.02,0.0932,0.3261,0.002028,9.9,5.39,4.51,SAFE,lunch_rush
3527.0,FOOD_COURT_A,25.62,0.1708,1.4001,0.1061,70.63,0.0825,0.3712,0.004473,6.58,0.82,5.76,SAFE,lunch_rush
3528.0,FOOD_COURT_A,24.55,0.1636,1.1884,0.1178,44.49,0.0925,0.2705,0.006448,6.8,2.35,4.46,SAFE,lunch_rush
3529.0,FOOD_COURT_A,34.94,0.2329,1.3174,0.0884,30.89,0.1157,0.3114,0.003067,3.04,2.13,0.9,SAFE,lunch_rush
3530.0,FOOD_COURT_A,17.26,0.115,1.2842,0.0712,52.06,0.0875,0.3257,0.004647,8.09,3.13,4.96,SAFE,lunch_rush
3531.0,FOOD_COURT_A,24.11,0.1608,1.2748,0.0989,44.43,0.0779,0.3634,0.004612,6.96,2.72,4.24,SAFE,lunch_rush
3532.0,FOOD_COURT_A,19.42,0.1295,1.2727,0.1038,46.29,0.0441,0.2868,0.001713,8.0,5.54,2.46,SAFE,lunch_rush
3533.0,FOOD_COURT_A,21.41,0.1427,1.1517,0.0619,40.69,0.0623,0.3002,0.000724,5.74,1.82,3.92,SAFE,lunch_rush
3534.0,FOOD_COURT_A,24.0,0.16,1.557,0.0792,42.66,0.04,0.3539,0.000217,6.92,3.06,3.86,SAFE,lunch_rush
3535.0,FOOD_COURT_A,24.33,0.1622,1.3919,0.0821,43.21,0.0326,0.4095,0.002002,8.87,6.12,2.75,SAFE,lunch_rush
3536.0,FOOD_COURT_A,15.2,0.1013,1.2819,0.089,46.99,0.0907,0.3918,0.000973,8.57,2.28,6.29,SAFE,lunch_rush
3537.0,FOOD_COURT_A,17.72,0.1181,1.366,0.0853,29.2,0.0985,0.3536,0.002702,4.84,1.99,2.85,SAFE,lunch_rush
3538.0,FOOD_COURT_A,26.25,0.175,1.198,0.0956,48.98,0.0543,0.4185,0.003874,7.1,3.31,3.8,SAFE,lunch_rush
3539.0,FOOD_COURT_A,36.5,0.2434,0.6133,0.4144,60.06,0.189,0.5203,0.01122,16.6,8.83,7.77,WARNING,lunch_rush
3540.0,FOOD_COURT_A,48.04,0.3202,0.7396,0.4383,75.05,0.1671,0.6404,0.012537,13.72,8.43,5.29,WARNING,lunch_rush
3541.0,FOOD_COURT_A,56.08,0.3739,0.8301,0.4775,92.18,0.2235,0.6208,0.012676,13.3,5.06,8.23,WARNING,lunch_rush
3542.0,FOOD_COURT_A,62.7,0.418,0.6017,0.3614,91.42,0.4044,0.5999,0.015384,9.58,1.94,7.63,WARNING,lunch_rush
3543.0,FOOD_COURT_A,59.99,0.4,0.6961,0.221,94.72,0.4155,0.6525,0.009254,15.96,8.92,7.03,WARNING,lunch_rush
3544.0,FOOD_COURT_A,52.15,0.3477,0.7376,0.4179,101.33,0.432,0.7821,0.014168,7.1,2.78,4.31,WARNING,lunch_rush
3545.0,FOOD_COURT_A,33.1,0.2207,0.7655,0.1827,62.17,0.2284,0.4355,0.005417,5.24,1.77,3.47,SAFE,lunch_rush
3546.0,FOOD_COURT_A,12.62,0.0842,1.1283,0.2045,50.17,0.1167,0.3358,0.003671,4.4,1.48,2.92,SAFE,lunch_rush
3547.0,FOOD_COURT_A,21.61,0.1441,1.2755,0.1788,61.17,0.1162,0.3878,0.004502,8.87,3.81,5.05,SAFE,lunch_rush
3548.0,FOOD_COURT_A,30.64,0.2043,1.3833,0.1407,67.15,0.0662,0.2709,0.005002,5.36,1.78,3.58,SAFE,lunch_rush
3549.0,FOOD_COURT_A,53.39,0.356,0.8255,0.3187,66.82,0.236,0.513,0.00863,19.34,8.66,10.68,WARNING,lunch_rush
3550.0,FOOD_COURT_A,49.28,0.3285,0.7077,0.4118,98.48,0.2739,0.5767,0.011157,14.99,5.11,9.88,WARNING,lunch_rush
3551.0,FOOD_COURT_A,32.75,0.2183,1.1635,0.2189,73.4,0.0997,0.3423,0.003704,6.04,2.02,4.02,SAFE,lunch_rush
3552.0,FOOD_COURT_A,20.21,0.1347,1.3651,0.1416,63.77,0.1253,0.4122,0.003367,9.18,3.92,5.26,SAFE,lunch_rush
3553.0,FOOD_COURT_A,15.51,0.1034,1.4025,0.0853,56.34,0.0905,0.4316,0.002125,8.62,3.89,4.73,SAFE,lunch_rush
3554.0,FOOD_COURT_A,23.94,0.1596,1.2154,0.1328,36.04,0.097,0.3318,0.00391,6.55,3.22,3.33,SAFE,lunch_rush
3555.0,FOOD_COURT_A,18.74,0.1249,1.3916,0.0719,40.72,0.1052,0.3534,0.004741,6.46,2.64,3.82,SAFE,lunch_rush
3556.0,FOOD_COURT_A,28.42,0.1895,1.2865,0.1187,35.41,0.0722,0.3886,0.001997,7.7,4.87,2.83,SAFE,lunch_rush
3557.0,FOOD_COURT_A,19.0,0.1266,1.24,0.1755,55.13,0.0808,0.2612,0.003167,8.98,3.94,5.04,SAFE,lunch_rush
3558.0,FOOD_COURT_A,19.4,0.1293,1.2714,0.1712,34.35,0.0759,0.4731,0.002279,5.52,2.7,2.82,SAFE,lunch_rush
3559.0,FOOD_COURT_A,17.06,0.1137,1.3165,0.1397,37.76,0.0885,0.4833,0.000684,7.93,4.23,3.7,SAFE,lunch_rush
3560.0,FOOD_COURT_A,19.54,0.1302,0.8494,0.0602,58.56,0.0845,0.5208,0.001067,5.61,2.62,2.99,SAFE,lunch_rush
3561.0,FOOD_COURT_A,24.36,0.1624,0.9791,0.0329,39.63,0.0599,0.4165,0.001258,9.0,4.69,4.31,SAFE,lunch_rush
3562.0,FOOD_COURT_A,29.34,0.1956,1.0113,0.0461,35.54,0.0725,0.3901,0.004204,5.07,2.03,3.04,SAFE,lunch_rush
3563.0,FOOD_COURT_A,37.59,0.2506,1.1732,0.1183,32.41,0.0599,0.3421,0.00596,5.58,3.23,2.36,SAFE,lunch_rush
3564.0,FOOD_COURT_A,31.67,0.2111,1.1031,0.1504,42.62,0.0663,0.3426,0.001788,3.86,2.04,1.82,SAFE,lunch_rush
3565.0,FOOD_COURT_A,18.48,0.1232,0.8288,0.1306,41.61,0.0815,0.3258,0.004483,7.66,5.77,1.9,SAFE,lunch_rush
3566.0,FOOD_COURT_A,8.74,0.0583,1.2371,0.0392,53.38,0.1031,0.3927,0.005947,5.43,2.8,2.63,SAFE,lunch_rush
3567.0,FOOD_COURT_A,18.65,0.1244,1.42,0.0118,40.77,0.0765,0.4219,0.003997,6.42,1.97,4.46,SAFE,lunch_rush
3568.0,FOOD_COURT_A,15.25,0.1016,1.2805,0.0444,52.04,0.0448,0.3046,0.002222,11.59,5.52,6.07,SAFE,lunch_rush
3569.0,FOOD_COURT_A,34.68,0.2312,0.9392,0.2814,101.85,0.2488,0.3935,0.006767,9.71,5.4,4.31,WARNING,lunch_rush
3570.0,FOOD_COURT_A,81.08,0.5405,0.3332,0.7406,163.73,0.5216,0.7107,0.026523,29.27,17.09,12.18,HIGH,lunch_rush
3571.0,FOOD_COURT_A,94.89,0.6326,0.1069,0.6701,154.85,0.4994,0.8679,0.023679,17.83,12.03,5.8,HIGH,lunch_rush
3572.0,FOOD_COURT_A,89.77,0.5984,0.2049,0.7225,197.2,0.5563,0.8209,0.017966,15.42,5.58,9.85,HIGH,lunch_rush
3573.0,FOOD_COURT_A,43.45,0.2897,1.0194,0.3039,86.07,0.2058,0.4306,0.007945,8.01,3.79,4.22,SAFE,lunch_rush
3574.0,FOOD_COURT_A,28.61,0.1907,1.297,0.1981,73.69,0.1055,0.5582,0.004891,4.34,3.5,0.84,SAFE,lunch_rush
3575.0,FOOD_COURT_A,32.94,0.2196,1.3473,0.1155,56.67,0.1062,0.5388,0.004246,5.97,3.14,2.83,SAFE,lunch_rush
3576.0,FOOD_COURT_A,24.46,0.1631,1.3273,0.0526,49.35,0.0801,0.3708,0.001274,7.36,4.94,2.42,SAFE,lunch_rush
3577.0,FOOD_COURT_A,24.66,0.1644,1.1659,0.096,57.13,0.0792,0.4371,0.004058,11.28,5.44,5.84,SAFE,lunch_rush
3578.0,FOOD_COURT_A,26.79,0.1786,1.0427,0.1038,38.03,0.0496,0.3252,0.001217,5.9,1.66,4.24,SAFE,lunch_rush
3579.0,FOOD_COURT_A,25.39,0.1693,1.1829,0.077,52.93,0.1086,0.4169,0.003729,7.99,4.78,3.21,SAFE,lunch_rush
3580.0,FOOD_COURT_A,36.59,0.2439,0.6567,0.3197,116.32,0.3533,0.6717,0.010558,10.24,6.32,3.92,WARNING,lunch_rush
3581.0,FOOD_COURT_A,54.5,0.3634,0.4279,0.2336,108.85,0.344,0.691,0.011332,11.64,9.29,2.35,WARNING,lunch_rush
3582.0,FOOD_COURT_A,58.22,0.3881,0.5814,0.393,88.27,0.3267,0.7419,0.009192,14.46,8.44,6.01,WARNING,lunch_rush
3583.0,FOOD_COURT_A,34.0,0.2267,0.8999,0.245,51.2,0.1642,0.5153,0.002758,10.15,4.3,5.85,SAFE,lunch_rush
3584.0,FOOD_COURT_A,40.88,0.2726,0.8493,0.3131,71.75,0.2452,0.5845,0.008982,13.74,4.95,8.79,WARNING,lunch_rush
3585.0,FOOD_COURT_A,54.72,0.3648,0.8051,0.4394,105.1,0.2589,0.628,0.006138,17.18,8.62,8.56,WARNING,lunch_rush
3586.0,FOOD_COURT_A,59.84,0.399,0.6283,0.4405,73.38,0.3903,0.6824,0.013172,7.11,4.47,2.64,WARNING,lunch_rush
3587.0,FOOD_COURT_A,44.77,0.2984,0.5281,0.4042,81.61,0.2721,0.6279,0.007203,12.95,5.93,7.03,WARNING,lunch_rush
3588.0,FOOD_COURT_A,46.66,0.3111,0.4446,0.4632,90.85,0.3316,0.6687,0.005787,13.29,6.61,6.68,WARNING,lunch_rush
3589.0,FOOD_COURT_A,86.65,0.5777,0.4029,0.6351,178.75,0.5418,0.789,0.0227,22.52,9.5,13.02,HIGH,lunch_rush
3590.0,FOOD_COURT_A,62.17,0.4144,0.6234,0.4212,99.92,0.3836,0.824,0.014697,9.44,6.82,2.63,WARNING,lunch_rush
3591.0,FOOD_COURT_A,95.91,0.6394,0.2714,0.6874,150.99,0.4714,0.8447,0.022429,13.98,7.46,6.53,HIGH,lunch_rush
3592.0,FOOD_COURT_A,101.08,0.6739,0.2533,0.8469,153.33,0.4774,0.8514,0.030119,24.15,13.55,10.6,HIGH,lunch_rush
3593.0,FOOD_COURT_A,73.22,0.4882,0.3576,0.5849,129.35,0.339,0.7903,0.017589,10.3,4.88,5.41,WARNING,lunch_rush
3594.0,FOOD_COURT_A,81.89,0.5459,0.3218,0.6325,204.57,0.5807,0.8136,0.021928,20.55,9.95,10.6,HIGH,lunch_rush
3595.0,FOOD_COURT_A,76.27,0.5084,0.2548,0.7018,235.5,0.5717,0.8198,0.029915,17.17,11.05,6.12,HIGH,lunch_rush
3596.0,FOOD_COURT_A,76.14,0.5076,0.3123,0.7701,154.95,0.5641,0.9303,0.029944,20.18,10.59,9.59,HIGH,lunch_rush
3597.0,FOOD_COURT_A,81.5,0.5434,0.3472,0.708,174.99,0.4809,0.8858,0.016592,20.55,13.51,7.04,HIGH,lunch_rush
3598.0,FOOD_COURT_A,80.97,0.5398,0.1714,0.7279,144.46,0.4005,0.8511,0.015167,18.64,9.95,8.69,HIGH,lunch_rush
3599.0,FOOD_COURT_A,53.94,0.3596,0.6471,0.5502,94.5,0.3677,0.7223,0.0126,16.85,11.5,5.36,WARNING,lunch_rush
3600.0,FOOD_COURT_A,16.57,0.1104,0.7596,0.0126,17.27,0.0134,0.4113,0.002495,0.0,0.0,0.0,SAFE,event_day
3601.0,FOOD_COURT_A,11.68,0.0779,0.8608,0.0992,26.69,0.0701,0.4925,0.002685,6.25,4.74,1.51,SAFE,event_day
3602.0,FOOD_COURT_A,19.6,0.1307,0.8981,0.0859,35.9,0.0737,0.4143,0.004897,6.95,3.18,3.78,SAFE,event_day
3603.0,FOOD_COURT_A,6.8,0.0453,1.041,0.1039,45.94,0.0947,0.448,0.004724,7.76,4.14,3.62,SAFE,event_day
3604.0,FOOD_COURT_A,16.34,0.1089,0.9948,0.0595,45.09,0.0987,0.3896,0.003383,4.96,3.37,1.59,SAFE,event_day
3605.0,FOOD_COURT_A,13.26,0.0884,1.2698,0.0179,49.42,0.079,0.4332,0.004333,11.9,6.51,5.38,SAFE,event_day
3606.0,FOOD_COURT_A,22.22,0.1481,1.2508,0.1127,55.37,0.0793,0.3267,0.009599,4.55,2.27,2.27,SAFE,event_day
3607.0,FOOD_COURT_A,54.02,0.3602,0.8886,0.1725,85.44,0.2046,0.6656,0.013995,11.14,6.3,4.84,WARNING,event_day
3608.0,FOOD_COURT_A,61.39,0.4093,0.5875,0.1949,78.37,0.2386,0.6037,0.009309,13.1,6.17,6.93,WARNING,event_day
3609.0,FOOD_COURT_A,99.03,0.6602,0.1975,0.4898,147.91,0.5637,0.7462,0.018411,20.44,6.33,14.11,HIGH,event_day
3610.0,FOOD_COURT_A,92.36,0.6157,0.2128,0.759,159.18,0.4934,0.8687,0.008595,19.08,11.07,8.0,HIGH,event_day
3611.0,FOOD_COURT_A,102.34,0.6823,0.2688,0.7262,161.12,0.6138,0.7136,0.017908,22.34,10.94,11.4,HIGH,event_day
3612.0,FOOD_COURT_A,60.31,0.4021,0.5104,0.6008,124.64,0.4214,0.7081,0.006882,15.0,6.6,8.4,WARNING,event_day
3613.0,FOOD_COURT_A,69.05,0.4604,0.8905,0.3914,108.15,0.2797,0.6382,0.020617,14.71,7.96,6.75,WARNING,event_day
3614.0,FOOD_COURT_A,46.63,0.3109,1.1505,0.1174,73.95,0.1624,0.5536,0.010436,8.55,4.02,4.53,SAFE,event_day
3615.0,FOOD_COURT_A,24.01,0.1601,1.1918,0.1027,53.76,0.1155,0.3598,0.003719,3.78,0.0,3.78,SAFE,event_day
3616.0,FOOD_COURT_A,16.36,0.1091,1.263,0.0548,47.21,0.0676,0.3412,0.002886,7.88,3.87,4.01,SAFE,event_day
3617.0,FOOD_COURT_A,26.95,0.1797,0.9773,0.0328,37.51,0.0597,0.4458,0.003471,6.8,2.76,4.04,SAFE,event_day
3618.0,FOOD_COURT_A,26.96,0.1797,1.1731,0.1057,44.65,0.0796,0.3103,0.001041,4.91,2.76,2.15,SAFE,event_day
3619.0,FOOD_COURT_A,30.58,0.2039,1.249,0.1018,48.91,0.0616,0.4643,0.001091,8.0,5.29,2.7,SAFE,event_day
3620.0,FOOD_COURT_A,19.84,0.1323,0.9101,0.1751,61.47,0.0628,0.3392,0.003141,6.45,2.41,4.04,SAFE,event_day
3621.0,FOOD_COURT_A,18.29,0.1219,0.8263,0.1825,58.01,0.0797,0.4139,0.002331,7.93,2.04,5.89,SAFE,event_day
3622.0,FOOD_COURT_A,40.74,0.2716,0.7539,0.4467,77.75,0.2133,0.6521,0.012997,9.29,3.95,5.34,WARNING,event_day
3623.0,FOOD_COURT_A,63.16,0.421,0.4116,0.7083,161.6,0.4315,0.8956,0.020306,18.6,5.7,12.9,HIGH,event_day
3624.0,FOOD_COURT_A,53.85,0.359,0.4159,0.51,107.48,0.2254,0.7443,0.016322,12.14,4.23,7.91,WARNING,event_day
3625.0,FOOD_COURT_A,82.43,0.5496,0.29,0.5942,187.37,0.4706,0.8223,0.02283,24.22,11.27,12.94,HIGH,event_day
3626.0,FOOD_COURT_A,44.89,0.2993,0.4798,0.5877,143.92,0.3146,0.6515,0.018434,12.1,7.5,4.6,WARNING,event_day
3627.0,FOOD_COURT_A,49.8,0.332,0.4068,0.5223,117.01,0.2872,0.5986,0.009741,8.17,6.34,1.83,WARNING,event_day
3628.0,FOOD_COURT_A,51.82,0.3455,0.572,0.4615,146.36,0.3834,0.6411,0.005706,17.67,6.3,11.37,WARNING,event_day
3629.0,FOOD_COURT_A,59.49,0.3966,0.7297,0.3849,121.92,0.296,0.7373,0.009126,12.1,5.04,7.06,WARNING,event_day
3630.0,FOOD_COURT_A,73.09,0.4873,0.2635,0.6224,147.33,0.6032,0.8436,0.021578,22.44,9.19,13.25,HIGH,event_day
3631.0,FOOD_COURT_A,81.57,0.5438,0.3018,0.7623,193.93,0.6562,0.9531,0.026384,17.03,12.49,4.54,HIGH,event_day
3632.0,FOOD_COURT_A,65.04,0.4336,0.5354,0.4465,134.16,0.3902,0.8015,0.01497,15.96,7.23,8.73,WARNING,event_day
3633.0,FOOD_COURT_A,48.5,0.3234,0.615,0.3202,109.07,0.375,0.7946,0.010138,10.8,6.08,4.72,WARNING,event_day
3634.0,FOOD_COURT_A,65.26,0.4351,0.6018,0.2936,117.64,0.4033,0.7316,0.018292,16.98,8.69,8.29,WARNING,event_day
3635.0,FOOD_COURT_A,67.12,0.4475,0.7777,0.3856,109.66,0.3689,0.7559,0.014893,14.93,8.68,6.25,WARNING,event_day
3636.0,FOOD_COURT_A,30.75,0.205,1.0318,0.1945,63.66,0.2105,0.4511,0.005328,3.29,3.29,0.0,SAFE,event_day
3637.0,FOOD_COURT_A,9.82,0.0655,1.4792,0.1584,55.75,0.1007,0.4311,0.002649,7.84,4.66,3.18,SAFE,event_day
3638.0,FOOD_COURT_A,6.88,0.0459,1.2897,0.1542,43.82,0.0768,0.2742,0.001559,7.37,5.04,2.32,SAFE,event_day
3639.0,FOOD_COURT_A,22.26,0.1484,0.9858,0.1558,56.29,0.1071,0.4014,0.000468,3.63,2.47,1.16,SAFE,event_day
3640.0,FOOD_COURT_A,24.2,0.1613,0.9815,0.1834,63.7,0.0833,0.5088,0.001026,9.24,5.26,3.97,SAFE,event_day
3641.0,FOOD_COURT_A,24.39,0.1626,1.2112,0.0954,52.89,0.1093,0.5138,0.006134,8.66,4.61,4.05,SAFE,event_day
3642.0,FOOD_COURT_A,26.5,0.1767,1.0969,0.0882,53.77,0.0946,0.4854,0.002356,9.03,3.01,6.02,SAFE,event_day
3643.0,FOOD_COURT_A,44.16,0.2944,0.8712,0.326,93.73,0.2512,0.6468,0.003096,9.13,3.09,6.04,WARNING,event_day
3644.0,FOOD_COURT_A,46.0,0.3067,0.7024,0.3657,88.14,0.3258,0.7005,0.008846,17.18,6.19,10.99,WARNING,event_day
3645.0,FOOD_COURT_A,88.25,0.5883,0.4139,0.6739,122.91,0.5916,0.86,0.028312,20.42,8.18,12.24,HIGH,event_day
3646.0,FOOD_COURT_A,60.57,0.4038,0.4882,0.4001,77.41,0.3599,0.8303,0.017484,13.98,7.42,6.56,WARNING,event_day
3647.0,FOOD_COURT_A,71.13,0.4742,0.446,0.4989,103.98,0.3399,0.7878,0.015026,16.03,5.46,10.57,WARNING,event_day
3648.0,FOOD_COURT_A,36.51,0.2434,1.0259,0.1708,68.46,0.159,0.4498,0.006263,4.35,0.27,4.09,SAFE,event_day
3649.0,FOOD_COURT_A,25.07,0.1671,1.2519,0.1189,50.87,0.1511,0.369,0.002529,6.38,2.42,3.96,SAFE,event_day
3650.0,FOOD_COURT_A,47.94,0.3196,1.0404,0.3994,73.81,0.3084,0.5804,0.007185,12.82,7.95,4.87,WARNING,event_day
3651.0,FOOD_COURT_A,54.96,0.3664,0.7368,0.4429,104.59,0.3456,0.5966,0.01259,11.68,6.83,4.86,WARNING,event_day
3652.0,FOOD_COURT_A,25.22,0.1682,0.9706,0.1952,70.05,0.1482,0.406,0.005863,4.62,4.59,0.03,SAFE,event_day
3653.0,FOOD_COURT_A,14.2,0.0947,1.3148,0.1621,54.72,0.1453,0.3356,0.003864,7.84,3.41,4.43,SAFE,event_day
3654.0,FOOD_COURT_A,43.12,0.2875,0.8079,0.3818,83.4,0.3304,0.3861,0.012578,20.28,9.03,11.25,WARNING,event_day
3655.0,FOOD_COURT_A,53.5,0.3566,0.6166,0.3817,90.1,0.4395,0.5283,0.005176,10.25,6.1,4.15,WARNING,event_day
3656.0,FOOD_COURT_A,67.3,0.4487,0.3796,0.6995,164.03,0.5523,0.7101,0.014504,16.33,7.67,8.66,HIGH,event_day
3657.0,FOOD_COURT_A,63.2,0.4214,0.2909,0.7486,181.03,0.5833,0.8316,0.018614,20.31,11.62,8.69,HIGH,event_day
3658.0,FOOD_COURT_A,98.83,0.6589,0.2749,0.7193,181.72,0.5082,0.7721,0.022002,25.93,13.09,12.84,HIGH,event_day
3659.0,FOOD_COURT_A,72.28,0.4818,0.4597,0.6006,106.25,0.4163,0.7327,0.01465,11.62,5.9,5.72,WARNING,event_day
3660.0,FOOD_COURT_A,59.96,0.3997,0.329,0.3845,75.09,0.4512,0.7462,0.013723,17.24,8.39,8.85,WARNING,event_day
3661.0,FOOD_COURT_A,89.55,0.597,0.3002,0.5554,152.46,0.5237,0.7583,0.024467,22.08,8.65,13.43,HIGH,event_day
3662.0,FOOD_COURT_A,73.05,0.487,0.8109,0.4071,132.37,0.2797,0.7051,0.012734,14.43,4.96,9.47,WARNING,event_day
3663.0,FOOD_COURT_A,51.19,0.3413,0.6184,0.2329,91.45,0.252,0.6628,0.011685,12.39,7.3,5.09,WARNING,event_day
3664.0,FOOD_COURT_A,39.88,0.2659,0.6418,0.3012,92.15,0.2765,0.6144,0.010291,14.55,8.72,5.83,WARNING,event_day
3665.0,FOOD_COURT_A,26.2,0.1747,1.2391,0.1163,79.36,0.1849,0.5494,0.004621,9.28,7.87,1.42,SAFE,event_day
3666.0,FOOD_COURT_A,43.46,0.2898,0.7843,0.3856,90.27,0.2542,0.7212,0.008812,18.54,8.5,10.03,WARNING,event_day
3667.0,FOOD_COURT_A,83.01,0.5534,0.4454,0.6746,138.83,0.4853,0.7598,0.029379,29.35,17.76,11.6,HIGH,event_day
3668.0,FOOD_COURT_A,82.28,0.5485,0.3092,0.5887,173.69,0.5712,0.8289,0.018088,24.6,10.7,13.91,HIGH,event_day
3669.0,FOOD_COURT_A,57.68,0.3845,0.5293,0.4981,150.23,0.3432,0.7965,0.014913,11.16,5.87,5.29,WARNING,event_day
3670.0,FOOD_COURT_A,54.73,0.3649,0.4835,0.434,57.79,0.3796,0.6851,0.013825,4.4,2.16,2.23,WARNING,event_day
3671.0,FOOD_COURT_A,55.28,0.3685,0.8672,0.352,81.69,0.4875,0.7523,0.012081,10.94,1.18,9.76,WARNING,event_day
3672.0,FOOD_COURT_A,49.77,0.3318,0.7069,0.3071,62.77,0.3654,0.6888,0.010191,15.27,4.79,10.48,WARNING,event_day
3673.0,FOOD_COURT_A,60.67,0.4045,1.0248,0.4118,87.72,0.3719,0.5515,0.013726,15.54,5.02,10.52,WARNING,event_day
3674.0,FOOD_COURT_A,54.44,0.3629,0.6489,0.3248,70.68,0.3109,0.7247,0.018099,10.96,5.03,5.92,WARNING,event_day
3675.0,FOOD_COURT_A,90.88,0.6059,0.3549,0.5866,176.74,0.4988,0.761,0.019502,18.37,5.67,12.71,HIGH,event_day
3676.0,FOOD_COURT_A,63.85,0.4257,0.4723,0.4579,95.18,0.3006,0.7169,0.011032,17.47,8.76,8.71,WARNING,event_day
3677.0,FOOD_COURT_A,98.27,0.6551,0.3287,0.6567,147.31,0.3959,0.8967,0.017019,19.41,8.31,11.09,HIGH,event_day
3678.0,FOOD_COURT_A,69.18,0.4612,0.4887,0.418,120.61,0.4475,0.7373,0.013053,14.32,9.15,5.17,WARNING,event_day
3679.0,FOOD_COURT_A,49.45,0.3297,0.4375,0.3582,96.74,0.2193,0.7065,0.012922,11.24,4.44,6.8,WARNING,event_day
3680.0,FOOD_COURT_A,72.96,0.4864,0.5289,0.2685,78.61,0.2267,0.6283,0.009868,10.21,6.4,3.81,WARNING,event_day
3681.0,FOOD_COURT_A,62.37,0.4158,0.5925,0.3576,56.46,0.3715,0.803,0.011392,12.53,6.41,6.12,WARNING,event_day
3682.0,FOOD_COURT_A,67.68,0.4512,0.3917,0.4686,63.08,0.4523,0.7513,0.011915,5.47,4.33,1.14,WARNING,event_day
3683.0,FOOD_COURT_A,44.94,0.2996,0.4825,0.4874,71.97,0.2139,0.6783,0.009408,11.46,6.92,4.55,WARNING,event_day
3684.0,FOOD_COURT_A,42.73,0.2849,0.5153,0.3529,109.9,0.3042,0.7234,0.008854,10.5,6.48,4.02,WARNING,event_day
3685.0,FOOD_COURT_A,54.69,0.3646,0.4928,0.3591,85.3,0.3379,0.762,0.009934,16.27,9.03,7.24,WARNING,event_day
3686.0,FOOD_COURT_A,58.36,0.3891,0.6892,0.3732,89.09,0.2053,0.6364,0.011383,19.79,12.07,7.73,WARNING,event_day
3687.0,FOOD_COURT_A,50.25,0.335,0.716,0.4773,79.58,0.3295,0.707,0.008931,8.71,5.63,3.08,WARNING,event_day
3688.0,FOOD_COURT_A,57.54,0.3836,0.8015,0.378,102.79,0.3246,0.6853,0.009481,11.92,6.22,5.7,WARNING,event_day
3689.0,FOOD_COURT_A,58.5,0.39,0.7565,0.39,115.29,0.2625,0.6864,0.008933,16.93,8.28,8.65,WARNING,event_day
3690.0,FOOD_COURT_A,45.05,0.3003,0.7621,0.4577,104.16,0.1556,0.8246,0.008533,17.33,6.54,10.79,WARNING,event_day
3691.0,FOOD_COURT_A,48.19,0.3213,0.6443,0.4894,103.19,0.3045,0.7098,0.01046,10.74,8.23,2.51,WARNING,event_day
3692.0,FOOD_COURT_A,43.84,0.2922,0.5693,0.3437,117.02,0.2895,0.6746,0.007179,14.06,8.42,5.64,WARNING,event_day
3693.0,FOOD_COURT_A,47.05,0.3137,0.5515,0.3137,81.52,0.2989,0.72,0.014902,7.78,2.19,5.59,WARNING,event_day
3694.0,FOOD_COURT_A,68.65,0.4577,0.6394,0.2844,91.06,0.2634,0.7422,0.014889,14.87,6.35,8.52,WARNING,event_day
3695.0,FOOD_COURT_A,63.23,0.4215,0.7575,0.3858,94.09,0.2544,0.8402,0.013421,11.0,5.69,5.31,WARNING,event_day
3696.0,FOOD_COURT_A,73.28,0.4885,0.7965,0.2786,110.08,0.2767,0.7163,0.009667,19.67,8.32,11.35,WARNING,event_day
3697.0,FOOD_COURT_A,48.92,0.3261,0.5914,0.2866,85.67,0.2054,0.624,0.009556,10.93,9.95,0.99,WARNING,event_day
3698.0,FOOD_COURT_A,51.47,0.3431,0.7286,0.2994,116.83,0.3583,0.6837,0.017072,18.09,8.57,9.52,WARNING,event_day
3699.0,FOOD_COURT_A,43.45,0.2897,0.7268,0.3069,74.63,0.3111,0.7097,0.011345,17.96,8.22,9.74,WARNING,event_day
3700.0,FOOD_COURT_A,48.5,0.3233,0.6285,0.3655,89.95,0.3959,0.5122,0.013293,9.65,5.43,4.22,WARNING,event_day
3701.0,FOOD_COURT_A,68.68,0.4579,0.6464,0.3442,126.32,0.3756,0.6038,0.014381,11.1,7.77,3.33,WARNING,event_day
3702.0,FOOD_COURT_A,53.51,0.3567,0.5721,0.3336,110.44,0.2802,0.588,0.013942,10.09,7.37,2.72,WARNING,event_day
3703.0,FOOD_COURT_A,50.16,0.3344,0.6501,0.4918,99.12,0.3245,0.6455,0.012297,12.3,2.26,10.05,WARNING,event_day
3704.0,FOOD_COURT_A,56.04,0.3736,0.7614,0.3149,81.46,0.3351,0.6242,0.009754,16.22,11.73,4.49,WARNING,event_day
3705.0,FOOD_COURT_A,54.62,0.3641,0.6473,0.2503,86.11,0.4449,0.6196,0.0147,13.85,6.69,7.15,WARNING,event_day
3706.0,FOOD_COURT_A,51.6,0.344,0.6875,0.32,119.55,0.2882,0.6348,0.005705,18.03,10.01,8.02,WARNING,event_day
3707.0,FOOD_COURT_A,58.24,0.3883,0.587,0.3968,120.14,0.2651,0.7864,0.008595,14.27,4.73,9.54,WARNING,event_day
3708.0,FOOD_COURT_A,54.99,0.3666,0.6107,0.4311,115.22,0.2357,0.7171,0.01229,18.61,7.92,10.68,WARNING,event_day
3709.0,FOOD_COURT_A,50.97,0.3398,0.5448,0.2975,114.84,0.2215,0.6551,0.007367,9.87,3.4,6.47,WARNING,event_day
3710.0,FOOD_COURT_A,59.08,0.3939,0.4278,0.372,99.03,0.22,0.6273,0.009682,6.51,4.82,1.69,WARNING,event_day
3711.0,FOOD_COURT_A,63.05,0.4203,0.7379,0.3364,106.79,0.3437,0.67,0.006307,10.98,6.13,4.85,WARNING,event_day
3712.0,FOOD_COURT_A,56.36,0.3758,0.5478,0.4591,86.02,0.3014,0.6079,0.005861,13.63,7.93,5.71,WARNING,event_day
3713.0,FOOD_COURT_A,66.52,0.4434,0.2725,0.5128,68.41,0.2994,0.5564,0.012092,11.53,6.09,5.44,WARNING,event_day
3714.0,FOOD_COURT_A,52.17,0.3478,0.5801,0.4913,75.93,0.395,0.6656,0.010851,5.25,5.05,0.19,WARNING,event_day
3715.0,FOOD_COURT_A,58.38,0.3892,0.5549,0.4608,76.99,0.397,0.7687,0.009996,6.11,4.08,2.04,WARNING,event_day
3716.0,FOOD_COURT_A,69.04,0.4603,0.6142,0.4097,97.52,0.2672,0.6151,0.01537,13.1,5.16,7.95,WARNING,event_day
3717.0,FOOD_COURT_A,64.25,0.4283,0.6321,0.3798,141.72,0.4119,0.6226,0.012506,21.32,9.78,11.54,WARNING,event_day
3718.0,FOOD_COURT_A,67.99,0.4533,0.5727,0.3357,107.93,0.4207,0.6849,0.015464,15.26,6.45,8.81,WARNING,event_day
3719.0,FOOD_COURT_A,59.4,0.396,0.7149,0.2846,73.94,0.2917,0.6958,0.013957,18.12,5.19,12.92,WARNING,event_day
3720.0,FOOD_COURT_A,36.03,0.2402,0.7563,0.2303,50.05,0.1165,0.4806,0.006824,8.27,3.94,4.33,SAFE,event_day
3721.0,FOOD_COURT_A,22.84,0.1523,1.1875,0.1629,57.38,0.0764,0.6116,0.00428,7.25,5.26,1.99,SAFE,event_day
3722.0,FOOD_COURT_A,29.23,0.1949,1.2991,0.2006,43.91,0.0763,0.4037,0.003263,6.32,3.73,2.59,SAFE,event_day
3723.0,FOOD_COURT_A,31.18,0.2079,1.1446,0.0633,43.8,0.1166,0.4101,0.003775,7.84,2.61,5.23,SAFE,event_day
3724.0,FOOD_COURT_A,22.12,0.1474,1.0911,0.071,20.01,0.1545,0.5207,0.00416,7.46,3.96,3.51,SAFE,event_day
3725.0,FOOD_COURT_A,47.28,0.3152,0.8721,0.239,71.76,0.2916,0.6959,0.00938,16.02,8.62,7.4,WARNING,event_day
3726.0,FOOD_COURT_A,56.84,0.3789,0.6677,0.2325,65.55,0.2589,0.6765,0.011803,15.01,5.3,9.71,WARNING,event_day
3727.0,FOOD_COURT_A,68.18,0.4545,0.6872,0.2929,89.52,0.1479,0.6858,0.015279,13.77,7.35,6.41,WARNING,event_day
3728.0,FOOD_COURT_A,83.24,0.555,0.3838,0.6049,128.56,0.4139,0.7652,0.016766,22.29,10.07,12.21,HIGH,event_day
3729.0,FOOD_COURT_A,75.7,0.5047,0.1924,0.6547,180.49,0.4351,0.8329,0.02888,19.19,10.19,9.0,HIGH,event_day
3730.0,FOOD_COURT_A,92.3,0.6153,0.2436,0.7298,158.0,0.6468,0.8209,0.022838,24.87,14.39,10.47,HIGH,event_day
3731.0,FOOD_COURT_A,56.01,0.3734,0.5589,0.6104,84.85,0.4544,0.8057,0.01603,9.49,3.28,6.2,WARNING,event_day
3732.0,FOOD_COURT_A,28.72,0.1914,1.122,0.2639,59.9,0.2131,0.6202,0.007802,4.63,2.61,2.02,SAFE,event_day
3733.0,FOOD_COURT_A,13.03,0.0869,1.5024,0.16,35.25,0.1019,0.594,0.003591,4.56,1.77,2.79,SAFE,event_day
3734.0,FOOD_COURT_A,18.15,0.121,1.2186,0.1011,50.36,0.0834,0.405,0.002807,2.85,2.82,0.03,SAFE,event_day
3735.0,FOOD_COURT_A,18.67,0.1244,1.1704,0.0596,50.37,0.0717,0.3203,0.00231,4.64,2.4,2.24,SAFE,event_day
3736.0,FOOD_COURT_A,14.7,0.098,1.0994,0.1148,42.79,0.0762,0.364,0.002158,7.7,3.22,4.48,SAFE,event_day
3737.0,FOOD_COURT_A,21.8,0.1453,1.1516,0.1128,44.58,0.0762,0.3041,0.004311,8.03,2.8,5.23,SAFE,event_day
3738.0,FOOD_COURT_A,61.81,0.4121,0.5022,0.5732,140.0,0.3241,0.6495,0.02236,33.19,15.77,17.42,HIGH,event_day
3739.0,FOOD_COURT_A,92.67,0.6178,0.3272,0.4563,180.64,0.5419,0.7516,0.014744,24.96,10.9,14.06,HIGH,event_day
3740.0,FOOD_COURT_A,69.84,0.4656,0.2947,0.7992,143.61,0.5666,0.7843,0.017578,26.86,12.01,14.85,HIGH,event_day
3741.0,FOOD_COURT_A,74.32,0.4955,0.1996,0.6926,167.77,0.5391,0.8619,0.024212,28.37,14.52,13.85,HIGH,event_day
3742.0,FOOD_COURT_A,88.61,0.5908,0.2432,0.7049,164.2,0.601,0.9586,0.018131,15.34,8.5,6.84,HIGH,event_day
3743.0,FOOD_COURT_A,78.27,0.5218,0.2727,0.6917,118.62,0.5856,0.8361,0.030532,21.84,11.31,10.53,HIGH,event_day
3744.0,FOOD_COURT_A,81.08,0.5405,0.3427,0.6914,125.98,0.6218,0.9056,0.024006,22.31,10.93,11.38,HIGH,event_day
3745.0,FOOD_COURT_A,78.3,0.522,0.3066,0.7294,204.3,0.6105,0.8809,0.033494,24.79,11.7,13.09,HIGH,event_day
3746.0,FOOD_COURT_A,89.47,0.5964,0.2383,0.727,172.04,0.6041,0.9583,0.028796,19.73,11.12,8.61,HIGH,event_day
3747.0,FOOD_COURT_A,84.34,0.5623,0.1512,0.5785,180.97,0.6015,0.9185,0.028597,23.58,8.62,14.96,HIGH,event_day
3748.0,FOOD_COURT_A,93.36,0.6224,0.2363,0.5999,138.26,0.6333,0.8745,0.037786,14.84,4.7,10.15,HIGH,event_day
3749.0,FOOD_COURT_A,82.98,0.5532,0.2903,0.6589,175.8,0.627,0.7275,0.032353,18.22,9.53,8.69,HIGH,event_day
3750.0,FOOD_COURT_A,81.63,0.5442,0.1422,0.6255,171.67,0.7273,0.8154,0.027967,25.49,14.96,10.53,HIGH,event_day
3751.0,FOOD_COURT_A,87.69,0.5846,0.1148,0.6991,194.86,0.5796,0.8334,0.030585,22.98,13.53,9.44,HIGH,event_day
3752.0,FOOD_COURT_A,94.95,0.633,0.2274,0.636,195.24,0.5888,0.9045,0.020864,15.68,5.78,9.9,HIGH,event_day
3753.0,FOOD_COURT_A,91.84,0.6123,0.152,0.59,206.0,0.5673,0.9192,0.02101,23.64,14.39,9.25,HIGH,event_day
3754.0,FOOD_COURT_A,94.82,0.6321,0.1878,0.576,138.55,0.4088,0.8246,0.025542,28.55,14.52,14.03,HIGH,event_day
3755.0,FOOD_COURT_A,107.1,0.714,0.3374,0.6189,177.14,0.3764,0.8032,0.028348,19.74,11.61,8.13,HIGH,event_day
3756.0,FOOD_COURT_A,91.23,0.6082,0.3098,0.52,212.26,0.479,0.779,0.020442,30.2,10.55,19.66,HIGH,event_day
3757.0,FOOD_COURT_A,88.06,0.5871,0.2476,0.692,197.74,0.4944,0.7554,0.017569,30.21,15.28,14.92,HIGH,event_day
3758.0,FOOD_COURT_A,92.09,0.614,0.2541,0.8547,138.59,0.6136,0.8411,0.025158,25.66,13.26,12.41,HIGH,event_day
3759.0,FOOD_COURT_A,78.8,0.5254,0.4138,0.8426,178.53,0.5137,0.8303,0.028939,26.54,13.0,13.54,HIGH,event_day
3760.0,FOOD_COURT_A,98.92,0.6595,0.2351,0.7852,158.6,0.5967,0.8617,0.009888,24.82,9.47,15.34,HIGH,event_day
3761.0,FOOD_COURT_A,106.36,0.7091,0.2225,0.8321,182.47,0.5533,0.9156,0.020849,19.69,11.91,7.79,HIGH,event_day
3762.0,FOOD_COURT_A,92.69,0.6179,0.1933,0.9496,132.11,0.6651,0.8313,0.02643,19.67,9.22,10.45,HIGH,event_day
3763.0,FOOD_COURT_A,97.46,0.6497,0.272,0.748,153.72,0.6195,0.876,0.02184,23.48,9.99,13.48,HIGH,event_day
3764.0,FOOD_COURT_A,95.42,0.6361,0.339,0.7031,182.37,0.5549,0.9267,0.020181,20.58,8.63,11.95,HIGH,event_day
3765.0,FOOD_COURT_A,106.55,0.7104,0.1276,0.6912,149.55,0.5769,0.8901,0.020266,19.43,7.67,11.76,HIGH,event_day
3766.0,FOOD_COURT_A,108.7,0.7247,0.1306,0.6522,206.12,0.7264,0.9115,0.022199,21.65,11.11,10.54,HIGH,event_day
3767.0,FOOD_COURT_A,86.13,0.5742,0.2341,0.6267,194.77,0.6728,0.8691,0.019664,23.71,9.76,13.95,HIGH,event_day
3768.0,FOOD_COURT_A,100.07,0.6671,0.2057,0.5864,184.94,0.6009,0.8338,0.020045,23.69,11.38,12.31,HIGH,event_day
3769.0,FOOD_COURT_A,91.5,0.61,0.1885,0.6716,211.1,0.5371,0.8633,0.019688,25.65,16.64,9.01,HIGH,event_day
3770.0,FOOD_COURT_A,97.49,0.6499,0.2905,0.6864,228.14,0.4677,0.8233,0.031604,24.37,14.78,9.59,HIGH,event_day
3771.0,FOOD_COURT_A,87.48,0.5832,0.222,0.7137,195.04,0.5004,0.8659,0.023227,20.87,11.24,9.63,HIGH,event_day
3772.0,FOOD_COURT_A,90.52,0.6035,0.2182,0.8351,204.64,0.5303,0.8658,0.02033,20.83,10.3,10.53,HIGH,event_day
3773.0,FOOD_COURT_A,81.29,0.5419,0.1146,0.6807,166.01,0.5508,0.7954,0.030501,20.9,10.78,10.12,HIGH,event_day
3774.0,FOOD_COURT_A,85.68,0.5712,0.2199,0.6952,174.63,0.5792,0.8722,0.025636,20.92,14.47,6.45,HIGH,event_day
3775.0,FOOD_COURT_A,98.13,0.6542,0.1111,0.5847,197.12,0.7017,0.8896,0.02212,18.52,7.67,10.85,HIGH,event_day
3776.0,FOOD_COURT_A,82.49,0.5499,0.3287,0.6188,172.93,0.6086,0.9135,0.013713,20.44,11.79,8.65,HIGH,event_day
3777.0,FOOD_COURT_A,83.71,0.5581,0.2437,0.5477,203.93,0.7101,0.8642,0.010612,19.44,13.01,6.42,HIGH,event_day
3778.0,FOOD_COURT_A,87.09,0.5806,0.185,0.5238,229.0,0.5227,0.7934,0.018784,18.28,7.76,10.52,HIGH,event_day
3779.0,FOOD_COURT_A,69.62,0.4641,0.5085,0.4112,147.89,0.3233,0.668,0.009867,15.07,9.76,5.31,WARNING,event_day
3780.0,FOOD_COURT_A,44.77,0.2985,0.53,0.2051,61.79,0.1724,0.5573,0.003426,8.71,3.94,4.77,SAFE,event_day
3781.0,FOOD_COURT_A,49.73,0.3315,0.6705,0.418,125.84,0.1527,0.5601,0.007939,13.2,5.41,7.8,WARNING,event_day
3782.0,FOOD_COURT_A,56.11,0.374,0.9251,0.4546,86.41,0.3804,0.5872,0.011343,16.02,7.58,8.44,WARNING,event_day
3783.0,FOOD_COURT_A,26.2,0.1747,0.7037,0.2151,72.59,0.171,0.4535,0.00689,7.42,4.35,3.06,SAFE,event_day
3784.0,FOOD_COURT_A,25.21,0.1681,1.1394,0.0937,61.18,0.1242,0.3567,0.003812,8.17,4.37,3.8,SAFE,event_day
3785.0,FOOD_COURT_A,35.0,0.2333,0.6653,0.1023,40.25,0.0627,0.438,0.002822,4.74,2.19,2.55,SAFE,event_day
3786.0,FOOD_COURT_A,37.81,0.2521,1.0928,0.1599,50.63,0.0716,0.5141,0.00362,10.01,4.92,5.09,SAFE,event_day
3787.0,FOOD_COURT_A,25.98,0.1732,1.1234,0.1635,51.32,0.107,0.4147,0.003154,7.22,4.4,2.82,SAFE,event_day
3788.0,FOOD_COURT_A,22.67,0.1511,1.1528,0.1651,50.64,0.0584,0.5342,0.001519,5.45,1.74,3.71,SAFE,event_day
3789.0,FOOD_COURT_A,29.98,0.1999,1.395,0.15,37.62,0.079,0.4712,0.003532,5.46,1.53,3.94,SAFE,event_day
3790.0,FOOD_COURT_A,29.41,0.1961,1.3526,0.045,46.44,0.109,0.5293,0.002119,12.08,7.3,4.78,SAFE,event_day
3791.0,FOOD_COURT_A,27.76,0.1851,1.3129,0.0845,51.76,0.1079,0.4043,0.004638,9.08,4.9,4.18,SAFE,event_day
3792.0,FOOD_COURT_A,23.95,0.1597,1.449,0.0254,50.29,0.0656,0.443,0.006016,6.76,1.71,5.05,SAFE,event_day
3793.0,FOOD_COURT_A,16.48,0.1099,1.3496,0.0892,43.54,0.0246,0.4954,0.00394,7.84,3.85,3.99,SAFE,event_day
3794.0,FOOD_COURT_A,12.47,0.0831,1.1113,0.1061,54.76,0.1066,0.3174,0.004154,5.73,0.3,5.43,SAFE,event_day
3795.0,FOOD_COURT_A,16.54,0.1103,1.4028,0.0598,40.65,0.0933,0.3573,0.003433,7.31,3.05,4.27,SAFE,event_day
3796.0,FOOD_COURT_A,26.19,0.1746,1.2313,0.0776,15.7,0.0866,0.3758,0.00509,4.55,3.21,1.34,SAFE,event_day
3797.0,FOOD_COURT_A,16.83,0.1122,1.3591,0.072,48.16,0.062,0.4523,0.005268,2.9,2.9,0.0,SAFE,event_day
3798.0,FOOD_COURT_A,22.69,0.1512,0.9735,0.0616,44.18,0.0817,0.402,0.004638,7.62,3.46,4.16,SAFE,event_day
3799.0,FOOD_COURT_A,41.93,0.2795,0.8784,0.2336,72.51,0.2206,0.5512,0.010618,15.31,4.64,10.67,WARNING,event_day
3800.0,FOOD_COURT_A,28.95,0.193,1.0545,0.076,38.81,0.1213,0.3301,0.004434,4.86,2.47,2.39,SAFE,event_day
3801.0,FOOD_COURT_A,12.4,0.0827,1.1108,0.0932,20.71,0.1292,0.4291,0.002157,12.26,4.94,7.33,SAFE,event_day
3802.0,FOOD_COURT_A,22.83,0.1522,1.313,0.0761,31.09,0.0987,0.4036,0.002726,6.05,4.82,1.23,SAFE,event_day
3803.0,FOOD_COURT_A,9.11,0.0607,1.1633,0.1176,23.27,0.0717,0.4777,0.000879,8.48,2.86,5.62,SAFE,event_day
3804.0,FOOD_COURT_A,21.81,0.1454,0.8055,0.0728,24.02,0.0215,0.4604,0.000264,8.13,3.49,4.64,SAFE,event_day
3805.0,FOOD_COURT_A,48.13,0.3209,0.9056,0.2137,81.27,0.2315,0.5558,0.008199,17.13,8.27,8.85,WARNING,event_day
3806.0,FOOD_COURT_A,28.03,0.1869,1.3966,0.0651,52.72,0.0794,0.5358,0.004785,8.73,5.15,3.58,SAFE,event_day
3807.0,FOOD_COURT_A,30.82,0.2054,1.5185,0.1119,46.77,0.0518,0.532,0.003612,7.43,3.21,4.22,SAFE,event_day
3808.0,FOOD_COURT_A,14.86,0.0991,1.2046,0.1247,57.28,0.0643,0.4057,0.004829,8.72,3.17,5.55,SAFE,event_day
3809.0,FOOD_COURT_A,18.74,0.1249,1.4125,0.0414,26.44,0.1028,0.5951,0.001966,5.6,2.94,2.65,SAFE,event_day
3810.0,FOOD_COURT_A,29.2,0.1946,1.3372,0.1028,33.19,0.1253,0.3711,0.002595,5.95,2.69,3.26,SAFE,event_day
3811.0,FOOD_COURT_A,17.6,0.1173,1.351,0.1758,43.75,0.1171,0.4441,0.000778,7.79,4.74,3.05,SAFE,event_day
3812.0,FOOD_COURT_A,38.55,0.257,1.3983,0.2077,44.08,0.0794,0.5043,0.002976,7.05,2.29,4.76,SAFE,event_day
3813.0,FOOD_COURT_A,23.71,0.1581,1.2686,0.0753,73.38,0.0833,0.3795,0.003731,4.81,2.93,1.88,SAFE,event_day
3814.0,FOOD_COURT_A,36.49,0.2432,1.0771,0.3538,91.44,0.2475,0.6207,0.005079,14.14,6.99,7.16,WARNING,event_day
3815.0,FOOD_COURT_A,39.74,0.265,0.7567,0.4105,104.85,0.1892,0.5211,0.011479,14.89,6.29,8.6,WARNING,event_day
3816.0,FOOD_COURT_A,47.51,0.3167,0.807,0.31,134.54,0.2729,0.7064,0.014423,11.54,7.06,4.48,WARNING,event_day
3817.0,FOOD_COURT_A,35.22,0.2348,0.6542,0.2998,95.11,0.3397,0.6113,0.012073,14.56,7.83,6.73,WARNING,event_day
3818.0,FOOD_COURT_A,45.2,0.3013,0.7714,0.317,98.61,0.3376,0.6924,0.012095,10.27,6.98,3.3,WARNING,event_day
3819.0,FOOD_COURT_A,50.18,0.3345,0.9398,0.3627,83.23,0.3593,0.7067,0.013265,15.53,10.74,4.79,WARNING,event_day
3820.0,FOOD_COURT_A,52.62,0.3508,0.7156,0.3632,98.21,0.204,0.6416,0.016221,10.54,5.89,4.64,WARNING,event_day
3821.0,FOOD_COURT_A,51.7,0.3447,0.7323,0.3172,76.56,0.2673,0.5705,0.018603,14.79,5.62,9.16,WARNING,event_day
3822.0,FOOD_COURT_A,58.46,0.3897,0.5253,0.377,60.58,0.3771,0.67,0.012673,14.8,4.18,10.62,WARNING,event_day
3823.0,FOOD_COURT_A,44.64,0.2976,0.5367,0.4026,93.65,0.2763,0.7481,0.013675,15.19,7.11,8.08,WARNING,event_day
3824.0,FOOD_COURT_A,55.23,0.3682,0.4072,0.393,83.68,0.213,0.6776,0.010573,15.25,8.34,6.9,WARNING,event_day
3825.0,FOOD_COURT_A,42.05,0.2803,0.507,0.2832,94.21,0.3517,0.702,0.008579,13.26,8.7,4.56,WARNING,event_day
3826.0,FOOD_COURT_A,45.8,0.3053,0.4507,0.337,88.49,0.3048,0.7868,0.014206,15.77,5.09,10.68,WARNING,event_day
3827.0,FOOD_COURT_A,58.31,0.3887,0.4588,0.3403,94.44,0.3288,0.7023,0.008794,10.27,5.93,4.34,WARNING,event_day
3828.0,FOOD_COURT_A,59.87,0.3991,0.7344,0.3109,99.33,0.3581,0.664,0.016525,20.02,8.02,11.99,WARNING,event_day
3829.0,FOOD_COURT_A,64.73,0.4315,0.5782,0.2967,92.67,0.2431,0.7662,0.014628,6.69,3.12,3.58,WARNING,event_day
3830.0,FOOD_COURT_A,57.07,0.3805,0.81,0.4301,126.95,0.1789,0.6673,0.011544,11.93,7.13,4.79,WARNING,event_day
3831.0,FOOD_COURT_A,58.88,0.3926,0.7331,0.5434,124.78,0.3491,0.7288,0.005845,9.77,4.53,5.24,WARNING,event_day
3832.0,FOOD_COURT_A,65.89,0.4393,0.6482,0.5357,120.78,0.4316,0.7631,0.011728,13.11,4.82,8.29,WARNING,event_day
3833.0,FOOD_COURT_A,56.65,0.3777,0.6034,0.3852,111.99,0.3349,0.7896,0.015126,17.77,8.06,9.71,WARNING,event_day
3834.0,FOOD_COURT_A,54.85,0.3657,0.6905,0.3898,96.32,0.393,0.6678,0.013828,15.87,7.3,8.57,WARNING,event_day
3835.0,FOOD_COURT_A,63.84,0.4256,0.8691,0.3235,82.91,0.2574,0.6762,0.012613,12.08,7.68,4.4,WARNING,event_day
3836.0,FOOD_COURT_A,49.61,0.3308,0.4868,0.2839,92.27,0.3404,0.9029,0.009445,18.08,7.72,10.35,WARNING,event_day
3837.0,FOOD_COURT_A,54.49,0.3632,0.7283,0.3067,108.66,0.3072,0.6648,0.008445,18.64,8.78,9.85,WARNING,event_day
3838.0,FOOD_COURT_A,55.57,0.3705,0.676,0.3341,80.38,0.4622,0.6669,0.006691,14.69,5.49,9.2,WARNING,event_day
3839.0,FOOD_COURT_A,53.13,0.3542,0.5525,0.2786,87.07,0.3352,0.7802,0.009374,19.69,9.13,10.56,WARNING,event_day
3840.0,FOOD_COURT_A,44.68,0.2978,0.5097,0.391,98.62,0.2708,0.7154,0.00326,15.96,7.83,8.13,WARNING,event_day
3841.0,FOOD_COURT_A,47.86,0.3191,0.5258,0.3623,94.74,0.3268,0.6386,0.007497,15.63,8.28,7.34,WARNING,event_day
3842.0,FOOD_COURT_A,55.41,0.3694,0.6583,0.372,100.89,0.1648,0.6822,0.013291,14.18,6.8,7.38,WARNING,event_day
3843.0,FOOD_COURT_A,49.69,0.3312,0.7681,0.2426,99.05,0.3033,0.6252,0.021567,6.48,3.73,2.75,WARNING,event_day
3844.0,FOOD_COURT_A,55.44,0.3696,0.6807,0.1811,117.75,0.2702,0.7508,0.007127,15.94,6.62,9.31,WARNING,event_day
3845.0,FOOD_COURT_A,51.46,0.3431,0.5934,0.2765,86.57,0.314,0.7538,0.009507,10.7,4.74,5.95,WARNING,event_day
3846.0,FOOD_COURT_A,37.82,0.2521,0.6153,0.2465,101.92,0.4043,0.671,0.009808,21.47,11.34,10.12,WARNING,event_day
3847.0,FOOD_COURT_A,54.19,0.3613,0.6479,0.4669,113.66,0.3199,0.6531,0.008273,13.93,7.54,6.39,WARNING,event_day
3848.0,FOOD_COURT_A,64.5,0.43,0.6921,0.3712,122.37,0.37,0.7972,0.012642,11.26,4.47,6.78,WARNING,event_day
3849.0,FOOD_COURT_A,71.73,0.4782,0.6368,0.4249,89.95,0.3839,0.657,0.013123,15.83,7.97,7.86,WARNING,event_day
3850.0,FOOD_COURT_A,62.28,0.4152,0.8184,0.3179,89.5,0.3406,0.8008,0.012604,18.72,11.05,7.68,WARNING,event_day
3851.0,FOOD_COURT_A,59.51,0.3968,0.7255,0.3079,109.67,0.3024,0.7951,0.017457,10.4,7.11,3.29,WARNING,event_day
3852.0,FOOD_COURT_A,76.95,0.513,0.3385,0.4485,147.63,0.4802,0.7824,0.029696,23.45,13.05,10.4,HIGH,event_day
3853.0,FOOD_COURT_A,71.87,0.4791,0.5679,0.3739,123.21,0.415,0.6999,0.014928,17.78,9.39,8.39,WARNING,event_day
3854.0,FOOD_COURT_A,66.63,0.4442,0.5687,0.3538,127.26,0.2908,0.7127,0.014306,13.35,6.87,6.47,WARNING,event_day
3855.0,FOOD_COURT_A,34.77,0.2318,0.9732,0.1317,60.34,0.1749,0.5249,0.007195,6.62,2.22,4.4,SAFE,event_day
3856.0,FOOD_COURT_A,30.24,0.2016,1.1726,0.0535,64.2,0.1046,0.374,0.003615,4.67,2.18,2.49,SAFE,event_day
3857.0,FOOD_COURT_A,18.83,0.1256,0.9236,0.0307,35.2,0.1063,0.4071,0.001084,6.66,4.0,2.65,SAFE,event_day
3858.0,FOOD_COURT_A,22.42,0.1495,1.0666,0.0558,46.62,0.0841,0.381,0.003231,5.71,2.71,3.0,SAFE,event_day
3859.0,FOOD_COURT_A,31.4,0.2093,1.2136,0.1557,35.02,0.1253,0.3764,0.002827,8.05,5.11,2.95,SAFE,event_day
3860.0,FOOD_COURT_A,28.95,0.193,1.2565,0.1417,53.31,0.0876,0.4283,0.003296,5.68,3.23,2.45,SAFE,event_day
3861.0,FOOD_COURT_A,29.81,0.1988,1.2186,0.1102,65.77,0.0807,0.4208,0.001049,3.65,3.65,0.0,SAFE,event_day
3862.0,FOOD_COURT_A,32.16,0.2144,1.4146,0.0792,50.82,0.0698,0.268,0.002661,3.81,3.34,0.48,SAFE,event_day
3863.0,FOOD_COURT_A,25.38,0.1692,1.4561,0.0747,39.2,0.0759,0.4499,0.003834,7.7,4.66,3.04,SAFE,event_day
3864.0,FOOD_COURT_A,12.57,0.0838,1.0143,0.0224,39.27,0.1054,0.2082,0.00115,3.02,1.08,1.94,SAFE,event_day
3865.0,FOOD_COURT_A,17.51,0.1167,1.1496,0.0859,38.44,0.0617,0.3897,0.003044,8.41,4.43,3.98,SAFE,event_day
3866.0,FOOD_COURT_A,22.4,0.1493,1.0348,0.1129,41.95,0.1072,0.4358,0.00589,8.17,3.59,4.58,SAFE,event_day
3867.0,FOOD_COURT_A,19.06,0.1271,1.5336,0.11,43.64,0.1177,0.4105,0.001836,6.21,2.57,3.64,SAFE,event_day
3868.0,FOOD_COURT_A,18.01,0.1201,1.2736,0.0616,48.46,0.0564,0.5186,0.004422,8.28,2.87,5.41,SAFE,event_day
3869.0,FOOD_COURT_A,20.11,0.1341,1.2194,0.0185,61.69,0.0868,0.47,0.0033,8.72,4.32,4.4,SAFE,event_day
3870.0,FOOD_COURT_A,17.29,0.1153,1.3948,0.0955,57.81,0.0555,0.3843,0.004871,9.43,5.08,4.35,SAFE,event_day
3871.0,FOOD_COURT_A,25.77,0.1718,1.2146,0.056,73.22,0.0456,0.3659,0.004445,5.62,4.33,1.29,SAFE,event_day
3872.0,FOOD_COURT_A,29.55,0.197,1.6001,0.1015,35.41,0.0417,0.2614,0.001334,10.25,5.1,5.16,SAFE,event_day
3873.0,FOOD_COURT_A,29.34,0.1956,1.2692,0.1581,38.68,0.0125,0.3149,0.000794,8.05,4.24,3.81,SAFE,event_day
3874.0,FOOD_COURT_A,23.41,0.1561,1.209,0.1075,58.73,0.0612,0.348,0.00078,3.93,2.47,1.47,SAFE,event_day
3875.0,FOOD_COURT_A,23.77,0.1585,1.4557,0.0895,56.14,0.0421,0.4149,0.002685,6.95,2.22,4.73,SAFE,event_day
3876.0,FOOD_COURT_A,77.91,0.5194,0.6571,0.5374,158.69,0.5198,0.8245,0.016425,19.38,10.09,9.29,HIGH,event_day
3877.0,FOOD_COURT_A,82.85,0.5523,0.3277,0.7476,131.39,0.4576,0.9408,0.019621,33.11,17.06,16.05,HIGH,event_day
3878.0,FOOD_COURT_A,78.26,0.5217,0.2646,0.6858,118.6,0.4194,0.8755,0.026746,19.45,9.79,9.65,HIGH,event_day
3879.0,FOOD_COURT_A,92.93,0.6195,0.2796,0.6733,166.11,0.5188,0.7777,0.02555,21.09,10.04,11.05,HIGH,event_day
3880.0,FOOD_COURT_A,86.36,0.5757,0.2595,0.6252,172.12,0.502,0.9333,0.034638,19.64,12.99,6.65,HIGH,event_day
3881.0,FOOD_COURT_A,87.09,0.5806,0.1543,0.5486,142.6,0.6408,0.8604,0.017312,20.43,11.87,8.56,HIGH,event_day
3882.0,FOOD_COURT_A,85.33,0.5688,0.2176,0.5967,141.54,0.6114,0.8637,0.026739,27.55,15.74,11.82,HIGH,event_day
3883.0,FOOD_COURT_A,86.56,0.577,0.2967,0.5286,138.04,0.6369,0.8634,0.035775,14.63,7.17,7.46,HIGH,event_day
3884.0,FOOD_COURT_A,73.02,0.4868,0.3524,0.5457,149.76,0.6288,0.8367,0.014747,18.05,8.88,9.17,HIGH,event_day
3885.0,FOOD_COURT_A,90.29,0.602,0.2101,0.6219,191.12,0.5718,0.8082,0.019572,13.82,9.5,4.32,HIGH,event_day
3886.0,FOOD_COURT_A,67.58,0.4505,0.223,0.6776,157.21,0.6435,0.86,0.022681,24.09,10.37,13.73,HIGH,event_day
3887.0,FOOD_COURT_A,72.64,0.4843,0.1891,0.7146,176.88,0.5277,0.8414,0.023767,25.3,16.01,9.28,HIGH,event_day
3888.0,FOOD_COURT_A,101.41,0.6761,0.0827,0.7798,212.1,0.5947,0.8543,0.023872,20.92,11.76,9.17,HIGH,event_day
3889.0,FOOD_COURT_A,81.34,0.5423,0.1162,0.6571,206.97,0.5665,0.8447,0.026874,24.5,12.75,11.75,HIGH,event_day
3890.0,FOOD_COURT_A,92.39,0.6159,0.1792,0.5949,199.08,0.535,0.7816,0.019675,21.07,10.63,10.45,HIGH,event_day
3891.0,FOOD_COURT_A,80.78,0.5385,0.1511,0.6018,192.75,0.7046,0.9088,0.028573,11.43,6.78,4.65,HIGH,event_day
3892.0,FOOD_COURT_A,89.51,0.5967,0.2903,0.6466,191.11,0.7492,0.7971,0.029828,26.94,15.7,11.24,HIGH,event_day
3893.0,FOOD_COURT_A,93.34,0.6222,0.3887,0.7265,221.74,0.4439,0.8587,0.017239,20.13,6.87,13.25,HIGH,event_day
3894.0,FOOD_COURT_A,91.77,0.6118,0.2486,0.6036,247.17,0.6336,0.9191,0.025568,25.82,13.95,11.87,HIGH,event_day
3895.0,FOOD_COURT_A,74.14,0.4943,0.3134,0.7069,152.59,0.5681,0.7913,0.027512,21.9,9.07,12.84,HIGH,event_day
3896.0,FOOD_COURT_A,88.79,0.592,0.2219,0.7092,158.35,0.7872,0.7057,0.034428,15.3,8.3,7.0,HIGH,event_day
3897.0,FOOD_COURT_A,102.85,0.6856,0.2026,0.7873,150.78,0.7261,0.7386,0.017516,17.75,10.21,7.54,HIGH,event_day
3898.0,FOOD_COURT_A,89.84,0.5989,0.1812,0.6951,146.64,0.6096,0.9063,0.022063,21.82,9.97,11.84,HIGH,event_day
3899.0,FOOD_COURT_A,93.33,0.6222,0.2183,0.8759,126.2,0.6044,0.9391,0.02642,21.99,10.13,11.86,HIGH,event_day
3900.0,FOOD_COURT_A,93.18,0.6212,0.2683,0.6853,152.76,0.6087,0.8651,0.026643,20.39,7.99,12.41,HIGH,event_day
3901.0,FOOD_COURT_A,96.67,0.6445,0.2618,0.6273,173.26,0.6329,0.8956,0.022806,19.26,12.21,7.05,HIGH,event_day
3902.0,FOOD_COURT_A,85.15,0.5676,0.2077,0.7128,114.13,0.4896,0.8934,0.026017,18.29,12.05,6.24,HIGH,event_day
3903.0,FOOD_COURT_A,95.85,0.639,0.1661,0.8026,147.56,0.3904,0.8691,0.025209,21.18,14.0,7.18,HIGH,event_day
3904.0,FOOD_COURT_A,101.85,0.679,0.2354,0.7791,183.76,0.5279,0.8217,0.024327,15.98,7.75,8.23,HIGH,event_day
3905.0,FOOD_COURT_A,97.53,0.6502,0.284,0.8542,159.29,0.547,0.8242,0.027984,23.25,14.76,8.49,HIGH,event_day
3906.0,FOOD_COURT_A,86.22,0.5748,0.1564,0.7725,172.28,0.5208,0.8048,0.016961,24.21,13.75,10.46,HIGH,event_day
3907.0,FOOD_COURT_A,71.37,0.4758,0.1397,0.8892,205.09,0.4066,0.8677,0.019356,13.76,9.15,4.61,HIGH,event_day
3908.0,FOOD_COURT_A,96.93,0.6462,0.2804,0.9667,193.76,0.5342,0.9134,0.01678,19.16,9.7,9.46,HIGH,event_day
3909.0,FOOD_COURT_A,83.23,0.5549,0.2877,0.6548,205.53,0.5391,0.897,0.021665,23.31,10.49,12.82,HIGH,event_day
3910.0,FOOD_COURT_A,87.68,0.5845,0.2785,0.7096,197.87,0.669,0.8581,0.023351,24.22,12.35,11.87,HIGH,event_day
3911.0,FOOD_COURT_A,89.91,0.5994,0.2878,0.78,220.82,0.6175,0.7854,0.012106,21.55,8.85,12.7,HIGH,event_day
3912.0,FOOD_COURT_A,59.1,0.394,0.5005,0.4854,115.52,0.4026,0.7436,0.008859,14.81,7.96,6.85,WARNING,event_day
3913.0,FOOD_COURT_A,40.17,0.2678,0.938,0.1914,65.61,0.2028,0.553,0.004746,6.75,2.65,4.09,SAFE,event_day
3914.0,FOOD_COURT_A,21.14,0.141,1.0313,0.0611,50.66,0.1477,0.6045,0.001763,7.3,4.45,2.85,SAFE,event_day
3915.0,FOOD_COURT_A,32.51,0.2167,0.937,0.0208,63.62,0.1168,0.4061,0.003686,4.5,3.13,1.37,SAFE,event_day
3916.0,FOOD_COURT_A,25.37,0.1691,0.8102,0.0137,44.78,0.0745,0.4084,0.004581,8.57,3.37,5.2,SAFE,event_day
3917.0,FOOD_COURT_A,30.02,0.2001,0.9426,0.0949,36.97,0.0787,0.355,0.002846,9.23,4.63,4.59,SAFE,event_day
3918.0,FOOD_COURT_A,22.67,0.1512,1.1881,0.0764,36.93,0.0898,0.4304,0.003865,7.4,2.37,5.03,SAFE,event_day
3919.0,FOOD_COURT_A,16.09,0.1073,1.4143,0.0992,50.7,0.0503,0.4457,0.004217,6.63,3.26,3.37,SAFE,event_day
3920.0,FOOD_COURT_A,12.26,0.0817,1.0569,0.0472,50.34,0.0467,0.3522,0.004812,9.69,5.4,4.29,SAFE,event_day
3921.0,FOOD_COURT_A,12.6,0.084,1.0286,0.1308,31.41,0.0603,0.381,0.002867,9.2,5.69,3.52,SAFE,event_day
3922.0,FOOD_COURT_A,21.03,0.1402,1.0041,0.1148,27.21,0.0548,0.2922,0.003452,11.74,4.72,7.02,SAFE,event_day
3923.0,FOOD_COURT_A,21.32,0.1421,1.168,0.0947,49.74,0.081,0.4024,0.00224,7.33,3.88,3.45,SAFE,event_day
3924.0,FOOD_COURT_A,20.07,0.1338,0.9502,0.1598,42.48,0.0727,0.5794,0.002899,4.84,2.64,2.2,SAFE,event_day
3925.0,FOOD_COURT_A,19.0,0.1267,1.1028,0.1729,48.18,0.0528,0.3953,0.004202,7.18,4.41,2.78,SAFE,event_day
3926.0,FOOD_COURT_A,26.43,0.1762,1.4693,0.1195,62.31,0.0657,0.3024,0.004398,3.92,0.0,3.92,SAFE,event_day
3927.0,FOOD_COURT_A,22.26,0.1484,1.2449,0.0899,71.3,0.1029,0.4361,0.003682,5.9,1.74,4.16,SAFE,event_day
3928.0,FOOD_COURT_A,22.5,0.15,0.9457,0.1096,57.6,0.0767,0.3894,0.005138,3.64,1.59,2.04,SAFE,event_day
3929.0,FOOD_COURT_A,28.45,0.1897,1.2272,0.0412,58.44,0.0774,0.2873,0.005257,7.76,4.47,3.29,SAFE,event_day
3930.0,FOOD_COURT_A,17.71,0.1181,1.008,0.0474,56.57,0.0698,0.3527,0.003857,4.46,2.39,2.07,SAFE,event_day
3931.0,FOOD_COURT_A,22.81,0.1521,1.1018,0.0888,56.25,0.0477,0.3459,0.003394,6.54,3.66,2.88,SAFE,event_day
3932.0,FOOD_COURT_A,43.11,0.2874,0.5297,0.3136,76.22,0.3417,0.5161,0.007157,2.07,2.07,0.0,WARNING,event_day
3933.0,FOOD_COURT_A,73.0,0.4866,0.2705,0.5975,130.32,0.4954,0.8349,0.028495,21.55,10.37,11.18,HIGH,event_day
3934.0,FOOD_COURT_A,37.81,0.252,1.2413,0.2421,77.52,0.2549,0.5679,0.010616,7.52,4.81,2.71,SAFE,event_day
3935.0,FOOD_COURT_A,23.42,0.1561,1.1857,0.1773,42.95,0.1344,0.5713,0.004346,9.13,3.74,5.39,SAFE,event_day
3936.0,FOOD_COURT_A,20.33,0.1355,1.524,0.1966,33.73,0.0913,0.3966,0.002089,10.49,6.86,3.63,SAFE,event_day
3937.0,FOOD_COURT_A,18.0,0.12,1.3117,0.1351,37.22,0.0878,0.4944,0.000627,9.36,3.68,5.69,SAFE,event_day
3938.0,FOOD_COURT_A,16.13,0.1075,1.2272,0.0791,57.98,0.0735,0.5068,0.002709,6.15,3.01,3.14,SAFE,event_day
3939.0,FOOD_COURT_A,21.29,0.1419,1.1107,0.0714,39.19,0.0959,0.3068,0.003571,5.49,2.43,3.06,SAFE,event_day
3940.0,FOOD_COURT_A,17.7,0.118,1.2294,0.1443,34.66,0.0664,0.3464,0.002174,11.08,6.42,4.66,SAFE,event_day
3941.0,FOOD_COURT_A,12.54,0.0836,1.119,0.1452,49.3,0.0721,0.3628,0.001026,10.49,5.57,4.92,SAFE,event_day
3942.0,FOOD_COURT_A,13.55,0.0903,1.1272,0.0436,30.17,0.1091,0.4664,0.003315,3.29,1.49,1.8,SAFE,event_day
3943.0,FOOD_COURT_A,13.22,0.0882,1.125,0.0151,36.32,0.0964,0.3788,0.004628,3.8,1.44,2.36,SAFE,event_day
3944.0,FOOD_COURT_A,15.61,0.1041,0.9323,0.0996,63.42,0.0896,0.4013,0.002857,5.34,3.82,1.51,SAFE,event_day
3945.0,FOOD_COURT_A,16.69,0.1113,1.1145,0.0299,51.43,0.1038,0.4306,0.002497,4.73,2.58,2.15,SAFE,event_day
3946.0,FOOD_COURT_A,19.96,0.1331,1.3343,0.1193,43.81,0.1083,0.307,0.001836,7.58,3.24,4.35,SAFE,event_day
3947.0,FOOD_COURT_A,15.86,0.1057,1.2129,0.118,41.65,0.1051,0.3589,0.002605,3.74,3.46,0.28,SAFE,event_day
3948.0,FOOD_COURT_A,15.87,0.1058,1.3423,0.2143,53.75,0.1292,0.3277,0.001037,6.13,2.57,3.56,SAFE,event_day
3949.0,FOOD_COURT_A,15.39,0.1026,1.5645,0.0643,70.77,0.0854,0.4173,0.003536,5.08,5.08,0.0,SAFE,event_day
3950.0,FOOD_COURT_A,18.45,0.123,1.2911,0.0911,64.68,0.0376,0.4152,0.005299,6.34,2.74,3.6,SAFE,event_day
3951.0,FOOD_COURT_A,12.32,0.0821,1.4344,0.0821,29.53,0.1402,0.3458,0.006084,6.86,2.74,4.13,SAFE,event_day
3952.0,FOOD_COURT_A,20.26,0.1351,1.1849,0.0644,32.29,0.0758,0.318,0.003794,9.45,5.51,3.94,SAFE,event_day
3953.0,FOOD_COURT_A,25.52,0.1701,1.3913,0.1002,46.71,0.085,0.409,0.002893,4.8,4.8,0.0,SAFE,event_day
3954.0,FOOD_COURT_A,46.1,0.3073,0.6749,0.2512,80.08,0.3075,0.5718,0.010392,9.54,4.68,4.86,WARNING,event_day
3955.0,FOOD_COURT_A,59.37,0.3958,0.6171,0.3242,97.78,0.3803,0.636,0.009366,9.76,4.06,5.7,WARNING,event_day
3956.0,FOOD_COURT_A,65.32,0.4355,0.8551,0.3218,86.79,0.4402,0.6844,0.014746,8.64,4.7,3.95,WARNING,event_day
3957.0,FOOD_COURT_A,51.47,0.3431,0.5708,0.4935,85.04,0.4237,0.7078,0.011973,9.38,2.38,7.0,WARNING,event_day
3958.0,FOOD_COURT_A,44.79,0.2986,0.5786,0.3869,77.5,0.3382,0.6706,0.006462,11.54,5.42,6.12,WARNING,event_day
3959.0,FOOD_COURT_A,57.49,0.3832,0.574,0.4237,80.95,0.3086,0.5838,0.009203,10.98,6.27,4.71,WARNING,event_day
3960.0,FOOD_COURT_A,63.78,0.4252,0.5394,0.4423,123.58,0.3156,0.6885,0.002761,13.03,7.06,5.97,WARNING,event_day
3961.0,FOOD_COURT_A,59.18,0.3945,0.621,0.3654,75.35,0.3484,0.735,0.001365,14.65,5.53,9.12,WARNING,event_day
3962.0,FOOD_COURT_A,50.44,0.3363,0.7674,0.4264,76.37,0.2589,0.6965,0.009855,15.24,8.87,6.37,WARNING,event_day
3963.0,FOOD_COURT_A,46.58,0.3105,0.9407,0.4068,100.0,0.2221,0.5646,0.012375,17.72,9.86,7.87,WARNING,event_day
3964.0,FOOD_COURT_A,55.22,0.3681,0.7475,0.3849,86.26,0.3009,0.5248,0.013967,16.66,7.63,9.02,WARNING,event_day
3965.0,FOOD_COURT_A,46.83,0.3122,0.5375,0.2661,72.78,0.3827,0.527,0.019223,8.89,5.55,3.33,WARNING,event_day
3966.0,FOOD_COURT_A,47.73,0.3182,0.4973,0.3054,93.42,0.2942,0.65,0.016716,16.29,9.1,7.18,WARNING,event_day
3967.0,FOOD_COURT_A,56.59,0.3773,0.8286,0.3212,107.21,0.3693,0.5484,0.009977,14.99,8.93,6.06,WARNING,event_day
3968.0,FOOD_COURT_A,50.04,0.3336,0.8007,0.4883,70.41,0.351,0.62,0.010897,15.75,10.35,5.4,WARNING,event_day
3969.0,FOOD_COURT_A,59.35,0.3957,0.7149,0.4409,99.87,0.3282,0.623,0.013673,17.28,8.09,9.18,WARNING,event_day
3970.0,FOOD_COURT_A,62.44,0.4163,0.6019,0.4107,107.99,0.3457,0.6986,0.010388,22.09,10.19,11.89,WARNING,event_day
3971.0,FOOD_COURT_A,51.28,0.3418,0.5759,0.3601,105.96,0.3151,0.6107,0.011549,12.18,4.69,7.49,WARNING,event_day
3972.0,FOOD_COURT_A,67.29,0.4486,0.5921,0.3172,109.85,0.2892,0.6051,0.012036,19.82,12.19,7.63,WARNING,event_day
3973.0,FOOD_COURT_A,51.03,0.3402,0.6489,0.429,114.62,0.364,0.7277,0.014249,10.64,4.96,5.68,WARNING,event_day
3974.0,FOOD_COURT_A,38.75,0.2583,0.7085,0.3602,102.28,0.3243,0.7108,0.015576,16.51,11.44,5.07,WARNING,event_day
3975.0,FOOD_COURT_A,33.74,0.225,0.5586,0.4124,76.88,0.284,0.6199,0.012779,8.33,8.17,0.16,WARNING,event_day
3976.0,FOOD_COURT_A,60.09,0.4006,0.6019,0.378,90.59,0.3574,0.7187,0.017234,12.47,4.83,7.64,WARNING,event_day
3977.0,FOOD_COURT_A,60.67,0.4044,0.4234,0.3805,80.36,0.3545,0.6902,0.01511,9.64,5.38,4.26,WARNING,event_day
3978.0,FOOD_COURT_A,49.56,0.3304,0.5553,0.3224,72.22,0.359,0.6077,0.015308,14.19,8.26,5.93,WARNING,event_day
3979.0,FOOD_COURT_A,50.25,0.335,0.7967,0.3678,115.66,0.4274,0.7053,0.015545,10.85,6.99,3.86,WARNING,event_day
3980.0,FOOD_COURT_A,46.61,0.3107,0.7003,0.3066,105.29,0.3543,0.6942,0.015624,17.3,9.04,8.25,WARNING,event_day
3981.0,FOOD_COURT_A,54.4,0.3627,0.9392,0.35,133.17,0.362,0.7297,0.01177,16.64,11.0,5.64,WARNING,event_day
3982.0,FOOD_COURT_A,67.95,0.453,0.7177,0.3786,85.03,0.262,0.7348,0.011965,16.93,7.75,9.19,WARNING,event_day
3983.0,FOOD_COURT_A,68.48,0.4565,0.5644,0.3263,106.42,0.2722,0.6233,0.008834,15.63,9.26,6.37,WARNING,event_day
3984.0,FOOD_COURT_A,64.68,0.4312,0.8125,0.3517,113.77,0.2618,0.7152,0.0089,10.95,4.91,6.04,WARNING,event_day
3985.0,FOOD_COURT_A,64.94,0.433,0.591,0.3895,88.22,0.239,0.7757,0.009477,15.93,10.57,5.36,WARNING,event_day
3986.0,FOOD_COURT_A,66.47,0.4432,0.7039,0.2816,101.03,0.3092,0.6568,0.014482,17.45,9.54,7.91,WARNING,event_day
3987.0,FOOD_COURT_A,58.31,0.3888,0.9033,0.3834,116.78,0.3509,0.8047,0.013488,21.29,8.38,12.9,WARNING,event_day
3988.0,FOOD_COURT_A,60.82,0.4055,0.855,0.3989,84.9,0.1956,0.8442,0.013458,16.64,10.72,5.92,WARNING,event_day
3989.0,FOOD_COURT_A,68.08,0.4539,0.6094,0.3523,99.83,0.3323,0.7854,0.013914,15.2,6.81,8.39,WARNING,event_day
3990.0,FOOD_COURT_A,53.03,0.3535,0.6595,0.3808,126.4,0.3338,0.6589,0.014335,16.36,10.88,5.48,WARNING,event_day
3991.0,FOOD_COURT_A,57.55,0.3836,0.7874,0.314,77.29,0.2822,0.7369,0.011912,12.4,6.46,5.94,WARNING,event_day
3992.0,FOOD_COURT_A,26.9,0.1793,0.8861,0.181,74.93,0.1301,0.4295,0.006154,9.85,4.14,5.71,SAFE,event_day
3993.0,FOOD_COURT_A,22.3,0.1487,1.3208,0.0874,54.04,0.1013,0.3197,0.005002,6.0,4.57,1.43,SAFE,event_day
3994.0,FOOD_COURT_A,12.33,0.0822,1.4546,0.1718,44.12,0.0532,0.339,0.005007,7.54,3.41,4.13,SAFE,event_day
3995.0,FOOD_COURT_A,20.93,0.1396,1.1608,0.0593,36.34,0.0893,0.3472,0.003992,6.0,4.21,1.79,SAFE,event_day
3996.0,FOOD_COURT_A,24.56,0.1637,1.02,0.0233,29.46,0.0873,0.4145,0.003286,8.33,3.78,4.55,SAFE,event_day
3997.0,FOOD_COURT_A,25.89,0.1726,1.2316,0.0336,52.42,0.0597,0.1761,0.002132,5.77,4.1,1.67,SAFE,event_day
3998.0,FOOD_COURT_A,33.19,0.2213,1.2335,0.0478,45.47,0.1095,0.3425,0.003684,6.76,3.21,3.55,SAFE,event_day
3999.0,FOOD_COURT_A,27.37,0.1825,1.3958,0.0607,29.66,0.1304,0.4434,0.001105,5.46,3.18,2.28,SAFE,event_day
4000.0,FOOD_COURT_A,13.86,0.0924,1.171,0.1652,53.99,0.0992,0.2945,0.00459,8.7,2.55,6.15,SAFE,event_day
4001.0,FOOD_COURT_A,14.51,0.0967,1.1407,0.1735,42.27,0.0518,0.5005,0.004033,4.15,2.66,1.49,SAFE,event_day
4002.0,FOOD_COURT_A,24.68,0.1645,1.4781,0.1732,49.05,0.0155,0.4995,0.003922,9.04,4.15,4.89,SAFE,event_day
4003.0,FOOD_COURT_A,21.27,0.1418,1.8365,0.0878,42.31,0.0508,0.2875,0.004396,8.68,4.44,4.24,SAFE,event_day
4004.0,FOOD_COURT_A,22.66,0.1511,1.3576,0.0806,50.49,0.1177,0.4433,0.002517,7.15,3.8,3.35,SAFE,event_day
4005.0,FOOD_COURT_A,23.84,0.1589,1.3167,0.069,28.99,0.1235,0.3201,0.003024,9.02,4.08,4.95,SAFE,event_day
4006.0,FOOD_COURT_A,15.61,0.1041,1.3883,0.0299,40.7,0.1086,0.356,0.002104,7.53,4.5,3.03,SAFE,event_day
4007.0,FOOD_COURT_A,12.23,0.0815,1.5184,0.0291,20.58,0.1102,0.4413,0.005065,7.41,2.41,5.01,SAFE,event_day
4008.0,FOOD_COURT_A,15.6,0.104,1.3831,0.0738,26.5,0.0478,0.5954,0.004078,8.85,6.71,2.14,SAFE,event_day
4009.0,FOOD_COURT_A,27.14,0.1809,1.5246,0.1207,34.89,0.0248,0.5152,0.002965,8.36,4.39,3.97,SAFE,event_day
4010.0,FOOD_COURT_A,16.46,0.1097,0.9884,0.0362,53.71,0.0696,0.3549,0.000889,9.13,4.0,5.13,SAFE,event_day
4011.0,FOOD_COURT_A,24.8,0.1653,1.3426,0.1255,30.01,0.0427,0.4133,0.000934,6.94,1.96,4.98,SAFE,event_day
4012.0,FOOD_COURT_A,25.91,0.1727,1.067,0.0431,34.36,0.0804,0.4819,0.003258,6.26,2.43,3.83,SAFE,event_day
4013.0,FOOD_COURT_A,39.9,0.266,0.7172,0.3043,66.73,0.277,0.6022,0.008512,10.37,6.01,4.36,WARNING,event_day
4014.0,FOOD_COURT_A,69.49,0.4633,0.3692,0.5119,190.79,0.5553,0.7356,0.007751,21.98,13.34,8.64,HIGH,event_day
4015.0,FOOD_COURT_A,94.13,0.6275,0.285,0.6744,158.33,0.5697,0.8141,0.012438,26.6,19.75,6.85,HIGH,event_day
4016.0,FOOD_COURT_A,86.15,0.5743,0.2943,0.6347,196.56,0.5218,0.788,0.023122,24.78,11.32,13.45,HIGH,event_day
4017.0,FOOD_COURT_A,87.89,0.5859,0.3304,0.8123,168.05,0.4774,0.8732,0.028632,25.65,14.66,10.99,HIGH,event_day
4018.0,FOOD_COURT_A,84.66,0.5644,0.2682,0.6656,160.51,0.3612,0.9299,0.02008,23.41,10.78,12.63,HIGH,event_day
4019.0,FOOD_COURT_A,82.54,0.5503,0.3842,0.6469,169.85,0.4844,0.9211,0.026484,20.71,9.05,11.65,HIGH,event_day
4020.0,FOOD_COURT_A,83.58,0.5572,0.215,0.7002,146.9,0.659,0.7734,0.025957,15.56,9.69,5.87,HIGH,event_day
4021.0,FOOD_COURT_A,73.29,0.4886,0.2955,0.5772,160.26,0.5451,0.7849,0.021384,28.59,11.36,17.23,HIGH,event_day
4022.0,FOOD_COURT_A,84.91,0.5661,0.2363,0.6213,159.11,0.5453,0.8776,0.011647,18.68,12.19,6.49,HIGH,event_day
4023.0,FOOD_COURT_A,91.35,0.609,0.1854,0.6863,234.67,0.5326,0.8503,0.028473,19.97,10.48,9.49,HIGH,event_day
4024.0,FOOD_COURT_A,94.64,0.6309,0.3669,0.5419,199.14,0.6356,0.8213,0.026769,21.35,12.55,8.8,HIGH,event_day
4025.0,FOOD_COURT_A,107.36,0.7158,0.2113,0.8059,164.66,0.6028,0.8378,0.027126,25.22,13.02,12.2,HIGH,event_day
4026.0,FOOD_COURT_A,99.96,0.6664,0.1323,0.6067,175.18,0.7198,0.8828,0.024873,19.14,13.03,6.1,HIGH,event_day
4027.0,FOOD_COURT_A,113.46,0.7564,0.1726,0.882,181.87,0.5451,0.8115,0.026748,20.84,10.04,10.8,HIGH,event_day
4028.0,FOOD_COURT_A,94.03,0.6268,0.2626,0.8381,162.65,0.5381,0.7627,0.022426,18.95,11.43,7.52,HIGH,event_day
4029.0,FOOD_COURT_A,98.05,0.6537,0.2268,0.7893,145.41,0.5045,0.906,0.024588,18.59,7.43,11.17,HIGH,event_day
4030.0,FOOD_COURT_A,84.72,0.5648,0.1697,0.6536,163.07,0.6252,0.9567,0.029388,14.53,10.24,4.29,HIGH,event_day
4031.0,FOOD_COURT_A,95.81,0.6387,0.312,0.8437,188.17,0.5787,0.9171,0.023044,21.41,14.54,6.87,HIGH,event_day
4032.0,FOOD_COURT_A,91.82,0.6122,0.2825,0.8381,143.7,0.5805,0.859,0.025767,19.82,8.28,11.54,HIGH,event_day
4033.0,FOOD_COURT_A,95.96,0.6397,0.1905,0.8097,156.33,0.5595,0.8519,0.018792,17.01,13.21,3.8,HIGH,event_day
4034.0,FOOD_COURT_A,99.81,0.6654,0.2818,0.8356,133.54,0.6747,0.8492,0.025761,21.78,10.64,11.14,HIGH,event_day
4035.0,FOOD_COURT_A,100.9,0.6727,0.2286,0.737,186.63,0.6829,0.8015,0.022128,22.52,11.43,11.09,HIGH,event_day
4036.0,FOOD_COURT_A,87.48,0.5832,0.2504,0.6976,149.74,0.6666,0.8436,0.029478,20.01,9.71,10.3,HIGH,event_day
4037.0,FOOD_COURT_A,93.91,0.6261,0.2137,0.7384,152.73,0.5558,0.8252,0.0204,15.69,6.53,9.16,HIGH,event_day
4038.0,FOOD_COURT_A,90.46,0.6031,0.2179,0.654,219.4,0.5866,0.8755,0.026682,18.21,9.06,9.15,HIGH,event_day
4039.0,FOOD_COURT_A,92.55,0.617,0.2116,0.7392,214.03,0.5841,0.8651,0.025975,13.63,6.98,6.66,HIGH,event_day
4040.0,FOOD_COURT_A,86.85,0.579,0.0844,0.8119,193.07,0.6872,0.8806,0.018583,30.0,19.6,10.4,HIGH,event_day
4041.0,FOOD_COURT_A,88.22,0.5881,0.0323,0.8389,178.9,0.5631,0.8574,0.016911,26.02,13.5,12.53,HIGH,event_day
4042.0,FOOD_COURT_A,79.33,0.5289,0.1149,0.73,208.95,0.5882,0.956,0.021546,16.72,7.67,9.06,HIGH,event_day
4043.0,FOOD_COURT_A,78.72,0.5248,0.1556,0.6604,217.74,0.642,0.8665,0.025812,8.36,6.1,2.26,HIGH,event_day
4044.0,FOOD_COURT_A,86.99,0.58,0.0746,0.6782,163.36,0.6118,0.8184,0.024671,23.8,9.97,13.83,HIGH,event_day
4045.0,FOOD_COURT_A,76.43,0.5095,0.2051,0.8156,137.4,0.6118,0.9123,0.033904,24.0,12.23,11.76,HIGH,event_day
4046.0,FOOD_COURT_A,83.47,0.5565,0.2597,0.7441,153.45,0.5967,0.9135,0.035311,23.83,10.06,13.77,HIGH,event_day
4047.0,FOOD_COURT_A,88.92,0.5928,0.3008,0.8163,198.54,0.5612,0.8472,0.028074,22.19,10.63,11.56,HIGH,event_day
4048.0,FOOD_COURT_A,84.79,0.5653,0.257,0.7806,196.22,0.6894,0.7909,0.020401,19.22,8.59,10.62,HIGH,event_day
4049.0,FOOD_COURT_A,93.16,0.621,0.1739,0.6477,188.25,0.7361,0.7992,0.022426,25.66,16.63,9.03,HIGH,event_day
4050.0,FOOD_COURT_A,89.87,0.5991,0.2706,0.7257,151.8,0.5523,0.9261,0.020654,25.05,11.66,13.39,HIGH,event_day
4051.0,FOOD_COURT_A,81.7,0.5447,0.2075,0.8223,162.8,0.7312,0.8533,0.021994,27.05,11.01,16.04,HIGH,event_day
4052.0,FOOD_COURT_A,62.3,0.4154,0.0947,0.5062,95.9,0.3436,0.8165,0.009804,10.39,4.54,5.85,WARNING,event_day
4053.0,FOOD_COURT_A,55.01,0.3667,0.6198,0.4226,93.88,0.292,0.7305,0.012274,11.74,3.39,8.35,WARNING,event_day
4054.0,FOOD_COURT_A,42.86,0.2857,0.9808,0.22,71.28,0.1189,0.6358,0.00737,5.98,3.08,2.9,SAFE,event_day
4055.0,FOOD_COURT_A,20.22,0.1348,1.1407,0.1736,52.59,0.1275,0.3541,0.004278,7.3,3.38,3.92,SAFE,event_day
4056.0,FOOD_COURT_A,18.74,0.1249,0.9575,0.229,50.32,0.0956,0.4362,0.002925,4.8,1.51,3.28,SAFE,event_day
4057.0,FOOD_COURT_A,15.24,0.1016,0.9672,0.2049,41.93,0.0888,0.4953,0.002444,8.04,6.8,1.24,SAFE,event_day
4058.0,FOOD_COURT_A,15.85,0.1057,1.4225,0.095,36.22,0.0889,0.4216,0.003557,5.15,4.95,0.21,SAFE,event_day
4059.0,FOOD_COURT_A,21.32,0.1421,1.3513,0.0499,39.09,0.085,0.5319,0.005825,6.84,5.11,1.73,SAFE,event_day
4060.0,FOOD_COURT_A,20.82,0.1388,1.4323,0.1002,42.49,0.0297,0.4329,0.006036,8.54,5.39,3.15,SAFE,event_day
4061.0,FOOD_COURT_A,29.34,0.1956,1.393,0.0965,42.86,0.0407,0.5882,0.00411,6.46,2.39,4.08,SAFE,event_day
4062.0,FOOD_COURT_A,53.71,0.3581,0.8654,0.3692,50.54,0.2316,0.5746,0.009081,18.34,7.48,10.86,WARNING,event_day
4063.0,FOOD_COURT_A,65.66,0.4377,0.623,0.4375,64.78,0.3057,0.7504,0.010758,12.98,4.88,8.1,WARNING,event_day
4064.0,FOOD_COURT_A,61.35,0.409,0.5791,0.3079,89.96,0.2038,0.7043,0.0095,17.01,8.57,8.44,WARNING,event_day
4065.0,FOOD_COURT_A,57.9,0.386,0.5984,0.3791,107.25,0.3001,0.6358,0.012627,12.58,8.11,4.47,WARNING,event_day
4066.0,FOOD_COURT_A,59.17,0.3945,0.5916,0.3773,86.25,0.1328,0.7136,0.008795,13.64,1.87,11.77,WARNING,event_day
4067.0,FOOD_COURT_A,49.9,0.3327,0.5528,0.3471,117.65,0.2084,0.6493,0.005976,13.16,5.92,7.25,WARNING,event_day
4068.0,FOOD_COURT_A,53.14,0.3543,0.525,0.4835,105.24,0.2615,0.7102,0.007672,16.34,6.22,10.11,WARNING,event_day
4069.0,FOOD_COURT_A,30.88,0.2058,0.9144,0.1798,58.49,0.1274,0.4131,0.004963,11.76,5.85,5.91,SAFE,event_day
4070.0,FOOD_COURT_A,24.93,0.1662,1.098,0.1566,53.94,0.1048,0.371,0.004296,6.72,0.85,5.88,SAFE,event_day
4071.0,FOOD_COURT_A,20.71,0.1381,0.9793,0.1474,28.09,0.076,0.4528,0.003362,6.18,2.52,3.66,SAFE,event_day
4072.0,FOOD_COURT_A,17.04,0.1136,1.0226,0.1777,26.44,0.0629,0.4487,0.004196,6.95,4.7,2.25,SAFE,event_day
4073.0,FOOD_COURT_A,10.74,0.0716,1.2626,0.1399,44.61,0.0912,0.1995,0.008076,7.21,4.34,2.87,SAFE,event_day
4074.0,FOOD_COURT_A,15.11,0.1007,1.4283,0.1138,53.86,0.0858,0.3926,0.005965,9.65,5.23,4.42,SAFE,event_day
4075.0,FOOD_COURT_A,17.43,0.1162,1.3161,0.0707,38.98,0.0741,0.407,0.005244,6.44,4.38,2.06,SAFE,event_day
4076.0,FOOD_COURT_A,17.83,0.1189,1.2624,0.061,61.34,0.0907,0.4057,0.005515,4.61,2.07,2.54,SAFE,event_day
4077.0,FOOD_COURT_A,14.72,0.0981,1.1138,0.1537,58.61,0.0527,0.4607,0.004002,5.41,2.0,3.4,SAFE,event_day
4078.0,FOOD_COURT_A,25.66,0.171,0.8466,0.0663,41.01,0.0862,0.4836,0.002261,6.98,4.63,2.36,SAFE,event_day
4079.0,FOOD_COURT_A,31.54,0.2103,1.2547,0.0991,39.45,0.0344,0.3825,0.004236,8.22,3.99,4.22,SAFE,event_day
4080.0,FOOD_COURT_A,22.18,0.1479,0.9602,0.1245,43.21,0.086,0.3105,0.002658,8.64,3.76,4.88,SAFE,event_day
4081.0,FOOD_COURT_A,15.84,0.1056,1.0482,0.0648,41.15,0.0652,0.3528,0.005906,6.37,4.23,2.14,SAFE,event_day
4082.0,FOOD_COURT_A,20.71,0.1381,0.9633,0.0765,61.29,0.07,0.2927,0.002851,6.92,1.48,5.44,SAFE,event_day
4083.0,FOOD_COURT_A,26.6,0.1773,1.0995,0.0439,50.35,0.0787,0.409,0.002774,6.4,2.24,4.16,SAFE,event_day
4084.0,FOOD_COURT_A,20.93,0.1395,1.2394,0.1182,40.55,0.0287,0.5098,0.002638,9.98,3.3,6.68,SAFE,event_day
4085.0,FOOD_COURT_A,18.06,0.1204,1.0645,0.0814,44.94,0.1019,0.4205,0.004617,7.29,4.44,2.85,SAFE,event_day
4086.0,FOOD_COURT_A,15.23,0.1016,1.021,0.1376,47.79,0.076,0.4415,0.002187,4.21,1.27,2.94,SAFE,event_day
4087.0,FOOD_COURT_A,47.83,0.3189,0.5414,0.358,98.04,0.2472,0.5289,0.007306,16.74,7.2,9.54,WARNING,event_day
4088.0,FOOD_COURT_A,52.94,0.3529,0.6039,0.4714,96.74,0.3409,0.576,0.009433,17.8,11.69,6.11,WARNING,event_day
4089.0,FOOD_COURT_A,28.48,0.1899,0.7004,0.2586,68.47,0.1759,0.5373,0.005049,5.92,3.55,2.37,SAFE,event_day
4090.0,FOOD_COURT_A,33.65,0.2244,1.1168,0.1079,43.52,0.0657,0.4024,0.002328,9.17,3.78,5.39,SAFE,event_day
4091.0,FOOD_COURT_A,21.04,0.1403,1.2871,0.094,35.43,0.1224,0.536,0.00318,3.51,0.0,3.51,SAFE,event_day
4092.0,FOOD_COURT_A,42.03,0.2802,1.0993,0.3263,56.44,0.2265,0.5377,0.016385,18.72,8.05,10.66,WARNING,event_day
4093.0,FOOD_COURT_A,46.76,0.3117,1.021,0.3055,71.08,0.3559,0.66,0.014858,2.28,1.14,1.14,WARNING,event_day
4094.0,FOOD_COURT_A,54.18,0.3612,0.8862,0.3115,88.97,0.3418,0.7115,0.013416,15.32,8.92,6.4,WARNING,event_day
4095.0,FOOD_COURT_A,62.22,0.4148,0.8241,0.2752,109.21,0.1653,0.7369,0.011909,19.07,9.41,9.66,WARNING,event_day
4096.0,FOOD_COURT_A,56.21,0.3748,0.634,0.4303,106.99,0.2173,0.7331,0.017752,14.12,7.54,6.58,WARNING,event_day
4097.0,FOOD_COURT_A,55.78,0.3718,0.6095,0.5035,81.14,0.2905,0.7193,0.02013,13.69,6.38,7.31,WARNING,event_day
4098.0,FOOD_COURT_A,59.01,0.3934,0.6962,0.515,96.77,0.3152,0.6686,0.014053,9.0,5.61,3.39,WARNING,event_day
4099.0,FOOD_COURT_A,64.89,0.4326,0.6492,0.52,95.31,0.2455,0.5968,0.007159,14.81,6.39,8.41,WARNING,event_day
4100.0,FOOD_COURT_A,63.15,0.421,0.6584,0.428,69.53,0.3371,0.6245,0.014259,15.49,7.28,8.21,WARNING,event_day
4101.0,FOOD_COURT_A,50.34,0.3356,0.6746,0.3626,85.35,0.3755,0.703,0.01673,15.52,3.85,11.67,WARNING,event_day
4102.0,FOOD_COURT_A,63.21,0.4214,0.6316,0.2253,81.27,0.3396,0.6009,0.007604,10.98,5.08,5.91,WARNING,event_day
4103.0,FOOD_COURT_A,52.49,0.3499,0.6892,0.3663,98.15,0.3624,0.7027,0.013413,14.73,8.45,6.28,WARNING,event_day
4104.0,FOOD_COURT_A,55.83,0.3722,0.9581,0.2862,104.87,0.2985,0.6585,0.015416,20.28,12.4,7.88,WARNING,event_day
4105.0,FOOD_COURT_A,48.49,0.3233,0.6073,0.4281,105.56,0.2832,0.7732,0.012222,13.93,6.47,7.46,WARNING,event_day
4106.0,FOOD_COURT_A,57.12,0.3808,0.6054,0.4045,85.45,0.3577,0.6472,0.013498,11.62,4.8,6.82,WARNING,event_day
4107.0,FOOD_COURT_A,54.54,0.3636,0.9903,0.3689,80.84,0.1809,0.5924,0.010957,16.1,5.64,10.45,WARNING,event_day
4108.0,FOOD_COURT_A,46.52,0.3101,0.8838,0.34,113.09,0.2592,0.7309,0.007887,17.49,11.27,6.21,WARNING,event_day
4109.0,FOOD_COURT_A,59.28,0.3952,0.6539,0.5415,117.44,0.3636,0.6781,0.009423,11.71,5.85,5.85,WARNING,event_day
4110.0,FOOD_COURT_A,45.66,0.3044,0.6339,0.4633,96.53,0.3353,0.7013,0.013429,7.9,6.21,1.69,WARNING,event_day
4111.0,FOOD_COURT_A,39.5,0.2634,0.6185,0.4272,99.32,0.4286,0.6285,0.014065,14.19,9.1,5.09,WARNING,event_day
4112.0,FOOD_COURT_A,49.68,0.3312,0.6881,0.484,101.29,0.2745,0.7288,0.013147,17.16,8.25,8.91,WARNING,event_day
4113.0,FOOD_COURT_A,67.64,0.451,0.5466,0.4785,93.95,0.3344,0.7226,0.008586,14.81,5.04,9.77,WARNING,event_day
4114.0,FOOD_COURT_A,58.13,0.3875,0.6003,0.3418,51.92,0.2926,0.8152,0.012261,16.21,6.16,10.05,WARNING,event_day
4115.0,FOOD_COURT_A,62.65,0.4177,0.5346,0.4388,99.94,0.1688,0.7824,0.013169,17.46,10.27,7.19,WARNING,event_day
4116.0,FOOD_COURT_A,44.5,0.2967,0.7637,0.4647,89.9,0.255,0.7588,0.007854,18.18,7.2,10.98,WARNING,event_day
4117.0,FOOD_COURT_A,58.53,0.3902,0.5265,0.3923,95.72,0.2763,0.6004,0.010255,10.06,7.57,2.49,WARNING,event_day
4118.0,FOOD_COURT_A,57.74,0.385,0.6052,0.3035,96.35,0.2807,0.6755,0.009796,11.94,5.31,6.64,WARNING,event_day
4119.0,FOOD_COURT_A,59.03,0.3935,0.3999,0.3477,115.18,0.3342,0.6301,0.008672,14.42,6.23,8.18,WARNING,event_day
4120.0,FOOD_COURT_A,61.02,0.4068,0.5826,0.3328,100.43,0.2979,0.5573,0.006458,14.52,6.2,8.32,WARNING,event_day
4121.0,FOOD_COURT_A,48.25,0.3217,0.7367,0.2586,117.99,0.2414,0.6847,0.006327,7.83,4.97,2.86,WARNING,event_day
4122.0,FOOD_COURT_A,52.24,0.3483,0.5226,0.3743,67.63,0.2436,0.698,0.008811,19.18,11.46,7.72,WARNING,event_day
4123.0,FOOD_COURT_A,85.15,0.5677,0.4153,0.7544,174.52,0.5723,0.8503,0.022319,27.32,12.52,14.8,HIGH,event_day
4124.0,FOOD_COURT_A,57.55,0.3836,0.616,0.4847,107.21,0.308,0.6265,0.012571,14.13,7.2,6.92,WARNING,event_day
4125.0,FOOD_COURT_A,29.15,0.1943,0.9558,0.2119,66.68,0.1732,0.5276,0.004879,5.39,4.15,1.24,SAFE,event_day
4126.0,FOOD_COURT_A,29.53,0.1968,1.1931,0.0921,57.03,0.1326,0.5299,0.001477,8.32,5.38,2.94,SAFE,event_day
4127.0,FOOD_COURT_A,30.73,0.2049,0.7704,0.3837,88.42,0.315,0.6487,0.012767,22.33,12.8,9.53,WARNING,event_day
4128.0,FOOD_COURT_A,47.54,0.3169,0.4202,0.3268,94.65,0.3499,0.5439,0.01308,17.63,11.18,6.45,WARNING,event_day
4129.0,FOOD_COURT_A,55.0,0.3667,0.6069,0.4005,107.26,0.3132,0.7666,0.009933,9.81,0.64,9.17,WARNING,event_day
4130.0,FOOD_COURT_A,53.54,0.357,0.8641,0.5201,106.1,0.2663,0.8579,0.014195,14.38,7.48,6.91,WARNING,event_day
4131.0,FOOD_COURT_A,39.45,0.263,1.3616,0.2474,51.52,0.1444,0.6234,0.00687,7.92,3.45,4.47,SAFE,event_day
4132.0,FOOD_COURT_A,25.78,0.1719,1.4175,0.1589,57.5,0.1296,0.3774,0.004072,9.32,5.43,3.89,SAFE,event_day
4133.0,FOOD_COURT_A,16.69,0.1113,1.5704,0.1107,42.09,0.0862,0.3162,0.002366,9.37,3.97,5.4,SAFE,event_day
4134.0,FOOD_COURT_A,12.32,0.0821,1.4041,0.1096,49.47,0.1051,0.3943,0.003946,3.46,1.87,1.59,SAFE,event_day
4135.0,FOOD_COURT_A,21.33,0.1422,1.3573,0.1039,37.52,0.1031,0.242,0.001184,7.36,4.58,2.79,SAFE,event_day
4136.0,FOOD_COURT_A,24.15,0.161,1.1605,0.0896,43.57,0.089,0.3959,0.000816,7.72,4.09,3.63,SAFE,event_day
4137.0,FOOD_COURT_A,27.02,0.1801,1.1787,0.0773,30.49,0.0971,0.2819,0.004209,6.72,4.64,2.09,SAFE,event_day
4138.0,FOOD_COURT_A,13.98,0.0932,1.2202,0.1101,43.86,0.0551,0.3976,0.003033,6.09,3.38,2.72,SAFE,event_day
4139.0,FOOD_COURT_A,26.0,0.1733,1.1406,0.033,37.75,0.0695,0.3613,0.001728,5.73,2.08,3.65,SAFE,event_day
4140.0,FOOD_COURT_A,21.87,0.1458,1.1993,0.0957,40.4,0.0636,0.345,0.00196,9.8,5.22,4.57,SAFE,event_day
4141.0,FOOD_COURT_A,18.74,0.1249,1.237,0.1109,56.96,0.0941,0.4619,0.003008,6.1,3.39,2.71,SAFE,event_day
4142.0,FOOD_COURT_A,29.47,0.1965,1.1197,0.1298,45.45,0.0638,0.3112,0.002734,7.6,4.4,3.2,SAFE,event_day
4143.0,FOOD_COURT_A,14.84,0.0989,1.3286,0.0605,41.37,0.0253,0.2817,0.002461,9.67,6.28,3.39,SAFE,event_day
4144.0,FOOD_COURT_A,22.7,0.1513,1.1078,0.1191,59.38,0.059,0.279,0.001771,4.87,2.45,2.43,SAFE,event_day
4145.0,FOOD_COURT_A,21.43,0.1429,1.0444,0.0513,56.77,0.0586,0.4143,0.002878,4.84,2.51,2.33,SAFE,event_day
4146.0,FOOD_COURT_A,28.94,0.193,1.1687,0.1483,38.41,0.0445,0.3175,0.003381,3.91,0.75,3.16,SAFE,event_day
4147.0,FOOD_COURT_A,25.73,0.1715,1.3067,0.1102,28.41,0.0368,0.3564,0.0018,7.69,4.86,2.83,SAFE,event_day
4148.0,FOOD_COURT_A,17.17,0.1145,1.4098,0.1255,54.14,0.0752,0.3342,0.00409,4.72,3.86,0.86,SAFE,event_day
4149.0,FOOD_COURT_A,31.18,0.2079,1.5705,0.0805,48.67,0.0654,0.3226,0.00308,7.32,5.9,1.43,SAFE,event_day
4150.0,FOOD_COURT_A,17.03,0.1135,1.3556,0.0436,37.35,0.0563,0.3612,0.000924,8.5,1.75,6.75,SAFE,event_day
4151.0,FOOD_COURT_A,16.02,0.1068,1.3793,0.1493,51.7,0.0973,0.3918,0.003401,5.53,2.03,3.5,SAFE,event_day
4152.0,FOOD_COURT_A,51.12,0.3408,0.5527,0.4584,143.24,0.4855,0.7918,0.022641,27.85,18.03,9.82,HIGH,event_day
4153.0,FOOD_COURT_A,85.07,0.5671,0.3291,0.6254,174.93,0.5154,0.7697,0.026132,18.17,10.27,7.91,HIGH,event_day
4154.0,FOOD_COURT_A,87.82,0.5855,0.2077,0.6152,150.89,0.5767,0.7955,0.027212,18.47,5.51,12.95,HIGH,event_day
4155.0,FOOD_COURT_A,99.4,0.6627,0.1849,0.6519,187.55,0.5319,0.8579,0.028519,22.57,11.17,11.4,HIGH,event_day
4156.0,FOOD_COURT_A,97.08,0.6472,0.1116,0.7104,190.37,0.67,0.8478,0.027653,25.47,15.16,10.31,HIGH,event_day
4157.0,FOOD_COURT_A,105.93,0.7062,0.3849,0.648,166.39,0.5518,0.8488,0.026376,13.03,7.64,5.4,HIGH,event_day
4158.0,FOOD_COURT_A,97.55,0.6504,0.2978,0.8292,165.93,0.4951,0.877,0.029885,22.47,16.22,6.26,HIGH,event_day
4159.0,FOOD_COURT_A,85.86,0.5724,0.3233,0.8439,160.65,0.4712,0.8119,0.03464,20.71,9.75,10.96,HIGH,event_day
4160.0,FOOD_COURT_A,84.52,0.5635,0.283,0.6692,169.83,0.5534,0.7907,0.034809,25.54,12.26,13.28,HIGH,event_day
4161.0,FOOD_COURT_A,84.44,0.5629,0.2426,0.7362,203.74,0.6282,0.8548,0.021315,20.98,12.61,8.37,HIGH,event_day
4162.0,FOOD_COURT_A,75.75,0.505,0.1279,0.6878,184.13,0.6261,0.9564,0.018649,14.46,9.86,4.6,HIGH,event_day
4163.0,FOOD_COURT_A,96.96,0.6464,0.1861,0.724,223.86,0.6741,0.755,0.027835,19.83,9.0,10.83,HIGH,event_day
4164.0,FOOD_COURT_A,75.28,0.5019,0.2148,0.8348,243.62,0.512,0.7426,0.026831,22.05,10.17,11.87,HIGH,event_day
4165.0,FOOD_COURT_A,92.09,0.6139,0.1869,0.7176,209.1,0.465,0.771,0.026857,21.23,9.84,11.39,HIGH,event_day
4166.0,FOOD_COURT_A,95.74,0.6383,0.2395,0.7815,175.02,0.4588,0.7396,0.025837,21.76,13.07,8.69,HIGH,event_day
4167.0,FOOD_COURT_A,88.09,0.5872,0.1393,0.8186,216.12,0.5746,0.7968,0.029021,25.03,13.53,11.5,HIGH,event_day
4168.0,FOOD_COURT_A,89.64,0.5976,0.1578,0.7329,221.59,0.6201,0.8102,0.029157,20.69,8.13,12.56,HIGH,event_day
4169.0,FOOD_COURT_A,74.73,0.4982,0.2092,0.7061,249.23,0.6975,0.7936,0.020453,22.04,9.89,12.15,HIGH,event_day
4170.0,FOOD_COURT_A,91.52,0.6101,0.1549,0.8289,185.06,0.5232,0.8481,0.022708,13.09,6.41,6.68,HIGH,event_day
4171.0,FOOD_COURT_A,91.58,0.6105,0.0998,0.6815,205.44,0.568,0.9353,0.022231,19.92,9.24,10.68,HIGH,event_day
4172.0,FOOD_COURT_A,90.47,0.6031,0.1827,0.6485,199.64,0.6311,0.7824,0.027741,22.17,10.34,11.83,HIGH,event_day
4173.0,FOOD_COURT_A,96.99,0.6466,0.2364,0.8186,134.54,0.6662,0.8986,0.036298,14.74,9.13,5.62,HIGH,event_day
4174.0,FOOD_COURT_A,92.93,0.6196,0.1434,0.7276,141.27,0.6095,0.8949,0.033125,25.31,13.04,12.27,HIGH,event_day
4175.0,FOOD_COURT_A,99.17,0.6611,0.0891,0.7709,149.23,0.601,0.8727,0.027793,19.24,9.63,9.61,HIGH,event_day
4176.0,FOOD_COURT_A,80.85,0.539,0.0637,0.7495,119.09,0.6092,0.8548,0.023674,25.51,10.75,14.76,HIGH,event_day
4177.0,FOOD_COURT_A,100.01,0.6668,0.2682,0.723,147.42,0.5688,0.9187,0.023532,21.45,8.95,12.5,HIGH,event_day
4178.0,FOOD_COURT_A,79.77,0.5318,0.3311,0.8615,176.21,0.7265,0.951,0.009486,24.86,9.95,14.91,HIGH,event_day
4179.0,FOOD_COURT_A,77.82,0.5188,0.3325,0.8177,181.8,0.5285,0.8543,0.017247,22.36,13.32,9.04,HIGH,event_day
4180.0,FOOD_COURT_A,75.26,0.5017,0.1633,0.6882,159.58,0.5551,0.8554,0.018825,19.95,8.62,11.33,HIGH,event_day
4181.0,FOOD_COURT_A,89.31,0.5954,0.1727,0.6643,183.12,0.6174,0.8234,0.023756,12.46,8.85,3.61,HIGH,event_day
4182.0,FOOD_COURT_A,86.05,0.5736,0.2113,0.7525,173.06,0.6179,0.8314,0.027174,19.94,11.35,8.59,HIGH,event_day
4183.0,FOOD_COURT_A,96.48,0.6432,0.2568,0.7077,180.78,0.5789,0.9494,0.026252,21.21,13.54,7.68,HIGH,event_day
4184.0,FOOD_COURT_A,64.43,0.4295,0.3697,0.5864,120.31,0.4524,0.8682,0.013642,14.94,9.53,5.41,WARNING,event_day
4185.0,FOOD_COURT_A,62.31,0.4154,0.5237,0.3881,96.64,0.3564,0.7106,0.012004,19.37,8.18,11.19,WARNING,event_day
4186.0,FOOD_COURT_A,67.07,0.4471,0.2793,0.5901,151.58,0.4233,0.8948,0.019763,20.15,11.31,8.84,HIGH,event_day
4187.0,FOOD_COURT_A,74.88,0.4992,0.0995,0.628,171.67,0.5609,0.8002,0.025626,22.92,12.04,10.88,HIGH,event_day
4188.0,FOOD_COURT_A,77.41,0.5161,0.1214,0.7043,169.15,0.6372,0.805,0.031196,31.95,16.19,15.76,HIGH,event_day
4189.0,FOOD_COURT_A,70.45,0.4697,0.2038,0.5915,151.38,0.5282,0.8473,0.02549,8.51,7.38,1.13,HIGH,event_day
4190.0,FOOD_COURT_A,87.76,0.5851,0.1362,0.5814,139.58,0.6614,0.9148,0.025101,18.71,10.25,8.45,HIGH,event_day
4191.0,FOOD_COURT_A,71.19,0.4746,0.4747,0.4721,135.14,0.389,0.9211,0.015539,16.69,8.34,8.35,WARNING,event_day
4192.0,FOOD_COURT_A,57.58,0.3838,0.3837,0.5376,102.98,0.5031,0.7178,0.013194,15.14,4.1,11.04,WARNING,event_day
4193.0,FOOD_COURT_A,68.39,0.4559,0.7372,0.5784,61.68,0.4346,0.6712,0.011364,15.73,8.52,7.21,WARNING,event_day
4194.0,FOOD_COURT_A,73.17,0.4878,0.3026,0.6542,113.33,0.5837,0.8089,0.018321,23.02,11.06,11.96,HIGH,event_day
4195.0,FOOD_COURT_A,99.04,0.6603,0.3252,0.6736,135.29,0.537,0.8715,0.023447,17.5,10.49,7.0,HIGH,event_day
4196.0,FOOD_COURT_A,64.32,0.4288,0.7944,0.5577,101.01,0.3419,0.6389,0.01123,15.57,9.05,6.52,WARNING,event_day
4197.0,FOOD_COURT_A,81.55,0.5437,0.3358,0.8673,178.82,0.4847,0.7699,0.007727,14.73,7.88,6.85,HIGH,event_day
4198.0,FOOD_COURT_A,61.99,0.4133,0.6394,0.5188,108.1,0.3865,0.7481,0.006831,11.74,7.2,4.54,WARNING,event_day
4199.0,FOOD_COURT_A,34.05,0.227,1.0053,0.2092,53.1,0.1579,0.3071,0.005911,4.13,2.57,1.57,SAFE,event_day
4200.0,FOOD_COURT_A,23.46,0.1564,1.1839,0.1638,59.6,0.1451,0.0921,0.004389,5.53,1.47,4.06,SAFE,event_day
4201.0,FOOD_COURT_A,15.46,0.1031,1.2388,0.1669,44.07,0.1141,0.2817,0.001317,3.3,0.39,2.91,SAFE,event_day
4202.0,FOOD_COURT_A,17.42,0.1162,1.1856,0.0677,45.06,0.0941,0.1925,0.004236,9.92,4.75,5.16,SAFE,event_day
4203.0,FOOD_COURT_A,18.6,0.124,1.2234,0.1062,47.69,0.0716,0.3029,0.001271,10.21,5.89,4.32,SAFE,event_day
4204.0,FOOD_COURT_A,17.73,0.1182,1.2028,0.1357,50.87,0.1101,0.3854,0.001356,5.44,4.07,1.37,SAFE,event_day
4205.0,FOOD_COURT_A,18.38,0.1225,1.0996,0.1288,50.29,0.033,0.4316,0.002344,6.79,2.96,3.82,SAFE,event_day
4206.0,FOOD_COURT_A,20.87,0.1391,1.3974,0.1217,39.62,0.1019,0.3577,0.000722,6.37,3.35,3.02,SAFE,event_day
4207.0,FOOD_COURT_A,17.85,0.119,1.1388,0.1196,51.07,0.1123,0.4752,0.002458,10.51,3.72,6.79,SAFE,event_day
4208.0,FOOD_COURT_A,19.63,0.1309,1.2436,0.045,48.47,0.1145,0.5807,0.002511,4.1,4.09,0.01,SAFE,event_day
4209.0,FOOD_COURT_A,44.49,0.2966,0.9374,0.2151,82.0,0.1581,0.6329,0.00744,10.59,3.68,6.91,WARNING,event_day
4210.0,FOOD_COURT_A,39.49,0.2633,0.5999,0.3536,83.21,0.1862,0.7274,0.007044,18.87,11.65,7.22,WARNING,event_day
4211.0,FOOD_COURT_A,77.11,0.5141,0.3309,0.5239,244.74,0.4647,0.8932,0.026851,19.09,10.27,8.82,HIGH,event_day
4212.0,FOOD_COURT_A,90.82,0.6055,0.3643,0.6628,222.51,0.5193,0.944,0.022204,21.49,11.37,10.13,HIGH,event_day
4213.0,FOOD_COURT_A,40.47,0.2698,0.8833,0.2544,91.18,0.1891,0.6806,0.010166,4.18,3.32,0.86,SAFE,event_day
4214.0,FOOD_COURT_A,19.45,0.1296,1.3488,0.1575,53.22,0.138,0.4848,0.004197,7.62,5.11,2.51,SAFE,event_day
4215.0,FOOD_COURT_A,25.64,0.1709,1.2332,0.0684,30.06,0.0819,0.3905,0.003645,6.75,3.83,2.93,SAFE,event_day
4216.0,FOOD_COURT_A,25.69,0.1713,1.1102,0.0692,32.78,0.0782,0.2946,0.004961,8.24,4.44,3.81,SAFE,event_day
4217.0,FOOD_COURT_A,26.46,0.1764,1.0307,0.0704,42.47,0.075,0.4861,0.002171,7.08,2.71,4.37,SAFE,event_day
4218.0,FOOD_COURT_A,21.17,0.1411,0.9446,0.0501,49.27,0.049,0.412,0.001209,5.99,1.55,4.44,SAFE,event_day
4219.0,FOOD_COURT_A,6.95,0.0463,0.74,0.0809,44.5,0.0645,0.4486,0.00347,5.79,1.53,4.26,SAFE,event_day
4220.0,FOOD_COURT_A,44.13,0.2942,0.8152,0.3383,80.97,0.1758,0.5812,0.009853,15.45,5.86,9.59,WARNING,event_day
4221.0,FOOD_COURT_A,80.33,0.5355,0.4038,0.6393,179.18,0.4788,0.7699,0.014675,16.47,7.14,9.33,HIGH,event_day
4222.0,FOOD_COURT_A,77.95,0.5197,0.2241,0.6012,178.55,0.6107,0.7406,0.02082,25.62,14.07,11.55,HIGH,event_day
4223.0,FOOD_COURT_A,90.8,0.6053,0.2514,0.6731,201.0,0.3815,0.8393,0.012735,19.53,8.82,10.71,HIGH,event_day
4224.0,FOOD_COURT_A,80.18,0.5345,0.221,0.6679,136.45,0.5792,0.9121,0.02746,22.78,12.92,9.86,HIGH,event_day
4225.0,FOOD_COURT_A,70.2,0.468,0.4068,0.407,113.26,0.1967,0.8373,0.019336,12.02,9.8,2.22,WARNING,event_day
4226.0,FOOD_COURT_A,70.53,0.4702,0.4478,0.2848,81.3,0.2903,0.7902,0.019141,9.22,9.07,0.15,WARNING,event_day
4227.0,FOOD_COURT_A,63.74,0.425,0.507,0.4646,104.34,0.3163,0.7141,0.013551,17.68,11.61,6.07,WARNING,event_day
4228.0,FOOD_COURT_A,50.49,0.3366,0.9858,0.1424,66.93,0.1321,0.5312,0.006532,5.93,5.48,0.45,SAFE,event_day
4229.0,FOOD_COURT_A,28.87,0.1925,0.9665,0.0991,63.33,0.1108,0.5678,0.004813,6.64,4.2,2.44,SAFE,event_day
4230.0,FOOD_COURT_A,52.84,0.3522,0.6569,0.2448,81.32,0.15,0.6256,0.003844,17.82,8.5,9.32,WARNING,event_day
4231.0,FOOD_COURT_A,46.58,0.3106,0.7176,0.3382,94.11,0.218,0.6686,0.010891,14.85,5.83,9.02,WARNING,event_day
4232.0,FOOD_COURT_A,54.54,0.3636,0.715,0.3054,83.18,0.2602,0.7295,0.008009,22.7,12.14,10.56,WARNING,event_day
4233.0,FOOD_COURT_A,72.09,0.4806,0.7047,0.2354,99.96,0.2811,0.6283,0.012855,14.04,8.56,5.48,WARNING,event_day
4234.0,FOOD_COURT_A,63.55,0.4237,0.7338,0.4936,102.97,0.2515,0.6381,0.00745,8.69,5.93,2.76,WARNING,event_day
4235.0,FOOD_COURT_A,52.83,0.3522,0.6529,0.3428,100.32,0.3213,0.7084,0.011004,15.2,6.42,8.78,WARNING,event_day
4236.0,FOOD_COURT_A,55.62,0.3708,0.5894,0.3078,77.6,0.3781,0.6597,0.009252,19.97,14.62,5.35,WARNING,event_day
4237.0,FOOD_COURT_A,62.6,0.4173,0.7145,0.3365,88.71,0.2714,0.6346,0.01714,10.13,5.96,4.17,WARNING,event_day
4238.0,FOOD_COURT_A,61.29,0.4086,0.6351,0.4152,85.71,0.3155,0.7998,0.016089,12.51,4.64,7.87,WARNING,event_day
4239.0,FOOD_COURT_A,65.51,0.4367,0.5135,0.2126,48.71,0.34,0.7579,0.013206,14.28,5.95,8.33,WARNING,event_day
4240.0,FOOD_COURT_A,50.91,0.3394,0.7393,0.4287,101.28,0.3037,0.684,0.014413,11.61,4.12,7.48,WARNING,event_day
4241.0,FOOD_COURT_A,60.09,0.4006,0.5776,0.3697,97.08,0.2574,0.6058,0.004324,16.56,10.33,6.23,WARNING,event_day
4242.0,FOOD_COURT_A,62.84,0.4189,0.9016,0.4869,95.07,0.2962,0.5967,0.013351,12.17,9.5,2.67,WARNING,event_day
4243.0,FOOD_COURT_A,44.01,0.2934,0.7783,0.2929,74.12,0.3354,0.7565,0.013485,15.57,8.66,6.9,WARNING,event_day
4244.0,FOOD_COURT_A,48.79,0.3253,0.8426,0.2993,71.43,0.4097,0.7454,0.009792,11.34,9.31,2.03,WARNING,event_day
4245.0,FOOD_COURT_A,58.35,0.389,0.5844,0.4358,86.66,0.3947,0.6854,0.005326,20.61,8.23,12.38,WARNING,event_day
4246.0,FOOD_COURT_A,71.42,0.4761,0.4408,0.4028,93.49,0.4363,0.6542,0.009547,9.57,4.23,5.34,WARNING,event_day
4247.0,FOOD_COURT_A,63.81,0.4254,0.6435,0.3764,95.24,0.4111,0.666,0.015032,16.54,7.63,8.91,WARNING,event_day
4248.0,FOOD_COURT_A,53.8,0.3587,0.4845,0.3308,126.18,0.4315,0.6313,0.012922,15.96,4.89,11.08,WARNING,event_day
4249.0,FOOD_COURT_A,52.49,0.3499,0.5586,0.2656,129.0,0.4944,0.6287,0.006999,11.46,4.01,7.44,WARNING,event_day
4250.0,FOOD_COURT_A,67.24,0.4483,0.7487,0.3026,110.25,0.3798,0.76,0.014583,13.78,6.57,7.22,WARNING,event_day
4251.0,FOOD_COURT_A,59.28,0.3952,0.564,0.2297,83.44,0.3212,0.8176,0.013975,11.54,4.93,6.61,WARNING,event_day
4252.0,FOOD_COURT_A,61.61,0.4107,0.7547,0.2519,75.26,0.362,0.7463,0.01919,13.87,7.78,6.09,WARNING,event_day
4253.0,FOOD_COURT_A,52.45,0.3496,0.7908,0.1972,100.87,0.3355,0.6676,0.012441,12.16,5.0,7.17,WARNING,event_day
4254.0,FOOD_COURT_A,51.57,0.3438,0.7531,0.395,110.91,0.2863,0.654,0.012863,14.51,8.29,6.22,WARNING,event_day
4255.0,FOOD_COURT_A,51.31,0.3421,0.7132,0.3011,109.88,0.0924,0.8399,0.011362,15.61,9.11,6.51,WARNING,event_day
4256.0,FOOD_COURT_A,47.94,0.3196,0.7612,0.4239,88.89,0.2147,0.7632,0.01359,16.78,7.71,9.07,WARNING,event_day
4257.0,FOOD_COURT_A,44.32,0.2954,0.6214,0.4628,70.45,0.1972,0.6611,0.012815,20.51,9.4,11.11,WARNING,event_day
4258.0,FOOD_COURT_A,47.57,0.3172,0.5851,0.3605,104.35,0.2595,0.6596,0.011049,17.34,7.35,9.99,WARNING,event_day
4259.0,FOOD_COURT_A,58.32,0.3888,0.6352,0.3307,83.08,0.2166,0.6474,0.012592,14.14,7.65,6.49,WARNING,event_day
4260.0,FOOD_COURT_A,74.93,0.4995,0.703,0.3272,84.1,0.3674,0.6405,0.010661,17.28,9.35,7.92,WARNING,event_day
4261.0,FOOD_COURT_A,51.16,0.341,0.7903,0.3111,99.89,0.3427,0.7731,0.019512,18.76,6.36,12.41,WARNING,event_day
4262.0,FOOD_COURT_A,53.36,0.3557,0.2577,0.3976,103.7,0.3335,0.7924,0.013943,19.0,7.67,11.33,WARNING,event_day
4263.0,FOOD_COURT_A,54.13,0.3609,0.7302,0.2477,101.8,0.1424,0.7268,0.010214,17.91,7.8,10.11,WARNING,event_day
4264.0,FOOD_COURT_A,52.15,0.3477,0.5905,0.395,128.5,0.3592,0.6257,0.00767,13.32,7.71,5.61,WARNING,event_day
4265.0,FOOD_COURT_A,57.01,0.3801,0.7098,0.3165,140.87,0.2945,0.7525,0.004335,12.94,6.2,6.74,WARNING,event_day
4266.0,FOOD_COURT_A,66.41,0.4428,0.6803,0.3801,106.77,0.2717,0.6785,0.010301,15.12,5.85,9.28,WARNING,event_day
4267.0,FOOD_COURT_A,69.3,0.462,0.6758,0.364,119.18,0.1667,0.6709,0.011767,19.19,9.3,9.88,WARNING,event_day
4268.0,FOOD_COURT_A,49.73,0.3315,0.5624,0.3829,119.35,0.3931,0.6867,0.018318,8.56,3.29,5.27,WARNING,event_day
4269.0,FOOD_COURT_A,60.33,0.4022,0.7519,0.3624,111.21,0.2614,0.5546,0.015319,12.94,5.96,6.98,WARNING,event_day
4270.0,FOOD_COURT_A,47.15,0.3143,0.8088,0.4462,132.31,0.297,0.6188,0.011608,6.03,1.83,4.19,WARNING,event_day
4271.0,FOOD_COURT_A,49.54,0.3303,0.8062,0.3866,79.66,0.3424,0.7875,0.01502,21.16,10.01,11.15,WARNING,event_day
4272.0,FOOD_COURT_A,55.41,0.3694,0.6511,0.3227,103.55,0.2996,0.7107,0.011728,14.76,6.77,7.99,WARNING,event_day
4273.0,FOOD_COURT_A,56.78,0.3786,0.5311,0.4524,102.57,0.4468,0.6842,0.007094,14.92,9.01,5.91,WARNING,event_day
4274.0,FOOD_COURT_A,59.48,0.3965,0.6429,0.294,142.91,0.4012,0.6732,0.005672,13.51,5.32,8.2,WARNING,event_day
4275.0,FOOD_COURT_A,64.05,0.427,0.6442,0.4575,109.07,0.4128,0.7387,0.013511,13.01,3.22,9.79,WARNING,event_day
4276.0,FOOD_COURT_A,56.92,0.3795,0.8616,0.5311,93.94,0.3349,0.6034,0.010361,9.58,5.7,3.88,WARNING,event_day
4277.0,FOOD_COURT_A,52.2,0.348,0.6008,0.4049,124.34,0.3001,0.6319,0.017038,13.34,9.94,3.4,WARNING,event_day
4278.0,FOOD_COURT_A,54.57,0.3638,0.6305,0.4104,114.27,0.2861,0.6502,0.02111,18.25,8.81,9.44,WARNING,event_day
4279.0,FOOD_COURT_A,53.13,0.3542,0.5771,0.4283,64.06,0.1668,0.7025,0.012848,9.34,6.43,2.91,WARNING,event_day
4280.0,FOOD_COURT_A,49.89,0.3326,0.4606,0.4047,57.6,0.251,0.7302,0.017343,13.88,7.75,6.13,WARNING,event_day
4281.0,FOOD_COURT_A,64.16,0.4278,0.5976,0.369,61.43,0.3291,0.5525,0.013478,12.02,5.99,6.03,WARNING,event_day
4282.0,FOOD_COURT_A,58.4,0.3894,0.4206,0.2659,85.62,0.2762,0.5732,0.008992,17.11,8.2,8.91,WARNING,event_day
4283.0,FOOD_COURT_A,65.55,0.437,0.6246,0.391,103.78,0.3018,0.56,0.007326,20.26,12.32,7.94,WARNING,event_day
4284.0,FOOD_COURT_A,54.02,0.3602,0.688,0.3462,113.7,0.3947,0.6829,0.007852,12.85,4.68,8.17,WARNING,event_day
4285.0,FOOD_COURT_A,57.21,0.3814,0.5531,0.3518,95.28,0.3635,0.5884,0.015683,13.86,6.79,7.07,WARNING,event_day
4286.0,FOOD_COURT_A,60.59,0.4039,0.4747,0.3605,99.14,0.2767,0.7311,0.015864,13.65,4.87,8.78,WARNING,event_day
4287.0,FOOD_COURT_A,60.3,0.402,0.5099,0.3861,65.0,0.2811,0.7378,0.01099,12.7,6.72,5.98,WARNING,event_day
4288.0,FOOD_COURT_A,68.27,0.4552,0.593,0.3312,81.76,0.3434,0.7097,0.003297,9.17,3.41,5.76,WARNING,event_day
4289.0,FOOD_COURT_A,66.61,0.4441,0.6655,0.4098,96.25,0.3581,0.694,0.005042,11.23,4.55,6.68,WARNING,event_day
4290.0,FOOD_COURT_A,71.91,0.4794,0.2771,0.7112,124.92,0.4886,0.7054,0.021169,18.5,5.45,13.05,HIGH,event_day
4291.0,FOOD_COURT_A,73.76,0.4917,0.2244,0.7276,202.96,0.4838,0.8551,0.022661,25.41,12.65,12.76,HIGH,event_day
4292.0,FOOD_COURT_A,84.47,0.5631,0.187,0.7431,172.91,0.5254,0.881,0.014931,16.88,9.59,7.29,HIGH,event_day
4293.0,FOOD_COURT_A,89.94,0.5996,0.2943,0.6176,152.69,0.6326,0.8131,0.015953,21.86,11.02,10.84,HIGH,event_day
4294.0,FOOD_COURT_A,77.72,0.5181,0.2672,0.56,163.76,0.4705,0.7885,0.023111,26.55,12.47,14.08,HIGH,event_day
4295.0,FOOD_COURT_A,90.48,0.6032,0.2983,0.7473,166.66,0.5799,0.6512,0.017543,19.46,10.78,8.68,HIGH,event_day
4296.0,FOOD_COURT_A,74.44,0.4963,0.1538,0.7778,151.75,0.5184,0.8159,0.024364,22.6,8.38,14.23,HIGH,event_day
4297.0,FOOD_COURT_A,81.41,0.5427,0.0625,0.8175,202.45,0.6332,0.786,0.025784,21.16,15.0,6.17,HIGH,event_day
4298.0,FOOD_COURT_A,81.93,0.5462,0.0886,0.5746,200.63,0.6789,0.8616,0.023417,31.92,14.72,17.2,HIGH,event_day
4299.0,FOOD_COURT_A,80.0,0.5333,0.0742,0.6853,139.1,0.4734,0.7909,0.027892,18.92,12.89,6.03,HIGH,event_day
4300.0,FOOD_COURT_A,93.02,0.6201,0.0644,0.6658,173.44,0.4666,0.8093,0.027592,20.57,11.7,8.87,HIGH,event_day
4301.0,FOOD_COURT_A,82.28,0.5485,0.2359,0.6825,141.51,0.6539,0.7665,0.036181,28.39,11.61,16.77,HIGH,event_day
4302.0,FOOD_COURT_A,89.04,0.5936,0.1493,0.7462,167.8,0.6388,0.8106,0.023393,21.05,9.3,11.75,HIGH,event_day
4303.0,FOOD_COURT_A,84.96,0.5664,0.1418,0.6408,147.81,0.5587,0.9432,0.021328,28.92,15.78,13.14,HIGH,event_day
4304.0,FOOD_COURT_A,88.59,0.5906,0.1415,0.53,115.49,0.5035,0.81,0.025424,23.52,11.47,12.05,HIGH,event_day
4305.0,FOOD_COURT_A,83.21,0.5547,0.1007,0.6061,112.71,0.4789,0.8644,0.026314,32.61,14.04,18.57,HIGH,event_day
4306.0,FOOD_COURT_A,82.46,0.5497,0.0372,0.7689,121.37,0.6172,0.9065,0.022039,28.55,15.02,13.53,HIGH,event_day
4307.0,FOOD_COURT_A,91.57,0.6105,0.2185,0.684,164.07,0.6177,0.9074,0.020919,18.08,8.17,9.91,HIGH,event_day
4308.0,FOOD_COURT_A,72.61,0.4841,0.341,0.7601,161.02,0.5547,0.8431,0.023222,21.18,14.61,6.56,HIGH,event_day
4309.0,FOOD_COURT_A,103.93,0.6929,0.1662,0.6032,176.8,0.5743,0.8659,0.016705,28.14,14.09,14.05,HIGH,event_day
4310.0,FOOD_COURT_A,104.18,0.6945,0.1274,0.7159,186.18,0.5859,0.8677,0.023828,22.52,11.51,11.01,HIGH,event_day
4311.0,FOOD_COURT_A,95.09,0.634,0.1551,0.6239,101.65,0.5666,0.924,0.024004,16.91,10.4,6.51,HIGH,event_day
4312.0,FOOD_COURT_A,81.43,0.5429,0.1175,0.6638,163.4,0.5311,0.8966,0.03448,19.29,4.87,14.42,HIGH,event_day
4313.0,FOOD_COURT_A,82.73,0.5516,0.0722,0.5745,171.64,0.6276,0.7211,0.026213,14.75,9.53,5.22,HIGH,event_day
4314.0,FOOD_COURT_A,100.71,0.6714,0.1366,0.7594,173.02,0.6578,0.8254,0.036067,17.65,6.45,11.19,HIGH,event_day
4315.0,FOOD_COURT_A,91.69,0.6112,0.0687,0.6519,170.35,0.5606,0.8608,0.039866,17.54,8.55,8.99,HIGH,event_day
4316.0,FOOD_COURT_A,76.89,0.5126,0.2439,0.5611,186.07,0.6937,0.8668,0.026503,22.84,14.32,8.52,HIGH,event_day
4317.0,FOOD_COURT_A,83.55,0.557,0.1263,0.6305,159.96,0.5489,0.9143,0.025446,21.22,13.25,7.96,HIGH,event_day
4318.0,FOOD_COURT_A,88.75,0.5916,0.1773,0.6584,165.18,0.5435,0.9743,0.026688,17.61,8.35,9.26,HIGH,event_day
4319.0,FOOD_COURT_A,89.02,0.5934,0.0602,0.5982,143.14,0.6136,0.8591,0.017917,11.22,2.49,8.73,HIGH,event_day
4320.0,FOOD_COURT_A,93.47,0.6231,0.1235,0.7629,141.65,0.5864,0.8041,0.030943,25.17,10.48,14.7,HIGH,event_day
4321.0,FOOD_COURT_A,102.05,0.6803,0.1648,0.6546,143.9,0.6486,0.8557,0.031202,14.44,7.53,6.91,HIGH,event_day
4322.0,FOOD_COURT_A,87.56,0.5837,0.2563,0.7758,148.45,0.6451,0.8683,0.031355,23.06,13.1,9.96,HIGH,event_day
4323.0,FOOD_COURT_A,85.29,0.5686,0.2952,0.6278,173.8,0.6235,0.8462,0.014324,22.14,10.54,11.6,HIGH,event_day
4324.0,FOOD_COURT_A,68.36,0.4557,0.2682,0.7467,175.02,0.5936,0.8919,0.019524,32.77,15.79,16.98,HIGH,event_day
4325.0,FOOD_COURT_A,84.78,0.5652,0.3759,0.5845,177.39,0.5473,0.8049,0.016781,26.53,12.01,14.51,HIGH,event_day
4326.0,FOOD_COURT_A,90.94,0.6062,0.2402,0.6291,193.82,0.6822,0.7291,0.021875,20.62,12.42,8.2,HIGH,event_day
4327.0,FOOD_COURT_A,96.52,0.6435,0.2552,0.5774,161.33,0.7313,0.8375,0.034821,25.49,13.22,12.27,HIGH,event_day
4328.0,FOOD_COURT_A,91.84,0.6122,0.2796,0.733,152.15,0.5876,0.8714,0.036509,20.41,11.28,9.12,HIGH,event_day
4329.0,FOOD_COURT_A,78.41,0.5227,0.2129,0.7146,169.68,0.6371,0.7556,0.026731,22.74,9.71,13.03,HIGH,event_day
4330.0,FOOD_COURT_A,77.63,0.5176,0.1718,0.5807,202.22,0.5037,0.7653,0.021086,15.11,6.01,9.1,HIGH,event_day
4331.0,FOOD_COURT_A,83.66,0.5577,0.1372,0.6927,224.86,0.5951,0.6763,0.031479,21.84,12.24,9.6,HIGH,event_day
4332.0,FOOD_COURT_A,92.34,0.6156,0.1343,0.7251,216.28,0.6544,0.7413,0.032821,23.31,13.3,10.01,HIGH,event_day
4333.0,FOOD_COURT_A,73.52,0.4901,0.1865,0.7499,223.29,0.5356,0.8533,0.029365,25.89,12.41,13.47,HIGH,event_day
4334.0,FOOD_COURT_A,82.53,0.5502,0.3274,0.7881,174.25,0.5619,0.8356,0.029251,20.15,8.26,11.89,HIGH,event_day
4335.0,FOOD_COURT_A,88.74,0.5916,0.1725,0.8597,201.33,0.5001,0.8695,0.025451,20.67,9.71,10.96,HIGH,event_day
4336.0,FOOD_COURT_A,99.74,0.6649,0.1923,0.7472,206.83,0.5432,0.8231,0.025793,28.77,15.32,13.44,HIGH,event_day
4337.0,FOOD_COURT_A,94.91,0.6327,0.2181,0.7801,164.91,0.577,0.8742,0.01385,26.43,11.49,14.94,HIGH,event_day
4338.0,FOOD_COURT_A,95.36,0.6357,0.338,0.7422,159.68,0.5321,0.7899,0.021611,20.02,7.32,12.7,HIGH,event_day
4339.0,FOOD_COURT_A,85.85,0.5723,0.1548,0.9136,192.64,0.5738,0.8098,0.023894,21.53,14.36,7.17,HIGH,event_day
4340.0,FOOD_COURT_A,83.93,0.5596,0.1159,0.6886,112.73,0.4654,0.806,0.026411,18.58,9.01,9.57,HIGH,event_day
4341.0,FOOD_COURT_A,95.94,0.6396,0.15,0.7102,166.33,0.6969,0.8543,0.021533,25.01,9.08,15.92,HIGH,event_day
4342.0,FOOD_COURT_A,111.05,0.7403,0.1475,0.8372,151.43,0.6591,0.8956,0.023961,10.41,3.86,6.55,HIGH,event_day
4343.0,FOOD_COURT_A,87.76,0.5851,0.2394,0.8885,159.24,0.6154,0.861,0.026106,19.3,9.31,9.99,HIGH,event_day
4344.0,FOOD_COURT_A,76.75,0.5117,0.1494,0.8737,198.34,0.5814,0.8902,0.025995,20.65,13.25,7.4,HIGH,event_day
4345.0,FOOD_COURT_A,78.23,0.5215,0.1603,0.8272,197.12,0.5107,0.8376,0.02961,20.27,11.68,8.59,HIGH,event_day
4346.0,FOOD_COURT_A,90.84,0.6056,0.1782,0.7086,137.0,0.4721,0.9274,0.020979,26.65,14.29,12.36,HIGH,event_day
4347.0,FOOD_COURT_A,73.34,0.489,0.1815,0.8415,126.83,0.5361,0.9348,0.018909,16.38,7.58,8.8,HIGH,event_day
4348.0,FOOD_COURT_A,88.56,0.5904,0.1455,0.9404,155.19,0.6107,0.9563,0.008381,27.52,12.52,15.0,HIGH,event_day
4349.0,FOOD_COURT_A,71.88,0.4792,0.1272,0.8203,191.18,0.642,0.7903,0.017684,22.51,10.65,11.86,HIGH,event_day
4350.0,FOOD_COURT_A,77.39,0.516,0.2384,0.5711,154.9,0.6,0.8368,0.036933,17.28,12.76,4.52,HIGH,event_day
4351.0,FOOD_COURT_A,78.7,0.5247,0.2303,0.6352,169.02,0.5041,0.868,0.033711,25.91,13.07,12.84,HIGH,event_day
4352.0,FOOD_COURT_A,93.62,0.6241,0.1887,0.7146,226.92,0.5492,0.8753,0.02891,32.44,17.41,15.03,HIGH,event_day
4353.0,FOOD_COURT_A,80.14,0.5343,0.1026,0.8488,189.36,0.6239,0.8632,0.017962,22.22,5.6,16.62,HIGH,event_day
4354.0,FOOD_COURT_A,77.37,0.5158,0.1199,0.7409,166.97,0.6071,0.7557,0.023549,26.3,14.9,11.4,HIGH,event_day
4355.0,FOOD_COURT_A,96.71,0.6448,0.1862,0.6977,190.4,0.6585,0.8555,0.027419,21.43,10.33,11.11,HIGH,event_day
4356.0,FOOD_COURT_A,85.4,0.5693,0.2222,0.8023,174.97,0.6508,0.8098,0.026635,22.87,11.15,11.72,HIGH,event_day
4357.0,FOOD_COURT_A,91.39,0.6093,0.2222,0.6887,199.68,0.6444,0.7831,0.040542,21.53,11.13,10.4,HIGH,event_day
4358.0,FOOD_COURT_A,90.54,0.6036,0.1122,0.7627,164.33,0.6348,0.812,0.020244,14.34,4.42,9.91,HIGH,event_day
4359.0,FOOD_COURT_A,97.31,0.6487,0.1161,0.7104,220.06,0.468,0.8935,0.02835,19.43,14.22,5.2,HIGH,event_day
4360.0,FOOD_COURT_A,84.54,0.5636,0.1811,0.7476,222.54,0.5604,0.8789,0.028567,17.94,8.91,9.03,HIGH,event_day
4361.0,FOOD_COURT_A,97.74,0.6516,0.1757,0.8789,256.86,0.6275,0.827,0.026718,22.44,11.21,11.23,HIGH,event_day
4362.0,FOOD_COURT_A,75.18,0.5012,0.2937,0.8845,186.1,0.5339,0.7914,0.019721,17.69,8.94,8.76,HIGH,event_day
4363.0,FOOD_COURT_A,91.3,0.6087,0.2653,0.6854,174.16,0.5382,0.8137,0.025455,19.38,8.1,11.27,HIGH,event_day
4364.0,FOOD_COURT_A,70.55,0.4703,0.3398,0.7563,211.62,0.5838,0.9097,0.027836,15.97,5.62,10.35,HIGH,event_day
4365.0,FOOD_COURT_A,80.74,0.5383,0.2273,0.9117,164.05,0.4387,0.886,0.027094,24.94,9.64,15.3,HIGH,event_day
4366.0,FOOD_COURT_A,85.42,0.5694,0.3444,0.7351,192.67,0.5956,0.8035,0.027324,18.81,8.49,10.32,HIGH,event_day
4367.0,FOOD_COURT_A,74.79,0.4986,0.4061,0.586,134.2,0.423,0.5809,0.014281,11.96,5.89,6.08,WARNING,event_day
4368.0,FOOD_COURT_A,68.29,0.4553,0.5028,0.4116,124.9,0.3825,0.6028,0.012002,14.42,8.17,6.25,WARNING,event_day
4369.0,FOOD_COURT_A,66.32,0.4422,0.5877,0.3054,127.01,0.4049,0.7491,0.014569,8.66,3.81,4.85,WARNING,event_day
4370.0,FOOD_COURT_A,53.81,0.3588,0.3706,0.2814,94.75,0.3399,0.772,0.015274,12.41,6.63,5.78,WARNING,event_day
4371.0,FOOD_COURT_A,58.11,0.3874,0.8827,0.3456,84.36,0.3145,0.7303,0.014904,16.16,8.31,7.86,WARNING,event_day
4372.0,FOOD_COURT_A,52.04,0.3469,0.5592,0.3497,72.44,0.3144,0.5859,0.01464,15.76,7.34,8.42,WARNING,event_day
4373.0,FOOD_COURT_A,45.84,0.3056,0.4178,0.4232,95.6,0.3327,0.8482,0.008267,17.09,8.76,8.32,WARNING,event_day
4374.0,FOOD_COURT_A,57.76,0.3851,0.5685,0.326,100.19,0.2859,0.6614,0.015895,15.18,4.91,10.27,WARNING,event_day
4375.0,FOOD_COURT_A,48.6,0.324,0.5946,0.327,120.69,0.3598,0.7599,0.011678,17.38,7.68,9.7,WARNING,event_day
4376.0,FOOD_COURT_A,50.8,0.3387,0.6853,0.3651,103.54,0.3929,0.807,0.015957,15.57,10.33,5.24,WARNING,event_day
4377.0,FOOD_COURT_A,45.15,0.301,0.5783,0.4061,92.83,0.3368,0.7786,0.013384,15.82,6.48,9.34,WARNING,event_day
4378.0,FOOD_COURT_A,52.78,0.3519,0.6195,0.4498,77.38,0.3105,0.7142,0.016023,9.66,7.01,2.65,WARNING,event_day
4379.0,FOOD_COURT_A,42.39,0.2826,0.7701,0.4409,76.07,0.2312,0.7376,0.019309,10.48,6.35,4.12,WARNING,event_day
4380.0,FOOD_COURT_A,44.42,0.2961,0.9393,0.3939,85.39,0.2687,0.6849,0.014092,11.56,7.86,3.7,WARNING,event_day
4381.0,FOOD_COURT_A,45.81,0.3054,0.8906,0.2538,70.64,0.2658,0.5309,0.016771,9.13,6.67,2.46,WARNING,event_day
4382.0,FOOD_COURT_A,53.1,0.354,0.8379,0.4011,30.14,0.2335,0.6698,0.010401,11.41,4.15,7.25,WARNING,event_day
4383.0,FOOD_COURT_A,69.41,0.4627,0.6101,0.4423,75.19,0.3407,0.7211,0.01725,12.83,5.19,7.64,WARNING,event_day
4384.0,FOOD_COURT_A,62.08,0.4139,0.7225,0.3102,85.28,0.3428,0.6723,0.016037,15.25,7.66,7.59,WARNING,event_day
4385.0,FOOD_COURT_A,63.16,0.4211,0.8033,0.4541,109.04,0.3481,0.5555,0.014869,20.89,13.86,7.03,WARNING,event_day
4386.0,FOOD_COURT_A,55.51,0.3701,0.7797,0.425,86.17,0.2789,0.7043,0.01429,16.03,7.13,8.9,WARNING,event_day
4387.0,FOOD_COURT_A,75.6,0.504,0.9337,0.4386,98.38,0.274,0.7162,0.019763,14.4,8.71,5.69,WARNING,event_day
4388.0,FOOD_COURT_A,59.19,0.3946,1.0435,0.3727,83.01,0.4433,0.6885,0.013781,10.89,5.45,5.44,WARNING,event_day
4389.0,FOOD_COURT_A,53.92,0.3595,0.4773,0.3707,110.02,0.3495,0.6756,0.010429,18.3,11.65,6.65,WARNING,event_day
4390.0,FOOD_COURT_A,60.08,0.4005,0.4311,0.3864,88.61,0.2708,0.6814,0.018403,12.4,6.33,6.07,WARNING,event_day
4391.0,FOOD_COURT_A,53.57,0.3571,0.6452,0.3894,77.7,0.4064,0.7,0.011534,9.28,4.09,5.19,WARNING,event_day
4392.0,FOOD_COURT_A,59.41,0.3961,0.3794,0.3964,100.65,0.2777,0.7794,0.012064,9.9,3.23,6.67,WARNING,event_day
4393.0,FOOD_COURT_A,58.91,0.3928,0.6454,0.4475,86.21,0.1489,0.6701,0.012411,16.44,6.98,9.46,WARNING,event_day
4394.0,FOOD_COURT_A,61.03,0.4069,0.7248,0.4664,90.8,0.2667,0.5178,0.012801,12.05,7.57,4.47,WARNING,event_day
4395.0,FOOD_COURT_A,50.93,0.3396,0.5972,0.4196,91.65,0.2921,0.6912,0.006291,17.43,9.89,7.54,WARNING,event_day
4396.0,FOOD_COURT_A,48.87,0.3258,0.5881,0.388,68.43,0.1994,0.727,0.007374,6.26,6.01,0.25,WARNING,event_day
4397.0,FOOD_COURT_A,57.53,0.3835,0.4315,0.4598,46.2,0.2835,0.8486,0.013581,16.22,12.83,3.39,WARNING,event_day
4398.0,FOOD_COURT_A,43.32,0.2888,0.4728,0.4176,79.28,0.1974,0.723,0.01739,19.43,9.32,10.11,WARNING,event_day
4399.0,FOOD_COURT_A,67.52,0.4501,0.5412,0.4288,115.86,0.2748,0.7036,0.013381,14.54,7.24,7.31,WARNING,event_day
4400.0,FOOD_COURT_A,69.86,0.4657,0.7443,0.3951,67.65,0.374,0.7261,0.010043,8.56,6.96,1.6,WARNING,event_day
4401.0,FOOD_COURT_A,56.98,0.3799,0.5793,0.368,81.63,0.275,0.713,0.010428,10.02,5.38,4.64,WARNING,event_day
4402.0,FOOD_COURT_A,55.87,0.3725,0.5914,0.3401,99.8,0.3296,0.5967,0.010998,22.17,10.71,11.46,WARNING,event_day
4403.0,FOOD_COURT_A,60.48,0.4032,0.6509,0.3864,60.16,0.3279,0.7448,0.009879,15.17,6.04,9.13,WARNING,event_day
4404.0,FOOD_COURT_A,64.3,0.4287,0.7394,0.3271,100.4,0.466,0.7473,0.009222,13.65,7.99,5.66,WARNING,event_day
4405.0,FOOD_COURT_A,51.35,0.3423,0.7307,0.4165,108.64,0.3045,0.701,0.013639,8.07,2.72,5.36,WARNING,event_day
4406.0,FOOD_COURT_A,54.71,0.3647,0.5358,0.2794,69.81,0.3485,0.6664,0.006627,13.34,6.92,6.42,WARNING,event_day
4407.0,FOOD_COURT_A,62.87,0.4191,0.7349,0.2943,56.77,0.2601,0.6391,0.012083,7.39,0.0,7.39,WARNING,event_day
4408.0,FOOD_COURT_A,43.59,0.2906,0.6564,0.3148,118.7,0.2402,0.708,0.010679,16.63,6.52,10.11,WARNING,event_day
4409.0,FOOD_COURT_A,62.75,0.4184,0.9248,0.4936,111.52,0.2947,0.6733,0.012092,17.8,9.08,8.72,WARNING,event_day
4410.0,FOOD_COURT_A,46.34,0.3089,0.7388,0.3854,86.3,0.3201,0.6297,0.02448,18.57,10.82,7.74,WARNING,event_day
4411.0,FOOD_COURT_A,57.45,0.383,0.5013,0.4326,84.69,0.1766,0.6724,0.012052,7.23,3.17,4.06,WARNING,event_day
4412.0,FOOD_COURT_A,68.2,0.4547,0.5903,0.4102,83.6,0.1874,0.6295,0.012045,8.39,3.66,4.73,WARNING,event_day
4413.0,FOOD_COURT_A,60.97,0.4065,0.6561,0.3918,97.22,0.2014,0.5915,0.012938,9.6,6.31,3.3,WARNING,event_day
4414.0,FOOD_COURT_A,56.96,0.3798,0.6882,0.2976,82.58,0.2894,0.6852,0.014053,12.89,5.88,7.01,WARNING,event_day
4415.0,FOOD_COURT_A,40.43,0.2696,0.7502,0.3288,84.02,0.3294,0.5987,0.012109,16.83,7.14,9.69,WARNING,event_day
4416.0,FOOD_COURT_A,55.19,0.3679,0.7872,0.4339,103.56,0.3513,0.6374,0.010979,13.56,5.58,7.99,WARNING,event_day
4417.0,FOOD_COURT_A,49.16,0.3277,0.7284,0.3701,82.09,0.2615,0.7598,0.006131,11.02,7.2,3.81,WARNING,event_day
4418.0,FOOD_COURT_A,39.17,0.2611,0.9554,0.4686,95.22,0.357,0.7158,0.009357,15.26,7.23,8.04,WARNING,event_day
4419.0,FOOD_COURT_A,45.5,0.3033,0.7638,0.3486,87.7,0.2937,0.7458,0.00876,15.55,7.99,7.57,WARNING,event_day
4420.0,FOOD_COURT_A,48.33,0.3222,0.9005,0.4022,112.47,0.3146,0.5938,0.012714,15.87,7.51,8.36,WARNING,event_day
4421.0,FOOD_COURT_A,63.76,0.4251,0.5837,0.4463,114.14,0.1844,0.6677,0.013372,16.38,8.25,8.12,WARNING,event_day
4422.0,FOOD_COURT_A,62.74,0.4183,0.4621,0.4289,96.38,0.2958,0.6282,0.013071,15.41,6.33,9.09,WARNING,event_day
4423.0,FOOD_COURT_A,63.41,0.4227,0.4395,0.4283,78.49,0.2859,0.6898,0.014487,13.72,8.03,5.7,WARNING,event_day
4424.0,FOOD_COURT_A,59.33,0.3955,0.5516,0.5136,77.33,0.1966,0.7321,0.010363,10.11,7.22,2.88,WARNING,event_day
4425.0,FOOD_COURT_A,43.6,0.2907,0.4953,0.3485,87.65,0.2962,0.6561,0.008738,10.36,6.15,4.22,WARNING,event_day
4426.0,FOOD_COURT_A,59.4,0.396,0.5869,0.2641,95.54,0.344,0.7215,0.014748,17.7,8.62,9.08,WARNING,event_day
4427.0,FOOD_COURT_A,58.03,0.3869,0.616,0.386,133.7,0.4827,0.67,0.010398,11.7,5.6,6.1,WARNING,event_day
4428.0,FOOD_COURT_A,75.27,0.5018,0.4216,0.722,129.72,0.5179,0.7314,0.016605,22.96,13.75,9.22,HIGH,event_day
4429.0,FOOD_COURT_A,84.69,0.5646,0.2049,0.825,149.65,0.5619,0.7627,0.014292,13.83,3.91,9.92,HIGH,event_day
4430.0,FOOD_COURT_A,71.57,0.4772,0.25,0.8284,181.65,0.5887,0.8159,0.021414,21.04,13.46,7.58,HIGH,event_day
4431.0,FOOD_COURT_A,75.42,0.5028,0.0867,0.7874,162.36,0.5238,0.7788,0.024795,20.12,11.08,9.04,HIGH,event_day
4432.0,FOOD_COURT_A,76.9,0.5127,0.033,0.9096,193.56,0.5298,0.7745,0.032898,19.41,8.5,10.91,HIGH,event_day
4433.0,FOOD_COURT_A,98.71,0.6581,0.128,0.8337,137.1,0.6953,0.8226,0.0203,16.75,7.02,9.73,HIGH,event_day
4434.0,FOOD_COURT_A,72.06,0.4804,0.1403,0.7367,195.31,0.5929,0.7364,0.030044,22.38,8.53,13.86,HIGH,event_day
4435.0,FOOD_COURT_A,78.22,0.5215,0.0491,0.6304,191.54,0.5638,0.7888,0.026455,23.63,10.54,13.09,HIGH,event_day
4436.0,FOOD_COURT_A,79.63,0.5309,0.1301,0.663,186.44,0.6318,0.8313,0.027496,23.41,11.9,11.51,HIGH,event_day
4437.0,FOOD_COURT_A,104.29,0.6952,0.1911,0.6897,222.96,0.5723,0.7668,0.032072,22.11,8.72,13.39,HIGH,event_day
4438.0,FOOD_COURT_A,89.37,0.5958,0.1522,0.5761,211.69,0.4922,0.8006,0.032383,23.95,9.86,14.08,HIGH,event_day
4439.0,FOOD_COURT_A,101.58,0.6772,0.2468,0.73,194.69,0.5327,0.8783,0.025659,16.25,8.68,7.57,HIGH,event_day
4440.0,FOOD_COURT_A,111.87,0.7458,0.3045,0.6998,187.77,0.5216,0.9482,0.030073,14.38,6.31,8.06,HIGH,event_day
4441.0,FOOD_COURT_A,96.2,0.6413,0.2963,0.6128,217.26,0.5565,0.8521,0.027063,20.77,15.21,5.55,HIGH,event_day
4442.0,FOOD_COURT_A,89.71,0.5981,0.1817,0.8017,204.49,0.5013,0.7973,0.020648,12.92,6.16,6.77,HIGH,event_day
4443.0,FOOD_COURT_A,79.51,0.5301,0.0831,0.6272,166.8,0.6387,0.9392,0.027919,23.12,6.98,16.14,HIGH,event_day
4444.0,FOOD_COURT_A,94.76,0.6317,0.205,0.6421,167.87,0.6129,0.8466,0.028397,25.04,13.06,11.98,HIGH,event_day
4445.0,FOOD_COURT_A,109.97,0.7331,0.206,0.797,148.41,0.5976,0.8767,0.021929,21.52,11.18,10.34,HIGH,event_day
4446.0,FOOD_COURT_A,99.77,0.6651,0.2065,0.6259,174.28,0.5439,0.7516,0.019351,18.43,12.14,6.29,HIGH,event_day
4447.0,FOOD_COURT_A,101.5,0.6767,0.3631,0.7896,177.5,0.6461,0.8528,0.039018,23.6,16.9,6.7,HIGH,event_day
4448.0,FOOD_COURT_A,102.6,0.684,0.3646,0.6891,239.32,0.6739,0.7628,0.029422,19.36,15.31,4.04,HIGH,event_day
4449.0,FOOD_COURT_A,103.61,0.6907,0.3258,0.6787,231.43,0.6083,0.7261,0.029564,22.9,9.09,13.81,HIGH,event_day
4450.0,FOOD_COURT_A,87.94,0.5863,0.2537,0.8598,164.31,0.6406,0.8223,0.026708,21.39,8.46,12.93,HIGH,event_day
4451.0,FOOD_COURT_A,98.17,0.6545,0.2004,0.7588,206.35,0.5444,0.7512,0.031068,16.32,8.32,8.0,HIGH,event_day
4452.0,FOOD_COURT_A,87.66,0.5844,0.1532,0.5494,170.67,0.5284,0.8843,0.022819,19.64,12.37,7.28,HIGH,event_day
4453.0,FOOD_COURT_A,76.42,0.5095,0.2016,0.535,147.74,0.4679,0.8968,0.023547,15.22,9.06,6.16,HIGH,event_day
4454.0,FOOD_COURT_A,76.68,0.5112,0.2228,0.6989,128.26,0.4762,0.8194,0.009805,16.29,9.62,6.68,HIGH,event_day
4455.0,FOOD_COURT_A,79.62,0.5308,0.2669,0.5359,117.7,0.5506,0.9206,0.014027,21.92,9.76,12.17,HIGH,event_day
4456.0,FOOD_COURT_A,90.12,0.6008,0.0992,0.7596,183.01,0.6037,0.8269,0.023083,24.15,12.13,12.03,HIGH,event_day
4457.0,FOOD_COURT_A,77.59,0.5173,0.1379,0.7423,193.48,0.5527,0.8566,0.024018,26.17,16.06,10.11,HIGH,event_day
4458.0,FOOD_COURT_A,76.81,0.512,0.1481,0.7136,202.81,0.5797,0.8879,0.025409,27.21,16.58,10.63,HIGH,event_day
4459.0,FOOD_COURT_A,102.04,0.6802,0.3647,0.8172,193.94,0.5387,0.9306,0.027718,19.67,11.5,8.17,HIGH,event_day
4460.0,FOOD_COURT_A,103.47,0.6898,0.2069,0.6495,188.07,0.5784,0.8623,0.032533,21.64,14.61,7.03,HIGH,event_day
4461.0,FOOD_COURT_A,98.23,0.6549,0.3601,0.7936,215.88,0.5665,0.8751,0.036714,28.49,15.99,12.5,HIGH,event_day
4462.0,FOOD_COURT_A,81.39,0.5426,0.2682,0.6728,191.69,0.5417,0.9625,0.034064,14.73,6.71,8.01,HIGH,event_day
4463.0,FOOD_COURT_A,77.79,0.5186,0.1951,0.7092,155.24,0.5938,0.9155,0.030031,21.95,5.47,16.47,HIGH,event_day
4464.0,FOOD_COURT_A,91.05,0.607,0.1857,0.738,214.18,0.5443,0.8996,0.027471,21.91,10.79,11.12,HIGH,event_day
4465.0,FOOD_COURT_A,102.87,0.6858,0.1702,0.7111,257.13,0.3742,0.8546,0.031012,15.41,6.93,8.48,HIGH,event_day
4466.0,FOOD_COURT_A,79.47,0.5298,0.229,0.7637,238.59,0.468,0.8181,0.027097,20.5,10.4,10.1,HIGH,event_day
4467.0,FOOD_COURT_A,88.06,0.5871,0.2605,0.7718,163.26,0.6532,0.7913,0.036665,21.75,9.02,12.73,HIGH,event_day
4468.0,FOOD_COURT_A,68.97,0.4598,0.2563,0.7422,175.76,0.5225,0.9251,0.033265,20.24,8.75,11.48,HIGH,event_day
4469.0,FOOD_COURT_A,70.89,0.4726,0.3666,0.6765,212.34,0.4977,0.8919,0.024691,24.83,13.89,10.95,HIGH,event_day
4470.0,FOOD_COURT_A,91.31,0.6087,0.4196,0.613,178.62,0.6553,0.8465,0.030215,28.19,11.64,16.54,HIGH,event_day
4471.0,FOOD_COURT_A,84.58,0.5639,0.3829,0.7239,183.58,0.638,0.9048,0.028657,27.74,12.6,15.14,HIGH,event_day
4472.0,FOOD_COURT_A,83.24,0.5549,0.2241,0.7078,205.91,0.5252,0.9483,0.017851,26.42,16.25,10.18,HIGH,event_day
4473.0,FOOD_COURT_A,89.2,0.5946,0.2096,0.6739,210.72,0.5508,0.9297,0.021007,22.42,8.55,13.88,HIGH,event_day
4474.0,FOOD_COURT_A,92.02,0.6134,0.0969,0.6969,204.87,0.5186,0.9286,0.010942,20.91,9.39,11.52,HIGH,event_day
4475.0,FOOD_COURT_A,86.0,0.5733,0.1362,0.7152,173.55,0.6957,0.8782,0.028921,27.45,11.58,15.87,HIGH,event_day
4476.0,FOOD_COURT_A,81.32,0.5421,0.3246,0.7888,183.35,0.5258,0.7955,0.020867,22.23,10.8,11.43,HIGH,event_day
4477.0,FOOD_COURT_A,80.46,0.5364,0.2273,0.696,149.28,0.6628,0.9386,0.02232,28.51,12.79,15.72,HIGH,event_day
4478.0,FOOD_COURT_A,86.03,0.5735,0.2906,0.7559,175.97,0.5602,0.899,0.0195,11.79,6.15,5.64,HIGH,event_day
4479.0,FOOD_COURT_A,91.94,0.613,0.2275,0.8134,198.7,0.4623,0.8518,0.029032,18.63,8.23,10.4,HIGH,event_day
4480.0,FOOD_COURT_A,87.6,0.584,0.2917,0.6652,150.54,0.5908,0.8187,0.023804,19.32,11.38,7.93,HIGH,event_day
4481.0,FOOD_COURT_A,72.95,0.4864,0.3359,0.5852,178.28,0.7423,0.753,0.014161,16.41,10.53,5.88,HIGH,event_day
4482.0,FOOD_COURT_A,76.03,0.5068,0.4037,0.7929,222.47,0.6339,0.8153,0.02545,16.37,8.12,8.24,HIGH,event_day
4483.0,FOOD_COURT_A,86.38,0.5758,0.1937,0.6648,178.02,0.5847,0.7764,0.018984,22.44,12.26,10.18,HIGH,event_day
4484.0,FOOD_COURT_A,106.54,0.7103,0.0846,0.7506,177.14,0.6644,0.855,0.029289,25.95,11.93,14.03,HIGH,event_day
4485.0,FOOD_COURT_A,77.23,0.5149,0.1414,0.4098,138.79,0.6381,0.7856,0.025406,34.87,17.36,17.51,HIGH,event_day
4486.0,FOOD_COURT_A,74.63,0.4976,0.0658,0.5955,168.22,0.6735,0.8093,0.028151,20.52,10.22,10.3,HIGH,event_day
4487.0,FOOD_COURT_A,88.29,0.5886,0.1815,0.5717,147.08,0.5864,0.7676,0.019223,21.69,14.02,7.67,HIGH,event_day
4488.0,FOOD_COURT_A,90.31,0.602,0.2053,0.6819,167.52,0.5378,0.7664,0.01675,16.31,9.32,6.99,HIGH,event_day
4489.0,FOOD_COURT_A,98.97,0.6598,0.2919,0.7595,169.04,0.6189,0.7787,0.021841,12.76,4.72,8.04,HIGH,event_day
4490.0,FOOD_COURT_A,84.92,0.5661,0.1921,0.8472,214.95,0.5818,0.9006,0.029567,30.21,19.0,11.21,HIGH,event_day
4491.0,FOOD_COURT_A,86.54,0.577,0.1654,0.8394,196.66,0.5462,0.8375,0.022946,22.02,13.73,8.3,HIGH,event_day
4492.0,FOOD_COURT_A,79.01,0.5268,0.1642,0.6414,186.77,0.3915,0.8398,0.024334,19.54,9.01,10.53,HIGH,event_day
4493.0,FOOD_COURT_A,85.67,0.5711,0.1794,0.6627,207.56,0.5712,0.8371,0.01587,27.51,13.34,14.17,HIGH,event_day
4494.0,FOOD_COURT_A,93.86,0.6257,0.2241,0.7101,192.34,0.6729,0.8348,0.03007,25.17,10.31,14.86,HIGH,event_day
4495.0,FOOD_COURT_A,101.34,0.6756,0.1783,0.6774,202.82,0.4799,0.8339,0.032571,23.93,14.39,9.54,HIGH,event_day
4496.0,FOOD_COURT_A,89.26,0.5951,0.3572,0.6402,152.79,0.5423,0.919,0.026442,20.9,11.64,9.27,HIGH,event_day
4497.0,FOOD_COURT_A,95.82,0.6388,0.4693,0.6413,211.87,0.5656,0.7137,0.031988,27.71,10.69,17.02,HIGH,event_day
4498.0,FOOD_COURT_A,98.83,0.6589,0.2902,0.8283,179.94,0.4125,0.8306,0.033173,16.84,11.35,5.49,HIGH,event_day
4499.0,FOOD_COURT_A,81.04,0.5402,0.2696,0.7762,215.82,0.4671,0.8827,0.021062,25.73,14.54,11.19,HIGH,event_day
4500.0,FOOD_COURT_A,97.43,0.6495,0.3564,0.7217,211.78,0.5423,0.9017,0.024406,20.25,9.37,10.88,HIGH,event_day
4501.0,FOOD_COURT_A,97.84,0.6523,0.2456,0.6805,143.74,0.5581,0.8399,0.028912,23.63,9.64,13.99,HIGH,event_day
4502.0,FOOD_COURT_A,94.98,0.6332,0.3014,0.7668,151.6,0.5007,0.8015,0.021796,30.91,11.92,18.99,HIGH,event_day
4503.0,FOOD_COURT_A,100.93,0.6728,0.1943,0.737,174.09,0.5502,0.8039,0.030899,16.12,8.28,7.84,HIGH,event_day
4504.0,FOOD_COURT_A,106.6,0.7106,0.2941,0.7392,136.48,0.5212,0.8409,0.024468,21.91,12.15,9.76,HIGH,event_day
4505.0,FOOD_COURT_A,85.59,0.5706,0.3108,0.6523,189.11,0.5346,0.866,0.019913,15.26,14.85,0.4,HIGH,event_day
4506.0,FOOD_COURT_A,61.77,0.4118,0.657,0.4,91.85,0.4812,0.7281,0.013503,11.5,2.51,8.99,WARNING,event_day
4507.0,FOOD_COURT_A,51.04,0.3403,0.8951,0.4666,110.48,0.477,0.7959,0.018645,16.2,9.5,6.69,WARNING,event_day
4508.0,FOOD_COURT_A,54.1,0.3607,0.9243,0.5527,89.75,0.3791,0.8384,0.020727,9.76,4.15,5.61,WARNING,event_day
4509.0,FOOD_COURT_A,50.37,0.3358,0.4283,0.4971,80.2,0.2887,0.7854,0.010151,9.67,6.5,3.17,WARNING,event_day
4510.0,FOOD_COURT_A,59.31,0.3954,0.7218,0.369,95.58,0.2018,0.7071,0.011388,12.16,5.77,6.4,WARNING,event_day
4511.0,FOOD_COURT_A,65.11,0.4341,0.4982,0.1942,78.7,0.2768,0.7277,0.006369,16.71,6.35,10.36,WARNING,event_day
4512.0,FOOD_COURT_A,66.17,0.4411,0.687,0.2295,105.86,0.3082,0.6901,0.009337,12.17,5.43,6.74,WARNING,event_day
4513.0,FOOD_COURT_A,72.05,0.4803,0.5577,0.3648,77.87,0.3883,0.8121,0.007592,9.2,3.1,6.1,WARNING,event_day
4514.0,FOOD_COURT_A,51.74,0.3449,0.4548,0.3322,79.6,0.3777,0.7018,0.009244,11.93,7.75,4.18,WARNING,event_day
4515.0,FOOD_COURT_A,51.52,0.3435,0.6986,0.2646,70.97,0.229,0.719,0.002773,18.49,7.86,10.62,WARNING,event_day
4516.0,FOOD_COURT_A,48.26,0.3217,0.6731,0.2971,79.56,0.2181,0.8245,0.009434,11.38,6.48,4.9,WARNING,event_day
4517.0,FOOD_COURT_A,64.87,0.4325,0.4161,0.3387,107.62,0.2354,0.7033,0.010708,14.41,9.73,4.68,WARNING,event_day
4518.0,FOOD_COURT_A,58.88,0.3926,0.7977,0.3458,110.94,0.2829,0.683,0.016675,15.19,11.65,3.54,WARNING,event_day
4519.0,FOOD_COURT_A,56.13,0.3742,0.5756,0.409,71.28,0.3106,0.8084,0.016695,14.5,3.75,10.74,WARNING,event_day
4520.0,FOOD_COURT_A,37.32,0.2488,0.8302,0.326,102.67,0.3435,0.7875,0.015648,18.41,12.0,6.42,WARNING,event_day
4521.0,FOOD_COURT_A,43.46,0.2898,0.5801,0.4005,96.77,0.3066,0.6108,0.013409,15.78,9.99,5.79,WARNING,event_day
4522.0,FOOD_COURT_A,51.36,0.3424,0.6198,0.5467,107.19,0.3416,0.6584,0.007171,15.29,9.26,6.03,WARNING,event_day
4523.0,FOOD_COURT_A,59.37,0.3958,0.5997,0.4895,77.62,0.2968,0.7092,0.004163,15.67,9.18,6.49,WARNING,event_day
4524.0,FOOD_COURT_A,54.09,0.3606,0.7235,0.4074,115.87,0.2583,0.6594,0.015206,12.94,6.95,5.99,WARNING,event_day
4525.0,FOOD_COURT_A,51.65,0.3443,0.631,0.3069,87.8,0.1504,0.5903,0.018377,12.66,7.13,5.54,WARNING,event_day
4526.0,FOOD_COURT_A,60.79,0.4053,0.722,0.3568,104.17,0.3122,0.5747,0.015115,16.84,8.27,8.58,WARNING,event_day
4527.0,FOOD_COURT_A,67.07,0.4471,0.686,0.3214,136.47,0.2778,0.6444,0.013739,12.8,6.83,5.97,WARNING,event_day
4528.0,FOOD_COURT_A,64.66,0.4311,0.6401,0.328,81.96,0.2766,0.6075,0.009288,20.98,11.12,9.86,WARNING,event_day
4529.0,FOOD_COURT_A,42.1,0.2807,0.5489,0.3618,92.94,0.33,0.7571,0.011147,9.58,4.35,5.23,WARNING,event_day
4530.0,FOOD_COURT_A,60.25,0.4016,0.5923,0.3342,99.21,0.4852,0.6514,0.01517,9.51,6.56,2.94,WARNING,event_day
4531.0,FOOD_COURT_A,54.03,0.3602,0.666,0.4442,104.41,0.5232,0.588,0.010258,15.54,6.93,8.61,WARNING,event_day
4532.0,FOOD_COURT_A,54.24,0.3616,0.6667,0.3947,77.16,0.3383,0.5565,0.014906,14.01,6.57,7.44,WARNING,event_day
4533.0,FOOD_COURT_A,57.36,0.3824,0.8857,0.4463,77.57,0.2231,0.625,0.015935,15.4,10.05,5.35,WARNING,event_day
4534.0,FOOD_COURT_A,61.99,0.4132,0.6989,0.3108,87.64,0.252,0.6654,0.014686,15.56,8.58,6.98,WARNING,event_day
4535.0,FOOD_COURT_A,59.83,0.3989,0.5476,0.2654,84.31,0.3715,0.6718,0.009643,14.9,10.1,4.8,WARNING,event_day
4536.0,FOOD_COURT_A,57.35,0.3823,0.7914,0.3171,92.47,0.4455,0.8378,0.009639,18.46,9.45,9.01,WARNING,event_day
4537.0,FOOD_COURT_A,65.91,0.4394,0.6526,0.2758,104.28,0.2219,0.7091,0.008382,10.71,3.49,7.21,WARNING,event_day
4538.0,FOOD_COURT_A,54.88,0.3658,0.8254,0.4172,96.53,0.2731,0.7523,0.013427,11.99,5.32,6.68,WARNING,event_day
4539.0,FOOD_COURT_A,63.25,0.4217,0.7477,0.3569,101.47,0.3603,0.6596,0.010235,8.36,1.86,6.49,WARNING,event_day
4540.0,FOOD_COURT_A,51.24,0.3416,0.7819,0.3833,73.17,0.3809,0.6241,0.012837,11.59,2.45,9.14,WARNING,event_day
4541.0,FOOD_COURT_A,57.89,0.3859,0.7603,0.4498,68.83,0.3901,0.6662,0.016717,6.88,5.98,0.9,WARNING,event_day
4542.0,FOOD_COURT_A,57.93,0.3862,0.5158,0.3637,104.03,0.4256,0.6528,0.015175,16.75,12.13,4.62,WARNING,event_day
4543.0,FOOD_COURT_A,63.79,0.4253,0.2797,0.3784,104.42,0.3515,0.6903,0.011941,11.4,9.06,2.34,WARNING,event_day
4544.0,FOOD_COURT_A,62.37,0.4158,0.7768,0.2712,94.51,0.363,0.6657,0.01532,19.04,9.93,9.11,WARNING,event_day
4545.0,FOOD_COURT_A,60.53,0.4035,0.5716,0.4317,82.88,0.2913,0.661,0.012536,13.52,3.54,9.98,WARNING,event_day
4546.0,FOOD_COURT_A,57.86,0.3857,0.5377,0.3238,95.06,0.3253,0.5777,0.015435,9.43,5.59,3.84,WARNING,event_day
4547.0,FOOD_COURT_A,48.9,0.326,0.5245,0.3356,108.47,0.3342,0.7341,0.01319,14.64,9.27,5.37,WARNING,event_day
4548.0,FOOD_COURT_A,58.05,0.387,0.5317,0.2952,82.44,0.2696,0.6387,0.01727,11.38,4.64,6.74,WARNING,event_day
4549.0,FOOD_COURT_A,48.31,0.3221,0.5752,0.3735,68.08,0.2409,0.582,0.014622,16.11,6.99,9.12,WARNING,event_day
4550.0,FOOD_COURT_A,63.68,0.4245,0.7771,0.3935,78.84,0.2791,0.7005,0.015783,11.51,5.04,6.47,WARNING,event_day
4551.0,FOOD_COURT_A,51.73,0.3449,0.8776,0.3431,85.8,0.3387,0.7748,0.006798,12.07,3.17,8.9,WARNING,event_day
4552.0,FOOD_COURT_A,55.29,0.3686,0.6827,0.3363,103.21,0.2471,0.7497,0.00973,8.86,6.51,2.34,WARNING,event_day
4553.0,FOOD_COURT_A,60.33,0.4022,0.7025,0.2844,77.5,0.2634,0.6839,0.004888,15.45,7.17,8.28,WARNING,event_day
4554.0,FOOD_COURT_A,53.47,0.3565,0.8147,0.349,103.42,0.3506,0.7386,0.012051,7.83,4.74,3.09,WARNING,event_day
4555.0,FOOD_COURT_A,51.47,0.3431,0.5203,0.3867,102.59,0.3814,0.7071,0.016208,16.66,6.26,10.4,WARNING,event_day
4556.0,FOOD_COURT_A,47.15,0.3143,0.7644,0.4071,113.36,0.3459,0.6523,0.013255,14.99,4.65,10.34,WARNING,event_day
4557.0,FOOD_COURT_A,47.52,0.3168,0.6327,0.4156,86.11,0.4474,0.6469,0.017542,14.52,8.79,5.73,WARNING,event_day
4558.0,FOOD_COURT_A,44.18,0.2945,0.6595,0.3612,120.68,0.4114,0.646,0.010942,12.63,6.74,5.89,WARNING,event_day
4559.0,FOOD_COURT_A,48.67,0.3245,0.6537,0.4063,104.25,0.4209,0.621,0.019383,16.6,8.09,8.51,WARNING,event_day
4560.0,FOOD_COURT_A,61.34,0.4089,0.5194,0.2859,96.61,0.4595,0.6024,0.007242,15.29,7.26,8.03,WARNING,event_day
4561.0,FOOD_COURT_A,56.91,0.3794,0.506,0.4369,105.37,0.3831,0.673,0.013185,10.87,3.15,7.72,WARNING,event_day
4562.0,FOOD_COURT_A,43.47,0.2898,0.3927,0.3807,86.73,0.3782,0.7774,0.008785,17.4,8.45,8.94,WARNING,event_day
4563.0,FOOD_COURT_A,59.93,0.3995,0.3901,0.4678,95.71,0.3594,0.8466,0.011869,10.91,5.42,5.49,WARNING,event_day
4564.0,FOOD_COURT_A,71.64,0.4776,0.4869,0.3971,96.73,0.5307,0.7052,0.012306,11.43,4.45,6.99,WARNING,event_day
4565.0,FOOD_COURT_A,65.49,0.4366,0.5913,0.3338,84.82,0.4717,0.7215,0.016239,13.28,5.17,8.11,WARNING,event_day
4566.0,FOOD_COURT_A,85.25,0.5683,0.2801,0.4765,134.77,0.4725,0.7426,0.015072,16.75,8.31,8.44,HIGH,event_day
4567.0,FOOD_COURT_A,87.33,0.5822,0.4196,0.6187,84.0,0.5725,0.9228,0.030967,18.54,8.49,10.04,HIGH,event_day
4568.0,FOOD_COURT_A,87.88,0.5859,0.2608,0.7302,100.92,0.6736,0.8028,0.032551,28.75,12.48,16.28,HIGH,event_day
4569.0,FOOD_COURT_A,99.28,0.6618,0.2484,0.8565,146.75,0.6048,0.8428,0.029998,20.59,12.06,8.53,HIGH,event_day
4570.0,FOOD_COURT_A,97.23,0.6482,0.2666,0.7043,154.23,0.624,0.8587,0.029947,20.05,5.14,14.91,HIGH,event_day
4571.0,FOOD_COURT_A,92.37,0.6158,0.2173,0.8038,164.33,0.723,0.8215,0.036001,20.6,7.88,12.73,HIGH,event_day
4572.0,FOOD_COURT_A,89.6,0.5973,0.3247,0.6886,158.32,0.6242,0.8788,0.027497,26.43,9.61,16.81,HIGH,event_day
4573.0,FOOD_COURT_A,100.79,0.6719,0.2041,0.8233,178.61,0.6037,0.8365,0.027919,23.54,11.46,12.08,HIGH,event_day
4574.0,FOOD_COURT_A,99.78,0.6652,0.2723,0.8222,191.38,0.613,0.8075,0.029116,21.95,7.52,14.43,HIGH,event_day
4575.0,FOOD_COURT_A,92.52,0.6168,0.3145,0.7998,194.08,0.5101,0.9191,0.021339,28.78,13.31,15.46,HIGH,event_day
4576.0,FOOD_COURT_A,93.39,0.6226,0.331,0.601,201.84,0.508,0.8995,0.024787,20.33,9.03,11.3,HIGH,event_day
4577.0,FOOD_COURT_A,84.44,0.5629,0.3847,0.6329,194.97,0.5567,0.7295,0.017369,17.28,9.77,7.51,HIGH,event_day
4578.0,FOOD_COURT_A,104.84,0.699,0.2324,0.6191,181.38,0.6635,0.7838,0.021264,20.91,9.77,11.13,HIGH,event_day
4579.0,FOOD_COURT_A,90.08,0.6005,0.185,0.6904,195.36,0.6537,0.832,0.037323,23.86,12.97,10.9,HIGH,event_day
4580.0,FOOD_COURT_A,85.48,0.5698,0.1448,0.8975,232.44,0.4285,0.8312,0.031982,24.71,14.88,9.83,HIGH,event_day
4581.0,FOOD_COURT_A,89.5,0.5967,0.2459,0.7904,214.37,0.4698,0.7702,0.032643,18.28,10.67,7.6,HIGH,event_day
4582.0,FOOD_COURT_A,100.65,0.671,0.1673,0.778,258.76,0.634,0.7667,0.023458,22.37,9.16,13.22,HIGH,event_day
4583.0,FOOD_COURT_A,98.59,0.6573,0.2996,0.7806,183.42,0.4969,0.7612,0.022319,22.44,9.55,12.89,HIGH,event_day
4584.0,FOOD_COURT_A,84.7,0.5647,0.2612,0.7675,205.2,0.4313,0.8336,0.032739,15.62,8.55,7.07,HIGH,event_day
4585.0,FOOD_COURT_A,85.5,0.57,0.1503,0.5768,202.03,0.5525,0.8796,0.024144,24.73,14.66,10.07,HIGH,event_day
4586.0,FOOD_COURT_A,86.33,0.5755,0.114,0.6836,186.46,0.6265,0.9639,0.042071,19.94,7.79,12.15,HIGH,event_day
4587.0,FOOD_COURT_A,115.19,0.7679,0.2785,0.7241,150.72,0.4633,0.8184,0.027434,17.71,11.45,6.26,HIGH,event_day
4588.0,FOOD_COURT_A,105.21,0.7014,0.2125,0.6779,135.84,0.6146,0.8539,0.014446,21.97,13.0,8.97,HIGH,event_day
4589.0,FOOD_COURT_A,92.78,0.6185,0.2973,0.5886,160.44,0.5241,0.8202,0.028368,19.82,7.14,12.68,HIGH,event_day
4590.0,FOOD_COURT_A,86.86,0.579,0.1893,0.7495,215.26,0.6287,0.8922,0.033172,21.53,12.0,9.53,HIGH,event_day
4591.0,FOOD_COURT_A,73.2,0.488,0.1636,0.6943,160.88,0.7248,0.8432,0.030032,27.34,17.54,9.8,HIGH,event_day
4592.0,FOOD_COURT_A,87.31,0.582,0.2435,0.6079,163.11,0.8634,0.9043,0.020934,30.44,16.05,14.39,HIGH,event_day
4593.0,FOOD_COURT_A,105.95,0.7063,0.3341,0.7152,195.8,0.6248,0.9087,0.026484,18.85,10.48,8.37,HIGH,event_day
4594.0,FOOD_COURT_A,104.93,0.6995,0.3793,0.6951,238.25,0.5623,0.8019,0.029922,16.48,9.44,7.05,HIGH,event_day
4595.0,FOOD_COURT_A,107.5,0.7167,0.2869,0.7204,165.93,0.641,0.9406,0.025401,12.71,8.13,4.58,HIGH,event_day
4596.0,FOOD_COURT_A,84.64,0.5643,0.1622,0.716,178.77,0.5631,0.8982,0.022187,22.95,15.11,7.85,HIGH,event_day
4597.0,FOOD_COURT_A,75.81,0.5054,0.1995,0.6849,168.34,0.5156,0.9434,0.023066,21.67,8.99,12.68,HIGH,event_day
4598.0,FOOD_COURT_A,91.94,0.6129,0.3105,0.6641,134.92,0.5486,0.8137,0.034262,18.37,10.25,8.11,HIGH,event_day
4599.0,FOOD_COURT_A,92.56,0.6171,0.3256,0.6249,199.98,0.5709,0.8723,0.026272,29.79,15.6,14.19,HIGH,event_day
4600.0,FOOD_COURT_A,85.92,0.5728,0.2205,0.5079,172.04,0.6586,0.787,0.01454,22.37,16.1,6.27,HIGH,event_day
4601.0,FOOD_COURT_A,88.27,0.5885,0.1614,0.6599,140.45,0.5284,0.6871,0.019102,15.43,7.06,8.37,HIGH,event_day
4602.0,FOOD_COURT_A,91.74,0.6116,0.3323,0.7206,188.5,0.4685,0.7878,0.02118,16.72,6.75,9.97,HIGH,event_day
4603.0,FOOD_COURT_A,78.9,0.526,0.3721,0.6515,177.21,0.6034,0.8564,0.023101,15.34,7.87,7.47,HIGH,event_day
4604.0,FOOD_COURT_A,97.77,0.6518,0.2377,0.6708,164.71,0.5561,0.8587,0.02589,20.58,11.8,8.78,HIGH,event_day
4605.0,FOOD_COURT_A,90.54,0.6036,0.2625,0.8174,197.93,0.5943,0.8856,0.03482,19.22,11.06,8.16,HIGH,event_day
4606.0,FOOD_COURT_A,78.25,0.5217,0.2637,0.7069,186.69,0.6681,0.86,0.027041,15.09,8.47,6.62,HIGH,event_day
4607.0,FOOD_COURT_A,96.67,0.6444,0.1404,0.666,135.07,0.6323,0.8724,0.030623,22.84,16.27,6.57,HIGH,event_day
4608.0,FOOD_COURT_A,81.73,0.5449,0.1877,0.7819,162.93,0.5174,0.8225,0.024682,12.06,5.08,6.98,HIGH,event_day
4609.0,FOOD_COURT_A,98.45,0.6564,0.238,0.7287,135.42,0.4889,0.8757,0.035023,20.4,9.98,10.42,HIGH,event_day
4610.0,FOOD_COURT_A,95.21,0.6347,0.2527,0.6089,175.3,0.4796,0.9156,0.027183,18.69,2.17,16.53,HIGH,event_day
4611.0,FOOD_COURT_A,88.85,0.5923,0.0828,0.7115,136.93,0.4908,0.7948,0.025612,26.38,11.99,14.39,HIGH,event_day
4612.0,FOOD_COURT_A,91.21,0.608,0.1783,0.7434,168.8,0.5482,0.8636,0.02436,25.55,13.87,11.68,HIGH,event_day
4613.0,FOOD_COURT_A,99.98,0.6666,0.1355,0.7355,181.26,0.5693,0.842,0.033852,20.26,9.65,10.61,HIGH,event_day
4614.0,FOOD_COURT_A,89.93,0.5995,0.2451,0.724,198.97,0.5776,0.9526,0.039837,13.74,9.9,3.84,HIGH,event_day
4615.0,FOOD_COURT_A,94.06,0.6271,0.2341,0.6677,195.41,0.457,0.9661,0.029928,25.31,12.11,13.2,HIGH,event_day
4616.0,FOOD_COURT_A,113.28,0.7552,0.3078,0.7378,174.97,0.3589,0.8026,0.031357,21.63,13.94,7.7,HIGH,event_day
4617.0,FOOD_COURT_A,100.45,0.6696,0.2828,0.7604,183.09,0.4646,0.8411,0.036924,26.89,13.99,12.91,HIGH,event_day
4618.0,FOOD_COURT_A,105.53,0.7036,0.3265,0.7516,224.04,0.4909,0.8094,0.027354,15.07,8.86,6.21,HIGH,event_day
4619.0,FOOD_COURT_A,95.79,0.6386,0.2911,0.7865,224.64,0.535,0.8041,0.019838,25.29,12.0,13.29,HIGH,event_day
4620.0,FOOD_COURT_A,80.89,0.5393,0.0943,0.7148,141.84,0.608,0.8515,0.023658,23.7,14.33,9.37,HIGH,event_day
4621.0,FOOD_COURT_A,85.04,0.5669,0.258,0.7725,188.9,0.5783,0.838,0.020818,16.51,7.64,8.87,HIGH,event_day
4622.0,FOOD_COURT_A,101.1,0.674,0.2415,0.8079,173.48,0.7166,0.8389,0.020984,26.67,13.6,13.07,HIGH,event_day
4623.0,FOOD_COURT_A,59.46,0.3964,0.42,0.7343,150.9,0.6638,0.8656,0.021696,22.88,13.67,9.21,HIGH,event_day
4624.0,FOOD_COURT_A,82.51,0.5501,0.2981,0.6275,117.58,0.5114,0.8674,0.02324,14.22,7.55,6.68,HIGH,event_day
4625.0,FOOD_COURT_A,92.95,0.6197,0.2716,0.8882,162.59,0.4426,0.9498,0.02375,23.09,12.84,10.24,HIGH,event_day
4626.0,FOOD_COURT_A,96.91,0.6461,0.2928,0.7714,155.43,0.6204,0.8995,0.02189,17.3,10.35,6.95,HIGH,event_day
4627.0,FOOD_COURT_A,96.71,0.6447,0.2177,0.7722,149.73,0.6873,0.9647,0.023109,25.06,11.17,13.89,HIGH,event_day
4628.0,FOOD_COURT_A,73.01,0.4867,0.2291,0.7538,151.13,0.56,0.8687,0.035331,21.01,10.1,10.91,HIGH,event_day
4629.0,FOOD_COURT_A,99.74,0.6649,0.293,0.8404,160.69,0.6397,0.8543,0.03173,18.89,9.89,9.0,HIGH,event_day
4630.0,FOOD_COURT_A,90.63,0.6042,0.2931,0.7388,246.86,0.6513,0.7896,0.02834,18.87,7.16,11.71,HIGH,event_day
4631.0,FOOD_COURT_A,91.09,0.6073,0.2895,0.6769,247.78,0.5451,0.9018,0.026564,19.96,12.4,7.56,HIGH,event_day
4632.0,FOOD_COURT_A,87.19,0.5812,0.31,0.7472,195.87,0.4482,0.8172,0.023047,28.53,15.32,13.21,HIGH,event_day
4633.0,FOOD_COURT_A,94.43,0.6296,0.2896,0.7659,233.41,0.5712,0.8748,0.019638,28.56,14.19,14.37,HIGH,event_day
4634.0,FOOD_COURT_A,82.61,0.5507,0.2584,0.8025,169.69,0.5769,0.8699,0.029437,18.31,7.04,11.27,HIGH,event_day
4635.0,FOOD_COURT_A,87.17,0.5811,0.1464,0.7262,166.42,0.5016,0.8846,0.019609,17.57,9.97,7.6,HIGH,event_day
4636.0,FOOD_COURT_A,90.54,0.6036,0.0974,0.5588,136.75,0.5353,0.8433,0.022392,21.91,11.29,10.62,HIGH,event_day
4637.0,FOOD_COURT_A,82.91,0.5528,0.2018,0.5739,136.05,0.6028,0.8666,0.014937,20.98,10.67,10.31,HIGH,event_day
4638.0,FOOD_COURT_A,88.58,0.5906,0.2223,0.7348,179.72,0.6136,0.8998,0.020774,26.48,12.17,14.31,HIGH,event_day
4639.0,FOOD_COURT_A,102.14,0.681,0.3711,0.647,156.48,0.4814,0.7514,0.030748,27.24,14.89,12.35,HIGH,event_day
4640.0,FOOD_COURT_A,101.91,0.6794,0.2819,0.6567,169.18,0.4761,0.7941,0.026817,29.68,15.05,14.62,HIGH,event_day
4641.0,FOOD_COURT_A,84.43,0.5629,0.2347,0.5667,178.05,0.5727,0.9309,0.022814,20.82,11.11,9.71,HIGH,event_day
4642.0,FOOD_COURT_A,101.05,0.6737,0.1839,0.5179,141.33,0.5826,0.8722,0.019136,23.08,8.94,14.14,HIGH,event_day
4643.0,FOOD_COURT_A,108.68,0.7245,0.2677,0.6304,162.72,0.5723,0.8323,0.028082,16.16,7.55,8.61,HIGH,event_day
4644.0,FOOD_COURT_A,96.69,0.6446,0.1798,0.7415,118.73,0.7034,0.8215,0.018462,18.04,7.28,10.76,HIGH,event_day
4645.0,FOOD_COURT_A,103.77,0.6918,0.1838,0.5507,174.17,0.6554,0.7818,0.023494,15.86,7.46,8.4,HIGH,event_day
4646.0,FOOD_COURT_A,100.77,0.6718,0.1729,0.5764,186.58,0.6473,0.8846,0.022008,24.19,9.39,14.8,HIGH,event_day
4647.0,FOOD_COURT_A,92.79,0.6186,0.2394,0.7245,198.62,0.4491,0.8108,0.029493,19.59,8.66,10.93,HIGH,event_day
4648.0,FOOD_COURT_A,88.73,0.5915,0.1956,0.6555,189.5,0.5009,0.868,0.018467,15.73,7.81,7.92,HIGH,event_day
4649.0,FOOD_COURT_A,93.57,0.6238,0.1467,0.6545,140.4,0.5762,0.846,0.025827,27.72,14.0,13.71,HIGH,event_day
4650.0,FOOD_COURT_A,90.16,0.6011,0.0975,0.674,170.26,0.6286,0.9538,0.025643,22.59,14.5,8.09,HIGH,event_day
4651.0,FOOD_COURT_A,84.76,0.5651,0.2651,0.5942,168.33,0.619,0.7607,0.012945,17.36,7.76,9.6,HIGH,event_day
4652.0,FOOD_COURT_A,79.43,0.5295,0.3352,0.6619,138.2,0.5315,0.8431,0.012554,17.53,5.01,12.52,HIGH,event_day
4653.0,FOOD_COURT_A,68.37,0.4558,0.3796,0.4519,120.09,0.3032,0.7006,0.014076,12.52,5.68,6.85,WARNING,event_day
4654.0,FOOD_COURT_A,57.47,0.3832,0.4385,0.3825,126.31,0.2921,0.5938,0.012051,11.95,7.69,4.26,WARNING,event_day
4655.0,FOOD_COURT_A,42.45,0.283,0.7517,0.3692,81.0,0.2717,0.7581,0.019536,15.82,9.11,6.71,WARNING,event_day
4656.0,FOOD_COURT_A,38.6,0.2573,0.9283,0.3137,76.39,0.2203,0.7093,0.009197,16.0,9.27,6.73,WARNING,event_day
4657.0,FOOD_COURT_A,57.99,0.3866,0.8149,0.3591,58.93,0.3276,0.6683,0.014057,13.68,6.44,7.24,WARNING,event_day
4658.0,FOOD_COURT_A,54.5,0.3633,0.6047,0.3031,92.17,0.2517,0.7886,0.017242,10.03,7.77,2.26,WARNING,event_day
4659.0,FOOD_COURT_A,60.04,0.4002,0.5074,0.3034,79.91,0.3165,0.7148,0.017869,13.92,5.38,8.54,WARNING,event_day
4660.0,FOOD_COURT_A,72.22,0.4815,0.5907,0.3645,71.3,0.3354,0.5553,0.017928,16.04,7.61,8.43,WARNING,event_day
4661.0,FOOD_COURT_A,62.54,0.4169,0.6954,0.3155,63.12,0.3659,0.8337,0.01822,6.89,2.96,3.93,WARNING,event_day
4662.0,FOOD_COURT_A,60.74,0.4049,0.6879,0.3559,98.31,0.3795,0.809,0.008293,15.01,8.3,6.71,WARNING,event_day
4663.0,FOOD_COURT_A,62.91,0.4194,0.816,0.4326,119.74,0.2837,0.8031,0.010601,13.03,7.72,5.31,WARNING,event_day
4664.0,FOOD_COURT_A,59.58,0.3972,0.5894,0.4518,101.6,0.2815,0.7972,0.010827,14.43,6.94,7.48,WARNING,event_day
4665.0,FOOD_COURT_A,45.32,0.3021,0.7672,0.3051,115.22,0.3128,0.6784,0.012814,12.94,6.51,6.43,WARNING,event_day
4666.0,FOOD_COURT_A,47.13,0.3142,0.664,0.4704,131.31,0.2791,0.7327,0.013457,11.9,4.62,7.29,WARNING,event_day
4667.0,FOOD_COURT_A,43.66,0.291,0.6204,0.4025,101.83,0.4863,0.7674,0.017538,9.6,7.23,2.37,WARNING,event_day
4668.0,FOOD_COURT_A,46.5,0.31,0.4144,0.4048,106.47,0.2955,0.6614,0.011914,13.97,6.87,7.09,WARNING,event_day
4669.0,FOOD_COURT_A,47.72,0.3181,0.5864,0.4333,102.44,0.3918,0.6022,0.020975,12.24,8.57,3.67,WARNING,event_day
4670.0,FOOD_COURT_A,48.17,0.3211,0.794,0.3252,98.09,0.3194,0.7126,0.013016,14.45,7.65,6.8,WARNING,event_day
4671.0,FOOD_COURT_A,59.41,0.3961,0.8008,0.4509,105.73,0.3193,0.6795,0.02277,12.28,5.82,6.46,WARNING,event_day
4672.0,FOOD_COURT_A,54.13,0.3609,0.679,0.5407,148.33,0.2954,0.7013,0.013921,13.29,7.78,5.52,WARNING,event_day
4673.0,FOOD_COURT_A,55.88,0.3725,0.6198,0.4737,119.02,0.3918,0.6808,0.010807,13.83,6.33,7.5,WARNING,event_day
4674.0,FOOD_COURT_A,52.03,0.3469,0.5697,0.4355,90.08,0.2706,0.7493,0.013783,16.22,5.71,10.51,WARNING,event_day
4675.0,FOOD_COURT_A,50.13,0.3342,0.7991,0.4491,80.3,0.348,0.7285,0.017261,19.04,9.12,9.92,WARNING,event_day
4676.0,FOOD_COURT_A,46.85,0.3124,0.7513,0.3432,91.87,0.2805,0.7259,0.016013,5.29,3.91,1.38,WARNING,event_day
4677.0,FOOD_COURT_A,55.55,0.3704,1.0093,0.4591,103.11,0.4062,0.7147,0.013495,8.44,1.61,6.83,WARNING,event_day
4678.0,FOOD_COURT_A,36.77,0.2451,0.5714,0.3641,115.7,0.2622,0.7645,0.016848,10.19,2.99,7.19,WARNING,event_day
4679.0,FOOD_COURT_A,50.39,0.3359,0.6712,0.3063,83.92,0.3972,0.6825,0.012697,19.2,8.62,10.58,WARNING,event_day
4680.0,FOOD_COURT_A,55.55,0.3703,0.5736,0.4414,69.4,0.279,0.6494,0.012151,8.87,7.32,1.56,WARNING,event_day
4681.0,FOOD_COURT_A,61.02,0.4068,0.7558,0.428,89.57,0.2993,0.7706,0.012319,9.86,6.09,3.77,WARNING,event_day
4682.0,FOOD_COURT_A,67.35,0.449,0.5479,0.4339,82.67,0.333,0.5482,0.01039,9.83,5.23,4.6,WARNING,event_day
4683.0,FOOD_COURT_A,61.7,0.4114,0.6142,0.3177,85.72,0.5056,0.6407,0.013569,13.92,8.74,5.18,WARNING,event_day
4684.0,FOOD_COURT_A,57.77,0.3852,0.6985,0.3247,79.92,0.3882,0.6503,0.016115,12.67,9.81,2.86,WARNING,event_day
4685.0,FOOD_COURT_A,59.09,0.3939,0.6564,0.3835,97.52,0.2925,0.6664,0.010867,12.42,7.04,5.37,WARNING,event_day
4686.0,FOOD_COURT_A,57.98,0.3865,0.5625,0.39,83.43,0.3145,0.6688,0.012092,17.73,7.25,10.48,WARNING,event_day
4687.0,FOOD_COURT_A,67.06,0.447,0.8067,0.4492,93.28,0.2583,0.7197,0.010129,8.66,5.54,3.11,WARNING,event_day
4688.0,FOOD_COURT_A,59.53,0.3969,0.7302,0.4813,126.07,0.2774,0.7683,0.015446,16.82,11.46,5.35,WARNING,event_day
4689.0,FOOD_COURT_A,49.19,0.328,0.6164,0.331,81.73,0.3571,0.6489,0.015689,12.58,8.23,4.35,WARNING,event_day
4690.0,FOOD_COURT_A,52.02,0.3468,0.7092,0.3381,109.09,0.4239,0.7636,0.014529,11.74,7.01,4.73,WARNING,event_day
4691.0,FOOD_COURT_A,45.99,0.3066,0.8243,0.383,112.63,0.4257,0.6399,0.012105,12.21,5.77,6.44,WARNING,event_day
4692.0,FOOD_COURT_A,40.52,0.2702,0.7883,0.3972,74.28,0.3707,0.8355,0.01445,17.54,8.63,8.91,WARNING,event_day
4693.0,FOOD_COURT_A,47.53,0.3169,0.5862,0.4381,122.28,0.4046,0.7649,0.006047,10.21,3.09,7.11,WARNING,event_day
4694.0,FOOD_COURT_A,51.42,0.3428,0.5786,0.4097,85.3,0.314,0.6451,0.007974,12.04,9.92,2.13,WARNING,event_day
4695.0,FOOD_COURT_A,53.56,0.357,0.6481,0.3834,77.36,0.3413,0.7397,0.012163,13.13,7.35,5.77,WARNING,event_day
4696.0,FOOD_COURT_A,55.19,0.3679,0.4438,0.3007,116.25,0.2485,0.7136,0.007963,15.88,6.51,9.38,WARNING,event_day
4697.0,FOOD_COURT_A,60.11,0.4007,0.6826,0.4532,107.47,0.4924,0.7652,0.007836,17.54,11.1,6.45,WARNING,event_day
4698.0,FOOD_COURT_A,63.79,0.4253,0.6821,0.5595,90.48,0.3493,0.6838,0.013941,12.04,9.79,2.24,WARNING,event_day
4699.0,FOOD_COURT_A,58.46,0.3898,0.5733,0.4069,87.23,0.2867,0.74,0.012002,13.22,3.72,9.5,WARNING,event_day
4700.0,FOOD_COURT_A,53.62,0.3575,0.7167,0.3898,99.42,0.303,0.6485,0.00977,18.11,7.53,10.59,WARNING,event_day
4701.0,FOOD_COURT_A,46.21,0.3081,0.8278,0.2865,79.93,0.4034,0.5909,0.010382,14.51,12.24,2.27,WARNING,event_day
4702.0,FOOD_COURT_A,38.15,0.2544,0.6186,0.3736,72.51,0.3174,0.567,0.014596,15.27,10.75,4.52,WARNING,event_day
4703.0,FOOD_COURT_A,53.52,0.3568,0.7283,0.4355,91.32,0.3392,0.8016,0.009014,15.31,9.24,6.07,WARNING,event_day
4704.0,FOOD_COURT_A,67.95,0.453,0.2255,0.6607,161.89,0.4949,0.8846,0.015484,14.4,9.67,4.73,HIGH,event_day
4705.0,FOOD_COURT_A,93.93,0.6262,0.2474,0.6305,176.81,0.5564,0.936,0.024417,17.69,12.09,5.6,HIGH,event_day
4706.0,FOOD_COURT_A,75.37,0.5025,0.134,0.6048,216.84,0.6221,0.8538,0.032597,28.96,13.83,15.13,HIGH,event_day
4707.0,FOOD_COURT_A,95.65,0.6377,0.1495,0.8173,190.83,0.5106,0.7992,0.016173,13.03,6.06,6.97,HIGH,event_day
4708.0,FOOD_COURT_A,85.4,0.5693,0.2258,0.7008,256.53,0.5306,0.8073,0.02442,29.89,17.74,12.15,HIGH,event_day
4709.0,FOOD_COURT_A,96.61,0.644,0.1851,0.8241,223.4,0.4687,0.8446,0.025557,25.88,11.41,14.48,HIGH,event_day
4710.0,FOOD_COURT_A,96.53,0.6435,0.2656,0.7577,190.99,0.5911,0.8467,0.026612,23.51,15.1,8.41,HIGH,event_day
4711.0,FOOD_COURT_A,100.15,0.6677,0.1292,0.5127,175.73,0.49,0.8298,0.033112,17.05,8.86,8.19,HIGH,event_day
4712.0,FOOD_COURT_A,86.53,0.5769,0.185,0.6759,158.49,0.4785,0.8611,0.040523,18.68,7.07,11.61,HIGH,event_day
4713.0,FOOD_COURT_A,89.31,0.5954,0.0625,0.7058,206.54,0.5405,0.7868,0.017129,18.06,8.28,9.78,HIGH,event_day
4714.0,FOOD_COURT_A,77.1,0.514,0.1677,0.7427,199.11,0.6345,0.836,0.033653,15.86,6.62,9.24,HIGH,event_day
4715.0,FOOD_COURT_A,90.59,0.6039,0.3405,0.9228,201.54,0.508,0.8611,0.035325,25.18,14.27,10.91,HIGH,event_day
4716.0,FOOD_COURT_A,77.7,0.518,0.1981,0.6861,239.09,0.6711,0.9066,0.03397,22.73,8.89,13.84,HIGH,event_day
4717.0,FOOD_COURT_A,73.04,0.4869,0.3187,0.7416,185.55,0.6376,0.8164,0.025031,31.31,13.17,18.14,HIGH,event_day
4718.0,FOOD_COURT_A,84.79,0.5653,0.2166,0.7068,152.96,0.6128,0.8531,0.026754,22.34,9.63,12.7,HIGH,event_day
4719.0,FOOD_COURT_A,83.3,0.5554,0.2915,0.7074,180.23,0.6569,0.8052,0.029914,19.02,8.91,10.11,HIGH,event_day
4720.0,FOOD_COURT_A,90.16,0.6011,0.2753,0.6462,168.79,0.4015,0.8179,0.023311,26.09,12.4,13.68,HIGH,event_day
4721.0,FOOD_COURT_A,88.04,0.5869,0.2666,0.6149,161.12,0.5324,0.8533,0.019871,21.51,10.53,10.98,HIGH,event_day
4722.0,FOOD_COURT_A,76.22,0.5081,0.3406,0.8212,171.12,0.6174,0.8197,0.016732,26.13,12.4,13.73,HIGH,event_day
4723.0,FOOD_COURT_A,79.02,0.5268,0.3839,0.6486,182.14,0.5734,0.8387,0.025242,18.9,5.99,12.91,HIGH,event_day
4724.0,FOOD_COURT_A,77.75,0.5183,0.4554,0.7719,137.0,0.556,0.7941,0.014452,18.59,6.71,11.88,HIGH,event_day
4725.0,FOOD_COURT_A,80.87,0.5391,0.2805,0.7446,234.58,0.6638,0.7954,0.016896,26.52,15.37,11.15,HIGH,event_day
4726.0,FOOD_COURT_A,86.35,0.5756,0.2174,0.8371,179.5,0.6073,0.8778,0.021943,20.86,10.67,10.18,HIGH,event_day
4727.0,FOOD_COURT_A,79.44,0.5296,0.1506,0.8034,167.8,0.568,0.9241,0.01241,16.65,8.13,8.52,HIGH,event_day
4728.0,FOOD_COURT_A,103.08,0.6872,0.1153,0.7355,180.94,0.6092,0.8099,0.015477,16.03,7.41,8.61,HIGH,event_day
4729.0,FOOD_COURT_A,88.34,0.5889,0.1728,0.9206,183.9,0.6225,0.9115,0.019639,20.71,6.69,14.02,HIGH,event_day
4730.0,FOOD_COURT_A,85.83,0.5722,0.2707,0.8227,118.22,0.5923,0.8707,0.027016,25.01,12.74,12.27,HIGH,event_day
4731.0,FOOD_COURT_A,74.84,0.4989,0.2948,0.7638,173.05,0.3691,0.8033,0.029192,17.62,11.46,6.15,HIGH,event_day
4732.0,FOOD_COURT_A,83.66,0.5577,0.2645,0.7429,159.87,0.5743,0.8134,0.034313,25.17,15.32,9.85,HIGH,event_day
4733.0,FOOD_COURT_A,81.01,0.5401,0.2812,0.7789,170.13,0.671,0.9129,0.021393,21.29,13.22,8.06,HIGH,event_day
4734.0,FOOD_COURT_A,87.65,0.5843,0.1501,0.7077,186.04,0.6975,0.8992,0.020724,17.21,6.64,10.57,HIGH,event_day
4735.0,FOOD_COURT_A,83.74,0.5583,0.199,0.6229,207.18,0.6676,0.9616,0.021833,18.32,10.67,7.65,HIGH,event_day
4736.0,FOOD_COURT_A,93.99,0.6266,0.1204,0.7264,162.36,0.4811,0.8596,0.024898,24.41,13.57,10.83,HIGH,event_day
4737.0,FOOD_COURT_A,93.26,0.6217,0.1375,0.7474,159.31,0.5862,0.8138,0.021935,21.97,13.82,8.15,HIGH,event_day
4738.0,FOOD_COURT_A,88.57,0.5904,0.2572,0.7481,182.9,0.6657,0.855,0.024763,21.47,10.23,11.24,HIGH,event_day
4739.0,FOOD_COURT_A,91.64,0.6109,0.2603,0.7574,158.15,0.6079,0.8398,0.027701,22.73,14.45,8.28,HIGH,event_day
4740.0,FOOD_COURT_A,99.99,0.6666,0.0851,0.5845,129.22,0.6116,0.8388,0.019917,15.83,6.32,9.51,HIGH,event_day
4741.0,FOOD_COURT_A,98.12,0.6541,0.0325,0.6207,184.86,0.6379,0.8069,0.025668,15.35,9.78,5.57,HIGH,event_day
4742.0,FOOD_COURT_A,109.07,0.7271,0.3234,0.5596,166.49,0.5291,0.9032,0.024993,23.06,12.87,10.18,HIGH,event_day
4743.0,FOOD_COURT_A,77.74,0.5182,0.2195,0.572,205.92,0.4984,0.8622,0.022917,30.49,16.67,13.83,HIGH,event_day
4744.0,FOOD_COURT_A,93.21,0.6214,0.1968,0.7797,169.62,0.6318,0.7747,0.024118,26.03,13.62,12.41,HIGH,event_day
4745.0,FOOD_COURT_A,79.63,0.5309,0.3306,0.74,150.9,0.4482,0.7711,0.020127,20.86,9.44,11.42,HIGH,event_day
4746.0,FOOD_COURT_A,73.4,0.4893,0.3025,0.6633,171.0,0.62,0.8564,0.02178,25.73,15.66,10.07,HIGH,event_day
4747.0,FOOD_COURT_A,79.13,0.5275,0.2818,0.8274,174.87,0.6503,0.8182,0.013682,27.11,13.78,13.34,HIGH,event_day
4748.0,FOOD_COURT_A,80.53,0.5368,0.2843,0.6291,154.92,0.5729,0.8828,0.016208,20.18,12.76,7.43,HIGH,event_day
4749.0,FOOD_COURT_A,88.92,0.5928,0.2539,0.6641,143.48,0.5157,0.8314,0.030708,21.67,11.33,10.34,HIGH,event_day
4750.0,FOOD_COURT_A,100.39,0.6693,0.2726,0.6279,167.32,0.5901,0.8329,0.021653,24.99,13.26,11.73,HIGH,event_day
4751.0,FOOD_COURT_A,85.83,0.5722,0.3472,0.645,181.89,0.5156,0.8042,0.019646,22.04,9.74,12.29,HIGH,event_day
4752.0,FOOD_COURT_A,75.96,0.5064,0.2181,0.7753,180.3,0.5218,0.756,0.023626,17.88,7.62,10.25,HIGH,event_day
4753.0,FOOD_COURT_A,59.79,0.3986,0.2857,0.7169,185.19,0.5295,0.8192,0.026491,20.18,9.58,10.6,HIGH,event_day
4754.0,FOOD_COURT_A,83.93,0.5595,0.1451,0.6589,244.37,0.6232,0.8599,0.014399,19.06,8.23,10.84,HIGH,event_day
4755.0,FOOD_COURT_A,85.4,0.5693,0.2682,0.7596,209.25,0.6572,0.8826,0.025605,21.11,14.04,7.06,HIGH,event_day
4756.0,FOOD_COURT_A,88.77,0.5918,0.2231,0.6177,183.34,0.5839,0.8578,0.031934,24.23,11.97,12.27,HIGH,event_day
4757.0,FOOD_COURT_A,86.18,0.5745,0.2029,0.6859,176.35,0.6187,0.813,0.01698,23.37,14.84,8.52,HIGH,event_day
4758.0,FOOD_COURT_A,69.81,0.4654,0.246,0.661,186.39,0.5427,0.7437,0.014554,15.26,9.91,5.35,HIGH,event_day
4759.0,FOOD_COURT_A,95.99,0.64,0.2076,0.6394,169.13,0.6072,0.9231,0.018222,9.36,3.0,6.36,HIGH,event_day
4760.0,FOOD_COURT_A,94.74,0.6316,0.0893,0.7851,209.05,0.6204,0.8825,0.028793,19.77,10.77,9.0,HIGH,event_day
4761.0,FOOD_COURT_A,95.01,0.6334,0.1839,0.6266,164.95,0.4542,0.9282,0.024325,17.43,7.46,9.97,HIGH,event_day
4762.0,FOOD_COURT_A,95.69,0.6379,0.1112,0.5717,132.88,0.5437,0.8647,0.025633,16.31,10.49,5.83,HIGH,event_day
4763.0,FOOD_COURT_A,96.02,0.6401,0.1534,0.7402,177.0,0.4057,0.8034,0.028273,22.95,12.51,10.44,HIGH,event_day
4764.0,FOOD_COURT_A,79.5,0.53,0.2655,0.8579,149.11,0.6248,0.8011,0.032025,18.74,9.1,9.63,HIGH,event_day
4765.0,FOOD_COURT_A,91.35,0.609,0.2326,0.718,173.82,0.5563,0.8701,0.025081,30.41,18.61,11.8,HIGH,event_day
4766.0,FOOD_COURT_A,79.06,0.5271,0.1656,0.6989,162.22,0.6001,0.8205,0.031508,19.41,11.98,7.43,HIGH,event_day
4767.0,FOOD_COURT_A,88.36,0.5891,0.136,0.7799,170.81,0.553,0.8486,0.034914,20.02,9.63,10.39,HIGH,event_day
4768.0,FOOD_COURT_A,105.01,0.7001,0.26,0.7769,139.61,0.5203,0.8165,0.034247,15.81,4.58,11.23,HIGH,event_day
4769.0,FOOD_COURT_A,96.86,0.6457,0.2019,0.792,164.88,0.5331,0.8571,0.021349,23.91,14.02,9.89,HIGH,event_day
4770.0,FOOD_COURT_A,102.99,0.6866,0.1864,0.6511,143.78,0.441,0.881,0.018808,27.46,14.73,12.73,HIGH,event_day
4771.0,FOOD_COURT_A,86.09,0.574,0.3572,0.6414,165.78,0.4917,0.9257,0.024512,20.9,15.14,5.75,HIGH,event_day
4772.0,FOOD_COURT_A,72.91,0.4861,0.3186,0.6199,194.53,0.5405,0.9231,0.01796,19.97,12.62,7.35,HIGH,event_day
4773.0,FOOD_COURT_A,87.43,0.5829,0.274,0.7028,182.48,0.4602,0.8919,0.028443,17.45,8.76,8.69,HIGH,event_day
4774.0,FOOD_COURT_A,88.41,0.5894,0.1299,0.6634,154.23,0.5124,0.954,0.026682,17.61,10.66,6.95,HIGH,event_day
4775.0,FOOD_COURT_A,83.66,0.5577,0.1661,0.7138,170.65,0.4269,0.7479,0.022277,18.57,9.87,8.71,HIGH,event_day
4776.0,FOOD_COURT_A,85.21,0.568,0.1475,0.6652,176.8,0.5331,0.9244,0.014245,19.02,12.22,6.8,HIGH,event_day
4777.0,FOOD_COURT_A,88.8,0.592,0.3115,0.771,179.44,0.5179,0.9224,0.025154,25.33,17.61,7.72,HIGH,event_day
4778.0,FOOD_COURT_A,95.92,0.6395,0.2605,0.7882,249.17,0.5061,0.9038,0.027273,21.88,7.52,14.36,HIGH,event_day
4779.0,FOOD_COURT_A,102.68,0.6845,0.2366,0.8294,210.45,0.5512,0.9179,0.031154,20.76,8.48,12.28,HIGH,event_day
4780.0,FOOD_COURT_A,82.2,0.548,0.2293,0.8239,198.11,0.6023,0.8969,0.025318,19.15,8.48,10.67,HIGH,event_day
4781.0,FOOD_COURT_A,78.56,0.5237,0.2376,0.8239,240.38,0.5271,0.7751,0.025131,21.27,8.37,12.9,HIGH,event_day
4782.0,FOOD_COURT_A,78.42,0.5228,0.1791,0.7496,230.05,0.5436,0.8187,0.028482,16.22,4.85,11.38,HIGH,event_day
4783.0,FOOD_COURT_A,85.78,0.5719,0.1277,0.7182,216.56,0.6203,0.8302,0.03117,22.83,11.76,11.08,HIGH,event_day
4784.0,FOOD_COURT_A,73.14,0.4876,0.1944,0.7115,235.97,0.603,0.7758,0.021193,16.9,11.07,5.82,HIGH,event_day
4785.0,FOOD_COURT_A,71.0,0.4734,0.1359,0.7149,165.68,0.6505,0.8627,0.03178,17.72,6.76,10.96,HIGH,event_day
4786.0,FOOD_COURT_A,85.88,0.5725,0.1598,0.7915,168.67,0.6693,0.8678,0.030318,13.78,12.05,1.74,HIGH,event_day
4787.0,FOOD_COURT_A,56.54,0.3769,0.5386,0.4931,128.24,0.37,0.7703,0.015167,10.23,5.57,4.65,WARNING,event_day
4788.0,FOOD_COURT_A,64.45,0.4297,0.6131,0.3943,88.77,0.5405,0.6317,0.018844,15.27,3.49,11.78,WARNING,event_day
4789.0,FOOD_COURT_A,59.74,0.3982,0.4928,0.5667,110.87,0.4548,0.606,0.018371,10.77,3.62,7.15,WARNING,event_day
4790.0,FOOD_COURT_A,48.11,0.3207,0.586,0.3193,100.98,0.2474,0.5971,0.017511,6.55,6.11,0.45,WARNING,event_day
4791.0,FOOD_COURT_A,54.56,0.3637,0.4946,0.4689,98.49,0.278,0.7364,0.011845,15.76,9.53,6.23,WARNING,event_day
4792.0,FOOD_COURT_A,55.67,0.3711,0.6944,0.5254,74.95,0.349,0.7812,0.017294,20.01,10.57,9.43,WARNING,event_day
4793.0,FOOD_COURT_A,54.43,0.3628,0.5641,0.5153,104.41,0.2257,0.559,0.005188,10.64,7.96,2.68,WARNING,event_day
4794.0,FOOD_COURT_A,40.94,0.2729,0.6078,0.4525,117.52,0.2747,0.6916,0.01082,16.29,8.29,8.0,WARNING,event_day
4795.0,FOOD_COURT_A,44.96,0.2997,0.7722,0.4098,112.78,0.3064,0.7718,0.016234,15.47,12.17,3.3,WARNING,event_day
4796.0,FOOD_COURT_A,39.75,0.265,0.6768,0.3137,93.07,0.3998,0.7905,0.008521,11.93,7.05,4.88,WARNING,event_day
4797.0,FOOD_COURT_A,51.63,0.3442,0.656,0.4495,82.75,0.3453,0.6972,0.006333,14.32,8.12,6.2,WARNING,event_day
4798.0,FOOD_COURT_A,53.94,0.3596,0.6988,0.4281,87.75,0.3138,0.6793,0.012839,8.89,3.02,5.87,WARNING,event_day
4799.0,FOOD_COURT_A,55.13,0.3676,0.6553,0.2983,84.88,0.3879,0.6369,0.012054,12.27,6.06,6.21,WARNING,event_day
4800.0,FOOD_COURT_A,50.53,0.3368,0.6918,0.3491,105.03,0.3603,0.6688,0.011724,13.84,7.98,5.86,WARNING,event_day
4801.0,FOOD_COURT_A,52.87,0.3524,0.6602,0.3725,103.77,0.2893,0.6489,0.010796,22.82,11.27,11.54,WARNING,event_day
4802.0,FOOD_COURT_A,52.27,0.3485,0.5568,0.3494,80.66,0.263,0.5871,0.010602,16.31,8.99,7.32,WARNING,event_day
4803.0,FOOD_COURT_A,60.13,0.4009,0.4536,0.2832,64.53,0.3431,0.6011,0.009115,10.46,3.97,6.5,WARNING,event_day
4804.0,FOOD_COURT_A,51.14,0.341,0.8434,0.271,56.87,0.3793,0.7033,0.009953,16.4,6.97,9.42,WARNING,event_day
4805.0,FOOD_COURT_A,69.52,0.4634,0.6806,0.2082,93.56,0.3761,0.7546,0.015691,19.04,11.76,7.28,WARNING,event_day
4806.0,FOOD_COURT_A,63.23,0.4215,0.6564,0.4027,89.0,0.2958,0.6067,0.004707,13.55,8.43,5.12,WARNING,event_day
4807.0,FOOD_COURT_A,53.62,0.3575,0.6715,0.3858,93.16,0.409,0.6433,0.005839,14.23,9.75,4.49,WARNING,event_day
4808.0,FOOD_COURT_A,51.38,0.3426,0.6958,0.3265,95.65,0.3223,0.6716,0.01348,11.25,4.18,7.06,WARNING,event_day
4809.0,FOOD_COURT_A,50.19,0.3346,0.5229,0.3249,115.86,0.31,0.7097,0.014878,18.98,10.84,8.14,WARNING,event_day
4810.0,FOOD_COURT_A,48.9,0.326,0.4431,0.4924,117.54,0.3403,0.6084,0.00969,12.9,6.11,6.78,WARNING,event_day
4811.0,FOOD_COURT_A,56.12,0.3741,0.5884,0.4049,108.0,0.3,0.7583,0.017258,8.99,3.87,5.12,WARNING,event_day
4812.0,FOOD_COURT_A,59.35,0.3957,0.4119,0.3554,121.3,0.427,0.6603,0.014775,9.8,2.91,6.9,WARNING,event_day
4813.0,FOOD_COURT_A,62.64,0.4176,0.5395,0.3109,112.91,0.357,0.7276,0.015733,15.34,7.84,7.5,WARNING,event_day
4814.0,FOOD_COURT_A,68.25,0.455,0.6927,0.4006,118.4,0.2091,0.6749,0.009522,10.99,7.83,3.16,WARNING,event_day
4815.0,FOOD_COURT_A,62.68,0.4179,0.6078,0.3196,134.98,0.284,0.7586,0.007485,14.59,7.6,7.0,WARNING,event_day
4816.0,FOOD_COURT_A,66.18,0.4412,0.5936,0.342,77.14,0.2931,0.7741,0.01336,18.21,7.7,10.52,WARNING,event_day
4817.0,FOOD_COURT_A,66.4,0.4427,0.5528,0.3569,86.15,0.2468,0.6197,0.01228,16.09,8.81,7.28,WARNING,event_day
4818.0,FOOD_COURT_A,68.48,0.4565,0.7689,0.4436,79.86,0.2516,0.6594,0.014683,16.25,10.02,6.23,WARNING,event_day
4819.0,FOOD_COURT_A,68.5,0.4566,0.6266,0.3785,103.04,0.2411,0.6239,0.017766,11.92,6.74,5.18,WARNING,event_day
4820.0,FOOD_COURT_A,56.11,0.3741,0.5627,0.1956,83.89,0.2724,0.7204,0.016721,16.53,5.94,10.58,WARNING,event_day
4821.0,FOOD_COURT_A,47.36,0.3157,0.6021,0.2716,111.49,0.3514,0.8146,0.015911,13.79,6.84,6.94,WARNING,event_day
4822.0,FOOD_COURT_A,58.26,0.3884,0.7835,0.4103,77.3,0.3998,0.6515,0.013758,14.54,6.59,7.95,WARNING,event_day
4823.0,FOOD_COURT_A,51.82,0.3455,0.7766,0.2943,94.99,0.3012,0.7211,0.016767,16.34,7.17,9.17,WARNING,event_day
4824.0,FOOD_COURT_A,51.23,0.3415,0.8018,0.3134,90.36,0.3173,0.6027,0.011289,15.34,7.48,7.85,WARNING,event_day
4825.0,FOOD_COURT_A,61.54,0.4103,0.6991,0.1493,82.31,0.3082,0.712,0.014208,15.23,8.29,6.94,WARNING,event_day
4826.0,FOOD_COURT_A,59.44,0.3963,0.8488,0.278,87.13,0.2655,0.7689,0.017166,13.96,5.11,8.85,WARNING,event_day
4827.0,FOOD_COURT_A,49.33,0.3289,0.6806,0.392,74.23,0.3175,0.7625,0.015706,15.15,7.13,8.02,WARNING,event_day
4828.0,FOOD_COURT_A,45.67,0.3044,0.7414,0.4637,92.7,0.3775,0.6589,0.010357,13.69,7.14,6.55,WARNING,event_day
4829.0,FOOD_COURT_A,39.04,0.2603,0.5753,0.39,111.05,0.3867,0.596,0.010497,17.07,11.4,5.67,WARNING,event_day
4830.0,FOOD_COURT_A,59.33,0.3955,0.7601,0.3145,122.75,0.4795,0.7731,0.01041,11.32,4.77,6.55,WARNING,event_day
4831.0,FOOD_COURT_A,47.74,0.3183,0.8164,0.3696,72.32,0.282,0.6982,0.005592,18.51,9.17,9.34,WARNING,event_day
4832.0,FOOD_COURT_A,61.4,0.4093,0.5903,0.4054,63.21,0.3438,0.6161,0.012296,12.05,8.77,3.28,WARNING,event_day
4833.0,FOOD_COURT_A,56.09,0.3739,0.7298,0.4347,71.22,0.417,0.6878,0.010262,9.47,3.6,5.86,WARNING,event_day
4834.0,FOOD_COURT_A,56.9,0.3793,0.7551,0.2962,75.19,0.285,0.5249,0.009286,16.1,8.09,8.01,WARNING,event_day
4835.0,FOOD_COURT_A,59.22,0.3948,0.5908,0.284,113.12,0.366,0.7068,0.006077,13.03,7.48,5.55,WARNING,event_day
4836.0,FOOD_COURT_A,66.61,0.4441,0.5186,0.2441,102.15,0.2535,0.6458,0.008778,5.87,1.64,4.23,WARNING,event_day
4837.0,FOOD_COURT_A,47.95,0.3197,0.8227,0.3378,98.9,0.3831,0.7048,0.008229,13.65,7.79,5.86,WARNING,event_day
4838.0,FOOD_COURT_A,32.98,0.2199,0.934,0.1443,64.08,0.1492,0.4678,0.002469,6.27,3.26,3.01,SAFE,event_day
4839.0,FOOD_COURT_A,30.78,0.2052,1.2943,0.2266,45.31,0.0897,0.2804,0.00076,5.71,5.54,0.17,SAFE,event_day
4840.0,FOOD_COURT_A,18.86,0.1258,1.0688,0.1418,52.45,0.1129,0.2949,0.004292,4.02,4.02,0.0,SAFE,event_day
4841.0,FOOD_COURT_A,29.81,0.1987,1.3154,0.1361,35.43,0.0656,0.3994,0.004596,5.41,3.77,1.64,SAFE,event_day
4842.0,FOOD_COURT_A,58.5,0.39,0.6132,0.5818,120.91,0.533,0.8198,0.023526,11.83,3.79,8.05,HIGH,event_day
4843.0,FOOD_COURT_A,87.33,0.5822,0.2955,0.6397,178.78,0.3608,0.8737,0.026381,26.55,10.86,15.7,HIGH,event_day
4844.0,FOOD_COURT_A,95.61,0.6374,0.1314,0.7452,173.47,0.4516,0.8834,0.024213,23.56,7.73,15.84,HIGH,event_day
4845.0,FOOD_COURT_A,98.82,0.6588,0.2325,0.7025,191.98,0.5255,0.924,0.021814,24.9,12.59,12.31,HIGH,event_day
4846.0,FOOD_COURT_A,104.86,0.699,0.0988,0.7355,197.6,0.5356,0.8845,0.022728,17.61,10.74,6.87,HIGH,event_day
4847.0,FOOD_COURT_A,85.42,0.5695,0.1565,0.7538,125.27,0.569,0.9433,0.023941,23.49,9.42,14.08,HIGH,event_day
4848.0,FOOD_COURT_A,87.34,0.5823,0.2082,0.7334,166.89,0.6088,0.9629,0.027966,23.85,9.59,14.26,HIGH,event_day
4849.0,FOOD_COURT_A,93.37,0.6225,0.08,0.6924,155.29,0.6206,0.8259,0.033088,19.34,12.96,6.38,HIGH,event_day
4850.0,FOOD_COURT_A,71.65,0.4776,0.1337,0.6461,159.02,0.5418,0.7709,0.027331,25.83,18.0,7.83,HIGH,event_day
4851.0,FOOD_COURT_A,91.87,0.6125,0.2484,0.6796,152.44,0.6329,0.7664,0.023982,25.82,16.12,9.7,HIGH,event_day
4852.0,FOOD_COURT_A,80.38,0.5358,0.2784,0.694,175.55,0.5338,0.7722,0.026977,20.47,10.71,9.76,HIGH,event_day
4853.0,FOOD_COURT_A,99.51,0.6634,0.3096,0.653,158.73,0.5794,0.87,0.022683,23.81,12.06,11.75,HIGH,event_day
4854.0,FOOD_COURT_A,94.42,0.6295,0.4018,0.6249,158.45,0.6042,0.8326,0.026394,25.26,15.91,9.35,HIGH,event_day
4855.0,FOOD_COURT_A,101.45,0.6763,0.3719,0.5763,159.64,0.4499,0.8894,0.021746,16.12,9.69,6.43,HIGH,event_day
4856.0,FOOD_COURT_A,100.27,0.6685,0.3069,0.8287,200.9,0.4874,0.853,0.031217,23.49,9.99,13.51,HIGH,event_day
4857.0,FOOD_COURT_A,86.84,0.5789,0.2339,0.6892,139.9,0.6016,0.7306,0.026427,20.87,13.42,7.44,HIGH,event_day
4858.0,FOOD_COURT_A,94.42,0.6295,0.2861,0.6715,161.37,0.5774,0.8326,0.024878,18.77,9.39,9.38,HIGH,event_day
4859.0,FOOD_COURT_A,96.59,0.6439,0.2271,0.5458,219.66,0.6427,0.7973,0.028438,17.37,7.68,9.7,HIGH,event_day
4860.0,FOOD_COURT_A,91.44,0.6096,0.1688,0.7455,229.05,0.5421,0.8344,0.029766,24.53,13.35,11.18,HIGH,event_day
4861.0,FOOD_COURT_A,83.54,0.5569,0.3084,0.6217,224.02,0.507,0.8683,0.034461,32.41,16.91,15.5,HIGH,event_day
4862.0,FOOD_COURT_A,71.5,0.4767,0.1745,0.7139,201.42,0.5969,0.8395,0.022894,27.66,13.89,13.77,HIGH,event_day
4863.0,FOOD_COURT_A,104.33,0.6955,0.284,0.7386,226.32,0.5609,0.9004,0.020615,19.77,11.94,7.84,HIGH,event_day
4864.0,FOOD_COURT_A,94.34,0.6289,0.2894,0.7693,164.89,0.6348,0.8316,0.021943,24.72,14.69,10.03,HIGH,event_day
4865.0,FOOD_COURT_A,100.95,0.673,0.2311,0.8947,222.07,0.5902,0.8795,0.016493,21.91,11.43,10.48,HIGH,event_day
4866.0,FOOD_COURT_A,90.94,0.6063,0.1852,0.6748,237.9,0.5427,0.7848,0.022595,20.36,13.89,6.47,HIGH,event_day
4867.0,FOOD_COURT_A,93.36,0.6224,0.1804,0.7013,190.15,0.5511,0.8177,0.020411,17.45,8.67,8.78,HIGH,event_day
4868.0,FOOD_COURT_A,91.99,0.6133,0.1682,0.8433,143.66,0.6133,0.8197,0.029065,19.55,10.79,8.76,HIGH,event_day
4869.0,FOOD_COURT_A,94.05,0.627,0.1999,0.7459,154.57,0.5874,0.8711,0.026535,22.1,13.1,9.0,HIGH,event_day
4870.0,FOOD_COURT_A,85.9,0.5726,0.3551,0.6002,178.99,0.4534,0.855,0.029061,19.65,12.56,7.09,HIGH,event_day
4871.0,FOOD_COURT_A,82.92,0.5528,0.303,0.6786,203.42,0.5586,0.8801,0.01692,24.04,12.31,11.73,HIGH,event_day
4872.0,FOOD_COURT_A,84.15,0.561,0.2153,0.7618,195.17,0.5331,0.8106,0.018875,27.76,10.34,17.41,HIGH,event_day
4873.0,FOOD_COURT_A,88.12,0.5875,0.306,0.7649,149.57,0.5255,0.9432,0.024132,17.67,4.32,13.35,HIGH,event_day
4874.0,FOOD_COURT_A,92.32,0.6154,0.1801,0.8861,189.85,0.403,0.8693,0.021143,17.96,7.81,10.15,HIGH,event_day
4875.0,FOOD_COURT_A,90.37,0.6025,0.3049,0.8723,143.32,0.4651,0.7767,0.02515,17.63,10.83,6.8,HIGH,event_day
4876.0,FOOD_COURT_A,91.68,0.6112,0.2072,0.6026,192.65,0.4442,0.7847,0.016342,17.03,5.36,11.67,HIGH,event_day
4877.0,FOOD_COURT_A,85.73,0.5716,0.2661,0.7796,147.66,0.507,0.7841,0.019475,22.17,11.18,10.99,HIGH,event_day
4878.0,FOOD_COURT_A,90.58,0.6039,0.2133,0.7801,159.75,0.5517,0.8506,0.031302,19.86,8.26,11.6,HIGH,event_day
4879.0,FOOD_COURT_A,78.74,0.5249,0.248,0.6415,190.39,0.6031,0.8564,0.020593,17.3,7.32,9.98,HIGH,event_day
4880.0,FOOD_COURT_A,73.96,0.4931,0.2398,0.72,215.2,0.5405,0.8149,0.025211,12.06,4.32,7.75,HIGH,event_day
4881.0,FOOD_COURT_A,78.44,0.5229,0.2144,0.657,152.45,0.5657,0.8972,0.024578,23.99,12.94,11.05,HIGH,event_day
4882.0,FOOD_COURT_A,92.02,0.6135,0.2635,0.6855,206.6,0.4714,0.8085,0.023723,25.05,11.65,13.4,HIGH,event_day
4883.0,FOOD_COURT_A,87.08,0.5805,0.2922,0.6503,188.39,0.63,0.8564,0.031274,20.0,8.46,11.53,HIGH,event_day
4884.0,FOOD_COURT_A,92.24,0.615,0.2102,0.723,163.02,0.5385,0.8443,0.025869,29.74,15.39,14.35,HIGH,event_day
4885.0,FOOD_COURT_A,88.05,0.587,0.307,0.6506,204.66,0.5115,0.8559,0.028269,22.64,11.01,11.63,HIGH,event_day
4886.0,FOOD_COURT_A,102.09,0.6806,0.3279,0.7022,152.6,0.4899,0.8505,0.034895,22.74,10.95,11.79,HIGH,event_day
4887.0,FOOD_COURT_A,87.34,0.5823,0.2248,0.6384,234.68,0.6345,0.7803,0.02831,19.76,9.74,10.02,HIGH,event_day
4888.0,FOOD_COURT_A,90.57,0.6038,0.2067,0.7153,186.94,0.5932,0.853,0.026657,21.84,13.82,8.02,HIGH,event_day
4889.0,FOOD_COURT_A,87.79,0.5853,0.1945,0.6786,170.03,0.5551,0.8188,0.015295,23.4,9.05,14.36,HIGH,event_day
4890.0,FOOD_COURT_A,85.18,0.5679,0.2178,0.6706,243.72,0.5157,0.7982,0.019425,23.11,14.55,8.55,HIGH,event_day
4891.0,FOOD_COURT_A,91.72,0.6114,0.3173,0.8281,179.65,0.672,0.9369,0.03329,21.7,8.4,13.29,HIGH,event_day
4892.0,FOOD_COURT_A,93.47,0.6231,0.2428,0.7355,213.63,0.5874,0.8837,0.031762,11.14,1.84,9.3,HIGH,event_day
4893.0,FOOD_COURT_A,100.15,0.6677,0.1832,0.6941,182.32,0.664,0.9651,0.028063,29.61,13.43,16.18,HIGH,event_day
4894.0,FOOD_COURT_A,94.01,0.6267,0.2146,0.6307,156.79,0.6184,0.8106,0.033175,27.76,15.03,12.73,HIGH,event_day
4895.0,FOOD_COURT_A,90.05,0.6003,0.2681,0.7037,164.11,0.6601,0.8169,0.028261,22.73,8.29,14.45,HIGH,event_day
4896.0,FOOD_COURT_A,92.89,0.6193,0.2475,0.6621,148.88,0.5851,0.8171,0.025494,25.5,13.55,11.95,HIGH,event_day
4897.0,FOOD_COURT_A,93.29,0.6219,0.2216,0.6639,169.22,0.577,0.786,0.026991,24.24,12.92,11.32,HIGH,event_day
4898.0,FOOD_COURT_A,84.84,0.5656,0.1832,0.8106,140.97,0.5657,0.8254,0.021093,18.78,11.81,6.97,HIGH,event_day
4899.0,FOOD_COURT_A,88.77,0.5918,0.1388,0.807,185.92,0.6593,0.7933,0.028619,19.1,8.73,10.37,HIGH,event_day
4900.0,FOOD_COURT_A,92.32,0.6155,0.1119,0.796,165.07,0.5638,0.8879,0.027284,27.45,14.95,12.51,HIGH,event_day
4901.0,FOOD_COURT_A,100.38,0.6692,0.2751,0.8817,183.93,0.6671,0.9578,0.031065,18.52,11.0,7.52,HIGH,event_day
4902.0,FOOD_COURT_A,77.09,0.5139,0.6483,0.507,117.11,0.3504,0.676,0.015946,18.44,7.45,10.99,WARNING,event_day
4903.0,FOOD_COURT_A,58.39,0.3892,0.6694,0.4471,104.83,0.3006,0.5877,0.014285,9.29,4.08,5.21,WARNING,event_day
4904.0,FOOD_COURT_A,34.72,0.2314,1.0808,0.1852,54.03,0.151,0.3616,0.006492,8.62,6.23,2.39,SAFE,event_day
4905.0,FOOD_COURT_A,11.01,0.0734,1.2093,0.1042,43.35,0.0952,0.3084,0.001947,4.23,3.12,1.11,SAFE,event_day
4906.0,FOOD_COURT_A,20.81,0.1387,1.419,0.1052,43.07,0.0325,0.354,0.002185,8.59,5.68,2.91,SAFE,event_day
4907.0,FOOD_COURT_A,21.29,0.142,1.1961,0.0578,35.21,0.0711,0.4706,0.00395,5.52,1.64,3.88,SAFE,event_day
4908.0,FOOD_COURT_A,24.22,0.1615,0.66,0.2006,36.91,0.0826,0.2555,0.006403,4.31,2.46,1.85,SAFE,event_day
4909.0,FOOD_COURT_A,20.55,0.137,1.3366,0.174,31.04,0.0815,0.2811,0.006496,4.36,2.85,1.51,SAFE,event_day
4910.0,FOOD_COURT_A,13.38,0.0892,1.0609,0.1318,35.93,0.11,0.3093,0.005455,8.3,4.72,3.58,SAFE,event_day
4911.0,FOOD_COURT_A,21.02,0.1401,1.1464,0.0545,56.38,0.0943,0.3251,0.005332,10.01,4.71,5.3,SAFE,event_day
4912.0,FOOD_COURT_A,21.2,0.1413,1.1619,0.0449,44.6,0.1374,0.3717,0.005477,8.92,5.42,3.5,SAFE,event_day
4913.0,FOOD_COURT_A,44.51,0.2967,0.6152,0.3798,81.98,0.3174,0.6058,0.006734,20.51,13.73,6.78,WARNING,event_day
4914.0,FOOD_COURT_A,56.38,0.3759,0.7362,0.5002,76.34,0.3304,0.6572,0.014081,13.47,5.29,8.19,WARNING,event_day
4915.0,FOOD_COURT_A,26.47,0.1765,0.8999,0.1828,62.18,0.1602,0.6264,0.007175,10.43,6.04,4.39,SAFE,event_day
4916.0,FOOD_COURT_A,31.86,0.2124,1.4631,0.1281,51.55,0.1199,0.4694,0.00576,2.47,0.86,1.61,SAFE,event_day
4917.0,FOOD_COURT_A,29.32,0.1955,1.3533,0.149,38.2,0.1125,0.3912,0.003543,10.06,5.06,5.0,SAFE,event_day
4918.0,FOOD_COURT_A,30.65,0.2043,1.3279,0.0788,46.24,0.0684,0.486,0.004681,6.66,4.58,2.08,SAFE,event_day
4919.0,FOOD_COURT_A,15.03,0.1002,1.5265,0.1334,53.12,0.1078,0.3627,0.003805,2.92,0.0,2.92,SAFE,event_day
4920.0,FOOD_COURT_A,42.71,0.2847,0.8251,0.2606,70.67,0.262,0.6931,0.012579,13.74,7.5,6.24,WARNING,event_day
4921.0,FOOD_COURT_A,44.0,0.2934,0.8302,0.4614,84.68,0.2614,0.6187,0.014522,16.64,7.71,8.93,WARNING,event_day
4922.0,FOOD_COURT_A,38.03,0.2535,0.7458,0.2788,84.71,0.2914,0.6922,0.010711,13.33,3.93,9.4,WARNING,event_day
4923.0,FOOD_COURT_A,44.15,0.2943,0.6707,0.3753,67.21,0.2026,0.5696,0.014178,10.11,4.22,5.89,WARNING,event_day
4924.0,FOOD_COURT_A,50.96,0.3397,0.561,0.3486,68.48,0.1414,0.6135,0.012307,8.77,4.95,3.82,WARNING,event_day
4925.0,FOOD_COURT_A,54.7,0.3647,0.5729,0.3567,98.87,0.3471,0.7012,0.010666,12.65,4.11,8.54,WARNING,event_day
4926.0,FOOD_COURT_A,43.41,0.2894,0.6643,0.4009,87.99,0.179,0.7317,0.005597,12.52,5.65,6.87,WARNING,event_day
4927.0,FOOD_COURT_A,51.76,0.3451,0.7927,0.324,70.7,0.1973,0.7862,0.016856,18.84,7.98,10.86,WARNING,event_day
4928.0,FOOD_COURT_A,53.43,0.3562,0.5423,0.3389,72.39,0.2686,0.7936,0.018983,8.91,1.35,7.57,WARNING,event_day
4929.0,FOOD_COURT_A,56.67,0.3778,0.6027,0.346,72.33,0.3327,0.7434,0.015014,13.24,7.84,5.4,WARNING,event_day
4930.0,FOOD_COURT_A,53.09,0.3539,0.6205,0.4551,82.01,0.2231,0.714,0.011182,13.94,7.43,6.5,WARNING,event_day
4931.0,FOOD_COURT_A,45.34,0.3023,0.5147,0.4384,95.18,0.2608,0.728,0.009966,12.18,5.66,6.53,WARNING,event_day
4932.0,FOOD_COURT_A,43.09,0.2872,0.6515,0.4451,93.13,0.2785,0.7708,0.008896,13.98,5.8,8.18,WARNING,event_day
4933.0,FOOD_COURT_A,49.21,0.3281,0.824,0.4112,71.92,0.2861,0.764,0.01147,19.71,8.07,11.64,WARNING,event_day
4934.0,FOOD_COURT_A,52.96,0.3531,0.8882,0.4317,76.06,0.3307,0.6397,0.010775,10.06,8.19,1.86,WARNING,event_day
4935.0,FOOD_COURT_A,54.05,0.3603,0.4618,0.4267,87.99,0.3733,0.5352,0.010686,19.43,9.58,9.85,WARNING,event_day
4936.0,FOOD_COURT_A,59.21,0.3948,0.4685,0.3483,114.34,0.1981,0.6836,0.01146,14.59,8.23,6.36,WARNING,event_day
4937.0,FOOD_COURT_A,64.09,0.4272,0.3715,0.3844,131.27,0.287,0.6796,0.011657,16.12,8.06,8.06,WARNING,event_day
4938.0,FOOD_COURT_A,61.64,0.4109,0.2048,0.3969,115.54,0.3936,0.674,0.01534,9.52,6.63,2.89,WARNING,event_day
4939.0,FOOD_COURT_A,65.15,0.4344,0.6373,0.2669,86.41,0.4161,0.7628,0.013179,14.42,5.99,8.44,WARNING,event_day
4940.0,FOOD_COURT_A,59.31,0.3954,0.8603,0.4928,98.98,0.3289,0.7404,0.013793,19.78,11.76,8.01,WARNING,event_day
4941.0,FOOD_COURT_A,66.56,0.4437,0.6562,0.2971,106.87,0.343,0.7421,0.019673,17.86,10.77,7.09,WARNING,event_day
4942.0,FOOD_COURT_A,61.94,0.413,0.3875,0.3217,111.71,0.2971,0.6859,0.013039,16.2,7.35,8.86,WARNING,event_day
4943.0,FOOD_COURT_A,50.9,0.3393,0.6326,0.3762,106.39,0.3869,0.7406,0.013893,14.54,8.36,6.17,WARNING,event_day
4944.0,FOOD_COURT_A,60.1,0.4007,0.7204,0.3481,81.08,0.2855,0.5856,0.011191,15.04,8.22,6.82,WARNING,event_day
4945.0,FOOD_COURT_A,56.96,0.3798,0.764,0.4124,89.89,0.2997,0.5955,0.013884,11.43,4.63,6.8,WARNING,event_day
4946.0,FOOD_COURT_A,60.99,0.4066,0.5321,0.4286,81.33,0.2098,0.719,0.011284,14.3,6.86,7.43,WARNING,event_day
4947.0,FOOD_COURT_A,58.91,0.3927,0.7092,0.2864,82.43,0.419,0.7918,0.009843,14.53,3.39,11.14,WARNING,event_day
4948.0,FOOD_COURT_A,52.5,0.35,0.5864,0.3427,102.27,0.4697,0.7848,0.007565,13.84,8.77,5.07,WARNING,event_day
4949.0,FOOD_COURT_A,52.24,0.3482,0.7049,0.4086,109.82,0.3334,0.6897,0.009182,9.13,3.96,5.18,WARNING,event_day
4950.0,FOOD_COURT_A,43.24,0.2883,0.7201,0.3076,88.57,0.1921,0.7039,0.009598,21.16,11.76,9.41,WARNING,event_day
4951.0,FOOD_COURT_A,55.55,0.3703,0.3115,0.3911,82.26,0.236,0.7672,0.011486,15.88,10.09,5.79,WARNING,event_day
4952.0,FOOD_COURT_A,69.07,0.4605,0.4507,0.4283,105.55,0.3448,0.7977,0.009657,15.3,4.47,10.83,WARNING,event_day
4953.0,FOOD_COURT_A,56.52,0.3768,0.4572,0.3922,114.16,0.3502,0.6395,0.014585,18.17,8.72,9.46,WARNING,event_day
4954.0,FOOD_COURT_A,57.69,0.3846,0.6528,0.3821,93.07,0.2893,0.6765,0.009208,17.2,6.56,10.64,WARNING,event_day
4955.0,FOOD_COURT_A,42.16,0.2811,0.685,0.3755,104.37,0.3183,0.6464,0.010114,11.49,2.66,8.83,WARNING,event_day
4956.0,FOOD_COURT_A,41.17,0.2744,0.5716,0.3628,140.47,0.3168,0.8633,0.018183,12.82,6.6,6.22,WARNING,event_day
4957.0,FOOD_COURT_A,45.63,0.3042,0.6428,0.3852,115.34,0.2355,0.8166,0.015542,13.64,5.9,7.73,WARNING,event_day
4958.0,FOOD_COURT_A,56.48,0.3766,0.7208,0.4007,123.14,0.3306,0.7902,0.008073,14.75,4.77,9.98,WARNING,event_day
4959.0,FOOD_COURT_A,63.11,0.4207,0.4912,0.4248,118.89,0.1709,0.8713,0.007644,18.58,11.16,7.43,WARNING,event_day
4960.0,FOOD_COURT_A,60.97,0.4065,0.4653,0.3954,117.15,0.3448,0.7706,0.009302,16.79,8.96,7.83,WARNING,event_day
4961.0,FOOD_COURT_A,62.19,0.4146,0.5074,0.2605,108.61,0.3107,0.6318,0.011541,15.3,11.11,4.2,WARNING,event_day
4962.0,FOOD_COURT_A,65.17,0.4344,0.6104,0.2666,83.31,0.2512,0.6142,0.015231,7.97,7.97,0.0,WARNING,event_day
4963.0,FOOD_COURT_A,66.32,0.4421,0.8373,0.3976,109.77,0.2724,0.571,0.011913,15.51,4.27,11.24,WARNING,event_day
4964.0,FOOD_COURT_A,66.27,0.4418,0.8347,0.4484,117.61,0.3827,0.8128,0.012397,13.63,6.29,7.34,WARNING,event_day
4965.0,FOOD_COURT_A,59.57,0.3971,0.9565,0.3854,96.11,0.3505,0.7347,0.016306,18.2,10.78,7.42,WARNING,event_day
4966.0,FOOD_COURT_A,41.83,0.2788,0.53,0.2659,98.68,0.532,0.7319,0.017484,21.69,13.2,8.49,WARNING,event_day
4967.0,FOOD_COURT_A,52.54,0.3502,0.4159,0.4139,117.38,0.4587,0.6971,0.015131,16.08,10.4,5.68,WARNING,event_day
4968.0,FOOD_COURT_A,53.41,0.3561,0.676,0.3883,93.83,0.4645,0.669,0.015397,13.63,8.26,5.37,WARNING,event_day
4969.0,FOOD_COURT_A,53.83,0.3589,0.753,0.4313,127.36,0.4646,0.6661,0.014261,10.2,7.88,2.33,WARNING,event_day
4970.0,FOOD_COURT_A,51.04,0.3402,0.6788,0.3199,110.5,0.4734,0.5766,0.012707,15.43,9.08,6.35,WARNING,event_day
4971.0,FOOD_COURT_A,48.67,0.3244,0.4594,0.365,118.14,0.3916,0.5675,0.007791,14.8,7.44,7.36,WARNING,event_day
4972.0,FOOD_COURT_A,54.7,0.3647,0.5564,0.4339,118.04,0.277,0.5955,0.012308,16.11,9.96,6.15,WARNING,event_day
4973.0,FOOD_COURT_A,51.52,0.3435,0.6524,0.492,81.44,0.3531,0.7896,0.007719,12.4,8.51,3.89,WARNING,event_day
4974.0,FOOD_COURT_A,72.37,0.4824,0.7143,0.5634,88.19,0.3226,0.775,0.011297,16.66,7.43,9.24,WARNING,event_day
4975.0,FOOD_COURT_A,64.92,0.4328,0.6074,0.5059,96.16,0.349,0.6691,0.011555,17.42,8.2,9.22,WARNING,event_day
4976.0,FOOD_COURT_A,61.99,0.4133,0.5815,0.3833,100.11,0.3131,0.5581,0.010773,16.05,6.0,10.06,WARNING,event_day
4977.0,FOOD_COURT_A,57.74,0.3849,0.5866,0.2954,80.41,0.4213,0.6126,0.010282,9.63,7.83,1.8,WARNING,event_day
4978.0,FOOD_COURT_A,68.14,0.4543,0.3769,0.1954,96.97,0.361,0.5711,0.005895,9.66,5.05,4.6,WARNING,event_day
4979.0,FOOD_COURT_A,55.3,0.3687,0.5963,0.4496,61.53,0.2147,0.6129,0.01332,13.79,7.53,6.27,WARNING,event_day
4980.0,FOOD_COURT_A,64.98,0.4332,0.341,0.5268,118.11,0.4003,0.8174,0.022484,14.82,5.85,8.96,HIGH,event_day
4981.0,FOOD_COURT_A,74.68,0.4979,0.3534,0.7972,160.66,0.512,0.7456,0.023891,25.86,9.4,16.45,HIGH,event_day
4982.0,FOOD_COURT_A,76.86,0.5124,0.2994,0.6646,167.78,0.5307,0.9039,0.025785,20.6,10.03,10.57,HIGH,event_day
4983.0,FOOD_COURT_A,90.77,0.6051,0.249,0.5502,167.12,0.5867,0.8713,0.031394,23.43,12.71,10.72,HIGH,event_day
4984.0,FOOD_COURT_A,86.4,0.576,0.3826,0.6397,146.64,0.5097,0.8216,0.026726,26.3,13.87,12.43,HIGH,event_day
4985.0,FOOD_COURT_A,90.12,0.6008,0.252,0.7652,177.7,0.5268,0.8173,0.026647,27.41,13.97,13.44,HIGH,event_day
4986.0,FOOD_COURT_A,90.22,0.6015,0.2085,0.8263,181.2,0.675,0.6741,0.024716,30.11,14.65,15.46,HIGH,event_day
4987.0,FOOD_COURT_A,80.61,0.5374,0.2629,0.6918,157.32,0.6656,0.8465,0.023781,23.39,10.81,12.58,HIGH,event_day
4988.0,FOOD_COURT_A,95.74,0.6383,0.1166,0.733,186.82,0.5627,0.8171,0.024333,18.78,11.99,6.79,HIGH,event_day
4989.0,FOOD_COURT_A,84.95,0.5663,0.1775,0.569,131.62,0.4888,0.8347,0.026957,20.12,7.34,12.78,HIGH,event_day
4990.0,FOOD_COURT_A,110.56,0.7371,0.2331,0.7001,86.13,0.4752,0.8785,0.031195,18.02,9.08,8.94,HIGH,event_day
4991.0,FOOD_COURT_A,92.7,0.618,0.1585,0.6671,166.94,0.5643,0.8834,0.032152,24.11,12.59,11.53,HIGH,event_day
4992.0,FOOD_COURT_A,94.16,0.6278,0.1662,0.8488,187.71,0.5785,0.965,0.021965,19.41,10.86,8.55,HIGH,event_day
4993.0,FOOD_COURT_A,94.93,0.6329,0.1085,0.7786,168.21,0.7212,0.7948,0.029792,22.09,10.52,11.57,HIGH,event_day
4994.0,FOOD_COURT_A,82.23,0.5482,0.1941,0.7298,172.62,0.6911,0.7776,0.030147,14.53,8.21,6.32,HIGH,event_day
4995.0,FOOD_COURT_A,87.22,0.5815,0.2631,0.6807,169.96,0.551,0.9164,0.016772,21.99,4.97,17.02,HIGH,event_day
4996.0,FOOD_COURT_A,73.9,0.4927,0.4044,0.6534,116.93,0.5567,0.8466,0.018668,21.63,9.02,12.6,HIGH,event_day
4997.0,FOOD_COURT_A,68.5,0.4567,0.2215,0.6478,216.53,0.5673,0.8316,0.015509,11.3,4.41,6.89,HIGH,event_day
4998.0,FOOD_COURT_A,77.11,0.514,0.4424,0.6867,209.08,0.6488,0.9017,0.017302,14.9,8.49,6.41,HIGH,event_day
4999.0,FOOD_COURT_A,86.15,0.5743,0.1961,0.7182,163.65,0.6502,0.9129,0.025479,15.52,6.29,9.23,HIGH,event_day
5000.0,FOOD_COURT_A,75.56,0.5037,0.2639,0.5765,158.36,0.5561,0.8707,0.03124,25.81,12.5,13.3,HIGH,event_day
5001.0,FOOD_COURT_A,83.32,0.5555,0.3978,0.6339,156.93,0.5239,0.8889,0.021632,13.37,4.11,9.26,HIGH,event_day
5002.0,FOOD_COURT_A,90.7,0.6046,0.2035,0.8353,177.31,0.5404,0.8249,0.032368,17.75,9.24,8.51,HIGH,event_day
5003.0,FOOD_COURT_A,90.08,0.6006,0.1329,0.8024,187.28,0.5761,0.9085,0.026362,18.62,7.95,10.68,HIGH,event_day
5004.0,FOOD_COURT_A,89.56,0.5971,0.1711,0.7836,174.94,0.4743,0.855,0.036405,25.79,12.62,13.17,HIGH,event_day
5005.0,FOOD_COURT_A,98.97,0.6598,0.1206,0.8743,197.92,0.5207,0.8512,0.030538,17.81,3.58,14.23,HIGH,event_day
5006.0,FOOD_COURT_A,91.76,0.6117,0.2104,0.9523,174.68,0.5645,0.8688,0.026007,14.22,5.4,8.82,HIGH,event_day
5007.0,FOOD_COURT_A,95.42,0.6361,0.1739,0.7186,117.62,0.6416,0.8516,0.021876,20.44,10.26,10.18,HIGH,event_day
5008.0,FOOD_COURT_A,115.03,0.7669,0.163,0.7605,134.03,0.5791,0.9555,0.019507,22.18,10.91,11.28,HIGH,event_day
5009.0,FOOD_COURT_A,94.53,0.6302,0.1787,0.7537,197.69,0.6589,0.9251,0.020017,13.89,6.53,7.36,HIGH,event_day
5010.0,FOOD_COURT_A,82.79,0.5519,0.1776,0.7469,179.44,0.5842,0.9775,0.022657,16.5,9.34,7.16,HIGH,event_day
5011.0,FOOD_COURT_A,83.68,0.5579,0.2492,0.7056,201.95,0.5413,0.8952,0.020503,27.23,12.44,14.79,HIGH,event_day
5012.0,FOOD_COURT_A,77.16,0.5144,0.1291,0.6375,174.78,0.4975,0.8028,0.024426,27.94,11.5,16.44,HIGH,event_day
5013.0,FOOD_COURT_A,93.11,0.6207,0.1551,0.6107,156.24,0.5329,0.8021,0.021841,21.99,11.97,10.02,HIGH,event_day
5014.0,FOOD_COURT_A,90.07,0.6004,0.2395,0.6781,180.7,0.4583,0.808,0.034331,20.63,11.81,8.82,HIGH,event_day
5015.0,FOOD_COURT_A,81.02,0.5401,0.1907,0.7019,141.88,0.5093,0.691,0.032531,19.43,8.46,10.97,HIGH,event_day
5016.0,FOOD_COURT_A,86.25,0.575,0.171,0.6616,186.6,0.5141,0.7123,0.019607,19.71,12.22,7.49,HIGH,event_day
5017.0,FOOD_COURT_A,89.07,0.5938,0.2084,0.8698,156.07,0.587,0.8249,0.025645,27.96,18.1,9.86,HIGH,event_day
5018.0,FOOD_COURT_A,93.65,0.6244,0.1986,0.9013,197.51,0.631,0.6741,0.015719,25.74,12.51,13.23,HIGH,event_day
5019.0,FOOD_COURT_A,82.24,0.5483,0.0998,0.6186,182.91,0.5815,0.7846,0.021814,22.11,13.25,8.86,HIGH,event_day
5020.0,FOOD_COURT_A,86.68,0.5779,0.2093,0.7435,203.21,0.5,0.836,0.027625,25.85,12.28,13.57,HIGH,event_day
5021.0,FOOD_COURT_A,83.85,0.559,0.2376,0.8832,212.64,0.4869,0.8355,0.015819,27.11,14.26,12.84,HIGH,event_day
5022.0,FOOD_COURT_A,91.86,0.6124,0.2683,0.7697,207.8,0.4614,0.8621,0.02077,22.09,9.84,12.25,HIGH,event_day
5023.0,FOOD_COURT_A,86.03,0.5735,0.3378,0.6471,207.68,0.545,0.7833,0.020065,26.0,15.75,10.25,HIGH,event_day
5024.0,FOOD_COURT_A,94.07,0.6271,0.2482,0.8153,178.86,0.5522,0.8814,0.022757,22.13,14.89,7.24,HIGH,event_day
5025.0,FOOD_COURT_A,95.58,0.6372,0.1467,0.9446,201.88,0.5059,0.8387,0.021966,14.64,7.94,6.7,HIGH,event_day
5026.0,FOOD_COURT_A,93.84,0.6256,0.2661,0.7943,180.25,0.4482,0.781,0.02888,25.33,11.51,13.81,HIGH,event_day
5027.0,FOOD_COURT_A,65.8,0.4386,0.2572,0.6735,153.88,0.5819,0.8803,0.019416,24.34,13.09,11.25,HIGH,event_day
5028.0,FOOD_COURT_A,80.09,0.5339,0.2587,0.584,160.73,0.5498,0.8798,0.016743,18.68,11.45,7.23,HIGH,event_day
5029.0,FOOD_COURT_A,93.98,0.6265,0.1932,0.7167,163.68,0.4834,0.8733,0.023444,19.85,10.81,9.04,HIGH,event_day
5030.0,FOOD_COURT_A,98.13,0.6542,0.2508,0.6963,150.56,0.4678,0.7636,0.017166,18.33,6.86,11.47,HIGH,event_day
5031.0,FOOD_COURT_A,81.29,0.542,0.2595,0.6063,146.86,0.4805,0.7688,0.019889,17.31,6.74,10.57,HIGH,event_day
5032.0,FOOD_COURT_A,73.43,0.4895,0.2176,0.5478,222.24,0.5085,0.8668,0.014851,21.17,11.0,10.17,HIGH,event_day
5033.0,FOOD_COURT_A,78.57,0.5238,0.1343,0.7026,249.21,0.6463,0.8054,0.021368,26.79,13.25,13.54,HIGH,event_day
5034.0,FOOD_COURT_A,95.94,0.6396,0.352,0.7095,173.01,0.5334,0.832,0.022877,19.51,12.09,7.43,HIGH,event_day
5035.0,FOOD_COURT_A,84.72,0.5648,0.2757,0.7647,146.63,0.4592,0.9235,0.026047,20.25,12.95,7.3,HIGH,event_day
5036.0,FOOD_COURT_A,79.74,0.5316,0.1162,0.6797,238.12,0.4794,0.8149,0.019954,17.18,6.58,10.6,HIGH,event_day
5037.0,FOOD_COURT_A,99.11,0.6608,0.1808,0.7483,134.69,0.5929,0.842,0.019091,20.45,10.12,10.33,HIGH,event_day
5038.0,FOOD_COURT_A,99.54,0.6636,0.2771,0.8118,158.33,0.5421,0.7294,0.037052,16.52,6.78,9.74,HIGH,event_day
5039.0,FOOD_COURT_A,97.61,0.6507,0.2441,0.685,202.08,0.5955,0.9145,0.031561,19.62,7.45,12.17,HIGH,event_day
5040.0,FOOD_COURT_A,104.49,0.6966,0.3075,0.8177,227.84,0.5512,0.895,0.026297,13.28,8.42,4.85,HIGH,event_day
5041.0,FOOD_COURT_A,113.24,0.7549,0.3026,0.5482,223.26,0.5099,0.9279,0.032766,15.61,11.62,3.99,HIGH,event_day
5042.0,FOOD_COURT_A,102.79,0.6853,0.189,0.6547,190.35,0.5201,0.8627,0.014747,17.53,7.44,10.09,HIGH,event_day
5043.0,FOOD_COURT_A,74.83,0.4989,0.1937,0.7408,189.05,0.5863,0.9588,0.015784,24.72,11.33,13.39,HIGH,event_day
5044.0,FOOD_COURT_A,78.85,0.5257,0.1866,0.7561,179.6,0.583,0.8383,0.018903,13.95,6.02,7.93,HIGH,event_day
5045.0,FOOD_COURT_A,90.56,0.6037,0.1289,0.7173,173.48,0.4891,0.8484,0.02167,20.02,7.63,12.39,HIGH,event_day
5046.0,FOOD_COURT_A,93.83,0.6255,0.1955,0.7028,173.96,0.4954,0.8507,0.026341,24.12,12.95,11.18,HIGH,event_day
5047.0,FOOD_COURT_A,83.98,0.5599,0.3604,0.5849,158.67,0.6169,0.7391,0.027557,27.95,12.88,15.08,HIGH,event_day
5048.0,FOOD_COURT_A,94.09,0.6273,0.3694,0.6328,162.67,0.6024,0.7553,0.034715,15.0,10.52,4.48,HIGH,event_day
5049.0,FOOD_COURT_A,90.06,0.6004,0.167,0.6419,174.18,0.5367,0.7765,0.021881,18.97,10.72,8.25,HIGH,event_day
5050.0,FOOD_COURT_A,97.6,0.6507,0.2085,0.6641,171.79,0.5635,0.8504,0.015866,24.08,9.6,14.48,HIGH,event_day
5051.0,FOOD_COURT_A,84.06,0.5604,0.3338,0.6766,154.63,0.4323,0.8555,0.022556,26.04,11.91,14.13,HIGH,event_day
5052.0,FOOD_COURT_A,90.52,0.6034,0.3162,0.8424,221.18,0.5284,0.9056,0.022312,15.58,10.26,5.32,HIGH,event_day
5053.0,FOOD_COURT_A,90.98,0.6065,0.4229,0.6992,210.74,0.5656,0.9717,0.020615,28.71,15.64,13.07,HIGH,event_day
5054.0,FOOD_COURT_A,105.78,0.7052,0.4429,0.7538,200.87,0.3924,0.8959,0.02272,24.71,15.35,9.36,HIGH,event_day
5055.0,FOOD_COURT_A,102.52,0.6834,0.3944,0.7922,153.0,0.5475,0.8659,0.021212,19.96,9.07,10.89,HIGH,event_day
5056.0,FOOD_COURT_A,91.28,0.6085,0.3177,0.7467,171.76,0.4817,0.8193,0.027283,24.89,15.71,9.18,HIGH,event_day
5057.0,FOOD_COURT_A,84.62,0.5641,0.2868,0.6639,170.34,0.5676,0.8755,0.031178,23.34,12.79,10.55,HIGH,event_day
5058.0,FOOD_COURT_A,60.1,0.4007,0.3274,0.3737,91.03,0.5162,0.6779,0.016108,18.61,8.13,10.48,WARNING,event_day
5059.0,FOOD_COURT_A,60.09,0.4006,0.6653,0.3323,58.02,0.3987,0.7042,0.012002,9.34,3.78,5.55,WARNING,event_day
5060.0,FOOD_COURT_A,50.49,0.3366,0.7102,0.2792,106.89,0.3924,0.6477,0.008594,18.82,13.38,5.44,WARNING,event_day
5061.0,FOOD_COURT_A,53.31,0.3554,0.5757,0.3258,117.9,0.2529,0.5823,0.003398,14.81,8.79,6.02,WARNING,event_day
5062.0,FOOD_COURT_A,49.33,0.3289,0.5674,0.3808,83.39,0.2169,0.8489,0.018113,14.72,7.56,7.16,WARNING,event_day
5063.0,FOOD_COURT_A,48.3,0.322,0.5226,0.3971,112.72,0.2789,0.8978,0.015202,14.74,7.8,6.94,WARNING,event_day
5064.0,FOOD_COURT_A,65.68,0.4379,0.4842,0.4326,87.26,0.3552,0.6549,0.006267,9.93,5.86,4.07,WARNING,event_day
5065.0,FOOD_COURT_A,62.99,0.42,0.9123,0.3832,99.7,0.3427,0.6135,0.004689,15.74,9.23,6.51,WARNING,event_day
5066.0,FOOD_COURT_A,67.17,0.4478,0.7791,0.4485,85.39,0.3264,0.6546,0.006032,17.49,6.47,11.02,WARNING,event_day
5067.0,FOOD_COURT_A,51.4,0.3427,0.4915,0.4323,101.08,0.4084,0.7731,0.011905,10.77,5.27,5.51,WARNING,event_day
5068.0,FOOD_COURT_A,58.0,0.3867,0.5282,0.2782,101.55,0.4054,0.7068,0.011143,17.62,8.37,9.25,WARNING,event_day
5069.0,FOOD_COURT_A,47.92,0.3195,0.6721,0.3209,109.92,0.2956,0.6871,0.015424,11.12,10.37,0.75,WARNING,event_day
5070.0,FOOD_COURT_A,54.09,0.3606,0.397,0.3686,108.06,0.2521,0.8461,0.010649,12.08,6.0,6.08,WARNING,event_day
5071.0,FOOD_COURT_A,48.31,0.3221,0.6235,0.436,87.09,0.3353,0.7715,0.011917,13.94,5.68,8.26,WARNING,event_day
5072.0,FOOD_COURT_A,49.78,0.3319,0.7541,0.3916,86.33,0.3089,0.6679,0.006099,17.49,9.7,7.78,WARNING,event_day
5073.0,FOOD_COURT_A,54.44,0.363,0.4092,0.3283,113.75,0.3586,0.6392,0.00183,9.65,7.67,1.98,WARNING,event_day
5074.0,FOOD_COURT_A,53.85,0.359,0.6389,0.3118,119.93,0.3673,0.7345,0.014123,16.65,9.09,7.56,WARNING,event_day
5075.0,FOOD_COURT_A,48.71,0.3247,0.6937,0.3862,72.48,0.4851,0.655,0.012679,13.88,9.21,4.67,WARNING,event_day
5076.0,FOOD_COURT_A,46.78,0.3119,0.5334,0.4322,94.79,0.3919,0.565,0.010797,20.01,11.78,8.24,WARNING,event_day
5077.0,FOOD_COURT_A,56.36,0.3758,0.5472,0.4095,87.1,0.4297,0.6034,0.008906,24.25,13.76,10.49,WARNING,event_day
5078.0,FOOD_COURT_A,57.02,0.3802,0.5184,0.2997,108.36,0.3455,0.7186,0.016713,10.99,6.81,4.18,WARNING,event_day
5079.0,FOOD_COURT_A,46.57,0.3105,0.5625,0.4013,106.5,0.4687,0.7449,0.01579,9.75,6.21,3.54,WARNING,event_day
5080.0,FOOD_COURT_A,56.34,0.3756,0.5452,0.4073,114.2,0.4304,0.6601,0.011006,6.61,4.48,2.13,WARNING,event_day
5081.0,FOOD_COURT_A,55.38,0.3692,0.6278,0.2116,82.94,0.4532,0.7311,0.013056,15.25,7.91,7.35,WARNING,event_day
5082.0,FOOD_COURT_A,43.91,0.2927,0.532,0.1697,106.79,0.2519,0.6159,0.010112,22.96,14.41,8.55,WARNING,event_day
5083.0,FOOD_COURT_A,49.66,0.3311,0.5956,0.3393,112.93,0.3903,0.5023,0.009823,9.98,5.34,4.64,WARNING,event_day
5084.0,FOOD_COURT_A,65.01,0.4334,0.7444,0.3965,106.74,0.34,0.7178,0.010155,15.06,9.39,5.67,WARNING,event_day
5085.0,FOOD_COURT_A,55.29,0.3686,0.7452,0.2692,102.47,0.4148,0.7653,0.00339,19.83,7.88,11.94,WARNING,event_day
5086.0,FOOD_COURT_A,69.43,0.4629,0.7308,0.2924,123.31,0.3768,0.6061,0.00911,14.58,8.2,6.38,WARNING,event_day
5087.0,FOOD_COURT_A,70.82,0.4722,0.8764,0.3502,138.13,0.288,0.6022,0.015945,16.12,7.65,8.48,WARNING,event_day
5088.0,FOOD_COURT_A,56.6,0.3774,0.9517,0.3951,116.61,0.2077,0.5708,0.011144,8.98,6.43,2.55,WARNING,event_day
5089.0,FOOD_COURT_A,51.32,0.3421,0.8075,0.3631,92.79,0.322,0.7185,0.009954,18.94,11.16,7.78,WARNING,event_day
5090.0,FOOD_COURT_A,57.27,0.3818,0.6177,0.4469,102.03,0.3948,0.7024,0.011807,14.34,6.87,7.48,WARNING,event_day
5091.0,FOOD_COURT_A,51.53,0.3435,0.5894,0.4052,131.57,0.3009,0.6884,0.013932,13.61,7.16,6.45,WARNING,event_day
5092.0,FOOD_COURT_A,66.29,0.442,0.6564,0.3743,95.37,0.4801,0.7794,0.010315,12.56,8.75,3.81,WARNING,event_day
5093.0,FOOD_COURT_A,57.5,0.3833,0.6551,0.4817,110.27,0.2924,0.6975,0.006589,11.74,6.6,5.14,WARNING,event_day
5094.0,FOOD_COURT_A,58.23,0.3882,0.7031,0.321,81.17,0.4189,0.7657,0.008867,12.07,4.78,7.29,WARNING,event_day
5095.0,FOOD_COURT_A,51.79,0.3453,0.4235,0.3697,81.64,0.4148,0.8579,0.009429,14.54,6.88,7.66,WARNING,event_day
5096.0,FOOD_COURT_A,54.4,0.3627,0.5469,0.4082,96.46,0.2801,0.6995,0.015624,9.57,3.8,5.76,WARNING,event_day
5097.0,FOOD_COURT_A,53.0,0.3533,0.5909,0.331,88.06,0.247,0.6525,0.012296,15.9,11.35,4.55,WARNING,event_day
5098.0,FOOD_COURT_A,44.83,0.2989,0.5516,0.4203,91.94,0.1791,0.7045,0.005604,16.4,6.98,9.42,WARNING,event_day
5099.0,FOOD_COURT_A,44.06,0.2937,0.5591,0.3107,77.96,0.3264,0.6487,0.015672,11.81,5.97,5.84,WARNING,event_day
5100.0,FOOD_COURT_A,45.81,0.3054,0.5219,0.3676,84.92,0.3241,0.6293,0.011227,14.97,7.27,7.7,WARNING,event_day
5101.0,FOOD_COURT_A,55.36,0.3691,0.6697,0.2662,113.29,0.3139,0.6984,0.017089,9.41,6.77,2.63,WARNING,event_day
5102.0,FOOD_COURT_A,42.94,0.2862,0.4914,0.3252,97.78,0.4308,0.6662,0.017212,17.3,10.04,7.25,WARNING,event_day
5103.0,FOOD_COURT_A,35.07,0.2338,1.1432,0.1493,71.19,0.2025,0.5358,0.006607,5.5,2.81,2.69,SAFE,event_day
5104.0,FOOD_COURT_A,32.8,0.2187,1.1027,0.1773,59.51,0.1552,0.4433,0.004429,9.56,5.25,4.31,SAFE,event_day
5105.0,FOOD_COURT_A,28.59,0.1906,1.1104,0.182,45.4,0.086,0.4653,0.004405,10.05,4.18,5.86,SAFE,event_day
5106.0,FOOD_COURT_A,28.76,0.1917,1.0823,0.1112,54.51,0.0815,0.4346,0.003393,8.06,3.01,5.05,SAFE,event_day
5107.0,FOOD_COURT_A,13.72,0.0915,1.1817,0.0832,49.59,0.0894,0.4036,0.002019,6.0,5.78,0.21,SAFE,event_day
5108.0,FOOD_COURT_A,21.66,0.1444,1.0386,0.087,31.55,0.0948,0.394,0.003915,4.0,2.67,1.33,SAFE,event_day
5109.0,FOOD_COURT_A,19.71,0.1314,1.1909,0.1051,50.92,0.1146,0.3911,0.00477,6.63,4.31,2.33,SAFE,event_day
5110.0,FOOD_COURT_A,26.27,0.1751,1.3604,0.0315,47.24,0.0414,0.2855,0.001431,8.44,4.87,3.57,SAFE,event_day
5111.0,FOOD_COURT_A,11.13,0.0742,1.5277,0.1555,52.27,0.0515,0.4661,0.002105,9.17,3.8,5.37,SAFE,event_day
5112.0,FOOD_COURT_A,22.23,0.1482,1.0613,0.2372,45.71,0.0938,0.4477,0.002197,3.73,1.94,1.79,SAFE,event_day
5113.0,FOOD_COURT_A,22.27,0.1485,1.206,0.1462,61.94,0.0852,0.369,0.002565,9.85,4.84,5.01,SAFE,event_day
5114.0,FOOD_COURT_A,32.58,0.2172,1.3056,0.0632,32.1,0.0692,0.3093,0.002551,6.66,1.6,5.06,SAFE,event_day
5115.0,FOOD_COURT_A,20.43,0.1362,1.2756,0.1058,60.24,0.0501,0.4289,0.001974,6.42,4.4,2.01,SAFE,event_day
5116.0,FOOD_COURT_A,24.78,0.1652,1.32,0.1134,48.7,0.0492,0.34,0.000592,10.52,6.29,4.23,SAFE,event_day
5117.0,FOOD_COURT_A,32.35,0.2157,1.4954,0.034,51.73,0.0403,0.4764,0.001608,5.4,2.87,2.53,SAFE,event_day
5118.0,FOOD_COURT_A,86.36,0.5757,0.551,0.5434,98.58,0.4228,0.7445,0.015686,13.46,5.66,7.8,HIGH,event_day
5119.0,FOOD_COURT_A,87.12,0.5808,0.2622,0.7562,196.92,0.3008,0.8425,0.014534,21.39,10.84,10.55,HIGH,event_day
5120.0,FOOD_COURT_A,95.97,0.6398,0.1769,0.7353,187.92,0.5335,0.7902,0.014764,24.14,14.85,9.29,HIGH,event_day
5121.0,FOOD_COURT_A,105.48,0.7032,0.1648,0.7904,184.08,0.593,0.9092,0.021592,23.51,12.84,10.66,HIGH,event_day
5122.0,FOOD_COURT_A,101.7,0.678,0.1748,0.9024,132.06,0.6014,0.8968,0.028761,22.7,13.01,9.69,HIGH,event_day
5123.0,FOOD_COURT_A,100.41,0.6694,0.2087,0.7576,161.71,0.6862,0.8983,0.029967,19.82,10.51,9.31,HIGH,event_day
5124.0,FOOD_COURT_A,86.01,0.5734,0.2536,0.6652,169.35,0.5777,0.8795,0.025511,15.12,8.51,6.61,HIGH,event_day
5125.0,FOOD_COURT_A,113.0,0.7533,0.2428,0.6334,199.51,0.5508,0.7874,0.026557,19.77,8.87,10.9,HIGH,event_day
5126.0,FOOD_COURT_A,71.18,0.4745,0.4048,0.7678,190.77,0.6722,0.8186,0.026869,22.5,12.05,10.45,HIGH,event_day
5127.0,FOOD_COURT_A,94.13,0.6275,0.2995,0.7761,212.89,0.6211,0.855,0.02579,14.16,9.6,4.56,HIGH,event_day
5128.0,FOOD_COURT_A,74.74,0.4982,0.1954,0.7183,199.8,0.6521,0.8888,0.019734,15.85,7.11,8.74,HIGH,event_day
5129.0,FOOD_COURT_A,92.2,0.6147,0.2028,0.8172,210.54,0.5891,0.9276,0.020516,21.65,12.74,8.92,HIGH,event_day
5130.0,FOOD_COURT_A,81.79,0.5453,0.2315,0.6311,183.4,0.6676,0.8365,0.020401,20.16,5.97,14.18,HIGH,event_day
5131.0,FOOD_COURT_A,89.27,0.5951,0.2249,0.7167,183.95,0.5653,0.8551,0.028514,20.68,14.64,6.04,HIGH,event_day
5132.0,FOOD_COURT_A,92.87,0.6192,0.3194,0.6938,187.53,0.582,0.801,0.025341,26.72,13.79,12.93,HIGH,event_day
5133.0,FOOD_COURT_A,80.59,0.5373,0.2826,0.6532,200.72,0.5963,0.8298,0.027229,18.39,13.46,4.93,HIGH,event_day
5134.0,FOOD_COURT_A,87.61,0.5841,0.2918,0.6335,203.33,0.6229,0.8167,0.027069,18.75,11.25,7.5,HIGH,event_day
5135.0,FOOD_COURT_A,100.7,0.6713,0.2044,0.784,179.37,0.6668,0.785,0.030778,24.75,8.75,16.0,HIGH,event_day
5136.0,FOOD_COURT_A,90.73,0.6049,0.1353,0.7984,179.8,0.5638,0.8471,0.033043,21.92,8.51,13.41,HIGH,event_day
5137.0,FOOD_COURT_A,83.72,0.5582,0.1388,0.8066,195.09,0.7202,0.9541,0.025746,19.77,7.9,11.88,HIGH,event_day
5138.0,FOOD_COURT_A,63.96,0.4264,0.2201,0.6614,213.43,0.6505,0.9862,0.012729,20.35,13.33,7.03,HIGH,event_day
5139.0,FOOD_COURT_A,75.28,0.5018,0.288,0.8835,202.88,0.5864,0.8773,0.016385,23.44,13.17,10.27,HIGH,event_day
5140.0,FOOD_COURT_A,78.1,0.5207,0.2977,0.8904,163.07,0.6757,0.8346,0.017035,23.19,11.32,11.86,HIGH,event_day
5141.0,FOOD_COURT_A,82.22,0.5482,0.1647,0.8263,194.84,0.6271,0.8953,0.033691,21.24,14.13,7.11,HIGH,event_day
5142.0,FOOD_COURT_A,75.71,0.5048,0.2479,0.8689,153.14,0.5437,0.8095,0.026,22.06,10.52,11.54,HIGH,event_day
5143.0,FOOD_COURT_A,81.74,0.5449,0.1886,0.7618,130.41,0.4727,0.7523,0.02228,22.68,12.78,9.9,HIGH,event_day
5144.0,FOOD_COURT_A,84.73,0.5648,0.2375,0.6778,224.83,0.6663,0.8775,0.019562,13.9,8.18,5.73,HIGH,event_day
5145.0,FOOD_COURT_A,85.78,0.5719,0.1183,0.7684,151.8,0.5197,0.8815,0.028801,13.08,6.44,6.64,HIGH,event_day
5146.0,FOOD_COURT_A,95.04,0.6336,0.2754,0.7814,157.02,0.4266,0.8418,0.035233,23.69,10.05,13.64,HIGH,event_day
5147.0,FOOD_COURT_A,88.48,0.5899,0.3832,0.6581,165.32,0.5012,0.709,0.02598,22.01,11.78,10.23,HIGH,event_day
5148.0,FOOD_COURT_A,95.99,0.6399,0.2254,0.7505,211.49,0.4525,0.7409,0.036604,16.28,12.62,3.66,HIGH,event_day
5149.0,FOOD_COURT_A,81.99,0.5466,0.1791,0.8526,242.12,0.5216,0.8184,0.024869,18.83,13.52,5.32,HIGH,event_day
5150.0,FOOD_COURT_A,94.16,0.6277,0.0733,0.8122,224.37,0.6797,0.7187,0.030249,23.09,11.69,11.39,HIGH,event_day
5151.0,FOOD_COURT_A,88.07,0.5871,0.1948,0.7989,192.07,0.5553,0.7431,0.031432,13.6,6.24,7.36,HIGH,event_day
5152.0,FOOD_COURT_A,87.05,0.5804,0.3051,0.7589,201.57,0.6063,0.8184,0.016081,10.29,3.64,6.65,HIGH,event_day
5153.0,FOOD_COURT_A,87.25,0.5817,0.1818,0.7098,192.14,0.6077,0.9248,0.028804,16.57,7.4,9.17,HIGH,event_day
5154.0,FOOD_COURT_A,75.46,0.5031,0.2758,0.5941,170.75,0.5755,0.807,0.028898,24.7,16.19,8.51,HIGH,event_day
5155.0,FOOD_COURT_A,77.82,0.5188,0.3229,0.7717,156.24,0.5577,0.8708,0.026887,14.1,5.28,8.82,HIGH,event_day
5156.0,FOOD_COURT_A,97.01,0.6467,0.3047,0.6636,159.24,0.5764,0.9485,0.028994,17.9,8.3,9.6,HIGH,event_day
5157.0,FOOD_COURT_A,95.44,0.6363,0.4589,0.6875,164.5,0.7331,0.8037,0.01583,21.47,9.93,11.54,HIGH,event_day
5158.0,FOOD_COURT_A,89.47,0.5965,0.3719,0.5314,154.38,0.5369,0.8285,0.019595,19.82,9.99,9.84,HIGH,event_day
5159.0,FOOD_COURT_A,95.75,0.6383,0.2495,0.7718,204.13,0.6937,0.903,0.018321,23.35,10.54,12.81,HIGH,event_day
5160.0,FOOD_COURT_A,92.35,0.6156,0.1646,0.8248,174.69,0.6574,0.8354,0.026372,23.66,9.6,14.06,HIGH,event_day
5161.0,FOOD_COURT_A,70.88,0.4726,0.6704,0.4839,71.64,0.3183,0.6728,0.017413,14.04,4.88,9.16,WARNING,event_day
5162.0,FOOD_COURT_A,33.25,0.2217,0.9822,0.1583,54.15,0.1588,0.4831,0.007545,8.08,2.91,5.18,SAFE,event_day
5163.0,FOOD_COURT_A,23.45,0.1564,1.3547,0.1606,56.4,0.1213,0.2305,0.004549,7.2,4.68,2.53,SAFE,event_day
5164.0,FOOD_COURT_A,26.56,0.1771,1.3427,0.0593,45.65,0.0801,0.42,0.002622,8.1,2.83,5.26,SAFE,event_day
5165.0,FOOD_COURT_A,25.21,0.1681,1.1032,0.0496,50.46,0.024,0.446,0.003252,8.44,4.28,4.16,SAFE,event_day
5166.0,FOOD_COURT_A,13.65,0.091,1.3094,0.0248,50.93,0.0683,0.284,0.003296,6.88,2.61,4.26,SAFE,event_day
5167.0,FOOD_COURT_A,18.31,0.1221,1.3548,0.098,43.06,0.04,0.4238,0.003685,7.29,3.99,3.3,SAFE,event_day
5168.0,FOOD_COURT_A,18.52,0.1234,1.0888,0.1152,63.95,0.0513,0.4725,0.003057,4.31,1.53,2.77,SAFE,event_day
5169.0,FOOD_COURT_A,46.81,0.312,0.8002,0.306,82.83,0.3177,0.5223,0.010418,15.51,5.94,9.57,WARNING,event_day
5170.0,FOOD_COURT_A,54.75,0.365,0.6883,0.379,63.13,0.1868,0.6587,0.011272,12.8,4.71,8.09,WARNING,event_day
5171.0,FOOD_COURT_A,29.97,0.1998,1.2138,0.1137,26.6,0.111,0.605,0.007263,4.24,1.93,2.31,SAFE,event_day
5172.0,FOOD_COURT_A,53.48,0.3566,0.9293,0.3071,74.66,0.2557,0.5577,0.014346,20.29,10.18,10.11,WARNING,event_day
5173.0,FOOD_COURT_A,49.85,0.3323,0.6145,0.2938,104.3,0.2499,0.7076,0.01572,20.54,10.67,9.87,WARNING,event_day
5174.0,FOOD_COURT_A,26.28,0.1752,1.0924,0.128,48.54,0.099,0.5132,0.004716,4.19,3.27,0.92,SAFE,event_day
5175.0,FOOD_COURT_A,41.19,0.2746,1.2602,0.0384,39.47,0.0612,0.7043,0.003186,12.57,6.38,6.19,SAFE,event_day
5176.0,FOOD_COURT_A,23.06,0.1537,1.2423,0.0193,44.52,0.0813,0.4684,0.002853,8.47,2.77,5.7,SAFE,event_day
5177.0,FOOD_COURT_A,10.24,0.0683,1.2629,0.0898,47.35,0.078,0.4273,0.003427,6.31,1.76,4.56,SAFE,event_day
5178.0,FOOD_COURT_A,24.14,0.161,1.3233,0.0438,54.03,0.0394,0.4211,0.004955,7.85,5.39,2.46,SAFE,event_day
5179.0,FOOD_COURT_A,19.53,0.1302,1.0418,0.0752,63.4,0.0745,0.6763,0.005731,7.44,4.69,2.75,SAFE,event_day
5180.0,FOOD_COURT_A,23.95,0.1597,1.1678,0.0488,46.43,0.1138,0.4767,0.002936,5.2,4.52,0.67,SAFE,event_day
5181.0,FOOD_COURT_A,16.88,0.1125,1.5098,0.1073,50.47,0.0722,0.4215,0.003033,5.62,2.26,3.36,SAFE,event_day
5182.0,FOOD_COURT_A,15.59,0.1039,1.2233,0.0508,53.76,0.0863,0.2691,0.001879,5.71,1.23,4.48,SAFE,event_day
5183.0,FOOD_COURT_A,17.16,0.1144,1.0787,0.0191,41.73,0.0512,0.3538,0.004822,5.9,2.83,3.08,SAFE,event_day
5184.0,FOOD_COURT_A,36.61,0.2441,1.1006,0.0927,60.54,0.0811,0.3504,0.004079,11.04,6.25,4.79,SAFE,event_day
5185.0,FOOD_COURT_A,26.1,0.174,1.0569,0.1363,47.01,0.035,0.2375,0.002535,7.92,2.67,5.25,SAFE,event_day
5186.0,FOOD_COURT_A,26.76,0.1784,1.012,0.1378,37.86,0.0454,0.2915,0.000761,11.05,5.2,5.85,SAFE,event_day
5187.0,FOOD_COURT_A,28.72,0.1915,1.425,0.0413,51.62,0.0364,0.4686,0.000534,6.69,3.62,3.08,SAFE,event_day
5188.0,FOOD_COURT_A,30.35,0.2023,0.9135,0.0124,55.02,0.0986,0.4311,0.001422,10.85,6.41,4.44,SAFE,event_day
5189.0,FOOD_COURT_A,19.73,0.1315,0.7018,0.0475,51.15,0.0914,0.4625,0.003402,10.26,5.28,4.98,SAFE,event_day
5190.0,FOOD_COURT_A,18.46,0.1231,1.2191,0.1191,29.83,0.1115,0.4734,0.001714,5.17,2.89,2.28,SAFE,event_day
5191.0,FOOD_COURT_A,33.58,0.2238,1.2092,0.1007,47.22,0.0406,0.4618,0.003386,2.38,1.79,0.59,SAFE,event_day
5192.0,FOOD_COURT_A,16.75,0.1117,1.0395,0.0963,38.7,0.1148,0.5313,0.005215,4.82,0.0,4.82,SAFE,event_day
5193.0,FOOD_COURT_A,55.45,0.3697,0.8243,0.218,75.54,0.3156,0.6616,0.01323,13.19,3.54,9.66,WARNING,event_day
5194.0,FOOD_COURT_A,83.29,0.5552,0.4891,0.5811,132.56,0.6076,0.6344,0.026022,22.47,14.31,8.16,HIGH,event_day
5195.0,FOOD_COURT_A,63.57,0.4238,0.2535,0.6958,155.85,0.6208,0.816,0.026696,23.01,12.5,10.51,HIGH,event_day
5196.0,FOOD_COURT_A,66.11,0.4407,0.4664,0.4856,160.51,0.4359,0.6487,0.017571,14.47,7.26,7.21,WARNING,event_day
5197.0,FOOD_COURT_A,46.91,0.3128,0.3708,0.3958,114.09,0.3993,0.8172,0.016627,12.26,8.71,3.55,WARNING,event_day
5198.0,FOOD_COURT_A,58.82,0.3921,0.4233,0.3215,82.46,0.3719,0.7751,0.01404,13.53,8.0,5.53,WARNING,event_day
5199.0,FOOD_COURT_A,60.74,0.405,0.7598,0.4169,86.13,0.3547,0.7702,0.010972,18.34,11.38,6.96,WARNING,event_day
5200.0,FOOD_COURT_A,63.54,0.4236,0.5043,0.4155,88.6,0.2481,0.7367,0.016086,15.0,7.23,7.76,WARNING,event_day
5201.0,FOOD_COURT_A,54.47,0.3631,0.4761,0.3502,112.32,0.2682,0.5391,0.016109,14.87,7.13,7.74,WARNING,event_day
5202.0,FOOD_COURT_A,60.52,0.4034,0.623,0.3575,75.79,0.3062,0.6723,0.010292,15.74,9.89,5.85,WARNING,event_day
5203.0,FOOD_COURT_A,47.14,0.3143,0.5614,0.2769,86.74,0.3837,0.7051,0.01259,10.01,1.53,8.48,WARNING,event_day
5204.0,FOOD_COURT_A,43.45,0.2897,0.4912,0.3231,81.23,0.2962,0.6973,0.016318,15.13,8.7,6.43,WARNING,event_day
5205.0,FOOD_COURT_A,50.07,0.3338,0.5718,0.3578,79.38,0.435,0.7,0.015074,16.35,8.9,7.45,WARNING,event_day
5206.0,FOOD_COURT_A,51.26,0.3417,0.5076,0.3358,115.96,0.3281,0.5501,0.01212,13.81,7.62,6.19,WARNING,event_day
5207.0,FOOD_COURT_A,36.57,0.2438,0.689,0.4863,96.45,0.4076,0.598,0.010711,9.28,4.54,4.75,WARNING,event_day
5208.0,FOOD_COURT_A,50.74,0.3382,0.5763,0.5222,112.51,0.3585,0.6176,0.008538,12.96,7.55,5.42,WARNING,event_day
5209.0,FOOD_COURT_A,42.95,0.2863,0.6613,0.4579,101.03,0.3069,0.7135,0.014068,15.83,7.7,8.13,WARNING,event_day
5210.0,FOOD_COURT_A,49.33,0.3289,0.7734,0.4344,76.33,0.3293,0.6069,0.012191,5.01,2.23,2.78,WARNING,event_day
5211.0,FOOD_COURT_A,48.62,0.3241,0.8238,0.4323,94.87,0.1634,0.6838,0.011243,9.87,4.5,5.37,WARNING,event_day
5212.0,FOOD_COURT_A,61.13,0.4075,0.779,0.512,111.5,0.3916,0.6582,0.004313,12.2,9.96,2.24,WARNING,event_day
5213.0,FOOD_COURT_A,58.5,0.39,0.7389,0.4492,89.83,0.3056,0.6427,0.005179,13.85,4.63,9.22,WARNING,event_day
5214.0,FOOD_COURT_A,53.54,0.3569,0.7255,0.3776,71.82,0.2536,0.7985,0.01412,13.46,4.31,9.15,WARNING,event_day
5215.0,FOOD_COURT_A,52.5,0.35,0.7898,0.419,90.18,0.2984,0.6766,0.018892,16.69,9.01,7.68,WARNING,event_day
5216.0,FOOD_COURT_A,55.82,0.3721,0.738,0.3838,86.07,0.2916,0.7007,0.011096,14.75,8.79,5.96,WARNING,event_day
5217.0,FOOD_COURT_A,53.93,0.3596,0.5375,0.316,103.83,0.22,0.7889,0.015165,13.16,6.35,6.8,WARNING,event_day
5218.0,FOOD_COURT_A,56.03,0.3735,0.7904,0.238,113.31,0.1881,0.5634,0.017302,12.59,7.74,4.84,WARNING,event_day
5219.0,FOOD_COURT_A,45.53,0.3035,0.7616,0.3573,97.51,0.2616,0.7183,0.018696,11.65,3.41,8.24,WARNING,event_day
5220.0,FOOD_COURT_A,38.26,0.2551,0.8076,0.4101,101.6,0.1517,0.7086,0.015025,13.1,3.32,9.78,WARNING,event_day
5221.0,FOOD_COURT_A,53.1,0.354,0.8029,0.4781,106.49,0.264,0.7476,0.006561,19.17,7.59,11.58,WARNING,event_day
5222.0,FOOD_COURT_A,66.75,0.445,0.8991,0.3896,102.54,0.2468,0.7584,0.01392,13.48,8.25,5.23,WARNING,event_day
5223.0,FOOD_COURT_A,57.65,0.3843,0.7297,0.3433,94.89,0.3853,0.7537,0.009153,13.76,10.18,3.58,WARNING,event_day
5224.0,FOOD_COURT_A,52.38,0.3492,0.5315,0.3139,112.36,0.3251,0.7567,0.013608,8.32,7.17,1.14,WARNING,event_day
5225.0,FOOD_COURT_A,58.89,0.3926,0.7783,0.2648,113.81,0.3229,0.7892,0.015683,15.72,6.97,8.75,WARNING,event_day
5226.0,FOOD_COURT_A,50.39,0.336,0.4664,0.5074,58.08,0.2391,0.7613,0.017191,16.02,7.7,8.32,WARNING,event_day
5227.0,FOOD_COURT_A,52.08,0.3472,0.8234,0.4685,88.81,0.2371,0.6585,0.013067,21.93,9.62,12.31,WARNING,event_day
5228.0,FOOD_COURT_A,59.94,0.3996,0.8351,0.4415,87.64,0.2248,0.6895,0.009633,14.86,7.81,7.05,WARNING,event_day
5229.0,FOOD_COURT_A,50.22,0.3348,0.685,0.3844,95.5,0.3742,0.6662,0.009577,11.16,1.42,9.74,WARNING,event_day
5230.0,FOOD_COURT_A,48.12,0.3208,0.8447,0.4264,122.76,0.3443,0.5835,0.008389,6.99,3.51,3.48,WARNING,event_day
5231.0,FOOD_COURT_A,51.14,0.341,0.4663,0.4356,123.76,0.4663,0.664,0.00949,16.31,5.82,10.48,WARNING,event_day
5232.0,FOOD_COURT_A,47.48,0.3165,0.6826,0.5026,81.88,0.4471,0.6903,0.013737,12.86,9.54,3.32,WARNING,event_day
5233.0,FOOD_COURT_A,56.76,0.3784,0.5874,0.3795,102.57,0.3313,0.7559,0.010096,19.41,12.06,7.34,WARNING,event_day
5234.0,FOOD_COURT_A,68.41,0.4561,0.7495,0.206,95.51,0.3306,0.4861,0.012059,19.81,8.94,10.86,WARNING,event_day
5235.0,FOOD_COURT_A,39.56,0.2637,0.6336,0.4064,85.46,0.2936,0.576,0.010377,10.62,7.94,2.67,WARNING,event_day
5236.0,FOOD_COURT_A,54.95,0.3664,0.7163,0.3234,105.59,0.2525,0.5753,0.012763,11.64,6.82,4.81,WARNING,event_day
5237.0,FOOD_COURT_A,45.23,0.3016,0.7039,0.5198,100.83,0.4256,0.6376,0.011398,9.42,2.95,6.46,WARNING,event_day
5238.0,FOOD_COURT_A,47.44,0.3163,0.5763,0.4196,92.53,0.3042,0.6656,0.016137,20.47,9.87,10.6,WARNING,event_day
5239.0,FOOD_COURT_A,58.47,0.3898,0.6216,0.4073,69.16,0.3583,0.6374,0.006041,14.55,6.92,7.64,WARNING,event_day
5240.0,FOOD_COURT_A,62.2,0.4146,0.5738,0.3735,91.94,0.2702,0.7303,0.010428,14.84,5.41,9.43,WARNING,event_day
5241.0,FOOD_COURT_A,55.1,0.3673,0.7048,0.3886,91.56,0.2827,0.7056,0.013838,11.24,2.88,8.36,WARNING,event_day
5242.0,FOOD_COURT_A,62.17,0.4145,0.6669,0.4716,106.49,0.2982,0.6397,0.015762,16.33,10.58,5.74,WARNING,event_day
5243.0,FOOD_COURT_A,61.09,0.4073,0.7801,0.4192,70.51,0.243,0.7093,0.014675,22.5,11.49,11.01,WARNING,event_day
5244.0,FOOD_COURT_A,53.03,0.3535,0.6538,0.3207,88.32,0.2559,0.7124,0.011851,3.98,2.97,1.01,WARNING,event_day
5245.0,FOOD_COURT_A,58.45,0.3897,0.6429,0.3732,103.4,0.2367,0.6047,0.012124,18.61,7.56,11.05,WARNING,event_day
5246.0,FOOD_COURT_A,51.87,0.3458,0.6481,0.4657,82.51,0.3108,0.6481,0.010244,12.95,4.62,8.33,WARNING,event_day
5247.0,FOOD_COURT_A,52.42,0.3495,0.6656,0.4573,68.12,0.255,0.5735,0.011113,9.68,5.05,4.63,WARNING,event_day
5248.0,FOOD_COURT_A,24.44,0.1629,1.1727,0.2325,43.52,0.1341,0.4319,0.007816,7.6,3.79,3.81,SAFE,event_day
5249.0,FOOD_COURT_A,23.88,0.1592,1.1936,0.1841,41.61,0.1297,0.4681,0.003242,9.29,4.7,4.59,SAFE,event_day
5250.0,FOOD_COURT_A,23.6,0.1574,1.3043,0.1766,23.63,0.0901,0.56,0.001197,11.45,7.0,4.45,SAFE,event_day
5251.0,FOOD_COURT_A,28.49,0.1899,1.2355,0.053,35.46,0.0844,0.4393,0.002033,5.5,3.22,2.28,SAFE,event_day
5252.0,FOOD_COURT_A,27.66,0.1844,1.2138,0.0549,35.29,0.0779,0.4202,0.003372,3.0,2.07,0.93,SAFE,event_day
5253.0,FOOD_COURT_A,28.19,0.1879,1.3173,0.1157,41.24,0.0722,0.5259,0.002351,6.26,4.44,1.82,SAFE,event_day
5254.0,FOOD_COURT_A,24.67,0.1645,0.9556,0.1007,30.33,0.0486,0.4413,0.002765,4.73,1.46,3.27,SAFE,event_day
5255.0,FOOD_COURT_A,19.15,0.1277,1.0589,0.0784,45.73,0.0183,0.4644,0.00357,4.54,1.1,3.44,SAFE,event_day
5256.0,FOOD_COURT_A,71.68,0.4779,0.5988,0.4474,188.61,0.4741,0.6908,0.021317,24.01,11.38,12.64,HIGH,event_day
5257.0,FOOD_COURT_A,71.1,0.474,0.3617,0.6586,150.83,0.6372,0.7893,0.027184,21.07,5.64,15.44,HIGH,event_day
5258.0,FOOD_COURT_A,81.22,0.5415,0.2768,0.6564,159.5,0.5701,0.8589,0.033133,13.54,9.01,4.53,HIGH,event_day
5259.0,FOOD_COURT_A,108.93,0.7262,0.2113,0.8899,138.6,0.4961,0.8382,0.033,21.11,14.32,6.8,HIGH,event_day
5260.0,FOOD_COURT_A,97.7,0.6513,0.2967,0.8115,133.79,0.3854,0.9128,0.02188,20.43,9.97,10.45,HIGH,event_day
5261.0,FOOD_COURT_A,101.63,0.6775,0.4896,0.8212,129.3,0.4823,0.8028,0.012365,25.71,14.76,10.95,HIGH,event_day
5262.0,FOOD_COURT_A,104.65,0.6976,0.3314,0.8322,138.52,0.5736,0.7487,0.018952,24.99,8.19,16.79,HIGH,event_day
5263.0,FOOD_COURT_A,93.93,0.6262,0.2712,0.7549,172.0,0.5708,0.6909,0.018563,12.82,7.67,5.15,HIGH,event_day
5264.0,FOOD_COURT_A,97.66,0.6511,0.2501,0.687,217.85,0.5048,0.875,0.021281,28.29,15.18,13.1,HIGH,event_day
5265.0,FOOD_COURT_A,89.71,0.5981,0.2495,0.8274,206.66,0.6026,0.8746,0.023805,20.5,10.54,9.96,HIGH,event_day
5266.0,FOOD_COURT_A,93.57,0.6238,0.2032,0.5475,190.29,0.6944,0.9543,0.015512,22.77,14.16,8.61,HIGH,event_day
5267.0,FOOD_COURT_A,92.97,0.6198,0.2295,0.7651,205.4,0.5684,0.8007,0.020171,22.99,13.77,9.22,HIGH,event_day
5268.0,FOOD_COURT_A,86.56,0.5771,0.1211,0.8539,204.46,0.6065,0.9102,0.028332,16.87,10.08,6.79,HIGH,event_day
5269.0,FOOD_COURT_A,80.73,0.5382,0.2965,0.7323,180.81,0.5458,0.8421,0.017952,20.54,13.25,7.3,HIGH,event_day
5270.0,FOOD_COURT_A,93.78,0.6252,0.3534,0.8007,211.19,0.5357,0.8123,0.026685,16.28,5.38,10.9,HIGH,event_day
5271.0,FOOD_COURT_A,75.46,0.503,0.1878,0.7272,167.95,0.5889,0.7341,0.018408,21.07,11.24,9.83,HIGH,event_day
5272.0,FOOD_COURT_A,96.59,0.6439,0.2632,0.6731,171.87,0.6767,0.8416,0.027024,29.5,18.22,11.29,HIGH,event_day
5273.0,FOOD_COURT_A,100.53,0.6702,0.1214,0.7587,167.88,0.7411,0.8954,0.022389,25.21,14.56,10.65,HIGH,event_day
5274.0,FOOD_COURT_A,111.35,0.7423,0.1759,0.7954,209.4,0.6418,0.9196,0.032755,23.52,10.21,13.31,HIGH,event_day
5275.0,FOOD_COURT_A,90.13,0.6008,0.2082,0.7964,170.34,0.5152,0.896,0.027725,17.23,7.56,9.68,HIGH,event_day
5276.0,FOOD_COURT_A,95.14,0.6343,0.2368,0.7182,198.59,0.6455,0.8848,0.021459,20.0,11.43,8.57,HIGH,event_day
5277.0,FOOD_COURT_A,86.24,0.575,0.1505,0.9155,158.28,0.5944,0.8678,0.021676,24.19,9.77,14.41,HIGH,event_day
5278.0,FOOD_COURT_A,92.76,0.6184,0.2791,0.75,173.31,0.4987,0.8349,0.027057,31.74,15.42,16.32,HIGH,event_day
5279.0,FOOD_COURT_A,95.26,0.6351,0.3383,0.628,119.14,0.4732,0.8539,0.015748,20.7,12.56,8.14,HIGH,event_day
5280.0,FOOD_COURT_A,76.99,0.5132,0.1881,0.664,140.92,0.5408,0.8824,0.016222,21.71,15.05,6.66,HIGH,event_day
5281.0,FOOD_COURT_A,89.32,0.5954,0.2607,0.7261,200.05,0.689,0.8403,0.020074,22.13,11.84,10.29,HIGH,event_day
5282.0,FOOD_COURT_A,96.31,0.6421,0.3205,0.7389,178.33,0.6337,0.7462,0.016336,29.9,15.38,14.52,HIGH,event_day
5283.0,FOOD_COURT_A,105.06,0.7004,0.2283,0.7124,160.26,0.5431,0.7721,0.025637,15.47,7.14,8.33,HIGH,event_day
5284.0,FOOD_COURT_A,102.85,0.6857,0.3111,0.8216,149.68,0.6758,0.8018,0.026301,16.32,7.86,8.46,HIGH,event_day
5285.0,FOOD_COURT_A,92.18,0.6145,0.1889,0.6856,134.36,0.6087,0.8114,0.020332,14.68,10.06,4.61,HIGH,event_day
5286.0,FOOD_COURT_A,91.97,0.6131,0.202,0.6422,186.53,0.556,0.8024,0.032559,19.89,7.64,12.25,HIGH,event_day
5287.0,FOOD_COURT_A,81.67,0.5445,0.2844,0.6158,183.07,0.5566,0.8608,0.032543,20.57,9.37,11.2,HIGH,event_day
5288.0,FOOD_COURT_A,80.68,0.5378,0.2572,0.7447,166.67,0.58,0.8088,0.0313,24.02,14.29,9.73,HIGH,event_day
5289.0,FOOD_COURT_A,97.65,0.651,0.3774,0.7193,129.93,0.7302,0.8634,0.035582,19.82,8.63,11.19,HIGH,event_day
5290.0,FOOD_COURT_A,101.43,0.6762,0.2606,0.8342,168.46,0.5939,0.8344,0.026685,27.63,14.82,12.81,HIGH,event_day
5291.0,FOOD_COURT_A,88.09,0.5873,0.242,0.621,194.32,0.5205,0.9009,0.032867,20.55,8.25,12.31,HIGH,event_day
5292.0,FOOD_COURT_A,87.92,0.5861,0.2164,0.4535,183.6,0.4977,0.8783,0.02686,21.24,10.15,11.09,HIGH,event_day
5293.0,FOOD_COURT_A,101.8,0.6787,0.3369,0.7383,194.19,0.3287,0.8714,0.019572,21.43,10.52,10.91,HIGH,event_day
5294.0,FOOD_COURT_A,85.95,0.573,0.2134,0.6142,193.1,0.593,0.8624,0.023184,9.91,6.87,3.04,HIGH,event_day
5295.0,FOOD_COURT_A,95.23,0.6349,0.2008,0.5874,165.57,0.6195,0.8482,0.01517,21.47,8.92,12.56,HIGH,event_day
5296.0,FOOD_COURT_A,87.57,0.5838,0.1247,0.6105,189.8,0.6153,0.7773,0.017811,24.96,12.45,12.51,HIGH,event_day
5297.0,FOOD_COURT_A,95.95,0.6397,0.0759,0.7717,203.66,0.7059,0.8779,0.022603,21.68,11.16,10.53,HIGH,event_day
5298.0,FOOD_COURT_A,88.78,0.5919,0.2033,0.794,180.51,0.6681,0.9296,0.015775,32.68,17.49,15.19,HIGH,event_day
5299.0,FOOD_COURT_A,80.79,0.5386,0.2232,0.6648,198.54,0.5715,0.7965,0.021511,25.93,13.33,12.6,HIGH,event_day
5300.0,FOOD_COURT_A,103.63,0.6908,0.3555,0.7456,195.58,0.4881,0.7902,0.020166,23.66,12.11,11.55,HIGH,event_day
5301.0,FOOD_COURT_A,100.51,0.67,0.2185,0.6222,166.69,0.494,0.8635,0.017922,31.11,14.83,16.28,HIGH,event_day
5302.0,FOOD_COURT_A,88.01,0.5867,0.2624,0.6565,205.96,0.5703,0.8135,0.019844,18.18,7.88,10.29,HIGH,event_day
5303.0,FOOD_COURT_A,95.68,0.6378,0.1392,0.6422,176.12,0.5416,0.9009,0.026822,23.53,11.08,12.44,HIGH,event_day
5304.0,FOOD_COURT_A,89.32,0.5955,0.2453,0.6792,143.87,0.426,0.8616,0.041792,21.21,11.48,9.73,HIGH,event_day
5305.0,FOOD_COURT_A,90.19,0.6013,0.2005,0.7053,217.39,0.5567,0.8873,0.035205,22.57,13.05,9.52,HIGH,event_day
5306.0,FOOD_COURT_A,79.23,0.5282,0.1479,0.7209,219.87,0.6502,0.8515,0.029724,18.47,9.96,8.5,HIGH,event_day
5307.0,FOOD_COURT_A,70.72,0.4715,0.3628,0.4558,165.84,0.3685,0.7031,0.017447,16.88,6.35,10.53,WARNING,event_day
5308.0,FOOD_COURT_A,53.37,0.3558,0.5158,0.4101,120.84,0.2901,0.5493,0.007834,18.77,10.03,8.74,WARNING,event_day
5309.0,FOOD_COURT_A,65.09,0.434,0.5526,0.5161,90.73,0.3657,0.6625,0.003956,9.79,5.58,4.21,WARNING,event_day
5310.0,FOOD_COURT_A,66.94,0.4463,0.4044,0.643,76.51,0.2832,0.5888,0.008417,18.4,9.51,8.89,WARNING,event_day
5311.0,FOOD_COURT_A,66.36,0.4424,0.5265,0.4971,111.95,0.3697,0.5701,0.009064,19.33,8.12,11.22,WARNING,event_day
5312.0,FOOD_COURT_A,64.13,0.4276,0.9222,0.4192,95.76,0.321,0.558,0.006887,9.9,6.72,3.18,WARNING,event_day
5313.0,FOOD_COURT_A,35.22,0.2348,1.2426,0.2276,69.39,0.1485,0.6236,0.003534,6.7,5.3,1.4,SAFE,event_day
5314.0,FOOD_COURT_A,34.6,0.2307,1.1427,0.1589,52.57,0.0867,0.3248,0.006,7.48,5.6,1.88,SAFE,event_day
5315.0,FOOD_COURT_A,22.41,0.1494,0.9263,0.2006,60.56,0.1155,0.2373,0.0018,7.15,3.24,3.91,SAFE,event_day
5316.0,FOOD_COURT_A,21.15,0.141,0.8361,0.1505,52.69,0.0993,0.1248,0.00113,5.92,3.14,2.79,SAFE,event_day
5317.0,FOOD_COURT_A,22.94,0.1529,0.9379,0.1129,54.31,0.1449,0.3862,0.001479,7.93,4.86,3.07,SAFE,event_day
5318.0,FOOD_COURT_A,15.68,0.1045,1.1581,0.0907,38.61,0.0655,0.2392,0.004776,6.0,3.05,2.95,SAFE,event_day
5319.0,FOOD_COURT_A,20.36,0.1358,1.1416,0.1413,50.85,0.0265,0.3346,0.004317,8.79,3.46,5.33,SAFE,event_day
5320.0,FOOD_COURT_A,46.05,0.307,0.8057,0.3386,84.59,0.2127,0.5882,0.013069,9.26,1.72,7.54,WARNING,event_day
5321.0,FOOD_COURT_A,50.84,0.3389,0.7548,0.3667,70.72,0.2506,0.6562,0.012126,8.38,3.34,5.04,WARNING,event_day
5322.0,FOOD_COURT_A,57.66,0.3844,0.4013,0.3928,93.7,0.1867,0.7431,0.010199,12.84,8.35,4.5,WARNING,event_day
5323.0,FOOD_COURT_A,49.83,0.3322,0.5079,0.3617,109.76,0.225,0.7544,0.013903,20.91,10.9,10.01,WARNING,event_day
5324.0,FOOD_COURT_A,64.12,0.4275,0.6926,0.3451,90.18,0.1888,0.6412,0.011178,12.62,6.76,5.86,WARNING,event_day
5325.0,FOOD_COURT_A,62.43,0.4162,0.6586,0.3088,109.97,0.2309,0.6241,0.008365,14.29,7.08,7.2,WARNING,event_day
5326.0,FOOD_COURT_A,51.83,0.3456,0.5873,0.2835,102.54,0.2416,0.6155,0.010677,11.98,7.09,4.89,WARNING,event_day
5327.0,FOOD_COURT_A,57.85,0.3856,0.4181,0.4022,118.99,0.2446,0.6373,0.009071,11.97,7.33,4.64,WARNING,event_day
5328.0,FOOD_COURT_A,44.76,0.2984,0.4641,0.3747,135.56,0.3515,0.693,0.007937,18.61,5.93,12.68,WARNING,event_day
5329.0,FOOD_COURT_A,21.96,0.1464,0.8781,0.1859,73.35,0.128,0.5379,0.006283,8.67,3.38,5.29,SAFE,event_day
5330.0,FOOD_COURT_A,42.61,0.2841,0.4147,0.3297,81.0,0.2726,0.6531,0.007665,11.0,4.99,6.02,WARNING,event_day
5331.0,FOOD_COURT_A,50.73,0.3382,0.4717,0.2933,95.51,0.2724,0.7716,0.015889,12.3,7.13,5.17,WARNING,event_day
5332.0,FOOD_COURT_A,59.04,0.3936,0.5634,0.2275,125.52,0.3386,0.673,0.013913,15.04,6.2,8.84,WARNING,event_day
5333.0,FOOD_COURT_A,61.7,0.4113,0.4435,0.24,103.71,0.3353,0.6288,0.008267,14.72,6.38,8.34,WARNING,event_day
5334.0,FOOD_COURT_A,29.88,0.1992,0.9893,0.1726,65.02,0.1866,0.5308,0.005837,3.6,1.52,2.08,SAFE,event_day
5335.0,FOOD_COURT_A,20.7,0.138,1.0068,0.1499,46.98,0.0908,0.3455,0.004964,7.83,4.26,3.56,SAFE,event_day
5336.0,FOOD_COURT_A,26.03,0.1735,1.2776,0.1063,58.72,0.0606,0.5264,0.005241,3.8,2.55,1.26,SAFE,event_day
5337.0,FOOD_COURT_A,28.11,0.1874,1.4066,0.1536,66.74,0.0388,0.3843,0.002487,7.13,4.58,2.55,SAFE,event_day
5338.0,FOOD_COURT_A,21.6,0.144,1.1392,0.1797,71.36,0.0661,0.2516,0.003838,5.49,2.54,2.95,SAFE,event_day
5339.0,FOOD_COURT_A,29.22,0.1948,1.3111,0.1169,53.5,0.0198,0.2996,0.00269,7.47,4.12,3.35,SAFE,event_day
5340.0,FOOD_COURT_A,23.11,0.1541,1.0207,0.0717,25.75,0.027,0.2892,0.002232,9.25,3.5,5.75,SAFE,event_day
5341.0,FOOD_COURT_A,24.92,0.1661,1.4336,0.1061,34.45,0.128,0.4623,0.003561,8.03,3.19,4.84,SAFE,event_day
5342.0,FOOD_COURT_A,21.13,0.1408,1.2199,0.1007,50.55,0.0873,0.3812,0.002697,6.83,3.46,3.36,SAFE,event_day
5343.0,FOOD_COURT_A,12.07,0.0804,1.2724,0.1204,50.9,0.1007,0.2994,0.000809,4.3,2.38,1.92,SAFE,event_day
5344.0,FOOD_COURT_A,11.85,0.079,1.3104,0.0854,53.52,0.1067,0.4539,0.000409,3.51,1.4,2.11,SAFE,event_day
5345.0,FOOD_COURT_A,49.51,0.3301,0.7152,0.2197,77.28,0.11,0.6353,0.008344,17.24,10.43,6.81,WARNING,event_day
5346.0,FOOD_COURT_A,31.65,0.211,0.9898,0.1295,75.18,0.0647,0.508,0.005579,7.22,2.65,4.56,SAFE,event_day
5347.0,FOOD_COURT_A,27.54,0.1836,1.1693,0.1425,45.98,0.0509,0.5948,0.004928,10.34,8.41,1.94,SAFE,event_day
5348.0,FOOD_COURT_A,31.58,0.2106,1.177,0.0717,25.28,0.0782,0.4317,0.001674,9.19,4.95,4.24,SAFE,event_day
5349.0,FOOD_COURT_A,38.58,0.2572,0.9296,0.2498,74.57,0.256,0.5967,0.009951,13.09,5.6,7.49,WARNING,event_day
5350.0,FOOD_COURT_A,50.24,0.3349,0.5573,0.2588,94.12,0.2667,0.6373,0.010262,11.45,7.66,3.78,WARNING,event_day
5351.0,FOOD_COURT_A,40.83,0.2722,0.7273,0.3934,80.28,0.2049,0.645,0.011894,18.71,11.8,6.9,WARNING,event_day
5352.0,FOOD_COURT_A,25.62,0.1708,1.0618,0.1912,44.2,0.1482,0.429,0.00602,5.38,2.54,2.84,SAFE,event_day
5353.0,FOOD_COURT_A,21.34,0.1423,0.8606,0.1287,39.24,0.1575,0.4555,0.003777,5.83,4.41,1.42,SAFE,event_day
5354.0,FOOD_COURT_A,18.61,0.124,1.2926,0.0801,37.49,0.1059,0.3814,0.003191,8.49,5.35,3.15,SAFE,event_day
5355.0,FOOD_COURT_A,29.61,0.1974,1.3085,0.0822,46.46,0.0523,0.3246,0.002543,3.75,2.23,1.52,SAFE,event_day
5356.0,FOOD_COURT_A,14.17,0.0945,0.9415,0.1284,47.83,0.0457,0.3841,0.003723,6.7,2.09,4.61,SAFE,event_day
5357.0,FOOD_COURT_A,43.7,0.2913,0.8701,0.2946,104.53,0.295,0.4384,0.01149,12.57,5.53,7.04,WARNING,event_day
5358.0,FOOD_COURT_A,59.44,0.3963,0.7674,0.2477,63.33,0.4002,0.6014,0.00509,9.34,4.44,4.91,WARNING,event_day
5359.0,FOOD_COURT_A,64.57,0.4305,0.7355,0.3446,47.94,0.4157,0.5116,0.0041,12.05,6.39,5.65,WARNING,event_day
5360.0,FOOD_COURT_A,63.12,0.4208,0.5986,0.2517,79.51,0.3307,0.5895,0.008435,12.93,5.18,7.75,WARNING,event_day
5361.0,FOOD_COURT_A,68.85,0.459,0.4896,0.3198,96.91,0.2442,0.6517,0.012739,13.35,8.54,4.81,WARNING,event_day
5362.0,FOOD_COURT_A,39.01,0.2601,0.9904,0.2477,47.57,0.1359,0.5457,0.006229,6.05,1.93,4.12,SAFE,event_day
5363.0,FOOD_COURT_A,37.47,0.2498,0.7798,0.1577,40.6,0.1369,0.4714,0.00602,7.42,4.73,2.7,SAFE,event_day
5364.0,FOOD_COURT_A,32.79,0.2186,0.966,0.1658,44.48,0.0622,0.5484,0.003002,2.0,1.39,0.61,SAFE,event_day
5365.0,FOOD_COURT_A,24.38,0.1626,0.9188,0.1162,56.31,0.0886,0.5518,0.003151,7.33,1.78,5.56,SAFE,event_day
5366.0,FOOD_COURT_A,21.05,0.1404,1.1977,0.1314,52.78,0.1059,0.349,0.004683,3.9,2.63,1.27,SAFE,event_day
5367.0,FOOD_COURT_A,25.94,0.1729,1.1394,0.12,33.02,0.1227,0.3652,0.004305,10.91,5.67,5.23,SAFE,event_day
5368.0,FOOD_COURT_A,15.79,0.1052,0.9562,0.102,36.04,0.0902,0.3749,0.003346,7.96,3.66,4.3,SAFE,event_day
5369.0,FOOD_COURT_A,18.31,0.1221,1.1784,0.0694,37.47,0.0838,0.3208,0.003712,6.06,2.38,3.68,SAFE,event_day
5370.0,FOOD_COURT_A,20.47,0.1365,1.2528,0.0643,61.63,0.0637,0.3944,0.003005,7.44,4.47,2.98,SAFE,event_day
5371.0,FOOD_COURT_A,15.8,0.1053,1.429,0.0193,42.32,0.0897,0.3765,0.004327,6.66,4.17,2.49,SAFE,event_day
5372.0,FOOD_COURT_A,16.81,0.1121,1.4835,0.0058,34.15,0.0727,0.4218,0.005702,8.66,5.08,3.59,SAFE,event_day
5373.0,FOOD_COURT_A,23.87,0.1591,1.2183,0.0215,40.82,0.0329,0.2715,0.003376,8.59,4.12,4.47,SAFE,event_day
5374.0,FOOD_COURT_A,27.74,0.1849,1.1062,0.1092,43.11,0.0584,0.401,0.002336,10.12,2.99,7.14,SAFE,event_day
5375.0,FOOD_COURT_A,18.64,0.1243,0.8775,0.0328,39.96,0.0812,0.5498,0.003625,8.4,2.62,5.78,SAFE,event_day
5376.0,FOOD_COURT_A,26.85,0.179,1.1528,0.079,62.78,0.0481,0.4488,0.002409,9.73,4.9,4.84,SAFE,event_day
5377.0,FOOD_COURT_A,19.15,0.1277,1.3115,0.1079,53.91,0.1189,0.5126,0.00178,8.68,5.09,3.59,SAFE,event_day
5378.0,FOOD_COURT_A,19.91,0.1328,1.2674,0.0842,22.54,0.067,0.5461,0.004679,8.43,5.4,3.03,SAFE,event_day
5379.0,FOOD_COURT_A,24.68,0.1645,1.0808,0.0799,33.05,0.1072,0.6334,0.00179,4.16,1.15,3.01,SAFE,event_day
5380.0,FOOD_COURT_A,49.59,0.3306,0.9032,0.3506,63.41,0.1635,0.7296,0.009326,14.89,5.7,9.2,WARNING,event_day
5381.0,FOOD_COURT_A,53.36,0.3557,0.917,0.3592,90.71,0.2621,0.8138,0.006439,11.38,5.5,5.89,WARNING,event_day
5382.0,FOOD_COURT_A,49.28,0.3285,0.594,0.425,91.5,0.2921,0.6459,0.005603,13.8,9.36,4.44,WARNING,event_day
5383.0,FOOD_COURT_A,57.59,0.3839,0.6684,0.4551,82.21,0.1944,0.5956,0.014334,12.77,2.97,9.8,WARNING,event_day
5384.0,FOOD_COURT_A,45.01,0.3001,0.5382,0.4891,50.59,0.2459,0.7548,0.016092,18.47,11.72,6.76,WARNING,event_day
5385.0,FOOD_COURT_A,25.93,0.1729,0.8089,0.2693,53.03,0.1635,0.4664,0.010508,4.38,2.54,1.84,SAFE,event_day
5386.0,FOOD_COURT_A,35.77,0.2385,0.7442,0.401,70.7,0.317,0.6064,0.016767,8.65,5.96,2.69,WARNING,event_day
5387.0,FOOD_COURT_A,38.25,0.255,0.6468,0.4438,88.96,0.3287,0.6135,0.008541,14.92,8.9,6.02,WARNING,event_day
5388.0,FOOD_COURT_A,68.75,0.4583,0.3385,0.725,129.59,0.4967,0.8785,0.015485,23.9,11.72,12.18,HIGH,event_day
5389.0,FOOD_COURT_A,91.96,0.6131,0.1086,0.7067,141.56,0.6572,0.8523,0.021396,22.3,9.91,12.39,HIGH,event_day
5390.0,FOOD_COURT_A,91.36,0.6091,0.2389,0.8977,134.39,0.6224,0.8388,0.017693,13.06,2.72,10.33,HIGH,event_day
5391.0,FOOD_COURT_A,88.61,0.5907,0.0887,0.7315,182.32,0.6022,0.9443,0.019109,20.53,11.4,9.13,HIGH,event_day
5392.0,FOOD_COURT_A,100.38,0.6692,0.0996,0.7657,162.65,0.5159,0.9125,0.018491,21.86,7.59,14.27,HIGH,event_day
5393.0,FOOD_COURT_A,55.5,0.37,1.0695,0.3156,95.5,0.2278,0.6479,0.008175,7.37,4.22,3.15,SAFE,event_day
5394.0,FOOD_COURT_A,33.3,0.222,1.066,0.1613,56.28,0.1202,0.6669,0.002636,12.53,3.99,8.54,SAFE,event_day
5395.0,FOOD_COURT_A,27.53,0.1835,1.141,0.0484,47.46,0.0843,0.5047,0.002067,6.99,3.04,3.95,SAFE,event_day
5396.0,FOOD_COURT_A,23.6,0.1573,0.9789,0.1032,51.43,0.0795,0.5891,0.002691,7.28,3.25,4.03,SAFE,event_day
5397.0,FOOD_COURT_A,25.51,0.1701,1.1612,0.0429,44.29,0.0984,0.5015,0.003699,6.53,4.59,1.94,SAFE,event_day
5398.0,FOOD_COURT_A,19.64,0.1309,1.3368,0.0408,41.26,0.0645,0.3757,0.005132,7.07,2.19,4.88,SAFE,event_day
5399.0,FOOD_COURT_A,20.14,0.1343,1.1182,0.1171,38.46,0.0754,0.3819,0.004145,8.18,5.22,2.95,SAFE,event_day
5400.0,FOOD_COURT_A,26.2,0.1747,0.5049,0.2587,52.65,0.1797,0.4733,0.011881,20.3,7.89,12.41,WARNING,slow_day
5401.0,FOOD_COURT_A,42.41,0.2827,0.3859,0.309,64.64,0.2797,0.6095,0.00655,8.65,5.48,3.17,WARNING,slow_day
5402.0,FOOD_COURT_A,56.64,0.3776,0.4474,0.3751,70.1,0.3887,0.6365,0.009403,5.59,2.94,2.65,WARNING,slow_day
5403.0,FOOD_COURT_A,34.07,0.2271,0.8113,0.2292,50.54,0.2084,0.4244,0.005417,5.53,2.84,2.69,SAFE,slow_day
5404.0,FOOD_COURT_A,40.35,0.269,0.8009,0.2712,110.77,0.2801,0.5534,0.007794,14.29,4.37,9.92,WARNING,slow_day
5405.0,FOOD_COURT_A,57.01,0.3801,0.6207,0.2838,104.49,0.3077,0.7018,0.005173,14.05,7.14,6.91,WARNING,slow_day
5406.0,FOOD_COURT_A,39.15,0.261,0.9918,0.1662,63.17,0.1222,0.5622,0.004038,8.08,4.41,3.67,SAFE,slow_day
5407.0,FOOD_COURT_A,21.44,0.1429,1.0968,0.1696,60.12,0.1267,0.2905,0.003621,12.16,6.22,5.94,SAFE,slow_day
5408.0,FOOD_COURT_A,22.79,0.1519,1.1649,0.1145,33.36,0.0825,0.3603,0.001573,5.6,2.81,2.79,SAFE,slow_day
5409.0,FOOD_COURT_A,18.74,0.1249,1.1538,0.0805,37.84,0.0519,0.4373,0.003092,4.77,0.0,4.77,SAFE,slow_day
5410.0,FOOD_COURT_A,53.11,0.3541,0.8537,0.3429,99.37,0.1341,0.5366,0.008177,7.58,5.32,2.27,WARNING,slow_day
5411.0,FOOD_COURT_A,64.58,0.4305,0.6461,0.5401,68.62,0.1378,0.6634,0.007271,10.75,4.61,6.15,WARNING,slow_day
5412.0,FOOD_COURT_A,55.78,0.3718,0.7059,0.3198,113.73,0.377,0.7155,0.015197,10.83,7.17,3.66,WARNING,slow_day
5413.0,FOOD_COURT_A,47.42,0.3161,0.4346,0.3257,129.1,0.3597,0.7396,0.023437,13.52,7.57,5.95,WARNING,slow_day
5414.0,FOOD_COURT_A,78.68,0.5245,0.2872,0.4227,178.78,0.5099,0.8353,0.020096,27.05,13.8,13.25,HIGH,slow_day
5415.0,FOOD_COURT_A,63.81,0.4254,0.5658,0.391,136.36,0.3565,0.7992,0.019404,14.99,7.99,7.0,WARNING,slow_day
5416.0,FOOD_COURT_A,91.08,0.6072,0.35,0.8173,120.98,0.5338,0.8552,0.014041,17.61,8.67,8.94,HIGH,slow_day
5417.0,FOOD_COURT_A,58.03,0.3869,0.7016,0.5486,106.3,0.4178,0.8238,0.011135,16.12,8.19,7.93,WARNING,slow_day
5418.0,FOOD_COURT_A,43.79,0.2919,0.507,0.4613,96.11,0.4004,0.7586,0.012672,15.82,6.62,9.2,WARNING,slow_day
5419.0,FOOD_COURT_A,52.98,0.3532,0.4889,0.4672,96.87,0.4271,0.7077,0.003802,17.82,9.19,8.63,WARNING,slow_day
5420.0,FOOD_COURT_A,62.71,0.418,0.5127,0.4477,69.12,0.2595,0.7323,0.003106,10.15,7.01,3.14,WARNING,slow_day
5421.0,FOOD_COURT_A,81.66,0.5444,0.2428,0.716,205.82,0.4388,0.7817,0.023266,24.24,14.53,9.71,HIGH,slow_day
5422.0,FOOD_COURT_A,51.29,0.3419,0.5571,0.3701,143.63,0.3506,0.7963,0.014919,11.91,4.76,7.15,WARNING,slow_day
5423.0,FOOD_COURT_A,61.8,0.412,0.5858,0.3727,118.17,0.415,0.8671,0.016996,17.89,9.25,8.64,WARNING,slow_day
5424.0,FOOD_COURT_A,55.49,0.37,0.9001,0.4147,83.19,0.2656,0.7674,0.008325,15.51,8.62,6.89,WARNING,slow_day
5425.0,FOOD_COURT_A,40.03,0.2669,0.493,0.3531,63.48,0.3182,0.8113,0.021755,13.57,8.74,4.83,WARNING,slow_day
5426.0,FOOD_COURT_A,80.72,0.5381,0.1711,0.6417,156.62,0.4534,0.7876,0.027974,19.19,10.16,9.03,HIGH,slow_day
5427.0,FOOD_COURT_A,60.51,0.4034,0.3851,0.4181,129.73,0.3196,0.7449,0.008623,7.89,2.46,5.43,WARNING,slow_day
5428.0,FOOD_COURT_A,66.95,0.4463,0.4223,0.4212,130.23,0.1737,0.7371,0.013358,16.73,7.86,8.87,WARNING,slow_day
5429.0,FOOD_COURT_A,60.2,0.4013,0.5571,0.4415,95.83,0.2823,0.6894,0.015069,14.4,7.85,6.54,WARNING,slow_day
5430.0,FOOD_COURT_A,53.14,0.3543,0.8002,0.4175,83.57,0.2518,0.6865,0.01244,16.74,8.54,8.2,WARNING,slow_day
5431.0,FOOD_COURT_A,61.17,0.4078,0.7091,0.316,78.86,0.3651,0.7404,0.011676,9.64,4.67,4.96,WARNING,slow_day
5432.0,FOOD_COURT_A,50.61,0.3374,0.6425,0.2836,84.51,0.2154,0.672,0.014965,7.4,3.96,3.44,WARNING,slow_day
5433.0,FOOD_COURT_A,53.55,0.357,0.5206,0.3338,62.38,0.4718,0.6609,0.005692,18.43,10.38,8.06,WARNING,slow_day
5434.0,FOOD_COURT_A,56.53,0.3769,0.7107,0.3132,74.8,0.2888,0.6274,0.011533,7.76,5.43,2.33,WARNING,slow_day
5435.0,FOOD_COURT_A,59.67,0.3978,0.6867,0.4003,54.91,0.1214,0.5119,0.011222,12.69,6.2,6.49,WARNING,slow_day
5436.0,FOOD_COURT_A,74.51,0.4968,0.393,0.6131,146.49,0.4817,0.5997,0.009617,19.19,6.34,12.84,HIGH,slow_day
5437.0,FOOD_COURT_A,87.3,0.582,0.2211,0.6522,131.46,0.4462,0.7285,0.01539,17.41,8.14,9.28,HIGH,slow_day
5438.0,FOOD_COURT_A,34.39,0.2293,0.7094,0.2868,57.22,0.1924,0.4528,0.005836,6.67,3.81,2.86,SAFE,slow_day
5439.0,FOOD_COURT_A,25.71,0.1714,0.9437,0.1187,55.0,0.1676,0.4068,0.001909,9.17,4.87,4.3,SAFE,slow_day
5440.0,FOOD_COURT_A,29.27,0.1951,0.8214,0.1296,41.89,0.1142,0.3645,0.001931,10.0,2.93,7.07,SAFE,slow_day
5441.0,FOOD_COURT_A,16.72,0.1115,1.2504,0.1585,26.66,0.0625,0.308,0.004776,6.06,4.5,1.56,SAFE,slow_day
5442.0,FOOD_COURT_A,30.43,0.2029,0.882,0.1793,36.61,0.1251,0.4887,0.003047,5.43,2.19,3.25,SAFE,slow_day
5443.0,FOOD_COURT_A,28.07,0.1872,1.148,0.0716,53.67,0.0877,0.3342,0.002193,8.83,4.9,3.94,SAFE,slow_day
5444.0,FOOD_COURT_A,30.53,0.2036,0.8588,0.1585,47.65,0.0602,0.3441,0.002673,5.58,3.5,2.08,SAFE,slow_day
5445.0,FOOD_COURT_A,22.91,0.1528,1.1227,0.0487,56.58,0.0578,0.4679,0.001683,8.65,6.59,2.06,SAFE,slow_day
5446.0,FOOD_COURT_A,25.9,0.1726,1.1754,0.0889,45.27,0.0796,0.5772,0.00294,4.87,2.25,2.63,SAFE,slow_day
5447.0,FOOD_COURT_A,19.96,0.1331,1.4768,0.1325,48.17,0.069,0.3659,0.003675,5.11,1.21,3.9,SAFE,slow_day
5448.0,FOOD_COURT_A,13.33,0.0889,1.517,0.1532,59.6,0.0891,0.31,0.002397,5.15,2.88,2.27,SAFE,slow_day
5449.0,FOOD_COURT_A,18.23,0.1215,1.2278,0.1221,57.74,0.0589,0.4505,0.000942,2.67,2.67,0.0,SAFE,slow_day
5450.0,FOOD_COURT_A,18.99,0.1266,1.2147,0.0821,41.22,0.078,0.3208,0.002069,8.24,4.79,3.45,SAFE,slow_day
5451.0,FOOD_COURT_A,7.7,0.0513,1.2479,0.1009,35.38,0.0992,0.5121,0.001805,7.02,3.27,3.75,SAFE,slow_day
5452.0,FOOD_COURT_A,26.18,0.1746,1.0468,0.1126,33.99,0.1328,0.4168,0.000541,10.49,5.21,5.27,SAFE,slow_day
5453.0,FOOD_COURT_A,31.02,0.2068,1.3624,0.1019,55.46,0.0716,0.3532,0.002069,7.95,3.85,4.1,SAFE,slow_day
5454.0,FOOD_COURT_A,22.51,0.1501,1.2401,0.1537,51.82,0.1012,0.3793,0.002894,6.11,2.92,3.2,SAFE,slow_day
5455.0,FOOD_COURT_A,24.12,0.1608,1.1144,0.0949,41.28,0.0733,0.2825,0.003473,5.11,1.36,3.76,SAFE,slow_day
5456.0,FOOD_COURT_A,44.4,0.296,0.8289,0.3137,85.79,0.2447,0.5953,0.010232,12.36,5.53,6.83,WARNING,slow_day
5457.0,FOOD_COURT_A,50.41,0.3361,0.7175,0.2972,81.85,0.3033,0.6397,0.011404,14.04,6.05,7.99,WARNING,slow_day
5458.0,FOOD_COURT_A,51.78,0.3452,0.6237,0.3826,98.3,0.2083,0.6898,0.015125,13.91,9.58,4.33,WARNING,slow_day
5459.0,FOOD_COURT_A,30.36,0.2024,1.1406,0.203,52.45,0.1435,0.3677,0.006039,3.11,2.2,0.91,SAFE,slow_day
5460.0,FOOD_COURT_A,23.15,0.1544,1.1111,0.1124,40.29,0.1116,0.3785,0.003396,9.69,5.85,3.85,SAFE,slow_day
5461.0,FOOD_COURT_A,24.15,0.161,1.0054,0.0561,51.47,0.0335,0.4206,0.003345,5.69,2.18,3.52,SAFE,slow_day
5462.0,FOOD_COURT_A,21.41,0.1427,1.3323,0.0679,49.47,0.063,0.4879,0.00159,4.56,0.65,3.91,SAFE,slow_day
5463.0,FOOD_COURT_A,30.67,0.2044,1.192,0.0883,40.32,0.0706,0.3884,0.003174,6.67,5.3,1.37,SAFE,slow_day
5464.0,FOOD_COURT_A,18.7,0.1247,1.4204,0.0774,59.03,0.0982,0.3397,0.001732,5.17,4.34,0.84,SAFE,slow_day
5465.0,FOOD_COURT_A,23.16,0.1544,1.2775,0.0931,50.15,0.1135,0.4546,0.000519,2.54,2.07,0.47,SAFE,slow_day
5466.0,FOOD_COURT_A,8.58,0.0572,1.1873,0.0815,46.4,0.0671,0.5292,0.000156,8.85,5.18,3.67,SAFE,slow_day
5467.0,FOOD_COURT_A,15.11,0.1008,1.0827,0.0452,49.29,0.0277,0.44,0.001553,7.76,4.31,3.45,SAFE,slow_day
5468.0,FOOD_COURT_A,17.93,0.1196,1.0012,0.0417,46.55,0.0555,0.4665,0.003082,8.14,5.19,2.94,SAFE,slow_day
5469.0,FOOD_COURT_A,26.07,0.1738,1.1607,0.0843,48.25,0.1164,0.4337,0.002834,6.27,2.18,4.08,SAFE,slow_day
5470.0,FOOD_COURT_A,18.1,0.1207,0.7759,0.0997,53.41,0.0349,0.4728,0.003052,5.74,2.66,3.09,SAFE,slow_day
5471.0,FOOD_COURT_A,9.18,0.0612,1.1082,0.0731,62.59,0.0658,0.3979,0.001777,5.79,0.93,4.86,SAFE,slow_day
5472.0,FOOD_COURT_A,42.77,0.2852,0.6369,0.2741,87.6,0.2026,0.5526,0.016382,19.63,10.63,9.0,WARNING,slow_day
5473.0,FOOD_COURT_A,46.25,0.3083,0.5915,0.432,96.48,0.2837,0.4892,0.012417,8.67,2.98,5.69,WARNING,slow_day
5474.0,FOOD_COURT_A,97.0,0.6467,0.3094,0.6478,198.09,0.4606,0.7303,0.019309,22.63,11.67,10.95,HIGH,slow_day
5475.0,FOOD_COURT_A,71.05,0.4737,0.4953,0.5135,134.74,0.3895,0.675,0.013572,12.93,5.08,7.84,WARNING,slow_day
5476.0,FOOD_COURT_A,45.32,0.3021,1.1806,0.1893,53.19,0.2477,0.4881,0.005135,10.64,5.25,5.39,SAFE,slow_day
5477.0,FOOD_COURT_A,34.79,0.2319,1.2054,0.1177,39.65,0.1284,0.6276,0.004032,6.94,3.08,3.85,SAFE,slow_day
5478.0,FOOD_COURT_A,32.53,0.2169,1.4249,0.1852,60.92,0.041,0.5128,0.002692,2.44,0.9,1.53,SAFE,slow_day
5479.0,FOOD_COURT_A,11.94,0.0796,1.3628,0.0565,43.41,0.0526,0.5411,0.002334,8.3,2.97,5.33,SAFE,slow_day
5480.0,FOOD_COURT_A,16.09,0.1073,1.3356,0.1057,59.96,0.0861,0.3653,0.001564,9.42,4.13,5.29,SAFE,slow_day
5481.0,FOOD_COURT_A,16.8,0.112,1.2333,0.0522,27.07,0.0801,0.3982,0.002864,9.09,4.84,4.25,SAFE,slow_day
5482.0,FOOD_COURT_A,21.18,0.1412,1.1202,0.1524,35.29,0.0851,0.456,0.002777,3.51,1.17,2.34,SAFE,slow_day
5483.0,FOOD_COURT_A,18.15,0.121,1.2977,0.0457,44.59,0.092,0.4507,0.001826,5.35,1.47,3.88,SAFE,slow_day
5484.0,FOOD_COURT_A,9.94,0.0663,1.5576,0.1873,48.61,0.0871,0.5275,0.001586,5.5,2.56,2.93,SAFE,slow_day
5485.0,FOOD_COURT_A,17.61,0.1174,1.089,0.1073,42.84,0.0415,0.473,0.003267,13.16,5.58,7.58,SAFE,slow_day
5486.0,FOOD_COURT_A,21.04,0.1403,1.0138,0.1561,43.64,0.0125,0.5112,0.001708,6.45,4.55,1.9,SAFE,slow_day
5487.0,FOOD_COURT_A,28.94,0.1929,0.932,0.0987,49.62,0.0037,0.4624,0.005321,5.45,3.26,2.19,SAFE,slow_day
5488.0,FOOD_COURT_A,30.12,0.2008,0.9781,0.1347,66.39,0.0757,0.4734,0.004258,8.41,4.33,4.08,SAFE,slow_day
5489.0,FOOD_COURT_A,18.81,0.1254,1.5413,0.1402,45.21,0.0804,0.3933,0.002247,4.42,1.56,2.86,SAFE,slow_day
5490.0,FOOD_COURT_A,19.08,0.1272,1.4239,0.1238,35.92,0.0458,0.4753,0.003626,5.82,2.49,3.32,SAFE,slow_day
5491.0,FOOD_COURT_A,17.23,0.1149,1.2562,0.0669,44.13,0.0256,0.5212,0.001892,6.33,3.78,2.55,SAFE,slow_day
5492.0,FOOD_COURT_A,35.68,0.2378,0.7484,0.2579,63.74,0.2018,0.6552,0.004706,11.1,6.29,4.81,WARNING,slow_day
5493.0,FOOD_COURT_A,76.82,0.5121,0.3378,0.6155,196.84,0.4203,0.6823,0.010257,16.31,9.1,7.21,HIGH,slow_day
5494.0,FOOD_COURT_A,34.03,0.2269,0.9686,0.2521,96.88,0.1983,0.3426,0.005434,6.94,4.29,2.65,SAFE,slow_day
5495.0,FOOD_COURT_A,29.7,0.198,1.0864,0.0756,72.2,0.1071,0.3815,0.004333,9.5,6.11,3.39,SAFE,slow_day
5496.0,FOOD_COURT_A,49.64,0.3309,0.7372,0.2463,83.1,0.2889,0.5237,0.008336,15.39,10.44,4.95,WARNING,slow_day
5497.0,FOOD_COURT_A,34.8,0.232,1.2583,0.0902,66.73,0.2051,0.5727,0.004223,6.17,2.59,3.57,SAFE,slow_day
5498.0,FOOD_COURT_A,30.68,0.2045,1.3428,0.027,55.2,0.1032,0.4384,0.004767,6.03,4.14,1.89,SAFE,slow_day
5499.0,FOOD_COURT_A,36.65,0.2443,0.8415,0.2043,69.98,0.2209,0.4324,0.011419,18.81,10.24,8.58,WARNING,slow_day
5500.0,FOOD_COURT_A,45.11,0.3008,0.8294,0.2951,101.99,0.2396,0.6172,0.008412,15.07,7.59,7.49,WARNING,slow_day
5501.0,FOOD_COURT_A,26.19,0.1746,1.0791,0.0885,82.39,0.1366,0.436,0.005099,6.61,3.57,3.03,SAFE,slow_day
5502.0,FOOD_COURT_A,20.64,0.1376,1.427,0.0654,46.54,0.1358,0.3008,0.004703,8.89,4.54,4.35,SAFE,slow_day
5503.0,FOOD_COURT_A,28.28,0.1885,1.1283,0.0926,48.98,0.0903,0.387,0.003863,7.94,3.02,4.92,SAFE,slow_day
5504.0,FOOD_COURT_A,21.0,0.14,1.3625,0.1518,44.59,0.0819,0.3299,0.001515,6.41,2.28,4.12,SAFE,slow_day
5505.0,FOOD_COURT_A,19.54,0.1302,1.2099,0.0456,37.7,0.1315,0.2942,0.002508,5.59,2.34,3.25,SAFE,slow_day
5506.0,FOOD_COURT_A,17.1,0.114,1.5658,0.0739,53.38,0.0872,0.3859,0.001211,7.05,4.03,3.03,SAFE,slow_day
5507.0,FOOD_COURT_A,53.47,0.3565,0.9555,0.3352,81.61,0.2065,0.647,0.010335,15.01,8.38,6.63,WARNING,slow_day
5508.0,FOOD_COURT_A,49.41,0.3294,0.7824,0.3231,69.95,0.2577,0.7185,0.010223,10.68,5.54,5.14,WARNING,slow_day
5509.0,FOOD_COURT_A,35.99,0.24,1.0383,0.159,40.89,0.1336,0.585,0.009091,6.19,2.9,3.3,SAFE,slow_day
5510.0,FOOD_COURT_A,23.66,0.1577,1.3897,0.1612,54.57,0.0401,0.648,0.003643,6.91,4.0,2.91,SAFE,slow_day
5511.0,FOOD_COURT_A,10.02,0.0668,1.2461,0.123,54.46,0.0752,0.3741,0.001093,5.91,2.98,2.93,SAFE,slow_day
5512.0,FOOD_COURT_A,12.96,0.0864,1.2557,0.1366,42.78,0.0513,0.3599,0.001761,6.91,1.87,5.04,SAFE,slow_day
5513.0,FOOD_COURT_A,17.72,0.1181,1.2214,0.0806,43.99,0.0581,0.2116,0.000528,8.19,3.23,4.96,SAFE,slow_day
5514.0,FOOD_COURT_A,18.05,0.1203,1.3427,0.045,31.41,0.0872,0.3874,0.001807,5.24,1.8,3.44,SAFE,slow_day
5515.0,FOOD_COURT_A,16.93,0.1129,1.0555,0.054,60.9,0.1009,0.5776,0.003781,7.31,3.06,4.25,SAFE,slow_day
5516.0,FOOD_COURT_A,23.26,0.155,1.1874,0.1462,54.01,0.0628,0.4276,0.004143,8.0,4.57,3.43,SAFE,slow_day
5517.0,FOOD_COURT_A,41.72,0.2781,1.0936,0.2983,88.38,0.1074,0.6107,0.006622,14.08,5.38,8.7,WARNING,slow_day
5518.0,FOOD_COURT_A,53.73,0.3582,0.5171,0.3235,107.99,0.249,0.7505,0.01604,14.81,10.54,4.27,WARNING,slow_day
5519.0,FOOD_COURT_A,61.6,0.4107,0.752,0.3932,105.22,0.3116,0.7147,0.013986,13.91,6.78,7.13,WARNING,slow_day
5520.0,FOOD_COURT_A,62.15,0.4144,0.6772,0.3152,105.69,0.3853,0.7075,0.010903,16.24,11.38,4.86,WARNING,slow_day
5521.0,FOOD_COURT_A,62.55,0.417,0.5379,0.4772,92.42,0.2545,0.7603,0.009475,7.62,3.26,4.36,WARNING,slow_day
5522.0,FOOD_COURT_A,59.27,0.3951,0.6417,0.4479,113.71,0.2517,0.7854,0.013424,15.73,7.46,8.27,WARNING,slow_day
5523.0,FOOD_COURT_A,66.01,0.4401,0.8001,0.3616,99.15,0.3091,0.6374,0.00807,6.88,1.84,5.04,WARNING,slow_day
5524.0,FOOD_COURT_A,75.01,0.5,0.8703,0.4233,128.03,0.2408,0.6348,0.003169,13.64,5.09,8.55,WARNING,slow_day
5525.0,FOOD_COURT_A,47.29,0.3153,1.2956,0.272,70.0,0.1436,0.4393,0.000951,6.58,3.66,2.93,SAFE,slow_day
5526.0,FOOD_COURT_A,25.45,0.1697,1.1121,0.1084,39.45,0.132,0.398,0.002305,10.91,7.55,3.36,SAFE,slow_day
5527.0,FOOD_COURT_A,18.27,0.1218,1.0977,0.0976,51.89,0.1298,0.3736,0.001314,2.55,0.0,2.55,SAFE,slow_day
5528.0,FOOD_COURT_A,23.29,0.1553,1.4504,0.2132,53.03,0.1299,0.48,0.001555,3.82,1.17,2.65,SAFE,slow_day
5529.0,FOOD_COURT_A,18.46,0.1231,1.0693,0.1937,51.99,0.1262,0.3381,0.000496,8.44,2.21,6.23,SAFE,slow_day
5530.0,FOOD_COURT_A,25.43,0.1696,1.1943,0.1134,54.86,0.1158,0.3648,0.000351,4.84,0.86,3.98,SAFE,slow_day
5531.0,FOOD_COURT_A,45.49,0.3033,0.5598,0.3922,80.84,0.2456,0.4962,0.010152,15.89,10.97,4.92,WARNING,slow_day
5532.0,FOOD_COURT_A,88.91,0.5927,0.3134,0.629,159.22,0.5214,0.8097,0.016522,24.67,13.48,11.19,HIGH,slow_day
5533.0,FOOD_COURT_A,100.73,0.6715,0.2397,0.6787,115.3,0.6583,0.9045,0.013815,17.5,5.64,11.85,HIGH,slow_day
5534.0,FOOD_COURT_A,71.39,0.476,0.5842,0.5219,77.06,0.4055,0.6988,0.012385,15.98,9.23,6.74,WARNING,slow_day
5535.0,FOOD_COURT_A,57.07,0.3804,0.5724,0.4289,81.07,0.2205,0.6834,0.009565,13.46,6.06,7.41,WARNING,slow_day
5536.0,FOOD_COURT_A,61.28,0.4085,0.7039,0.3318,87.14,0.2705,0.7036,0.004658,16.92,8.73,8.19,WARNING,slow_day
5537.0,FOOD_COURT_A,23.33,0.1555,0.9378,0.1871,58.18,0.0993,0.6183,0.005528,5.26,3.84,1.43,SAFE,slow_day
5538.0,FOOD_COURT_A,22.52,0.1501,1.3659,0.1205,54.33,0.097,0.4012,0.003078,5.05,2.33,2.72,SAFE,slow_day
5539.0,FOOD_COURT_A,45.24,0.3016,0.6693,0.2596,42.67,0.2311,0.6221,0.003871,8.17,3.71,4.46,WARNING,slow_day
5540.0,FOOD_COURT_A,71.6,0.4774,0.4326,0.6689,143.02,0.5191,0.8866,0.023786,21.47,10.54,10.94,HIGH,slow_day
5541.0,FOOD_COURT_A,70.7,0.4714,0.3851,0.7551,180.1,0.6426,0.8373,0.030837,23.84,8.19,15.65,HIGH,slow_day
5542.0,FOOD_COURT_A,90.92,0.6062,0.3299,0.6723,170.19,0.6998,0.9401,0.030156,20.41,10.69,9.72,HIGH,slow_day
5543.0,FOOD_COURT_A,65.56,0.4371,0.7014,0.5544,119.85,0.4979,0.943,0.018896,16.69,5.85,10.84,WARNING,slow_day
5544.0,FOOD_COURT_A,54.64,0.3643,0.6193,0.5243,84.19,0.3855,0.7103,0.014828,10.22,3.43,6.79,WARNING,slow_day
5545.0,FOOD_COURT_A,53.84,0.3589,0.528,0.3571,78.64,0.4163,0.6997,0.012116,12.55,8.11,4.44,WARNING,slow_day
5546.0,FOOD_COURT_A,26.42,0.1761,1.0426,0.1525,59.3,0.2339,0.6032,0.005949,7.98,4.81,3.16,SAFE,slow_day
5547.0,FOOD_COURT_A,21.0,0.14,1.0098,0.1267,32.86,0.1235,0.5363,0.004346,7.25,4.2,3.05,SAFE,slow_day
5548.0,FOOD_COURT_A,16.88,0.1125,1.0514,0.1219,61.32,0.0971,0.3246,0.003494,5.11,1.74,3.38,SAFE,slow_day
5549.0,FOOD_COURT_A,20.08,0.1339,1.1568,0.1222,47.55,0.0782,0.3219,0.005793,5.01,2.31,2.7,SAFE,slow_day
5550.0,FOOD_COURT_A,17.09,0.114,1.1473,0.1568,47.9,0.1069,0.3833,0.004752,5.42,2.78,2.64,SAFE,slow_day
5551.0,FOOD_COURT_A,19.51,0.13,1.3303,0.1221,40.46,0.0762,0.3958,0.004989,9.98,4.23,5.75,SAFE,slow_day
5552.0,FOOD_COURT_A,23.95,0.1596,1.3224,0.1818,46.81,0.0594,0.4108,0.00458,9.01,6.32,2.69,SAFE,slow_day
5553.0,FOOD_COURT_A,55.61,0.3708,0.9469,0.4164,109.9,0.287,0.531,0.00306,14.26,7.07,7.19,WARNING,slow_day
5554.0,FOOD_COURT_A,80.66,0.5377,0.5061,0.6104,168.98,0.4848,0.7884,0.023787,26.56,17.27,9.29,HIGH,slow_day
5555.0,FOOD_COURT_A,88.35,0.589,0.2363,0.5367,213.73,0.5869,0.8514,0.019601,22.31,13.47,8.84,HIGH,slow_day
5556.0,FOOD_COURT_A,85.63,0.5709,0.1892,0.7335,192.8,0.561,0.7682,0.03027,20.2,12.54,7.66,HIGH,slow_day
5557.0,FOOD_COURT_A,85.18,0.5679,0.1962,0.7615,221.31,0.5711,0.7156,0.02424,23.27,13.4,9.87,HIGH,slow_day
5558.0,FOOD_COURT_A,85.26,0.5684,0.1286,0.7,200.83,0.5509,0.7786,0.042179,22.53,9.84,12.69,HIGH,slow_day
5559.0,FOOD_COURT_A,95.57,0.6371,0.441,0.6386,209.55,0.5879,0.8957,0.029121,27.27,13.05,14.23,HIGH,slow_day
5560.0,FOOD_COURT_A,61.25,0.4084,0.527,0.5075,141.43,0.4715,0.8501,0.011901,19.85,6.93,12.92,WARNING,slow_day
5561.0,FOOD_COURT_A,46.39,0.3092,0.8208,0.4618,121.38,0.242,0.8436,0.018378,11.32,6.98,4.34,WARNING,slow_day
5562.0,FOOD_COURT_A,43.71,0.2914,1.0399,0.4617,95.09,0.2599,0.6997,0.00948,10.19,5.91,4.28,WARNING,slow_day
5563.0,FOOD_COURT_A,60.79,0.4053,0.7821,0.4279,47.39,0.3023,0.7389,0.011821,13.63,6.75,6.88,WARNING,slow_day
5564.0,FOOD_COURT_A,83.99,0.5599,0.3515,0.6605,98.0,0.4431,0.8143,0.01539,20.98,7.07,13.91,HIGH,slow_day
5565.0,FOOD_COURT_A,62.35,0.4157,0.5906,0.5154,82.85,0.502,0.8349,0.017724,18.92,9.41,9.5,WARNING,slow_day
5566.0,FOOD_COURT_A,69.28,0.4619,0.7532,0.4649,100.88,0.2599,0.6775,0.019156,17.19,9.34,7.86,WARNING,slow_day
5567.0,FOOD_COURT_A,78.61,0.5241,0.3391,0.5842,135.33,0.4798,0.7071,0.028957,14.63,10.32,4.31,HIGH,slow_day
5568.0,FOOD_COURT_A,87.25,0.5816,0.293,0.5614,160.01,0.4655,0.8297,0.023223,30.07,13.04,17.03,HIGH,slow_day
5569.0,FOOD_COURT_A,61.12,0.4075,0.4082,0.3887,99.09,0.3793,0.7536,0.018965,12.83,9.92,2.91,WARNING,slow_day
5570.0,FOOD_COURT_A,59.27,0.3952,0.4798,0.3622,86.56,0.4643,0.8586,0.016427,11.82,6.75,5.07,WARNING,slow_day
5571.0,FOOD_COURT_A,55.28,0.3685,0.2961,0.6353,200.6,0.3987,0.7564,0.017151,21.8,6.23,15.57,HIGH,slow_day
5572.0,FOOD_COURT_A,51.9,0.346,0.4799,0.3937,121.63,0.3153,0.6516,0.013951,12.01,8.34,3.67,WARNING,slow_day
5573.0,FOOD_COURT_A,30.44,0.203,1.2563,0.2174,61.39,0.142,0.3395,0.006089,7.52,3.19,4.33,SAFE,slow_day
5574.0,FOOD_COURT_A,31.06,0.2071,1.1317,0.1046,53.43,0.1237,0.3155,0.003221,6.16,2.73,3.43,SAFE,slow_day
5575.0,FOOD_COURT_A,27.12,0.1808,0.9712,0.1498,46.31,0.0393,0.4426,0.00232,8.38,4.73,3.65,SAFE,slow_day
5576.0,FOOD_COURT_A,20.66,0.1377,1.042,0.1808,49.54,0.0777,0.53,0.003277,9.08,4.91,4.17,SAFE,slow_day
5577.0,FOOD_COURT_A,11.42,0.0761,1.1198,0.0815,50.06,0.1152,0.5067,0.00379,9.96,7.51,2.45,SAFE,slow_day
5578.0,FOOD_COURT_A,17.51,0.1167,1.0884,0.0365,40.37,0.1145,0.368,0.003223,9.76,5.08,4.68,SAFE,slow_day
5579.0,FOOD_COURT_A,35.93,0.2395,0.8364,0.4317,76.67,0.1689,0.6784,0.012645,15.53,9.52,6.01,WARNING,slow_day
5580.0,FOOD_COURT_A,41.94,0.2796,0.778,0.3528,106.59,0.3665,0.5881,0.014698,15.01,8.4,6.61,WARNING,slow_day
5581.0,FOOD_COURT_A,78.49,0.5233,0.3727,0.5273,118.19,0.5685,0.657,0.028498,23.01,7.09,15.92,HIGH,slow_day
5582.0,FOOD_COURT_A,92.93,0.6195,0.2525,0.6248,167.97,0.5166,0.8133,0.021318,20.13,11.11,9.02,HIGH,slow_day
5583.0,FOOD_COURT_A,102.9,0.686,0.2972,0.7208,113.64,0.5587,0.8193,0.016693,23.96,13.73,10.24,HIGH,slow_day
5584.0,FOOD_COURT_A,97.38,0.6492,0.2614,0.6767,176.5,0.6625,0.7303,0.022902,14.66,11.82,2.84,HIGH,slow_day
5585.0,FOOD_COURT_A,85.71,0.5714,0.2478,0.7901,226.03,0.5993,0.8428,0.025124,26.45,11.06,15.38,HIGH,slow_day
5586.0,FOOD_COURT_A,85.97,0.5732,0.1918,0.6963,214.6,0.6415,0.8641,0.013004,18.11,9.89,8.22,HIGH,slow_day
5587.0,FOOD_COURT_A,90.66,0.6044,0.0645,0.677,178.84,0.4923,0.9592,0.018511,21.1,10.18,10.93,HIGH,slow_day
5588.0,FOOD_COURT_A,77.04,0.5136,0.1208,0.7303,156.9,0.5585,0.791,0.035958,21.01,11.54,9.47,HIGH,slow_day
5589.0,FOOD_COURT_A,57.46,0.3831,0.2739,0.4355,91.64,0.3379,0.7044,0.019804,7.98,6.89,1.09,WARNING,slow_day
5590.0,FOOD_COURT_A,59.46,0.3964,0.7391,0.383,105.62,0.2008,0.6874,0.021792,16.05,8.84,7.21,WARNING,slow_day
5591.0,FOOD_COURT_A,57.19,0.3813,0.5462,0.3757,111.11,0.2096,0.6441,0.017135,11.84,1.94,9.91,WARNING,slow_day
5592.0,FOOD_COURT_A,56.3,0.3753,0.5321,0.3548,85.38,0.2277,0.5683,0.008878,12.9,7.7,5.19,WARNING,slow_day
5593.0,FOOD_COURT_A,32.22,0.2148,1.0926,0.1538,65.16,0.1824,0.3637,0.004679,3.51,3.51,0.0,SAFE,slow_day
5594.0,FOOD_COURT_A,25.58,0.1705,1.1589,0.1138,46.96,0.0986,0.3865,0.002791,5.32,1.58,3.74,SAFE,slow_day
5595.0,FOOD_COURT_A,44.64,0.2976,0.9513,0.3044,79.17,0.2581,0.559,0.013047,13.43,6.61,6.82,WARNING,slow_day
5596.0,FOOD_COURT_A,26.95,0.1796,1.3241,0.1473,63.46,0.124,0.5034,0.005269,6.45,3.11,3.34,SAFE,slow_day
5597.0,FOOD_COURT_A,20.47,0.1364,1.2181,0.0945,44.75,0.0396,0.4795,0.002734,3.86,1.83,2.03,SAFE,slow_day
5598.0,FOOD_COURT_A,23.52,0.1568,1.4185,0.0764,43.78,0.1297,0.5741,0.001497,8.85,3.94,4.91,SAFE,slow_day
5599.0,FOOD_COURT_A,20.54,0.1369,1.1254,0.1294,37.74,0.0905,0.6092,0.002156,4.92,2.87,2.06,SAFE,slow_day
5600.0,FOOD_COURT_A,12.45,0.083,1.2152,0.1026,39.85,0.0824,0.3709,0.004044,6.53,3.96,2.57,SAFE,slow_day
5601.0,FOOD_COURT_A,23.18,0.1546,0.9429,0.0579,55.35,0.1207,0.1539,0.004219,4.25,2.09,2.16,SAFE,slow_day
5602.0,FOOD_COURT_A,16.16,0.1078,1.0956,0.0401,57.37,0.073,0.2536,0.003411,6.58,5.44,1.15,SAFE,slow_day
5603.0,FOOD_COURT_A,26.4,0.176,1.3028,0.1099,50.8,0.0981,0.3608,0.004757,9.58,5.72,3.86,SAFE,slow_day
5604.0,FOOD_COURT_A,35.23,0.2349,1.5345,0.1313,42.54,0.1259,0.3741,0.004999,7.35,2.0,5.35,SAFE,slow_day
5605.0,FOOD_COURT_A,32.18,0.2145,1.4838,0.0863,61.58,0.1321,0.4135,0.0015,6.8,2.04,4.76,SAFE,slow_day
5606.0,FOOD_COURT_A,34.23,0.2282,1.4513,0.0505,26.46,0.1507,0.2918,0.001059,5.45,2.64,2.81,SAFE,slow_day
5607.0,FOOD_COURT_A,27.45,0.183,1.4495,0.0152,51.69,0.1195,0.4251,0.001948,6.94,5.3,1.64,SAFE,slow_day
5608.0,FOOD_COURT_A,25.93,0.1729,1.3607,0.0224,52.11,0.0837,0.3168,0.001061,4.38,1.51,2.87,SAFE,slow_day
5609.0,FOOD_COURT_A,25.13,0.1676,1.3399,0.0985,58.48,0.0812,0.4515,0.002921,3.15,1.15,2.0,SAFE,slow_day
5610.0,FOOD_COURT_A,22.3,0.1487,1.2222,0.0475,38.48,0.0898,0.4638,0.000876,2.91,2.43,0.48,SAFE,slow_day
5611.0,FOOD_COURT_A,20.38,0.1359,1.4557,0.0146,40.95,0.0804,0.3413,0.002249,6.86,3.24,3.62,SAFE,slow_day
5612.0,FOOD_COURT_A,22.36,0.1491,0.9572,0.1444,42.38,0.0762,0.3167,0.008191,7.11,2.11,5.0,SAFE,slow_day
5613.0,FOOD_COURT_A,43.2,0.288,0.8766,0.2147,83.49,0.2844,0.5013,0.007153,8.65,4.87,3.78,WARNING,slow_day
5614.0,FOOD_COURT_A,46.6,0.3106,0.8135,0.3877,97.41,0.1924,0.7109,0.012096,9.26,4.39,4.88,WARNING,slow_day
5615.0,FOOD_COURT_A,58.81,0.3921,0.4586,0.3053,85.08,0.3445,0.7363,0.009935,17.36,10.68,6.68,WARNING,slow_day
5616.0,FOOD_COURT_A,55.63,0.3708,0.2478,0.3062,101.7,0.3118,0.7368,0.011744,10.88,3.38,7.5,WARNING,slow_day
5617.0,FOOD_COURT_A,57.61,0.3841,0.7605,0.3291,84.79,0.2364,0.7385,0.01042,11.47,5.45,6.02,WARNING,slow_day
5618.0,FOOD_COURT_A,39.8,0.2653,1.0354,0.2403,56.75,0.1185,0.3984,0.00536,1.06,0.17,0.89,SAFE,slow_day
5619.0,FOOD_COURT_A,24.89,0.1659,0.8227,0.1083,54.97,0.0675,0.2519,0.00414,10.49,6.26,4.23,SAFE,slow_day
5620.0,FOOD_COURT_A,18.35,0.1224,1.0825,0.1654,49.66,0.0398,0.4411,0.003241,11.34,7.77,3.57,SAFE,slow_day
5621.0,FOOD_COURT_A,24.63,0.1642,1.2701,0.0496,38.72,0.1341,0.3632,0.00519,8.05,2.8,5.25,SAFE,slow_day
5622.0,FOOD_COURT_A,17.9,0.1193,1.5064,0.024,54.36,0.1282,0.4306,0.002065,8.71,2.92,5.78,SAFE,slow_day
5623.0,FOOD_COURT_A,18.59,0.1239,1.2543,0.0089,55.07,0.118,0.4965,0.002385,6.46,4.33,2.13,SAFE,slow_day
5624.0,FOOD_COURT_A,10.7,0.0713,1.2291,0.0705,41.15,0.0911,0.3118,0.001112,7.06,3.27,3.79,SAFE,slow_day
5625.0,FOOD_COURT_A,15.71,0.1047,1.3107,0.1213,45.27,0.1154,0.398,0.003018,5.69,1.57,4.13,SAFE,slow_day
5626.0,FOOD_COURT_A,56.36,0.3757,0.7331,0.3572,84.41,0.1696,0.4774,0.014634,13.43,8.0,5.43,WARNING,slow_day
5627.0,FOOD_COURT_A,51.57,0.3438,0.8574,0.361,98.81,0.2441,0.6546,0.012054,19.56,8.37,11.19,WARNING,slow_day
5628.0,FOOD_COURT_A,50.3,0.3353,0.9304,0.3775,102.56,0.3662,0.684,0.01362,11.04,3.76,7.28,WARNING,slow_day
5629.0,FOOD_COURT_A,55.59,0.3706,0.7315,0.4853,86.89,0.3963,0.6552,0.011196,11.62,7.19,4.43,WARNING,slow_day
5630.0,FOOD_COURT_A,27.71,0.1847,1.3634,0.1927,57.25,0.1866,0.4028,0.008296,10.33,5.28,5.05,SAFE,slow_day
5631.0,FOOD_COURT_A,11.77,0.0785,1.8515,0.0883,52.36,0.1323,0.3875,0.00593,8.52,5.61,2.91,SAFE,slow_day
5632.0,FOOD_COURT_A,16.51,0.11,1.1616,0.1385,21.77,0.092,0.3657,0.00407,6.21,1.72,4.49,SAFE,slow_day
5633.0,FOOD_COURT_A,22.37,0.1491,1.001,0.1526,33.42,0.0659,0.3783,0.001821,6.18,3.72,2.46,SAFE,slow_day
5634.0,FOOD_COURT_A,14.79,0.0986,1.2903,0.0974,39.63,0.0899,0.4364,0.004092,6.91,2.1,4.81,SAFE,slow_day
5635.0,FOOD_COURT_A,9.82,0.0655,1.2516,0.1342,35.98,0.0887,0.4327,0.00589,6.19,1.35,4.84,SAFE,slow_day
5636.0,FOOD_COURT_A,17.28,0.1152,1.1981,0.1382,47.27,0.0702,0.5125,0.006121,7.24,3.53,3.71,SAFE,slow_day
5637.0,FOOD_COURT_A,16.92,0.1128,1.1664,0.1438,63.33,0.0717,0.5858,0.004689,10.31,5.13,5.18,SAFE,slow_day
5638.0,FOOD_COURT_A,18.74,0.125,1.2703,0.0431,39.69,0.0836,0.4059,0.002132,6.09,3.27,2.82,SAFE,slow_day
5639.0,FOOD_COURT_A,6.26,0.0418,1.3227,0.1025,29.61,0.1372,0.4215,0.002653,6.65,3.66,2.99,SAFE,slow_day
5640.0,FOOD_COURT_A,25.26,0.1684,1.3434,0.0663,39.68,0.1042,0.4694,0.000796,8.56,4.69,3.87,SAFE,slow_day
5641.0,FOOD_COURT_A,19.77,0.1318,1.2825,0.1454,48.65,0.0734,0.5474,0.003063,9.58,5.27,4.31,SAFE,slow_day
5642.0,FOOD_COURT_A,6.53,0.0435,1.2123,0.1037,55.78,0.0971,0.4197,0.004176,3.78,2.23,1.55,SAFE,slow_day
5643.0,FOOD_COURT_A,6.73,0.0449,0.8479,0.1132,35.13,0.0736,0.4797,0.003074,9.7,5.13,4.58,SAFE,slow_day
5644.0,FOOD_COURT_A,17.22,0.1148,0.9584,0.0819,47.43,0.08,0.4219,0.003127,9.21,2.57,6.64,SAFE,slow_day
5645.0,FOOD_COURT_A,16.57,0.1105,1.2671,0.0742,50.57,0.0315,0.477,0.003903,8.79,4.79,4.0,SAFE,slow_day
5646.0,FOOD_COURT_A,17.13,0.1142,1.0486,0.0423,37.18,0.0359,0.5316,0.003409,8.48,5.88,2.61,SAFE,slow_day
5647.0,FOOD_COURT_A,24.95,0.1664,1.2907,0.0616,40.04,0.0462,0.5038,0.002938,6.38,2.59,3.79,SAFE,slow_day
5648.0,FOOD_COURT_A,21.4,0.1427,1.3246,0.0369,30.17,0.0488,0.4589,0.000881,5.88,4.32,1.56,SAFE,slow_day
5649.0,FOOD_COURT_A,16.1,0.1074,1.554,0.1354,26.05,0.0212,0.3075,0.001414,9.48,3.5,5.98,SAFE,slow_day
5650.0,FOOD_COURT_A,10.79,0.0719,1.478,0.1249,55.21,0.0474,0.2347,0.000576,10.1,4.09,6.0,SAFE,slow_day
5651.0,FOOD_COURT_A,12.19,0.0812,1.1222,0.1274,56.01,0.0382,0.2681,0.004117,4.61,2.62,1.98,SAFE,slow_day
5652.0,FOOD_COURT_A,18.94,0.1263,1.52,0.0936,52.05,0.0674,0.3766,0.002304,5.07,2.59,2.48,SAFE,slow_day
5653.0,FOOD_COURT_A,9.89,0.0659,1.2488,0.0794,40.27,0.0638,0.3439,0.002312,6.59,1.8,4.79,SAFE,slow_day
5654.0,FOOD_COURT_A,12.44,0.0829,1.2314,0.1829,66.07,0.0618,0.4268,0.002551,7.08,4.31,2.77,SAFE,slow_day
5655.0,FOOD_COURT_A,26.55,0.177,1.189,0.1486,33.83,0.078,0.414,0.003553,4.51,3.56,0.95,SAFE,slow_day
5656.0,FOOD_COURT_A,14.45,0.0963,1.0565,0.0571,26.27,0.0829,0.2406,0.001832,5.24,2.75,2.48,SAFE,slow_day
5657.0,FOOD_COURT_A,9.19,0.0613,1.3074,0.1601,39.39,0.0644,0.365,0.002639,5.37,2.71,2.66,SAFE,slow_day
5658.0,FOOD_COURT_A,16.94,0.113,1.1583,0.1034,49.26,0.1035,0.3486,0.000792,7.13,6.62,0.51,SAFE,slow_day
5659.0,FOOD_COURT_A,18.28,0.1219,1.161,0.0776,56.95,0.133,0.4927,0.004239,5.48,2.99,2.49,SAFE,slow_day
5660.0,FOOD_COURT_A,22.49,0.1499,1.0803,0.0903,54.45,0.0641,0.5237,0.004261,11.69,6.26,5.43,SAFE,slow_day
5661.0,FOOD_COURT_A,21.19,0.1413,1.1174,0.056,55.6,0.0411,0.4958,0.001775,8.67,4.42,4.24,SAFE,slow_day
5662.0,FOOD_COURT_A,28.73,0.1915,0.8121,0.1073,58.04,0.0739,0.4571,0.0039,6.51,3.55,2.96,SAFE,slow_day
5663.0,FOOD_COURT_A,17.12,0.1141,1.0759,0.0667,75.6,0.103,0.5269,0.004324,7.71,4.73,2.98,SAFE,slow_day
5664.0,FOOD_COURT_A,15.34,0.1023,1.3069,0.0508,56.17,0.0793,0.4145,0.004396,4.98,2.81,2.18,SAFE,slow_day
5665.0,FOOD_COURT_A,26.61,0.1774,1.1728,0.1345,31.75,0.0571,0.3887,0.004364,6.96,3.67,3.29,SAFE,slow_day
5666.0,FOOD_COURT_A,13.37,0.0891,0.7929,0.1176,28.08,0.1055,0.3907,0.001649,9.38,4.07,5.31,SAFE,slow_day
5667.0,FOOD_COURT_A,18.89,0.1259,1.1552,0.1378,42.84,0.0894,0.4598,0.002597,4.99,1.13,3.86,SAFE,slow_day
5668.0,FOOD_COURT_A,28.62,0.1908,1.1404,0.1793,40.94,0.0967,0.3713,0.002834,5.71,4.36,1.35,SAFE,slow_day
5669.0,FOOD_COURT_A,24.48,0.1632,1.1599,0.1797,46.37,0.0769,0.3754,0.001898,7.93,3.76,4.16,SAFE,slow_day
5670.0,FOOD_COURT_A,25.78,0.1718,1.238,0.0908,56.6,0.0306,0.489,0.004593,7.45,3.92,3.54,SAFE,slow_day
5671.0,FOOD_COURT_A,25.36,0.169,1.0567,0.1113,65.46,0.1083,0.5316,0.003982,7.92,3.49,4.43,SAFE,slow_day
5672.0,FOOD_COURT_A,28.12,0.1875,1.2846,0.1038,50.61,0.0804,0.5048,0.004883,4.25,1.61,2.63,SAFE,slow_day
5673.0,FOOD_COURT_A,25.2,0.168,1.0785,0.077,44.16,0.1486,0.3999,0.003758,6.35,2.65,3.7,SAFE,slow_day
5674.0,FOOD_COURT_A,31.98,0.2132,1.2209,0.1602,43.86,0.0996,0.4203,0.002115,7.38,2.88,4.49,SAFE,slow_day
5675.0,FOOD_COURT_A,21.91,0.1461,1.0965,0.1533,47.71,0.1035,0.2704,0.002137,6.83,4.07,2.76,SAFE,slow_day
5676.0,FOOD_COURT_A,26.68,0.1779,0.9147,0.111,51.29,0.0989,0.3872,0.003641,6.76,1.61,5.15,SAFE,slow_day
5677.0,FOOD_COURT_A,21.41,0.1427,1.0744,0.0516,44.64,0.0988,0.4225,0.001092,7.38,4.01,3.37,SAFE,slow_day
5678.0,FOOD_COURT_A,23.57,0.1572,0.882,0.1143,46.98,0.0907,0.4188,0.002594,5.23,4.36,0.87,SAFE,slow_day
5679.0,FOOD_COURT_A,22.71,0.1514,1.049,0.0635,45.26,0.0811,0.3358,0.003945,11.51,5.33,6.17,SAFE,slow_day
5680.0,FOOD_COURT_A,39.12,0.2608,1.0637,0.1075,48.67,0.0881,0.3834,0.002099,5.81,1.86,3.95,SAFE,slow_day
5681.0,FOOD_COURT_A,34.01,0.2267,0.8629,0.2157,71.17,0.2505,0.7485,0.007197,9.69,3.87,5.83,WARNING,slow_day
5682.0,FOOD_COURT_A,45.2,0.3013,0.6493,0.2719,76.51,0.1541,0.7361,0.007968,8.83,1.22,7.61,WARNING,slow_day
5683.0,FOOD_COURT_A,49.5,0.33,0.7268,0.3315,98.23,0.2877,0.6708,0.013173,7.56,7.56,0.0,WARNING,slow_day
5684.0,FOOD_COURT_A,52.73,0.3515,0.7068,0.4307,58.82,0.2997,0.6696,0.022442,7.44,4.89,2.55,WARNING,slow_day
5685.0,FOOD_COURT_A,52.36,0.3491,0.6135,0.4347,56.23,0.1525,0.568,0.015855,3.3,2.27,1.03,WARNING,slow_day
5686.0,FOOD_COURT_A,23.72,0.1581,1.0867,0.252,37.91,0.1235,0.6279,0.007606,6.25,4.86,1.39,SAFE,slow_day
5687.0,FOOD_COURT_A,17.71,0.1181,1.194,0.1835,42.92,0.044,0.5339,0.004266,4.43,1.32,3.11,SAFE,slow_day
5688.0,FOOD_COURT_A,22.65,0.151,1.1235,0.0614,60.06,0.1066,0.4635,0.003741,9.22,1.53,7.7,SAFE,slow_day
5689.0,FOOD_COURT_A,21.73,0.1449,1.4132,0.1835,57.43,0.1224,0.4271,0.004394,9.45,5.77,3.68,SAFE,slow_day
5690.0,FOOD_COURT_A,38.91,0.2594,1.2891,0.0959,48.69,0.0774,0.4099,0.001318,5.55,3.46,2.09,SAFE,slow_day
5691.0,FOOD_COURT_A,18.27,0.1218,1.2657,0.1418,51.47,0.09,0.3846,0.002933,4.51,2.9,1.62,SAFE,slow_day
5692.0,FOOD_COURT_A,15.56,0.1037,1.2135,0.0647,56.08,0.0908,0.351,0.000918,6.8,3.44,3.36,SAFE,slow_day
5693.0,FOOD_COURT_A,20.56,0.137,1.452,0.0702,47.24,0.0878,0.451,0.004997,7.81,4.1,3.71,SAFE,slow_day
5694.0,FOOD_COURT_A,18.35,0.1223,1.0832,0.0869,37.05,0.0752,0.1976,0.003303,9.63,3.26,6.38,SAFE,slow_day
5695.0,FOOD_COURT_A,21.92,0.1461,1.3354,0.1421,43.97,0.0779,0.3037,0.004447,7.75,1.72,6.03,SAFE,slow_day
5696.0,FOOD_COURT_A,20.9,0.1394,1.3676,0.0747,64.04,0.0851,0.2929,0.002503,7.62,2.73,4.89,SAFE,slow_day
5697.0,FOOD_COURT_A,21.07,0.1404,1.1341,0.1415,38.78,0.0607,0.3453,0.001177,8.98,5.17,3.82,SAFE,slow_day
5698.0,FOOD_COURT_A,18.6,0.124,1.4671,0.122,29.02,0.0593,0.4327,0.002554,7.56,3.09,4.47,SAFE,slow_day
5699.0,FOOD_COURT_A,19.39,0.1293,1.6729,0.1453,13.79,0.0699,0.5111,0.003981,4.77,2.24,2.53,SAFE,slow_day
5700.0,FOOD_COURT_A,26.53,0.1769,1.3122,0.0772,30.45,0.1362,0.5238,0.001612,6.56,4.62,1.93,SAFE,slow_day
5701.0,FOOD_COURT_A,21.09,0.1406,1.1478,0.0232,29.26,0.0942,0.298,0.00236,7.5,2.78,4.72,SAFE,slow_day
5702.0,FOOD_COURT_A,43.51,0.2901,0.5288,0.1946,65.8,0.2661,0.6134,0.011691,18.9,9.41,9.48,WARNING,slow_day
5703.0,FOOD_COURT_A,53.97,0.3598,0.6741,0.3572,93.1,0.2508,0.7887,0.014594,17.97,8.87,9.1,WARNING,slow_day
5704.0,FOOD_COURT_A,27.07,0.1805,0.8877,0.2671,68.65,0.1683,0.4542,0.007691,6.5,2.01,4.49,SAFE,slow_day
5705.0,FOOD_COURT_A,31.56,0.2104,1.2054,0.1666,49.59,0.1055,0.4622,0.002926,8.32,3.38,4.94,SAFE,slow_day
5706.0,FOOD_COURT_A,35.28,0.2352,1.1723,0.1672,51.91,0.0617,0.3437,0.002104,5.64,3.7,1.94,SAFE,slow_day
5707.0,FOOD_COURT_A,22.63,0.1509,1.3485,0.0989,41.11,0.0888,0.4588,0.001944,5.0,3.88,1.13,SAFE,slow_day
5708.0,FOOD_COURT_A,13.81,0.0921,1.2164,0.0825,39.37,0.0881,0.351,0.000583,3.54,3.37,0.17,SAFE,slow_day
5709.0,FOOD_COURT_A,28.5,0.19,0.8485,0.2189,108.3,0.3138,0.5909,0.005058,14.04,5.48,8.56,WARNING,slow_day
5710.0,FOOD_COURT_A,70.16,0.4678,0.3981,0.5017,170.32,0.6566,0.7153,0.015362,20.7,10.97,9.74,HIGH,slow_day
5711.0,FOOD_COURT_A,81.61,0.5441,0.406,0.6115,142.43,0.5867,0.6846,0.032259,22.94,14.7,8.24,HIGH,slow_day
5712.0,FOOD_COURT_A,46.81,0.3121,0.638,0.403,129.34,0.371,0.7329,0.022781,12.41,4.73,7.68,WARNING,slow_day
5713.0,FOOD_COURT_A,70.62,0.4708,0.2804,0.5538,194.83,0.4043,0.9061,0.036484,15.18,10.52,4.66,HIGH,slow_day
5714.0,FOOD_COURT_A,65.22,0.4348,0.5979,0.5962,132.2,0.429,0.6967,0.02098,17.19,8.59,8.6,WARNING,slow_day
5715.0,FOOD_COURT_A,58.49,0.3899,0.8206,0.4725,95.41,0.3263,0.6238,0.013912,14.18,9.77,4.41,WARNING,slow_day
5716.0,FOOD_COURT_A,64.77,0.4318,0.8116,0.4115,75.58,0.3104,0.566,0.013759,10.28,5.39,4.89,WARNING,slow_day
5717.0,FOOD_COURT_A,56.58,0.3772,0.5715,0.3867,81.28,0.297,0.5439,0.015702,15.37,5.67,9.69,WARNING,slow_day
5718.0,FOOD_COURT_A,49.62,0.3308,0.6659,0.3912,98.5,0.33,0.7049,0.015651,11.46,5.65,5.81,WARNING,slow_day
5719.0,FOOD_COURT_A,28.17,0.1878,1.0905,0.1686,83.68,0.1506,0.5463,0.006628,8.38,6.17,2.21,SAFE,slow_day
5720.0,FOOD_COURT_A,27.63,0.1842,1.1279,0.0826,63.47,0.1038,0.4281,0.004923,2.26,0.98,1.28,SAFE,slow_day
5721.0,FOOD_COURT_A,24.57,0.1638,0.8761,0.1008,40.1,0.1441,0.3606,0.001477,9.06,4.57,4.49,SAFE,slow_day
5722.0,FOOD_COURT_A,22.76,0.1518,1.3014,0.1243,52.56,0.1082,0.3743,0.000996,2.29,0.77,1.51,SAFE,slow_day
5723.0,FOOD_COURT_A,19.43,0.1295,1.3527,0.0681,44.68,0.0601,0.3035,0.000979,10.64,4.86,5.78,SAFE,slow_day
5724.0,FOOD_COURT_A,16.98,0.1132,1.1915,0.1174,47.26,0.038,0.2863,0.001959,3.98,3.98,0.0,SAFE,slow_day
5725.0,FOOD_COURT_A,14.66,0.0978,1.0901,0.0862,17.68,0.0488,0.2753,0.003026,5.74,4.18,1.56,SAFE,slow_day
5726.0,FOOD_COURT_A,12.48,0.0832,1.1501,0.0885,40.78,0.0968,0.33,0.006988,5.61,3.39,2.22,SAFE,slow_day
5727.0,FOOD_COURT_A,10.92,0.0728,1.1283,0.163,63.27,0.0795,0.3527,0.003964,6.82,1.87,4.95,SAFE,slow_day
5728.0,FOOD_COURT_A,15.54,0.1036,1.2748,0.1374,46.12,0.0573,0.2862,0.003703,6.53,3.78,2.75,SAFE,slow_day
5729.0,FOOD_COURT_A,52.49,0.35,0.671,0.379,73.44,0.3077,0.597,0.016357,16.4,9.54,6.85,WARNING,slow_day
5730.0,FOOD_COURT_A,23.0,0.1533,0.7238,0.1902,64.6,0.1359,0.4575,0.007044,8.29,3.77,4.52,SAFE,slow_day
5731.0,FOOD_COURT_A,22.45,0.1496,1.0364,0.1525,41.02,0.0894,0.432,0.004363,6.63,3.94,2.69,SAFE,slow_day
5732.0,FOOD_COURT_A,23.93,0.1595,1.1969,0.1348,74.54,0.08,0.4743,0.003672,8.44,3.92,4.53,SAFE,slow_day
5733.0,FOOD_COURT_A,31.33,0.2089,0.8805,0.2702,96.27,0.2623,0.609,0.008306,15.44,8.8,6.64,WARNING,slow_day
5734.0,FOOD_COURT_A,33.84,0.2256,0.796,0.3743,86.86,0.4334,0.6622,0.009997,10.1,3.94,6.16,WARNING,slow_day
5735.0,FOOD_COURT_A,25.17,0.1678,1.0958,0.2433,62.48,0.1729,0.4791,0.003985,3.48,1.58,1.9,SAFE,slow_day
5736.0,FOOD_COURT_A,20.3,0.1353,1.091,0.151,45.33,0.1202,0.5182,0.004752,5.26,1.48,3.79,SAFE,slow_day
5737.0,FOOD_COURT_A,18.57,0.1238,1.092,0.0494,56.87,0.101,0.3966,0.002263,7.28,4.32,2.96,SAFE,slow_day
5738.0,FOOD_COURT_A,40.0,0.2667,0.7655,0.3083,68.25,0.2504,0.6178,0.009477,9.71,3.96,5.76,WARNING,slow_day
5739.0,FOOD_COURT_A,38.47,0.2565,1.2178,0.173,48.14,0.1304,0.5013,0.006928,9.37,5.35,4.02,SAFE,slow_day
5740.0,FOOD_COURT_A,53.14,0.3542,0.8717,0.2801,93.2,0.1578,0.5483,0.008201,9.82,2.58,7.24,WARNING,slow_day
5741.0,FOOD_COURT_A,45.44,0.303,0.6159,0.4256,89.72,0.3336,0.6818,0.016518,17.35,5.34,12.01,WARNING,slow_day
5742.0,FOOD_COURT_A,26.26,0.1751,0.9271,0.1766,65.83,0.1955,0.5598,0.005657,8.52,2.72,5.8,SAFE,slow_day
5743.0,FOOD_COURT_A,54.28,0.3619,0.7851,0.248,80.89,0.3744,0.6527,0.012145,13.17,9.45,3.73,WARNING,slow_day
5744.0,FOOD_COURT_A,57.2,0.3814,0.7194,0.2798,76.52,0.2761,0.8763,0.006517,14.12,6.67,7.44,WARNING,slow_day
5745.0,FOOD_COURT_A,36.46,0.2431,1.0762,0.1277,53.65,0.0972,0.5918,0.00489,3.88,0.79,3.09,SAFE,slow_day
5746.0,FOOD_COURT_A,33.47,0.2231,1.0572,0.13,31.69,0.079,0.4311,0.004184,7.02,4.32,2.69,SAFE,slow_day
5747.0,FOOD_COURT_A,33.07,0.2205,1.024,0.1171,55.82,0.0886,0.4618,0.005241,6.63,2.82,3.81,SAFE,slow_day
5748.0,FOOD_COURT_A,27.12,0.1808,1.1564,0.0455,42.86,0.1241,0.3974,0.005128,9.17,2.56,6.61,SAFE,slow_day
5749.0,FOOD_COURT_A,28.5,0.19,1.3868,0.0137,52.81,0.1189,0.3647,0.004528,7.48,5.61,1.87,SAFE,slow_day
5750.0,FOOD_COURT_A,13.05,0.087,0.9819,0.0589,55.12,0.1375,0.354,0.002432,8.82,4.71,4.11,SAFE,slow_day
5751.0,FOOD_COURT_A,16.21,0.1081,0.9804,0.0937,57.81,0.0913,0.401,0.006761,5.15,3.34,1.81,SAFE,slow_day
5752.0,FOOD_COURT_A,23.55,0.157,0.9177,0.1419,47.16,0.0811,0.3902,0.005219,7.75,2.72,5.03,SAFE,slow_day
5753.0,FOOD_COURT_A,20.34,0.1356,1.1799,0.1428,55.8,0.0778,0.2184,0.002527,8.36,3.94,4.42,SAFE,slow_day
5754.0,FOOD_COURT_A,19.49,0.13,1.1967,0.1606,27.06,0.0709,0.34,0.002302,7.26,4.63,2.62,SAFE,slow_day
5755.0,FOOD_COURT_A,18.98,0.1265,1.0721,0.1254,32.76,0.0483,0.29,0.000995,5.2,0.65,4.55,SAFE,slow_day
5756.0,FOOD_COURT_A,20.08,0.1338,1.0866,0.0749,18.56,0.0286,0.3461,0.001347,7.13,5.27,1.86,SAFE,slow_day
5757.0,FOOD_COURT_A,26.83,0.1788,1.252,0.1359,36.92,0.0453,0.4028,0.002282,8.0,3.87,4.12,SAFE,slow_day
5758.0,FOOD_COURT_A,42.87,0.2858,0.678,0.2496,73.09,0.2782,0.5315,0.004905,10.15,8.31,1.84,WARNING,slow_day
5759.0,FOOD_COURT_A,18.8,0.1253,1.2013,0.1873,66.83,0.19,0.6087,0.004287,10.84,4.17,6.67,SAFE,slow_day
5760.0,FOOD_COURT_A,15.36,0.1024,0.9205,0.1261,33.88,0.1237,0.5765,0.003348,8.63,4.45,4.18,SAFE,slow_day
5761.0,FOOD_COURT_A,29.37,0.1958,1.3219,0.0764,41.81,0.1091,0.4316,0.00377,8.94,4.68,4.25,SAFE,slow_day
5762.0,FOOD_COURT_A,20.48,0.1365,1.1212,0.0883,45.04,0.1194,0.3595,0.001131,8.84,4.13,4.71,SAFE,slow_day
5763.0,FOOD_COURT_A,17.06,0.1138,1.2162,0.0689,46.66,0.0912,0.4467,0.000618,2.55,1.75,0.81,SAFE,slow_day
5764.0,FOOD_COURT_A,30.15,0.201,1.0842,0.0631,43.88,0.0803,0.3508,0.000185,6.15,1.43,4.72,SAFE,slow_day
5765.0,FOOD_COURT_A,24.37,0.1625,1.072,0.1264,42.05,0.0752,0.2902,0.001774,7.8,4.58,3.22,SAFE,slow_day
5766.0,FOOD_COURT_A,33.72,0.2248,1.4528,0.2121,28.48,0.1169,0.2891,0.001929,6.24,5.58,0.66,SAFE,slow_day
5767.0,FOOD_COURT_A,27.93,0.1862,1.3249,0.0917,30.68,0.0653,0.4135,0.00336,7.22,4.14,3.07,SAFE,slow_day
5768.0,FOOD_COURT_A,26.05,0.1737,1.0143,0.1029,36.09,0.1174,0.3558,0.005756,3.88,3.3,0.58,SAFE,slow_day
5769.0,FOOD_COURT_A,22.28,0.1485,1.3947,0.1708,51.78,0.101,0.4739,0.003992,8.93,4.55,4.38,SAFE,slow_day
5770.0,FOOD_COURT_A,48.7,0.3247,1.0645,0.2344,86.73,0.3589,0.6041,0.00854,14.13,6.72,7.4,WARNING,slow_day
5771.0,FOOD_COURT_A,49.13,0.3276,0.876,0.3851,98.37,0.4559,0.7206,0.006836,21.63,10.08,11.55,WARNING,slow_day
5772.0,FOOD_COURT_A,46.01,0.3067,0.521,0.2829,107.85,0.2666,0.7391,0.017791,13.28,7.62,5.67,WARNING,slow_day
5773.0,FOOD_COURT_A,39.28,0.2619,0.5391,0.4144,94.11,0.3972,0.6399,0.01234,11.93,5.99,5.94,WARNING,slow_day
5774.0,FOOD_COURT_A,33.52,0.2235,1.0804,0.2433,59.52,0.196,0.3345,0.00771,5.61,3.44,2.17,SAFE,slow_day
5775.0,FOOD_COURT_A,30.05,0.2003,1.5342,0.2364,41.9,0.1497,0.3857,0.00535,7.44,5.38,2.06,SAFE,slow_day
5776.0,FOOD_COURT_A,18.43,0.1229,1.3828,0.1906,55.11,0.0449,0.2672,0.003048,6.48,2.78,3.7,SAFE,slow_day
5777.0,FOOD_COURT_A,16.22,0.1081,1.5078,0.1314,34.2,0.1212,0.3558,0.003922,9.51,3.41,6.1,SAFE,slow_day
5778.0,FOOD_COURT_A,20.62,0.1375,0.974,0.0985,46.28,0.1118,0.3019,0.002611,6.91,4.0,2.9,SAFE,slow_day
5779.0,FOOD_COURT_A,50.06,0.3337,0.6114,0.2374,106.16,0.2644,0.476,0.009043,16.51,8.73,7.78,WARNING,slow_day
5780.0,FOOD_COURT_A,29.4,0.196,1.1606,0.1336,52.87,0.1028,0.3908,0.003806,4.73,4.01,0.72,SAFE,slow_day
5781.0,FOOD_COURT_A,17.51,0.1168,1.3483,0.1209,46.24,0.1275,0.4381,0.002233,5.24,2.93,2.31,SAFE,slow_day
5782.0,FOOD_COURT_A,19.24,0.1282,1.2828,0.0663,38.15,0.0994,0.3519,0.004663,5.43,4.3,1.13,SAFE,slow_day
5783.0,FOOD_COURT_A,22.83,0.1522,1.4215,0.1453,62.72,0.0949,0.4288,0.002118,6.06,1.9,4.16,SAFE,slow_day
5784.0,FOOD_COURT_A,30.47,0.2032,1.7248,0.1177,47.88,0.0285,0.398,0.003166,6.97,4.72,2.26,SAFE,slow_day
5785.0,FOOD_COURT_A,22.88,0.1525,1.4778,0.0636,49.12,0.0962,0.3747,0.003661,10.64,4.27,6.37,SAFE,slow_day
5786.0,FOOD_COURT_A,22.06,0.1471,1.1658,0.0758,49.52,0.0608,0.2713,0.002504,11.47,6.98,4.49,SAFE,slow_day
5787.0,FOOD_COURT_A,25.2,0.168,1.1827,0.0366,53.63,0.0902,0.3336,0.003519,4.1,2.38,1.71,SAFE,slow_day
5788.0,FOOD_COURT_A,15.65,0.1044,1.3685,0.0557,47.82,0.0663,0.473,0.004535,9.86,4.01,5.84,SAFE,slow_day
5789.0,FOOD_COURT_A,26.17,0.1745,0.8741,0.0731,60.24,0.0511,0.571,0.00408,7.57,3.14,4.43,SAFE,slow_day
5790.0,FOOD_COURT_A,36.93,0.2462,1.1627,0.0642,37.13,0.0922,0.4514,0.002364,3.71,1.95,1.77,SAFE,slow_day
5791.0,FOOD_COURT_A,20.55,0.137,1.4478,0.0263,51.23,0.0865,0.346,0.004772,6.68,2.35,4.34,SAFE,slow_day
5792.0,FOOD_COURT_A,15.76,0.1051,1.2464,0.1174,44.55,0.118,0.4236,0.00463,5.31,2.2,3.11,SAFE,slow_day
5793.0,FOOD_COURT_A,19.45,0.1296,1.4212,0.0862,54.63,0.0983,0.2649,0.003451,9.93,5.11,4.82,SAFE,slow_day
5794.0,FOOD_COURT_A,50.81,0.3387,0.9444,0.2873,68.68,0.2621,0.6267,0.011292,17.01,6.44,10.57,WARNING,slow_day
5795.0,FOOD_COURT_A,21.79,0.1453,1.1138,0.161,47.02,0.1447,0.448,0.005608,7.22,3.33,3.89,SAFE,slow_day
5796.0,FOOD_COURT_A,50.32,0.3355,0.9466,0.4307,65.92,0.2175,0.629,0.008533,10.45,5.89,4.56,WARNING,slow_day
5797.0,FOOD_COURT_A,54.71,0.3648,0.8868,0.3409,39.6,0.269,0.6136,0.011202,14.62,8.97,5.65,WARNING,slow_day
5798.0,FOOD_COURT_A,64.27,0.4285,0.6573,0.3201,96.48,0.2041,0.7269,0.012439,14.25,3.59,10.66,WARNING,slow_day
5799.0,FOOD_COURT_A,39.54,0.2636,0.9909,0.1494,54.12,0.1291,0.4497,0.005358,5.15,3.34,1.81,SAFE,slow_day
5800.0,FOOD_COURT_A,28.77,0.1918,0.8591,0.158,26.24,0.1231,0.5155,0.004939,8.79,4.54,4.24,SAFE,slow_day
5801.0,FOOD_COURT_A,34.77,0.2318,0.9416,0.0908,47.59,0.1159,0.3996,0.00454,6.81,2.42,4.38,SAFE,slow_day
5802.0,FOOD_COURT_A,18.9,0.126,0.6735,0.0394,49.81,0.0484,0.4316,0.003332,8.55,2.89,5.66,SAFE,slow_day
5803.0,FOOD_COURT_A,26.6,0.1774,1.1178,0.0542,42.41,0.0538,0.3683,0.001606,6.88,2.09,4.79,SAFE,slow_day
5804.0,FOOD_COURT_A,22.72,0.1514,1.3576,0.0247,39.63,0.0821,0.3241,0.002711,7.75,3.25,4.5,SAFE,slow_day
5805.0,FOOD_COURT_A,16.66,0.111,1.3451,0.1011,42.82,0.0993,0.3494,0.002003,5.74,2.59,3.15,SAFE,slow_day
5806.0,FOOD_COURT_A,25.42,0.1694,1.4511,0.0998,51.02,0.1001,0.467,0.005008,4.39,3.21,1.18,SAFE,slow_day
5807.0,FOOD_COURT_A,26.05,0.1736,1.5763,0.1247,54.79,0.0578,0.5673,0.003704,4.69,1.52,3.17,SAFE,slow_day
5808.0,FOOD_COURT_A,14.4,0.096,1.2916,0.0857,53.91,0.0173,0.3842,0.003663,8.47,4.06,4.41,SAFE,slow_day
5809.0,FOOD_COURT_A,16.74,0.1116,1.4495,0.0825,42.05,0.0858,0.4425,0.002542,6.8,2.75,4.05,SAFE,slow_day
5810.0,FOOD_COURT_A,11.65,0.0777,1.2759,0.1565,48.98,0.051,0.4553,0.003194,8.53,3.78,4.75,SAFE,slow_day
5811.0,FOOD_COURT_A,15.14,0.1009,1.2227,0.1232,47.06,0.1213,0.2248,0.00434,5.93,1.27,4.66,SAFE,slow_day
5812.0,FOOD_COURT_A,18.27,0.1218,1.056,0.2131,24.69,0.0585,0.3144,0.002928,5.34,2.01,3.34,SAFE,slow_day
5813.0,FOOD_COURT_A,24.36,0.1624,1.1718,0.1583,62.97,0.0609,0.481,0.002656,4.45,1.22,3.23,SAFE,slow_day
5814.0,FOOD_COURT_A,22.54,0.1503,1.0733,0.1466,38.97,0.103,0.4104,0.003371,5.6,1.72,3.88,SAFE,slow_day
5815.0,FOOD_COURT_A,15.1,0.1007,1.128,0.0646,45.89,0.1051,0.4718,0.002638,3.98,1.71,2.27,SAFE,slow_day
5816.0,FOOD_COURT_A,18.09,0.1206,1.2939,0.0194,35.93,0.0747,0.5074,0.003101,6.69,3.36,3.33,SAFE,slow_day
5817.0,FOOD_COURT_A,52.14,0.3476,0.9304,0.1703,79.79,0.3198,0.5938,0.007732,17.93,7.47,10.46,WARNING,slow_day
5818.0,FOOD_COURT_A,53.07,0.3538,0.5428,0.3623,79.49,0.2441,0.5885,0.006715,16.04,9.82,6.22,WARNING,slow_day
5819.0,FOOD_COURT_A,30.04,0.2003,1.0352,0.1522,65.79,0.0953,0.4378,0.003715,4.43,2.1,2.34,SAFE,slow_day
5820.0,FOOD_COURT_A,25.4,0.1693,1.488,0.0699,37.26,0.1479,0.3396,0.002019,7.27,5.99,1.28,SAFE,slow_day
5821.0,FOOD_COURT_A,24.24,0.1616,1.1537,0.0703,16.19,0.1148,0.301,0.002818,8.57,3.19,5.38,SAFE,slow_day
5822.0,FOOD_COURT_A,44.08,0.2939,0.8822,0.3713,60.82,0.2747,0.5366,0.008984,15.96,7.93,8.04,WARNING,slow_day
5823.0,FOOD_COURT_A,78.87,0.5258,0.41,0.5702,171.39,0.4838,0.8048,0.034241,22.48,9.34,13.14,HIGH,slow_day
5824.0,FOOD_COURT_A,54.89,0.366,0.4425,0.3646,121.9,0.3223,0.625,0.02002,13.62,10.93,2.69,WARNING,slow_day
5825.0,FOOD_COURT_A,54.19,0.3612,0.7049,0.3636,110.82,0.3333,0.6468,0.006006,17.07,9.55,7.52,WARNING,slow_day
5826.0,FOOD_COURT_A,46.95,0.313,0.7171,0.3412,132.22,0.3222,0.7178,0.006599,19.59,11.05,8.54,WARNING,slow_day
5827.0,FOOD_COURT_A,47.15,0.3143,0.6077,0.371,96.03,0.3796,0.8457,0.005433,13.07,7.95,5.12,WARNING,slow_day
5828.0,FOOD_COURT_A,28.66,0.1911,1.0079,0.3274,55.7,0.2111,0.618,0.006208,8.74,3.79,4.95,SAFE,slow_day
5829.0,FOOD_COURT_A,23.76,0.1584,1.1155,0.0982,33.94,0.1078,0.4287,0.002542,6.42,2.96,3.47,SAFE,slow_day
5830.0,FOOD_COURT_A,28.24,0.1883,1.2511,0.0763,21.42,0.078,0.4951,0.002226,8.11,3.43,4.68,SAFE,slow_day
5831.0,FOOD_COURT_A,28.86,0.1924,1.2515,0.091,42.12,0.0812,0.454,0.003161,9.04,4.21,4.83,SAFE,slow_day
5832.0,FOOD_COURT_A,56.88,0.3792,0.8928,0.2932,79.61,0.331,0.5899,0.012149,12.47,5.65,6.82,WARNING,slow_day
5833.0,FOOD_COURT_A,49.41,0.3294,0.5933,0.4627,99.66,0.3066,0.646,0.009937,16.09,5.16,10.93,WARNING,slow_day
5834.0,FOOD_COURT_A,33.21,0.2214,0.998,0.1749,65.41,0.1087,0.5364,0.004054,6.29,2.7,3.59,SAFE,slow_day
5835.0,FOOD_COURT_A,25.58,0.1705,1.0349,0.1199,45.92,0.1109,0.4125,0.003008,7.53,4.36,3.17,SAFE,slow_day
5836.0,FOOD_COURT_A,17.4,0.116,1.0265,0.1105,61.47,0.1092,0.1613,0.004563,5.51,1.75,3.76,SAFE,slow_day
5837.0,FOOD_COURT_A,38.75,0.2583,0.7095,0.3219,105.33,0.2407,0.4692,0.011105,10.7,6.76,3.94,WARNING,slow_day
5838.0,FOOD_COURT_A,80.71,0.5381,0.4047,0.519,186.38,0.6072,0.6959,0.013763,16.08,5.41,10.67,HIGH,slow_day
5839.0,FOOD_COURT_A,72.0,0.48,0.4749,0.3368,131.79,0.3715,0.749,0.01172,14.86,10.14,4.73,WARNING,slow_day
5840.0,FOOD_COURT_A,47.03,0.3135,0.6319,0.1046,78.33,0.1537,0.6752,0.005463,4.45,1.89,2.56,SAFE,slow_day
5841.0,FOOD_COURT_A,24.02,0.1602,1.0324,0.1619,46.71,0.0936,0.4834,0.001684,3.91,1.95,1.96,SAFE,slow_day
5842.0,FOOD_COURT_A,53.98,0.3599,0.6563,0.2101,84.63,0.307,0.6252,0.006518,8.9,5.9,3.0,WARNING,slow_day
5843.0,FOOD_COURT_A,49.52,0.3301,0.6618,0.5044,89.34,0.379,0.5859,0.005226,17.81,8.9,8.91,WARNING,slow_day
5844.0,FOOD_COURT_A,62.65,0.4177,0.5991,0.4433,71.71,0.3611,0.5644,0.006704,8.25,2.95,5.3,WARNING,slow_day
5845.0,FOOD_COURT_A,64.55,0.4303,0.5977,0.4736,99.48,0.4405,0.6439,0.006683,9.04,4.01,5.03,WARNING,slow_day
5846.0,FOOD_COURT_A,53.8,0.3587,0.7223,0.3884,119.46,0.3432,0.6228,0.008829,15.0,10.57,4.43,WARNING,slow_day
5847.0,FOOD_COURT_A,86.25,0.575,0.4235,0.7153,163.88,0.5583,0.8001,0.016173,21.8,11.34,10.45,HIGH,slow_day
5848.0,FOOD_COURT_A,92.24,0.6149,0.3355,0.8722,193.66,0.5233,0.8361,0.028015,30.66,17.02,13.64,HIGH,slow_day
5849.0,FOOD_COURT_A,88.4,0.5893,0.1076,0.8033,154.02,0.3453,0.8653,0.027769,18.97,8.42,10.54,HIGH,slow_day
5850.0,FOOD_COURT_A,98.32,0.6554,0.1217,0.8537,127.89,0.458,0.8218,0.029639,11.5,5.39,6.11,HIGH,slow_day
5851.0,FOOD_COURT_A,101.05,0.6737,0.2121,0.8474,149.34,0.5534,0.8848,0.027084,18.76,11.86,6.9,HIGH,slow_day
5852.0,FOOD_COURT_A,82.44,0.5496,0.2109,0.7912,172.01,0.6038,0.9655,0.017946,24.21,10.41,13.8,HIGH,slow_day
5853.0,FOOD_COURT_A,71.52,0.4768,0.2513,0.466,114.7,0.3451,0.7597,0.015934,8.21,4.21,4.0,WARNING,slow_day
5854.0,FOOD_COURT_A,52.03,0.3468,0.659,0.3553,63.03,0.3469,0.8523,0.015549,13.04,8.23,4.8,WARNING,slow_day
5855.0,FOOD_COURT_A,51.11,0.3407,0.6776,0.4508,118.22,0.4195,0.7989,0.016364,15.39,7.63,7.75,WARNING,slow_day
5856.0,FOOD_COURT_A,55.33,0.3689,0.6779,0.4023,95.9,0.3915,0.812,0.015049,16.53,5.71,10.81,WARNING,slow_day
5857.0,FOOD_COURT_A,54.75,0.365,0.6801,0.2862,62.82,0.3356,0.7068,0.004515,11.34,7.21,4.13,WARNING,slow_day
5858.0,FOOD_COURT_A,35.7,0.238,1.1487,0.1663,60.25,0.1702,0.5955,0.005237,9.57,3.58,5.99,SAFE,slow_day
5859.0,FOOD_COURT_A,19.13,0.1276,1.2607,0.1607,35.97,0.1158,0.5255,0.005307,7.08,3.62,3.47,SAFE,slow_day
5860.0,FOOD_COURT_A,21.86,0.1457,1.0839,0.1421,29.59,0.1014,0.3249,0.00271,6.83,2.73,4.1,SAFE,slow_day
5861.0,FOOD_COURT_A,15.36,0.1024,1.6347,0.1199,32.93,0.1377,0.5947,0.004106,6.37,1.53,4.84,SAFE,slow_day
5862.0,FOOD_COURT_A,56.0,0.3733,0.8267,0.3081,95.18,0.1636,0.6566,0.01119,10.05,5.32,4.73,WARNING,slow_day
5863.0,FOOD_COURT_A,78.57,0.5238,0.3644,0.6537,167.59,0.5424,0.897,0.012947,22.85,13.4,9.45,HIGH,slow_day
5864.0,FOOD_COURT_A,58.41,0.3894,0.5969,0.4109,109.75,0.3037,0.7751,0.008357,14.19,7.75,6.45,WARNING,slow_day
5865.0,FOOD_COURT_A,55.51,0.3701,0.5186,0.3085,114.19,0.3745,0.6518,0.012368,14.57,7.68,6.88,WARNING,slow_day
5866.0,FOOD_COURT_A,69.16,0.461,0.3934,0.5352,166.59,0.4031,0.7599,0.02338,24.08,15.32,8.76,HIGH,slow_day
5867.0,FOOD_COURT_A,85.12,0.5675,0.2835,0.6691,150.3,0.5446,0.8676,0.030416,31.52,9.75,21.77,HIGH,slow_day
5868.0,FOOD_COURT_A,64.59,0.4306,0.6253,0.458,143.65,0.4188,0.7265,0.020054,10.57,8.91,1.67,WARNING,slow_day
5869.0,FOOD_COURT_A,60.05,0.4003,0.5994,0.4929,107.67,0.2881,0.8772,0.018125,15.45,11.37,4.08,WARNING,slow_day
5870.0,FOOD_COURT_A,70.86,0.4724,0.7696,0.3568,93.83,0.3246,0.7501,0.01465,15.26,7.21,8.05,WARNING,slow_day
5871.0,FOOD_COURT_A,40.04,0.2669,1.1013,0.177,63.43,0.1739,0.5291,0.004395,8.35,4.27,4.08,SAFE,slow_day
5872.0,FOOD_COURT_A,34.87,0.2324,0.9618,0.204,54.74,0.1444,0.454,0.005617,6.55,3.28,3.28,SAFE,slow_day
5873.0,FOOD_COURT_A,20.66,0.1378,1.1653,0.1257,37.76,0.0976,0.5329,0.002998,10.75,4.11,6.64,SAFE,slow_day
5874.0,FOOD_COURT_A,26.08,0.1738,1.1392,0.1611,47.69,0.0676,0.3824,0.004004,10.15,5.58,4.57,SAFE,slow_day
5875.0,FOOD_COURT_A,21.04,0.1403,1.0352,0.1107,57.4,0.0613,0.4728,0.001814,5.27,3.55,1.72,SAFE,slow_day
5876.0,FOOD_COURT_A,23.64,0.1576,1.2836,0.0907,36.67,0.0184,0.387,0.00105,8.2,5.71,2.48,SAFE,slow_day
5877.0,FOOD_COURT_A,23.85,0.159,1.1352,0.0777,48.61,0.0215,0.4622,0.004721,6.46,2.95,3.5,SAFE,slow_day
5878.0,FOOD_COURT_A,25.4,0.1693,1.1918,0.167,44.06,0.0391,0.2677,0.003575,8.7,5.7,3.0,SAFE,slow_day
5879.0,FOOD_COURT_A,22.21,0.1481,1.3144,0.0501,48.84,0.0528,0.3351,0.002719,7.11,2.67,4.44,SAFE,slow_day
5880.0,FOOD_COURT_A,20.97,0.1398,1.4357,0.0993,52.86,0.0815,0.4861,0.004399,0.47,0.0,0.47,SAFE,slow_day
5881.0,FOOD_COURT_A,12.42,0.0828,1.2047,0.085,48.86,0.1056,0.2983,0.004651,4.54,3.47,1.08,SAFE,slow_day
5882.0,FOOD_COURT_A,18.17,0.1212,1.2798,0.1294,44.93,0.07,0.3048,0.003139,9.96,5.21,4.76,SAFE,slow_day
5883.0,FOOD_COURT_A,22.33,0.1489,0.9746,0.2405,38.47,0.1049,0.2914,0.004353,10.02,4.11,5.91,SAFE,slow_day
5884.0,FOOD_COURT_A,23.2,0.1547,1.0823,0.1073,44.14,0.1537,0.4515,0.002302,3.46,2.19,1.27,SAFE,slow_day
5885.0,FOOD_COURT_A,14.98,0.0999,1.2974,0.0988,51.24,0.1346,0.4625,0.002265,8.86,4.42,4.44,SAFE,slow_day
5886.0,FOOD_COURT_A,19.56,0.1304,1.3141,0.1039,57.28,0.0404,0.31,0.003816,8.53,6.86,1.67,SAFE,slow_day
5887.0,FOOD_COURT_A,15.24,0.1016,1.4876,0.0755,39.3,0.0836,0.4482,0.002486,4.99,1.0,3.99,SAFE,slow_day
5888.0,FOOD_COURT_A,37.59,0.2506,1.4169,0.0298,45.88,0.0414,0.404,0.003888,6.15,3.98,2.17,SAFE,slow_day
5889.0,FOOD_COURT_A,27.0,0.18,1.1214,0.0806,45.61,0.0402,0.4957,0.00136,5.15,0.82,4.33,SAFE,slow_day
5890.0,FOOD_COURT_A,23.24,0.1549,1.345,0.1368,36.41,0.1211,0.4985,0.001617,6.91,5.75,1.16,SAFE,slow_day
5891.0,FOOD_COURT_A,28.73,0.1916,1.1531,0.083,35.31,0.0642,0.5269,0.002037,7.73,4.19,3.54,SAFE,slow_day
5892.0,FOOD_COURT_A,23.72,0.1581,1.1145,0.0618,62.73,0.0573,0.449,0.002528,7.16,4.05,3.11,SAFE,slow_day
5893.0,FOOD_COURT_A,25.63,0.1709,1.1394,0.1209,48.64,0.0689,0.5397,0.003038,7.37,4.05,3.32,SAFE,slow_day
5894.0,FOOD_COURT_A,27.94,0.1863,0.9933,0.1335,49.74,0.1244,0.5526,0.002771,4.88,2.53,2.35,SAFE,slow_day
5895.0,FOOD_COURT_A,22.35,0.149,1.1403,0.04,47.41,0.0913,0.4007,0.004081,5.59,0.0,5.59,SAFE,slow_day
5896.0,FOOD_COURT_A,23.23,0.1548,1.0203,0.1463,35.95,0.0773,0.4734,0.003151,5.93,3.59,2.34,SAFE,slow_day
5897.0,FOOD_COURT_A,22.16,0.1477,1.0836,0.1753,35.99,0.0845,0.406,0.004117,4.88,1.72,3.16,SAFE,slow_day
5898.0,FOOD_COURT_A,20.97,0.1398,1.0513,0.131,31.41,0.07,0.4193,0.005174,3.45,1.19,2.26,SAFE,slow_day
5899.0,FOOD_COURT_A,23.22,0.1548,1.0729,0.1122,27.13,0.0785,0.5214,0.004594,7.15,5.21,1.95,SAFE,slow_day
5900.0,FOOD_COURT_A,16.06,0.1071,1.1044,0.0587,35.57,0.0586,0.406,0.003012,8.46,5.34,3.12,SAFE,slow_day
5901.0,FOOD_COURT_A,29.78,0.1985,1.4028,0.045,43.01,0.0781,0.408,0.003157,7.71,4.28,3.43,SAFE,slow_day
5902.0,FOOD_COURT_A,17.68,0.1178,1.2578,0.0797,30.89,0.0594,0.3838,0.002295,5.23,0.0,5.23,SAFE,slow_day
5903.0,FOOD_COURT_A,29.7,0.198,1.1484,0.0845,28.86,0.1177,0.3081,0.003843,8.52,4.97,3.55,SAFE,slow_day
5904.0,FOOD_COURT_A,18.03,0.1202,1.185,0.0471,44.74,0.1132,0.3104,0.002812,3.66,0.78,2.88,SAFE,slow_day
5905.0,FOOD_COURT_A,23.16,0.1544,1.3975,0.0511,36.35,0.0831,0.4367,0.0042,4.06,0.55,3.51,SAFE,slow_day
5906.0,FOOD_COURT_A,19.62,0.1308,1.4509,0.1012,45.07,0.0509,0.3595,0.004335,5.84,1.29,4.55,SAFE,slow_day
5907.0,FOOD_COURT_A,17.01,0.1134,1.1954,0.1262,37.22,0.0457,0.4326,0.005696,6.92,5.05,1.87,SAFE,slow_day
5908.0,FOOD_COURT_A,19.61,0.1307,1.0431,0.1075,41.96,0.0694,0.4802,0.003655,6.23,4.25,1.98,SAFE,slow_day
5909.0,FOOD_COURT_A,19.55,0.1304,1.2308,0.1071,39.44,0.0735,0.2907,0.002136,8.17,2.82,5.35,SAFE,slow_day
5910.0,FOOD_COURT_A,24.15,0.161,1.2694,0.0812,40.71,0.1068,0.4551,0.000977,4.9,2.75,2.15,SAFE,slow_day
5911.0,FOOD_COURT_A,28.32,0.1888,1.1675,0.0244,46.59,0.1066,0.5919,0.001829,8.51,3.82,4.69,SAFE,slow_day
5912.0,FOOD_COURT_A,26.64,0.1776,1.0875,0.1131,66.9,0.1363,0.4869,0.003158,7.76,4.4,3.36,SAFE,slow_day
5913.0,FOOD_COURT_A,50.2,0.3347,0.7063,0.2536,86.48,0.3272,0.6001,0.011534,18.32,10.22,8.1,WARNING,slow_day
5914.0,FOOD_COURT_A,29.01,0.1934,0.9723,0.1257,51.28,0.1792,0.4725,0.005663,4.84,0.64,4.2,SAFE,slow_day
5915.0,FOOD_COURT_A,19.51,0.1301,1.1526,0.1865,48.41,0.0537,0.4137,0.005177,6.34,3.67,2.67,SAFE,slow_day
5916.0,FOOD_COURT_A,17.32,0.1155,1.1695,0.0939,38.12,0.0202,0.3561,0.003096,7.15,2.92,4.23,SAFE,slow_day
5917.0,FOOD_COURT_A,23.97,0.1598,1.2721,0.1254,45.34,0.048,0.3516,0.005667,6.19,3.37,2.82,SAFE,slow_day
5918.0,FOOD_COURT_A,23.02,0.1535,1.0085,0.1525,49.2,0.0645,0.4831,0.004936,4.92,2.64,2.28,SAFE,slow_day
5919.0,FOOD_COURT_A,19.96,0.1331,1.2229,0.1206,44.03,0.1236,0.5738,0.001877,8.32,4.08,4.24,SAFE,slow_day
5920.0,FOOD_COURT_A,14.69,0.098,1.2627,0.0403,48.4,0.0675,0.4601,0.000769,7.81,3.64,4.17,SAFE,slow_day
5921.0,FOOD_COURT_A,18.09,0.1206,1.2347,0.0618,23.75,0.0716,0.3462,0.003561,5.09,3.26,1.83,SAFE,slow_day
5922.0,FOOD_COURT_A,18.07,0.1205,1.01,0.0185,39.0,0.0795,0.4468,0.001553,7.54,2.67,4.86,SAFE,slow_day
5923.0,FOOD_COURT_A,20.47,0.1365,1.258,0.063,37.15,0.0585,0.3618,0.002498,3.98,0.65,3.33,SAFE,slow_day
5924.0,FOOD_COURT_A,17.7,0.118,0.9682,0.1279,24.17,0.0811,0.3786,0.001123,11.6,6.96,4.63,SAFE,slow_day
5925.0,FOOD_COURT_A,12.39,0.0826,1.2007,0.0435,40.96,0.1022,0.3782,0.004501,4.8,1.48,3.32,SAFE,slow_day
5926.0,FOOD_COURT_A,19.49,0.1299,1.2849,0.0549,45.03,0.1018,0.2643,0.003506,3.96,2.38,1.58,SAFE,slow_day
5927.0,FOOD_COURT_A,25.8,0.172,1.1679,0.0668,57.69,0.0606,0.2004,0.002417,8.91,5.24,3.66,SAFE,slow_day
5928.0,FOOD_COURT_A,37.45,0.2497,0.6881,0.3684,79.45,0.1065,0.5353,0.006413,9.49,5.2,4.29,WARNING,slow_day
5929.0,FOOD_COURT_A,85.14,0.5676,0.4784,0.5714,181.41,0.4232,0.8398,0.014404,12.76,6.23,6.53,HIGH,slow_day
5930.0,FOOD_COURT_A,86.06,0.5737,0.273,0.7379,152.72,0.5557,0.7146,0.01795,11.78,7.76,4.02,HIGH,slow_day
5931.0,FOOD_COURT_A,58.27,0.3884,0.632,0.5563,109.59,0.4394,0.7589,0.016763,11.33,6.4,4.93,WARNING,slow_day
5932.0,FOOD_COURT_A,85.35,0.569,0.3589,0.6535,127.65,0.5253,0.9157,0.021179,14.6,6.09,8.5,HIGH,slow_day
5933.0,FOOD_COURT_A,58.62,0.3908,0.5652,0.354,86.36,0.3603,0.6929,0.022554,13.5,5.85,7.65,WARNING,slow_day
5934.0,FOOD_COURT_A,24.46,0.1631,0.9486,0.1829,61.76,0.1728,0.5266,0.007539,6.55,1.28,5.28,SAFE,slow_day
5935.0,FOOD_COURT_A,14.44,0.0963,1.2242,0.1072,53.09,0.0619,0.4896,0.003492,6.98,3.83,3.15,SAFE,slow_day
5936.0,FOOD_COURT_A,22.25,0.1483,1.0792,0.0988,43.56,0.0716,0.3465,0.003197,6.91,3.19,3.73,SAFE,slow_day
5937.0,FOOD_COURT_A,16.84,0.1123,1.058,0.1131,44.49,0.1087,0.4034,0.001428,6.59,3.32,3.27,SAFE,slow_day
5938.0,FOOD_COURT_A,18.57,0.1238,1.2884,0.1689,34.16,0.096,0.6037,0.00157,5.07,1.21,3.86,SAFE,slow_day
5939.0,FOOD_COURT_A,28.77,0.1918,1.1545,0.1435,48.46,0.0796,0.5825,0.000949,5.69,2.54,3.15,SAFE,slow_day
5940.0,FOOD_COURT_A,52.8,0.352,0.6996,0.2577,81.52,0.2034,0.7518,0.014954,18.87,11.01,7.87,WARNING,slow_day
5941.0,FOOD_COURT_A,27.68,0.1846,0.7123,0.1383,38.45,0.1196,0.4596,0.00674,7.64,3.37,4.28,SAFE,slow_day
5942.0,FOOD_COURT_A,23.47,0.1564,1.0889,0.1216,43.33,0.0359,0.5027,0.00359,8.39,3.82,4.57,SAFE,slow_day
5943.0,FOOD_COURT_A,13.33,0.0889,1.1047,0.081,52.22,0.0559,0.3042,0.004063,9.58,4.79,4.79,SAFE,slow_day
5944.0,FOOD_COURT_A,7.94,0.0529,1.2397,0.0985,52.94,0.077,0.3106,0.00266,5.02,3.28,1.73,SAFE,slow_day
5945.0,FOOD_COURT_A,22.38,0.1492,1.1816,0.0901,51.28,0.1033,0.3653,0.003255,6.51,4.47,2.03,SAFE,slow_day
5946.0,FOOD_COURT_A,18.69,0.1246,1.4232,0.0873,57.61,0.0522,0.534,0.001926,4.09,3.04,1.05,SAFE,slow_day
5947.0,FOOD_COURT_A,23.79,0.1586,1.1882,0.1433,47.25,0.0817,0.3808,0.005041,7.91,4.78,3.12,SAFE,slow_day
5948.0,FOOD_COURT_A,15.49,0.1033,0.9869,0.1573,50.06,0.0482,0.4846,0.003094,4.5,2.42,2.08,SAFE,slow_day
5949.0,FOOD_COURT_A,20.09,0.134,1.0388,0.0472,49.71,0.0556,0.4209,0.002755,7.97,1.19,6.78,SAFE,slow_day
5950.0,FOOD_COURT_A,24.96,0.1664,1.1223,0.0901,40.29,0.0731,0.4461,0.003217,7.76,4.31,3.45,SAFE,slow_day
5951.0,FOOD_COURT_A,14.67,0.0978,0.9644,0.0963,36.88,0.0693,0.3935,0.000965,8.76,3.43,5.33,SAFE,slow_day
5952.0,FOOD_COURT_A,13.42,0.0895,1.2426,0.1827,47.8,0.0825,0.2323,0.002255,6.31,5.6,0.72,SAFE,slow_day
5953.0,FOOD_COURT_A,23.77,0.1584,1.1629,0.0727,47.43,0.0925,0.41,0.003613,11.2,5.1,6.11,SAFE,slow_day
5954.0,FOOD_COURT_A,32.9,0.2193,1.0195,0.064,44.34,0.0862,0.2844,0.00262,7.23,3.78,3.45,SAFE,slow_day
5955.0,FOOD_COURT_A,24.87,0.1658,1.2903,0.1854,51.53,0.1066,0.3835,0.003213,9.56,5.87,3.69,SAFE,slow_day
5956.0,FOOD_COURT_A,23.7,0.158,1.2196,0.206,39.18,0.1063,0.5142,0.003816,5.45,3.27,2.18,SAFE,slow_day
5957.0,FOOD_COURT_A,43.84,0.2923,0.8758,0.3508,84.93,0.3481,0.7511,0.006683,16.76,6.89,9.87,WARNING,slow_day
5958.0,FOOD_COURT_A,78.92,0.5261,0.3934,0.6989,140.06,0.4832,0.7922,0.008445,17.27,12.87,4.4,HIGH,slow_day
5959.0,FOOD_COURT_A,62.05,0.4137,0.621,0.378,123.4,0.5055,0.6715,0.00867,13.89,8.3,5.59,WARNING,slow_day
5960.0,FOOD_COURT_A,79.42,0.5295,0.348,0.5054,213.74,0.5109,0.6941,0.0181,29.96,13.36,16.6,HIGH,slow_day
5961.0,FOOD_COURT_A,70.95,0.473,0.4916,0.3471,142.27,0.2498,0.6862,0.021159,9.32,4.36,4.96,WARNING,slow_day
5962.0,FOOD_COURT_A,52.48,0.3498,0.72,0.3597,105.81,0.1599,0.6594,0.0137,9.29,6.34,2.95,WARNING,slow_day
5963.0,FOOD_COURT_A,35.79,0.2386,0.701,0.3478,117.04,0.219,0.6705,0.016498,15.37,9.39,5.99,WARNING,slow_day
5964.0,FOOD_COURT_A,51.57,0.3438,0.7231,0.379,108.83,0.2318,0.6516,0.011131,23.4,11.47,11.93,WARNING,slow_day
5965.0,FOOD_COURT_A,56.7,0.378,0.6801,0.3251,104.77,0.2978,0.5304,0.011321,10.31,9.1,1.21,WARNING,slow_day
5966.0,FOOD_COURT_A,50.48,0.3366,0.668,0.4703,78.58,0.2546,0.5811,0.014896,19.39,11.04,8.36,WARNING,slow_day
5967.0,FOOD_COURT_A,38.52,0.2568,1.3479,0.1603,48.12,0.1131,0.4744,0.006895,6.95,4.68,2.26,SAFE,slow_day
5968.0,FOOD_COURT_A,53.12,0.3541,1.0716,0.405,85.91,0.2738,0.629,0.004476,14.99,9.09,5.9,WARNING,slow_day
5969.0,FOOD_COURT_A,24.53,0.1635,1.0582,0.1855,41.38,0.1684,0.4129,0.002816,3.26,0.28,2.98,SAFE,slow_day
5970.0,FOOD_COURT_A,22.36,0.149,1.2681,0.0907,53.0,0.1204,0.3245,0.004942,3.94,1.95,2.0,SAFE,slow_day
5971.0,FOOD_COURT_A,27.52,0.1835,1.2839,0.1334,48.4,0.1093,0.3975,0.004373,4.74,4.74,0.0,SAFE,slow_day
5972.0,FOOD_COURT_A,31.94,0.213,1.1293,0.1295,35.23,0.0973,0.4329,0.002786,10.6,5.97,4.63,SAFE,slow_day
5973.0,FOOD_COURT_A,18.46,0.1231,1.6588,0.102,36.66,0.0728,0.4869,0.002054,4.56,2.89,1.67,SAFE,slow_day
5974.0,FOOD_COURT_A,25.88,0.1725,1.5252,0.0809,46.77,0.0861,0.5799,0.000636,5.52,2.68,2.84,SAFE,slow_day
5975.0,FOOD_COURT_A,25.77,0.1718,1.1784,0.0696,49.83,0.0981,0.3853,0.000279,9.11,5.9,3.21,SAFE,slow_day
5976.0,FOOD_COURT_A,42.66,0.2844,1.0166,0.2418,82.54,0.3364,0.5265,0.008037,16.97,11.67,5.31,WARNING,slow_day
5977.0,FOOD_COURT_A,58.0,0.3867,0.8163,0.3125,109.82,0.3909,0.6469,0.013262,12.68,3.92,8.76,WARNING,slow_day
5978.0,FOOD_COURT_A,41.52,0.2768,1.1436,0.1586,49.78,0.2036,0.4679,0.006058,6.4,5.22,1.18,SAFE,slow_day
5979.0,FOOD_COURT_A,29.5,0.1967,0.824,0.1522,45.66,0.0997,0.5639,0.007028,7.73,4.19,3.54,SAFE,slow_day
5980.0,FOOD_COURT_A,28.91,0.1927,0.9929,0.1662,36.27,0.0718,0.4126,0.006338,6.81,2.48,4.33,SAFE,slow_day
5981.0,FOOD_COURT_A,23.57,0.1571,1.0934,0.1389,36.07,0.0588,0.6023,0.007473,8.98,5.48,3.5,SAFE,slow_day
5982.0,FOOD_COURT_A,18.57,0.1238,1.3038,0.1681,40.85,0.0177,0.5129,0.003388,7.1,2.3,4.79,SAFE,slow_day
5983.0,FOOD_COURT_A,35.92,0.2395,0.8642,0.2751,64.62,0.225,0.5313,0.008551,9.74,8.67,1.07,WARNING,slow_day
5984.0,FOOD_COURT_A,51.38,0.3425,0.8551,0.3333,60.74,0.3024,0.6395,0.016338,10.86,8.66,2.21,WARNING,slow_day
5985.0,FOOD_COURT_A,51.5,0.3433,0.7929,0.361,48.47,0.3217,0.6463,0.01655,9.75,7.08,2.67,WARNING,slow_day
5986.0,FOOD_COURT_A,50.38,0.3359,0.5263,0.3596,76.29,0.3083,0.7389,0.018762,11.45,4.87,6.59,WARNING,slow_day
5987.0,FOOD_COURT_A,41.42,0.2761,0.8863,0.4758,98.87,0.2898,0.5819,0.012473,10.35,4.66,5.68,WARNING,slow_day
5988.0,FOOD_COURT_A,50.63,0.3376,0.7869,0.3836,61.61,0.2596,0.7199,0.011136,12.4,6.64,5.76,WARNING,slow_day
5989.0,FOOD_COURT_A,51.35,0.3423,0.4731,0.3977,92.62,0.2924,0.6571,0.009272,12.58,4.25,8.32,WARNING,slow_day
5990.0,FOOD_COURT_A,98.81,0.6587,0.4109,0.6479,186.43,0.6263,0.8068,0.014354,20.7,11.83,8.87,HIGH,slow_day
5991.0,FOOD_COURT_A,77.2,0.5146,0.347,0.7015,170.58,0.4827,0.8043,0.02528,20.08,9.94,10.14,HIGH,slow_day
5992.0,FOOD_COURT_A,99.55,0.6637,0.2964,0.7535,176.88,0.5058,0.7861,0.02066,26.92,11.6,15.32,HIGH,slow_day
5993.0,FOOD_COURT_A,84.78,0.5652,0.3342,0.6748,209.02,0.5905,0.8011,0.026557,21.74,11.89,9.85,HIGH,slow_day
5994.0,FOOD_COURT_A,70.6,0.4706,0.3565,0.4145,141.4,0.4607,0.7446,0.014478,17.19,7.68,9.51,WARNING,slow_day
5995.0,FOOD_COURT_A,62.69,0.4179,0.4863,0.3647,140.48,0.502,0.6035,0.015963,8.8,2.62,6.18,WARNING,slow_day
5996.0,FOOD_COURT_A,50.19,0.3346,0.6187,0.4509,131.68,0.3757,0.6663,0.010102,15.14,10.15,4.99,WARNING,slow_day
5997.0,FOOD_COURT_A,25.71,0.1714,1.4043,0.2485,68.5,0.1613,0.4589,0.005315,5.52,1.58,3.94,SAFE,slow_day
5998.0,FOOD_COURT_A,30.56,0.2037,1.1544,0.0999,50.11,0.146,0.3928,0.003455,4.1,0.79,3.31,SAFE,slow_day
5999.0,FOOD_COURT_A,24.76,0.1651,1.5046,0.1591,65.53,0.0926,0.5551,0.002067,8.57,4.15,4.42,SAFE,slow_day
6000.0,FOOD_COURT_A,22.85,0.1523,1.3894,0.1475,65.27,0.095,0.4069,0.004688,5.31,2.16,3.16,SAFE,slow_day
6001.0,FOOD_COURT_A,23.7,0.158,1.4523,0.0442,47.44,0.0293,0.3418,0.003922,6.99,3.87,3.12,SAFE,slow_day
6002.0,FOOD_COURT_A,21.79,0.1453,1.2977,0.0133,33.6,0.0377,0.3295,0.003231,6.64,3.63,3.02,SAFE,slow_day
6003.0,FOOD_COURT_A,27.44,0.1829,1.2306,0.0677,53.86,0.0543,0.283,0.002752,5.46,3.28,2.18,SAFE,slow_day
6004.0,FOOD_COURT_A,26.14,0.1743,1.6656,0.1322,38.13,0.1056,0.3899,0.001604,5.3,3.48,1.82,SAFE,slow_day
6005.0,FOOD_COURT_A,20.39,0.1359,1.4537,0.0973,65.13,0.0317,0.3497,0.00171,7.85,3.88,3.97,SAFE,slow_day
6006.0,FOOD_COURT_A,34.81,0.232,1.0523,0.1145,57.79,0.0442,0.3471,0.002998,7.91,5.79,2.12,SAFE,slow_day
6007.0,FOOD_COURT_A,23.88,0.1592,1.2655,0.097,46.96,0.0263,0.2094,0.00243,5.65,3.41,2.24,SAFE,slow_day
6008.0,FOOD_COURT_A,36.54,0.2436,0.759,0.2479,98.97,0.3438,0.5922,0.006992,11.31,5.53,5.78,WARNING,slow_day
6009.0,FOOD_COURT_A,87.0,0.58,0.4581,0.4712,164.78,0.3704,0.7297,0.00689,18.15,11.77,6.38,HIGH,slow_day
6010.0,FOOD_COURT_A,66.95,0.4464,0.6543,0.4957,118.78,0.3121,0.6745,0.009829,10.64,2.43,8.21,WARNING,slow_day
6011.0,FOOD_COURT_A,85.39,0.5693,0.3428,0.5679,118.16,0.5683,0.7424,0.027987,23.52,12.91,10.61,HIGH,slow_day
6012.0,FOOD_COURT_A,100.97,0.6731,0.1511,0.6222,176.15,0.5624,0.9227,0.023465,25.61,10.22,15.39,HIGH,slow_day
6013.0,FOOD_COURT_A,89.64,0.5976,0.1756,0.4711,233.06,0.4916,0.9034,0.037965,24.31,12.75,11.56,HIGH,slow_day
6014.0,FOOD_COURT_A,57.04,0.3802,0.4482,0.4445,146.2,0.3162,0.9066,0.01579,14.97,7.19,7.78,WARNING,slow_day
6015.0,FOOD_COURT_A,49.49,0.3299,0.5028,0.4283,102.41,0.3431,0.8563,0.015559,13.2,5.94,7.26,WARNING,slow_day
6016.0,FOOD_COURT_A,60.25,0.4017,0.456,0.477,128.58,0.1758,0.6985,0.015157,16.26,7.66,8.6,WARNING,slow_day
6017.0,FOOD_COURT_A,52.42,0.3494,0.518,0.3987,97.0,0.2658,0.7184,0.011536,11.84,5.84,6.0,WARNING,slow_day
6018.0,FOOD_COURT_A,53.95,0.3597,0.5896,0.4254,107.58,0.2389,0.6663,0.011856,6.0,2.78,3.23,WARNING,slow_day
6019.0,FOOD_COURT_A,67.54,0.4503,0.8423,0.3885,102.0,0.3194,0.7721,0.005256,8.66,2.67,5.99,WARNING,slow_day
6020.0,FOOD_COURT_A,65.72,0.4381,0.812,0.3471,123.34,0.3427,0.6167,0.008566,10.16,4.03,6.13,WARNING,slow_day
6021.0,FOOD_COURT_A,59.57,0.3971,0.665,0.3747,94.19,0.4127,0.7983,0.007043,9.64,4.95,4.69,WARNING,slow_day
6022.0,FOOD_COURT_A,33.7,0.2247,0.9519,0.1489,52.27,0.149,0.6875,0.004977,8.48,3.24,5.24,SAFE,slow_day
6023.0,FOOD_COURT_A,14.49,0.0966,1.0399,0.1559,48.93,0.0708,0.5103,0.003852,4.76,4.18,0.58,SAFE,slow_day
6024.0,FOOD_COURT_A,22.52,0.1502,0.9281,0.1143,22.92,0.0902,0.4498,0.002748,6.39,4.02,2.36,SAFE,slow_day
6025.0,FOOD_COURT_A,21.28,0.1419,0.8011,0.1453,43.27,0.0482,0.5279,0.003931,10.93,6.67,4.26,SAFE,slow_day
6026.0,FOOD_COURT_A,24.0,0.16,1.0801,0.1089,56.79,0.0645,0.3017,0.006039,7.42,3.58,3.84,SAFE,slow_day
6027.0,FOOD_COURT_A,25.35,0.169,1.1474,0.0823,69.85,0.0711,0.3935,0.004783,5.43,3.48,1.95,SAFE,slow_day
6028.0,FOOD_COURT_A,13.02,0.0868,1.5444,0.087,57.1,0.0805,0.276,0.005079,5.66,0.91,4.75,SAFE,slow_day
6029.0,FOOD_COURT_A,9.82,0.0655,1.2047,0.0916,58.86,0.0709,0.3781,0.003264,8.85,3.65,5.2,SAFE,slow_day
6030.0,FOOD_COURT_A,18.75,0.125,1.2375,0.0275,47.6,0.1534,0.4448,0.004705,4.04,1.93,2.11,SAFE,slow_day
6031.0,FOOD_COURT_A,20.08,0.1338,1.2949,0.0605,65.64,0.0845,0.602,0.003908,9.45,5.12,4.33,SAFE,slow_day
6032.0,FOOD_COURT_A,18.93,0.1262,1.25,0.0339,45.99,0.055,0.5174,0.004037,3.86,2.44,1.43,SAFE,slow_day
6033.0,FOOD_COURT_A,16.41,0.1094,0.7893,0.1376,63.82,0.0568,0.5911,0.001211,6.26,3.3,2.96,SAFE,slow_day
6034.0,FOOD_COURT_A,15.02,0.1001,1.1389,0.1104,51.78,0.0779,0.424,0.000363,5.96,5.32,0.64,SAFE,slow_day
6035.0,FOOD_COURT_A,19.34,0.1289,1.0029,0.1232,68.1,0.096,0.5494,0.001053,6.38,2.97,3.41,SAFE,slow_day
6036.0,FOOD_COURT_A,20.02,0.1335,0.9636,0.1446,37.69,0.1065,0.2537,0.002039,4.82,1.32,3.51,SAFE,slow_day
6037.0,FOOD_COURT_A,10.3,0.0687,1.1376,0.1568,48.61,0.0645,0.4164,0.001918,7.98,5.4,2.57,SAFE,slow_day
6038.0,FOOD_COURT_A,18.97,0.1264,1.3332,0.1874,47.18,0.0615,0.3047,0.003239,5.93,3.29,2.64,SAFE,slow_day
6039.0,FOOD_COURT_A,18.54,0.1236,1.3969,0.1502,43.51,0.0596,0.4491,0.000972,6.08,3.97,2.11,SAFE,slow_day
6040.0,FOOD_COURT_A,15.87,0.1058,1.0897,0.1275,52.19,0.1402,0.3504,0.004548,0.71,0.0,0.71,SAFE,slow_day
6041.0,FOOD_COURT_A,9.02,0.0602,1.3742,0.1972,42.9,0.0794,0.3595,0.001364,6.35,3.0,3.35,SAFE,slow_day
6042.0,FOOD_COURT_A,19.31,0.1287,0.8429,0.0905,60.21,0.0631,0.2324,0.002344,10.34,5.07,5.27,SAFE,slow_day
6043.0,FOOD_COURT_A,14.76,0.0984,1.0766,0.0272,64.45,0.043,0.3809,0.005008,11.34,5.39,5.95,SAFE,slow_day
6044.0,FOOD_COURT_A,17.27,0.1151,1.1457,0.0771,56.94,0.0859,0.4547,0.004279,7.03,3.85,3.18,SAFE,slow_day
6045.0,FOOD_COURT_A,7.33,0.0489,1.078,0.1183,62.75,0.0961,0.4778,0.004349,4.29,1.88,2.4,SAFE,slow_day
6046.0,FOOD_COURT_A,3.75,0.025,0.9385,0.1741,51.75,0.1316,0.5059,0.004562,6.16,4.16,2.0,SAFE,slow_day
6047.0,FOOD_COURT_A,15.33,0.1022,1.1032,0.0522,45.63,0.1061,0.4847,0.001987,4.41,1.51,2.9,SAFE,slow_day
6048.0,FOOD_COURT_A,43.26,0.2884,0.9966,0.2396,63.87,0.2839,0.6214,0.005121,8.32,6.34,1.98,WARNING,slow_day
6049.0,FOOD_COURT_A,58.89,0.3926,0.8569,0.272,100.04,0.2394,0.6775,0.011676,9.58,5.96,3.62,WARNING,slow_day
6050.0,FOOD_COURT_A,48.31,0.3221,0.7423,0.3403,100.4,0.3308,0.6727,0.017524,16.04,7.13,8.91,WARNING,slow_day
6051.0,FOOD_COURT_A,57.54,0.3836,1.0046,0.3739,108.77,0.3006,0.7288,0.011475,12.64,8.12,4.52,WARNING,slow_day
6052.0,FOOD_COURT_A,62.9,0.4194,0.8502,0.2984,101.14,0.3628,0.7048,0.013389,12.64,6.42,6.21,WARNING,slow_day
6053.0,FOOD_COURT_A,56.14,0.3743,0.937,0.4755,106.85,0.3656,0.6717,0.017439,20.58,7.92,12.66,WARNING,slow_day
6054.0,FOOD_COURT_A,31.09,0.2073,1.2282,0.1597,70.32,0.1428,0.5882,0.006059,7.83,2.95,4.88,SAFE,slow_day
6055.0,FOOD_COURT_A,25.61,0.1707,1.3445,0.1295,48.6,0.1443,0.442,0.003364,9.54,5.44,4.11,SAFE,slow_day
6056.0,FOOD_COURT_A,11.85,0.079,1.2768,0.0664,40.71,0.1061,0.4757,0.003356,5.2,2.44,2.76,SAFE,slow_day
6057.0,FOOD_COURT_A,18.57,0.1238,1.3094,0.1592,49.34,0.0473,0.5015,0.002981,2.63,0.6,2.03,SAFE,slow_day
6058.0,FOOD_COURT_A,17.08,0.1138,1.2742,0.1458,44.5,0.103,0.389,0.001731,6.39,1.78,4.62,SAFE,slow_day
6059.0,FOOD_COURT_A,21.46,0.1431,1.2106,0.113,27.35,0.0309,0.4125,0.003555,3.1,1.92,1.18,SAFE,slow_day
6060.0,FOOD_COURT_A,23.35,0.1557,1.056,0.149,38.25,0.0408,0.3915,0.005842,6.32,4.3,2.01,SAFE,slow_day
6061.0,FOOD_COURT_A,19.68,0.1312,0.9971,0.1342,44.32,0.0433,0.2768,0.003865,5.84,3.2,2.65,SAFE,slow_day
6062.0,FOOD_COURT_A,20.19,0.1346,1.323,0.1343,27.3,0.085,0.2285,0.003362,6.09,2.5,3.59,SAFE,slow_day
6063.0,FOOD_COURT_A,16.06,0.1071,1.3601,0.1605,33.63,0.0367,0.4735,0.004489,5.5,2.45,3.05,SAFE,slow_day
6064.0,FOOD_COURT_A,26.71,0.1781,1.4071,0.0496,45.46,0.0648,0.2863,0.001975,7.83,4.94,2.89,SAFE,slow_day
6065.0,FOOD_COURT_A,14.73,0.0982,1.178,0.0403,39.95,0.0707,0.4534,0.001155,7.21,2.89,4.32,SAFE,slow_day
6066.0,FOOD_COURT_A,24.14,0.1609,1.1984,0.163,38.09,0.1349,0.4462,0.00106,5.63,3.15,2.48,SAFE,slow_day
6067.0,FOOD_COURT_A,18.5,0.1233,1.152,0.1303,54.93,0.087,0.4784,0.002541,3.44,1.91,1.53,SAFE,slow_day
6068.0,FOOD_COURT_A,21.9,0.146,1.2884,0.1574,41.09,0.0585,0.4467,0.001438,6.37,4.82,1.56,SAFE,slow_day
6069.0,FOOD_COURT_A,27.25,0.1817,1.1935,0.1389,47.86,0.1048,0.352,0.003847,7.08,3.83,3.26,SAFE,slow_day
6070.0,FOOD_COURT_A,17.0,0.1133,1.1581,0.1192,25.54,0.159,0.3703,0.001499,3.17,0.0,3.17,SAFE,slow_day
6071.0,FOOD_COURT_A,23.06,0.1537,1.1786,0.1183,33.9,0.0962,0.2685,0.001963,9.35,2.54,6.81,SAFE,slow_day
6072.0,FOOD_COURT_A,52.88,0.3525,0.8331,0.449,47.41,0.3207,0.4755,0.011557,12.89,8.22,4.66,WARNING,slow_day
6073.0,FOOD_COURT_A,48.05,0.3203,0.8553,0.3768,98.87,0.2289,0.4639,0.011501,17.98,10.06,7.92,WARNING,slow_day
6074.0,FOOD_COURT_A,44.36,0.2957,0.8256,0.4145,109.02,0.3702,0.5152,0.014387,14.9,10.72,4.18,WARNING,slow_day
6075.0,FOOD_COURT_A,67.21,0.4481,0.7382,0.462,136.6,0.3129,0.7055,0.015689,13.86,6.92,6.94,WARNING,slow_day
6076.0,FOOD_COURT_A,56.78,0.3785,0.8112,0.63,95.97,0.2627,0.6217,0.012844,11.96,6.3,5.65,WARNING,slow_day
6077.0,FOOD_COURT_A,46.85,0.3123,0.5698,0.5244,88.96,0.4012,0.6678,0.015906,11.86,7.57,4.29,WARNING,slow_day
6078.0,FOOD_COURT_A,44.28,0.2952,0.545,0.4902,113.72,0.3443,0.7251,0.016178,19.79,9.25,10.54,WARNING,slow_day
6079.0,FOOD_COURT_A,26.7,0.178,1.2728,0.2508,59.74,0.1586,0.6557,0.008832,4.53,3.25,1.28,SAFE,slow_day
6080.0,FOOD_COURT_A,17.14,0.1143,1.2198,0.1928,52.55,0.1397,0.4294,0.006264,6.5,3.37,3.13,SAFE,slow_day
6081.0,FOOD_COURT_A,30.44,0.203,1.259,0.1112,51.87,0.0714,0.3835,0.005863,10.25,4.41,5.84,SAFE,slow_day
6082.0,FOOD_COURT_A,25.97,0.1731,1.23,0.0461,35.67,0.0214,0.3748,0.004457,9.35,5.05,4.29,SAFE,slow_day
6083.0,FOOD_COURT_A,18.88,0.1259,0.846,0.0827,23.77,0.1096,0.3951,0.001458,6.77,1.75,5.02,SAFE,slow_day
6084.0,FOOD_COURT_A,16.31,0.1087,1.2688,0.0722,36.31,0.1277,0.3986,0.004069,8.82,4.56,4.26,SAFE,slow_day
6085.0,FOOD_COURT_A,16.99,0.1133,1.1955,0.081,45.8,0.1126,0.3471,0.003301,3.47,0.37,3.09,SAFE,slow_day
6086.0,FOOD_COURT_A,22.9,0.1527,1.3196,0.0833,60.71,0.0914,0.3653,0.00099,3.68,1.97,1.71,SAFE,slow_day
6087.0,FOOD_COURT_A,42.07,0.2805,0.9885,0.3803,78.66,0.1844,0.4761,0.00679,15.26,8.97,6.28,WARNING,slow_day
6088.0,FOOD_COURT_A,25.11,0.1674,0.8398,0.1483,35.73,0.1345,0.4202,0.002568,8.82,5.53,3.29,SAFE,slow_day
6089.0,FOOD_COURT_A,46.07,0.3071,0.6571,0.2964,53.72,0.202,0.6298,0.016481,7.4,3.31,4.09,WARNING,slow_day
6090.0,FOOD_COURT_A,63.7,0.4246,0.2677,0.6684,133.56,0.4786,0.6916,0.018759,16.03,12.41,3.62,HIGH,slow_day
6091.0,FOOD_COURT_A,55.68,0.3712,0.5946,0.427,120.05,0.3086,0.6574,0.016441,14.55,6.62,7.93,WARNING,slow_day
6092.0,FOOD_COURT_A,32.98,0.2199,1.034,0.1559,65.43,0.1472,0.4571,0.004932,6.0,4.51,1.49,SAFE,slow_day
6093.0,FOOD_COURT_A,34.18,0.2279,1.0104,0.1424,46.93,0.1291,0.4142,0.002333,8.25,5.84,2.41,SAFE,slow_day
6094.0,FOOD_COURT_A,28.32,0.1888,1.2407,0.111,42.98,0.0835,0.4624,0.001898,6.33,3.86,2.47,SAFE,slow_day
6095.0,FOOD_COURT_A,21.92,0.1462,1.416,0.08,57.75,0.073,0.4435,0.002545,9.46,5.28,4.18,SAFE,slow_day
6096.0,FOOD_COURT_A,14.1,0.094,1.1036,0.091,43.98,0.1267,0.4995,0.002461,9.6,4.72,4.88,SAFE,slow_day
6097.0,FOOD_COURT_A,22.84,0.1523,1.0959,0.0506,56.33,0.1229,0.3755,0.004439,8.64,4.29,4.35,SAFE,slow_day
6098.0,FOOD_COURT_A,30.06,0.2004,1.1172,0.1367,43.47,0.1086,0.4502,0.002496,4.94,3.71,1.23,SAFE,slow_day
6099.0,FOOD_COURT_A,28.92,0.1928,1.3674,0.1457,45.42,0.0962,0.2612,0.001874,2.15,0.0,2.15,SAFE,slow_day
6100.0,FOOD_COURT_A,19.67,0.1311,1.2497,0.1068,39.59,0.1026,0.354,0.004167,7.48,3.2,4.28,SAFE,slow_day
6101.0,FOOD_COURT_A,28.73,0.1915,0.9849,0.1158,36.46,0.0988,0.3622,0.00125,8.21,4.72,3.49,SAFE,slow_day
6102.0,FOOD_COURT_A,15.94,0.1063,1.0872,0.1494,44.57,0.0652,0.4207,0.005618,5.55,3.53,2.02,SAFE,slow_day
6103.0,FOOD_COURT_A,22.1,0.1473,0.8181,0.0816,50.39,0.0477,0.49,0.004331,8.88,6.41,2.47,SAFE,slow_day
6104.0,FOOD_COURT_A,17.74,0.1183,1.0576,0.0834,41.98,0.0594,0.403,0.003468,3.81,2.76,1.04,SAFE,slow_day
6105.0,FOOD_COURT_A,16.53,0.1102,1.3359,0.025,53.71,0.0799,0.4573,0.003821,4.02,3.08,0.93,SAFE,slow_day
6106.0,FOOD_COURT_A,26.96,0.1797,1.0956,0.0752,26.83,0.1031,0.3691,0.002554,4.56,3.11,1.45,SAFE,slow_day
6107.0,FOOD_COURT_A,24.49,0.1633,1.035,0.0772,29.3,0.0522,0.3422,0.004352,10.06,6.06,4.01,SAFE,slow_day
6108.0,FOOD_COURT_A,16.76,0.1117,1.2554,0.076,28.83,0.098,0.4438,0.003353,6.62,4.14,2.48,SAFE,slow_day
6109.0,FOOD_COURT_A,15.82,0.1055,1.114,0.1325,36.78,0.0666,0.2652,0.001006,9.94,7.04,2.89,SAFE,slow_day
6110.0,FOOD_COURT_A,21.32,0.1422,1.3167,0.1312,49.65,0.1166,0.3601,0.001372,4.52,2.19,2.33,SAFE,slow_day
6111.0,FOOD_COURT_A,27.12,0.1808,1.6093,0.1113,35.58,0.0974,0.2561,0.001689,8.12,4.2,3.92,SAFE,slow_day
6112.0,FOOD_COURT_A,28.26,0.1884,1.4705,0.1533,43.56,0.125,0.434,0.003052,5.52,3.62,1.9,SAFE,slow_day
6113.0,FOOD_COURT_A,21.96,0.1464,1.4384,0.0996,62.06,0.0698,0.4682,0.00299,1.86,1.86,0.0,SAFE,slow_day
6114.0,FOOD_COURT_A,28.41,0.1894,1.2516,0.0527,68.45,0.0405,0.5031,0.003825,9.03,3.97,5.06,SAFE,slow_day
6115.0,FOOD_COURT_A,24.77,0.1651,1.4998,0.0158,55.88,0.0607,0.4037,0.003041,6.06,3.95,2.11,SAFE,slow_day
6116.0,FOOD_COURT_A,22.78,0.1518,0.9307,0.0638,46.5,0.0974,0.3789,0.002173,2.93,2.87,0.05,SAFE,slow_day
6117.0,FOOD_COURT_A,11.03,0.0735,0.9423,0.1311,52.35,0.0681,0.4051,0.00223,5.43,2.92,2.51,SAFE,slow_day
6118.0,FOOD_COURT_A,22.36,0.1491,0.9432,0.2019,45.42,0.0799,0.3863,0.002471,4.24,0.0,4.24,SAFE,slow_day
6119.0,FOOD_COURT_A,18.79,0.1252,1.3799,0.1473,41.52,0.069,0.3558,0.001328,8.65,5.56,3.09,SAFE,slow_day
6120.0,FOOD_COURT_A,30.48,0.2032,1.3553,0.12,34.87,0.0572,0.3488,0.0029,6.61,3.25,3.36,SAFE,slow_day
6121.0,FOOD_COURT_A,18.05,0.1203,1.0584,0.1041,50.33,0.0996,0.36,0.003562,8.55,3.12,5.43,SAFE,slow_day
6122.0,FOOD_COURT_A,20.01,0.1334,0.9053,0.1365,44.0,0.0392,0.5239,0.004023,3.88,1.35,2.54,SAFE,slow_day
6123.0,FOOD_COURT_A,21.14,0.1409,1.4143,0.1252,39.82,0.0834,0.4411,0.005798,5.32,4.02,1.3,SAFE,slow_day
6124.0,FOOD_COURT_A,24.8,0.1654,1.3396,0.0729,45.25,0.0636,0.4286,0.002339,6.97,2.27,4.69,SAFE,slow_day
6125.0,FOOD_COURT_A,16.3,0.1087,1.5202,0.1252,40.14,0.036,0.4253,0.004031,8.69,3.86,4.83,SAFE,slow_day
6126.0,FOOD_COURT_A,24.87,0.1658,1.3673,0.1288,51.89,0.1098,0.5699,0.003334,8.14,4.19,3.95,SAFE,slow_day
6127.0,FOOD_COURT_A,23.37,0.1558,1.226,0.1058,54.45,0.0709,0.3894,0.001167,5.5,2.43,3.07,SAFE,slow_day
6128.0,FOOD_COURT_A,19.95,0.133,0.8833,0.0916,64.28,0.0523,0.3797,0.002823,3.14,0.75,2.39,SAFE,slow_day
6129.0,FOOD_COURT_A,7.64,0.0509,1.1469,0.1629,52.37,0.0913,0.4318,0.004124,3.51,0.76,2.75,SAFE,slow_day
6130.0,FOOD_COURT_A,16.11,0.1074,1.3413,0.1795,32.85,0.0794,0.5311,0.001237,5.85,2.17,3.69,SAFE,slow_day
6131.0,FOOD_COURT_A,15.04,0.1003,1.3371,0.1017,40.7,0.12,0.3744,0.004451,4.69,2.02,2.67,SAFE,slow_day
6132.0,FOOD_COURT_A,18.7,0.1247,1.2597,0.0619,41.78,0.0913,0.3758,0.005244,4.89,1.86,3.03,SAFE,slow_day
6133.0,FOOD_COURT_A,27.53,0.1835,0.9102,0.1546,43.96,0.123,0.4214,0.002107,7.01,4.36,2.65,SAFE,slow_day
6134.0,FOOD_COURT_A,26.58,0.1772,1.1781,0.072,47.94,0.0763,0.5239,0.003498,10.69,3.95,6.74,SAFE,slow_day
6135.0,FOOD_COURT_A,23.03,0.1535,1.2851,0.0693,40.67,0.0563,0.4226,0.004379,4.48,3.35,1.13,SAFE,slow_day
6136.0,FOOD_COURT_A,41.98,0.2799,1.0335,0.2541,81.19,0.221,0.6629,0.009594,14.79,8.42,6.37,WARNING,slow_day
6137.0,FOOD_COURT_A,48.2,0.3213,0.4892,0.348,82.78,0.4364,0.466,0.012426,15.07,9.17,5.9,WARNING,slow_day
6138.0,FOOD_COURT_A,31.74,0.2116,0.7607,0.1044,72.73,0.2206,0.5489,0.00537,5.9,4.35,1.56,SAFE,slow_day
6139.0,FOOD_COURT_A,24.39,0.1626,1.0566,0.0731,68.81,0.1211,0.4771,0.002578,6.74,2.82,3.92,SAFE,slow_day
6140.0,FOOD_COURT_A,21.08,0.1405,1.2628,0.037,62.44,0.1148,0.4965,0.002288,5.39,3.57,1.82,SAFE,slow_day
6141.0,FOOD_COURT_A,16.04,0.1069,1.4303,0.0871,36.92,0.0878,0.4305,0.000686,7.72,5.59,2.13,SAFE,slow_day
6142.0,FOOD_COURT_A,9.72,0.0648,1.4396,0.0485,38.63,0.1076,0.205,0.003491,7.54,4.11,3.44,SAFE,slow_day
6143.0,FOOD_COURT_A,42.93,0.2862,0.9688,0.327,62.64,0.2364,0.555,0.00464,16.34,9.23,7.11,WARNING,slow_day
6144.0,FOOD_COURT_A,50.22,0.3348,0.6127,0.3043,70.91,0.4276,0.5796,0.009097,14.16,6.84,7.32,WARNING,slow_day
6145.0,FOOD_COURT_A,61.77,0.4118,0.5347,0.3856,88.22,0.4095,0.6079,0.009709,14.34,4.66,9.69,WARNING,slow_day
6146.0,FOOD_COURT_A,54.49,0.3633,0.5971,0.2664,101.18,0.3569,0.497,0.010525,9.49,5.07,4.42,WARNING,slow_day
6147.0,FOOD_COURT_A,45.21,0.3014,0.64,0.3172,92.41,0.3675,0.5288,0.004738,16.48,9.21,7.27,WARNING,slow_day
6148.0,FOOD_COURT_A,51.81,0.3454,0.6172,0.2764,111.18,0.2979,0.5599,0.011325,18.58,9.57,9.01,WARNING,slow_day
6149.0,FOOD_COURT_A,54.07,0.3605,1.0237,0.4102,112.28,0.286,0.6379,0.010883,15.37,6.96,8.42,WARNING,slow_day
6150.0,FOOD_COURT_A,23.98,0.1598,1.3905,0.1769,39.22,0.0928,0.4524,0.003773,6.77,2.29,4.48,SAFE,slow_day
6151.0,FOOD_COURT_A,18.88,0.1259,1.2564,0.1557,32.95,0.0833,0.2702,0.003088,8.43,5.5,2.93,SAFE,slow_day
6152.0,FOOD_COURT_A,20.0,0.1333,1.0907,0.097,50.99,0.1139,0.2863,0.004233,9.25,4.42,4.83,SAFE,slow_day
6153.0,FOOD_COURT_A,20.6,0.1373,1.2251,0.1526,35.56,0.1055,0.4732,0.004654,10.19,5.41,4.78,SAFE,slow_day
6154.0,FOOD_COURT_A,21.71,0.1448,1.3619,0.1912,48.57,0.1163,0.3761,0.003838,11.28,6.43,4.85,SAFE,slow_day
6155.0,FOOD_COURT_A,25.6,0.1707,1.1189,0.1951,44.82,0.1311,0.335,0.001649,3.4,0.93,2.48,SAFE,slow_day
6156.0,FOOD_COURT_A,21.03,0.1402,1.6055,0.1069,34.52,0.1107,0.3805,0.004824,6.24,3.11,3.14,SAFE,slow_day
6157.0,FOOD_COURT_A,14.0,0.0933,1.4188,0.0826,22.62,0.1328,0.3599,0.003952,5.56,2.45,3.11,SAFE,slow_day
6158.0,FOOD_COURT_A,22.03,0.1469,1.2848,0.1252,34.38,0.0578,0.3707,0.004204,8.74,4.8,3.94,SAFE,slow_day
6159.0,FOOD_COURT_A,45.94,0.3063,0.8838,0.3581,61.22,0.2775,0.577,0.001537,20.06,8.58,11.48,WARNING,slow_day
6160.0,FOOD_COURT_A,65.6,0.4373,0.783,0.4413,116.99,0.3447,0.5804,0.01272,19.25,9.52,9.72,WARNING,slow_day
6161.0,FOOD_COURT_A,26.8,0.1787,1.125,0.2058,79.3,0.151,0.5564,0.004738,6.71,3.49,3.22,SAFE,slow_day
6162.0,FOOD_COURT_A,25.14,0.1676,0.8153,0.0617,61.09,0.0998,0.3135,0.005219,6.34,3.23,3.12,SAFE,slow_day
6163.0,FOOD_COURT_A,24.47,0.1631,1.0851,0.0878,54.75,0.0924,0.4155,0.001724,9.5,5.45,4.06,SAFE,slow_day
6164.0,FOOD_COURT_A,39.44,0.2629,0.9597,0.2701,62.27,0.2664,0.7045,0.007511,11.91,6.59,5.32,WARNING,slow_day
6165.0,FOOD_COURT_A,54.61,0.3641,0.5533,0.4326,97.31,0.2061,0.8138,0.008848,18.87,9.85,9.02,WARNING,slow_day
6166.0,FOOD_COURT_A,56.62,0.3775,0.776,0.3487,86.0,0.3713,0.7434,0.009791,15.65,6.12,9.53,WARNING,slow_day
6167.0,FOOD_COURT_A,27.8,0.1853,1.1042,0.2117,51.26,0.1934,0.505,0.005497,5.98,2.14,3.83,SAFE,slow_day
6168.0,FOOD_COURT_A,29.4,0.196,1.2515,0.1281,45.39,0.1146,0.5539,0.00308,9.11,4.8,4.31,SAFE,slow_day
6169.0,FOOD_COURT_A,27.04,0.1803,1.0064,0.0688,51.52,0.0886,0.5463,0.006004,4.89,2.75,2.14,SAFE,slow_day
6170.0,FOOD_COURT_A,10.98,0.0732,1.3904,0.077,37.55,0.0933,0.4186,0.007092,11.58,6.73,4.85,SAFE,slow_day
6171.0,FOOD_COURT_A,16.54,0.1103,1.5634,0.0385,46.75,0.0784,0.3971,0.005789,3.92,0.56,3.36,SAFE,slow_day
6172.0,FOOD_COURT_A,23.95,0.1597,1.2884,0.0935,31.85,0.0493,0.571,0.003371,6.39,3.67,2.72,SAFE,slow_day
6173.0,FOOD_COURT_A,26.16,0.1744,1.5061,0.1133,43.81,0.0784,0.3734,0.001278,6.22,3.76,2.46,SAFE,slow_day
6174.0,FOOD_COURT_A,19.66,0.131,1.325,0.131,36.0,0.1448,0.5743,0.0026,7.72,3.42,4.31,SAFE,slow_day
6175.0,FOOD_COURT_A,28.84,0.1923,0.9744,0.1365,31.67,0.0898,0.4211,0.003148,7.53,3.87,3.66,SAFE,slow_day
6176.0,FOOD_COURT_A,57.2,0.3813,0.5228,0.3828,90.41,0.2097,0.506,0.011767,18.25,12.27,5.98,WARNING,slow_day
6177.0,FOOD_COURT_A,67.35,0.449,0.5619,0.4366,120.6,0.3525,0.6454,0.014064,19.48,9.77,9.71,WARNING,slow_day
6178.0,FOOD_COURT_A,59.06,0.3937,0.6377,0.3329,120.7,0.2738,0.7422,0.009093,15.77,7.53,8.24,WARNING,slow_day
6179.0,FOOD_COURT_A,59.12,0.3941,0.6253,0.3798,117.14,0.3116,0.7202,0.011518,7.22,4.02,3.2,WARNING,slow_day
6180.0,FOOD_COURT_A,72.52,0.4835,0.6525,0.4078,113.68,0.4236,0.708,0.015991,11.3,4.86,6.44,WARNING,slow_day
6181.0,FOOD_COURT_A,28.79,0.1919,1.1815,0.232,71.97,0.1956,0.5086,0.008469,10.9,5.21,5.69,SAFE,slow_day
6182.0,FOOD_COURT_A,18.91,0.1261,1.37,0.1669,49.72,0.113,0.3418,0.004918,6.17,2.83,3.34,SAFE,slow_day
6183.0,FOOD_COURT_A,41.76,0.2784,0.6962,0.2515,113.31,0.2489,0.5805,0.001734,17.54,5.97,11.58,WARNING,slow_day
6184.0,FOOD_COURT_A,57.52,0.3835,0.807,0.3965,124.76,0.3542,0.6038,0.004855,17.16,11.3,5.86,WARNING,slow_day
6185.0,FOOD_COURT_A,28.35,0.189,0.9564,0.1402,61.5,0.1733,0.3918,0.003881,10.29,4.78,5.51,SAFE,slow_day
6186.0,FOOD_COURT_A,30.56,0.2038,1.3114,0.1705,52.15,0.1398,0.2986,0.001744,9.11,5.84,3.27,SAFE,slow_day
6187.0,FOOD_COURT_A,27.62,0.1841,1.258,0.0551,49.1,0.044,0.3966,0.004826,7.07,2.66,4.4,SAFE,slow_day
6188.0,FOOD_COURT_A,22.03,0.1469,1.0715,0.0962,42.63,0.0876,0.577,0.003447,6.12,1.29,4.84,SAFE,slow_day
6189.0,FOOD_COURT_A,28.06,0.187,1.1864,0.0941,16.29,0.0361,0.5094,0.003116,6.74,3.33,3.41,SAFE,slow_day
6190.0,FOOD_COURT_A,27.16,0.1811,1.2122,0.0998,50.1,0.0307,0.5286,0.001499,9.15,4.65,4.5,SAFE,slow_day
6191.0,FOOD_COURT_A,14.17,0.0945,1.398,0.1306,50.94,0.1249,0.6323,0.005062,5.19,3.28,1.9,SAFE,slow_day
6192.0,FOOD_COURT_A,29.9,0.1993,1.171,0.1166,58.84,0.1312,0.3465,0.003507,6.17,3.18,2.99,SAFE,slow_day
6193.0,FOOD_COURT_A,23.78,0.1586,0.8933,0.0915,49.67,0.0678,0.3522,0.001569,2.57,0.99,1.58,SAFE,slow_day
6194.0,FOOD_COURT_A,37.28,0.2485,1.0771,0.108,27.56,0.1039,0.4551,0.003339,2.81,0.0,2.81,SAFE,slow_day
6195.0,FOOD_COURT_A,21.47,0.1431,1.2523,0.0799,46.64,0.0726,0.4145,0.00338,4.43,2.55,1.88,SAFE,slow_day
6196.0,FOOD_COURT_A,14.14,0.0943,1.363,0.1319,39.03,0.0965,0.3902,0.002193,4.6,1.62,2.99,SAFE,slow_day
6197.0,FOOD_COURT_A,12.37,0.0825,1.0294,0.1037,49.11,0.0741,0.4765,0.00278,9.92,4.53,5.39,SAFE,slow_day
6198.0,FOOD_COURT_A,12.58,0.0839,1.2622,0.0911,47.84,0.076,0.5014,0.00186,8.01,3.87,4.14,SAFE,slow_day
6199.0,FOOD_COURT_A,23.65,0.1577,1.2937,0.0779,55.38,0.0718,0.435,0.001597,8.05,2.08,5.97,SAFE,slow_day
6200.0,FOOD_COURT_A,21.56,0.1437,1.2105,0.0234,30.81,0.063,0.358,0.000479,5.26,3.1,2.16,SAFE,slow_day
6201.0,FOOD_COURT_A,16.93,0.1128,1.0946,0.1053,39.1,0.0543,0.2766,0.00051,6.27,0.77,5.5,SAFE,slow_day
6202.0,FOOD_COURT_A,25.29,0.1686,1.2286,0.0845,31.45,0.0234,0.4173,0.004106,7.11,3.51,3.59,SAFE,slow_day
6203.0,FOOD_COURT_A,18.38,0.1225,1.1725,0.1375,26.65,0.0235,0.4266,0.004058,3.21,1.8,1.41,SAFE,slow_day
6204.0,FOOD_COURT_A,14.11,0.094,0.9497,0.0531,27.42,0.062,0.3887,0.005599,6.03,6.03,0.0,SAFE,slow_day
6205.0,FOOD_COURT_A,8.44,0.0562,1.0919,0.0712,26.14,0.0847,0.308,0.002252,6.9,4.59,2.31,SAFE,slow_day
6206.0,FOOD_COURT_A,15.62,0.1042,1.3836,0.0748,25.22,0.0964,0.4583,0.000676,8.22,4.17,4.05,SAFE,slow_day
6207.0,FOOD_COURT_A,19.84,0.1323,1.4194,0.0774,45.1,0.0289,0.4652,0.001349,8.61,5.25,3.36,SAFE,slow_day
6208.0,FOOD_COURT_A,29.31,0.1954,1.1334,0.1234,32.01,0.0799,0.6117,0.002357,8.83,4.2,4.63,SAFE,slow_day
6209.0,FOOD_COURT_A,21.8,0.1454,0.8758,0.0683,38.8,0.1162,0.4239,0.003695,4.55,3.36,1.19,SAFE,slow_day
6210.0,FOOD_COURT_A,16.14,0.1076,1.2649,0.027,41.39,0.0535,0.3053,0.004618,4.16,1.86,2.3,SAFE,slow_day
6211.0,FOOD_COURT_A,24.23,0.1615,1.5825,0.0343,49.83,0.0878,0.4068,0.005734,5.27,2.73,2.54,SAFE,slow_day
6212.0,FOOD_COURT_A,16.16,0.1077,1.2384,0.1256,54.01,0.0703,0.4322,0.00258,6.74,2.71,4.03,SAFE,slow_day
6213.0,FOOD_COURT_A,26.27,0.1751,1.2764,0.0651,36.5,0.0211,0.5697,0.003363,7.64,4.33,3.31,SAFE,slow_day
6214.0,FOOD_COURT_A,21.8,0.1453,1.3115,0.0587,46.08,0.0824,0.4085,0.003035,7.81,5.91,1.9,SAFE,slow_day
6215.0,FOOD_COURT_A,24.63,0.1642,1.0025,0.0704,34.08,0.0707,0.5092,0.005461,7.22,3.31,3.9,SAFE,slow_day
6216.0,FOOD_COURT_A,17.51,0.1167,1.3493,0.0353,65.06,0.0336,0.4738,0.00217,4.3,3.69,0.61,SAFE,slow_day
6217.0,FOOD_COURT_A,18.56,0.1238,1.2564,0.1166,51.0,0.0929,0.4742,0.002191,9.47,4.73,4.74,SAFE,slow_day
6218.0,FOOD_COURT_A,16.35,0.109,1.1987,0.0816,75.01,0.1023,0.4546,0.002247,7.39,5.13,2.26,SAFE,slow_day
6219.0,FOOD_COURT_A,8.73,0.0582,1.2537,0.1346,58.71,0.056,0.4687,0.005277,8.23,3.69,4.54,SAFE,slow_day
6220.0,FOOD_COURT_A,5.73,0.0382,1.1118,0.0819,53.68,0.1174,0.4599,0.00451,10.2,5.86,4.33,SAFE,slow_day
6221.0,FOOD_COURT_A,16.87,0.1125,1.3643,0.0852,56.86,0.0774,0.3812,0.001719,5.26,1.53,3.73,SAFE,slow_day
6222.0,FOOD_COURT_A,20.87,0.1391,1.3901,0.1402,51.36,0.0232,0.4429,0.001104,10.08,4.16,5.92,SAFE,slow_day
6223.0,FOOD_COURT_A,22.69,0.1513,1.2191,0.0968,37.92,0.0814,0.3194,0.000331,6.4,2.69,3.71,SAFE,slow_day
6224.0,FOOD_COURT_A,23.15,0.1543,1.2434,0.1163,43.63,0.0742,0.401,0.001318,4.95,2.02,2.93,SAFE,slow_day
6225.0,FOOD_COURT_A,29.32,0.1955,1.0021,0.0987,49.2,0.0565,0.441,0.000885,9.54,2.61,6.93,SAFE,slow_day
6226.0,FOOD_COURT_A,18.66,0.1244,1.0742,0.1101,32.86,0.0768,0.4281,0.000543,5.13,2.2,2.93,SAFE,slow_day
6227.0,FOOD_COURT_A,16.53,0.1102,1.0029,0.1218,39.37,0.0503,0.4623,0.003606,5.38,2.22,3.15,SAFE,slow_day
6228.0,FOOD_COURT_A,15.86,0.1057,1.0883,0.0681,27.32,0.0563,0.3968,0.0016,7.21,3.72,3.49,SAFE,slow_day
6229.0,FOOD_COURT_A,27.82,0.1855,1.3348,0.1343,29.48,0.0609,0.4539,0.005632,4.51,1.15,3.36,SAFE,slow_day
6230.0,FOOD_COURT_A,30.02,0.2002,1.24,0.1385,47.99,0.0887,0.3349,0.004258,4.66,4.45,0.21,SAFE,slow_day
6231.0,FOOD_COURT_A,41.04,0.2736,0.7219,0.4322,83.98,0.1758,0.6247,0.010767,14.4,5.77,8.63,WARNING,slow_day
6232.0,FOOD_COURT_A,27.2,0.1813,0.7977,0.1848,51.58,0.1281,0.5078,0.004306,6.34,5.0,1.35,SAFE,slow_day
6233.0,FOOD_COURT_A,23.41,0.1561,1.2934,0.0798,56.31,0.1194,0.4605,0.001292,7.33,3.94,3.39,SAFE,slow_day
6234.0,FOOD_COURT_A,28.88,0.1925,1.1963,0.0239,62.81,0.0475,0.3591,0.001562,8.65,2.8,5.85,SAFE,slow_day
6235.0,FOOD_COURT_A,17.95,0.1196,0.9938,0.1825,53.05,0.0412,0.3374,0.002567,6.26,1.61,4.66,SAFE,slow_day
6236.0,FOOD_COURT_A,14.6,0.0973,1.3839,0.1494,45.97,0.0753,0.4965,0.001546,4.8,2.65,2.15,SAFE,slow_day
6237.0,FOOD_COURT_A,21.07,0.1405,1.1974,0.1323,42.98,0.0538,0.5428,0.00279,4.18,2.28,1.9,SAFE,slow_day
6238.0,FOOD_COURT_A,18.64,0.1242,1.2336,0.08,28.81,0.0981,0.4312,0.003357,4.47,1.86,2.61,SAFE,slow_day
6239.0,FOOD_COURT_A,13.84,0.0922,1.2829,0.0737,39.39,0.0587,0.5658,0.002382,6.25,4.96,1.29,SAFE,slow_day
6240.0,FOOD_COURT_A,54.65,0.3643,0.7629,0.3833,119.17,0.2133,0.5929,0.008313,9.71,6.53,3.18,WARNING,slow_day
6241.0,FOOD_COURT_A,44.91,0.2994,0.5641,0.3473,106.39,0.3487,0.5344,0.012539,17.24,7.69,9.55,WARNING,slow_day
6242.0,FOOD_COURT_A,38.07,0.2538,0.5991,0.3745,102.9,0.345,0.7684,0.007409,9.54,4.44,5.1,WARNING,slow_day
6243.0,FOOD_COURT_A,55.83,0.3722,0.4767,0.3315,115.19,0.3062,0.7906,0.007418,16.91,8.42,8.48,WARNING,slow_day
6244.0,FOOD_COURT_A,57.39,0.3826,0.5864,0.4002,86.56,0.1911,0.5889,0.011819,13.07,7.43,5.65,WARNING,slow_day
6245.0,FOOD_COURT_A,61.36,0.4091,0.4919,0.3943,102.87,0.3439,0.731,0.011118,8.68,2.86,5.82,WARNING,slow_day
6246.0,FOOD_COURT_A,61.4,0.4093,0.7872,0.3187,154.8,0.4631,0.6847,0.015227,22.21,9.79,12.42,WARNING,slow_day
6247.0,FOOD_COURT_A,56.13,0.3742,0.756,0.4551,125.99,0.2476,0.715,0.009256,11.89,3.42,8.47,WARNING,slow_day
6248.0,FOOD_COURT_A,65.67,0.4378,0.6557,0.2536,61.35,0.2797,0.6362,0.011787,12.53,6.24,6.29,WARNING,slow_day
6249.0,FOOD_COURT_A,62.7,0.418,0.747,0.2722,67.4,0.4797,0.6414,0.01223,13.24,6.56,6.68,WARNING,slow_day
6250.0,FOOD_COURT_A,64.44,0.4296,0.7282,0.3374,70.57,0.4498,0.7901,0.013529,15.75,8.55,7.2,WARNING,slow_day
6251.0,FOOD_COURT_A,50.58,0.3372,0.9445,0.2685,72.01,0.3407,0.7769,0.016027,8.72,6.27,2.44,WARNING,slow_day
6252.0,FOOD_COURT_A,54.16,0.3611,0.802,0.4173,92.32,0.3756,0.8145,0.011189,14.66,10.29,4.37,WARNING,slow_day
6253.0,FOOD_COURT_A,48.9,0.326,0.8089,0.436,89.63,0.3677,0.6771,0.016143,11.08,5.86,5.22,WARNING,slow_day
6254.0,FOOD_COURT_A,47.59,0.3172,0.652,0.4432,89.92,0.2584,0.7209,0.016279,13.75,8.7,5.05,WARNING,slow_day
6255.0,FOOD_COURT_A,60.53,0.4035,0.8152,0.2533,69.02,0.2519,0.6307,0.006723,14.56,7.67,6.88,WARNING,slow_day
6256.0,FOOD_COURT_A,55.69,0.3713,0.6302,0.4592,92.49,0.3366,0.6906,0.013553,19.32,9.31,10.01,WARNING,slow_day
6257.0,FOOD_COURT_A,56.12,0.3742,0.6409,0.385,94.73,0.3421,0.5798,0.008711,15.59,12.57,3.03,WARNING,slow_day
6258.0,FOOD_COURT_A,50.98,0.3399,0.5887,0.4262,97.69,0.2391,0.6439,0.012371,14.44,7.53,6.92,WARNING,slow_day
6259.0,FOOD_COURT_A,50.21,0.3347,0.5001,0.4019,108.05,0.25,0.6542,0.008031,15.18,6.63,8.55,WARNING,slow_day
6260.0,FOOD_COURT_A,51.26,0.3417,0.7869,0.368,89.31,0.3317,0.6383,0.009878,20.71,13.41,7.3,WARNING,slow_day
6261.0,FOOD_COURT_A,62.09,0.4139,0.8835,0.3095,75.99,0.4216,0.6085,0.011814,5.76,5.76,0.0,WARNING,slow_day
6262.0,FOOD_COURT_A,64.07,0.4272,0.6236,0.2668,96.56,0.2632,0.6826,0.013553,12.67,4.17,8.5,WARNING,slow_day
6263.0,FOOD_COURT_A,59.28,0.3952,0.6399,0.2993,71.27,0.36,0.7119,0.013703,13.13,7.42,5.71,WARNING,slow_day
6264.0,FOOD_COURT_A,39.2,0.2613,0.6559,0.4712,69.72,0.4797,0.8287,0.008591,11.63,4.06,7.57,WARNING,slow_day
6265.0,FOOD_COURT_A,50.0,0.3333,0.6313,0.3117,69.91,0.3718,0.5468,0.004877,13.29,7.4,5.9,WARNING,slow_day
6266.0,FOOD_COURT_A,56.81,0.3787,0.8321,0.4888,93.26,0.4438,0.7509,0.010418,4.97,4.97,0.0,WARNING,slow_day
6267.0,FOOD_COURT_A,53.57,0.3571,0.7956,0.4979,103.98,0.4642,0.7063,0.012751,15.8,6.17,9.63,WARNING,slow_day
6268.0,FOOD_COURT_A,53.83,0.3589,0.6137,0.384,108.35,0.45,0.6213,0.007655,14.45,6.9,7.55,WARNING,slow_day
6269.0,FOOD_COURT_A,39.59,0.264,0.6668,0.3122,90.91,0.3054,0.6586,0.013325,12.23,8.81,3.42,WARNING,slow_day
6270.0,FOOD_COURT_A,56.18,0.3745,0.9375,0.4445,68.78,0.4067,0.6259,0.00926,14.78,6.67,8.1,WARNING,slow_day
6271.0,FOOD_COURT_A,58.81,0.3921,0.5973,0.3863,111.9,0.1929,0.678,0.012579,13.6,6.25,7.35,WARNING,slow_day
6272.0,FOOD_COURT_A,57.45,0.383,0.711,0.4464,120.09,0.2624,0.6896,0.009933,13.74,5.84,7.91,WARNING,slow_day
6273.0,FOOD_COURT_A,56.06,0.3737,0.903,0.3921,98.52,0.1772,0.5796,0.013838,21.0,9.26,11.74,WARNING,slow_day
6274.0,FOOD_COURT_A,45.84,0.3056,0.6123,0.3819,86.66,0.1811,0.7485,0.011144,20.96,7.18,13.78,WARNING,slow_day
6275.0,FOOD_COURT_A,44.07,0.2938,0.6979,0.4291,90.37,0.4298,0.5847,0.008214,9.78,1.64,8.14,WARNING,slow_day
6276.0,FOOD_COURT_A,25.79,0.1719,1.2851,0.2424,57.12,0.2242,0.493,0.005596,3.95,1.79,2.16,SAFE,slow_day
6277.0,FOOD_COURT_A,18.84,0.1256,1.111,0.0727,29.31,0.1424,0.5378,0.004435,6.38,3.15,3.23,SAFE,slow_day
6278.0,FOOD_COURT_A,12.87,0.0858,1.3321,0.1815,46.42,0.0957,0.3832,0.004646,10.0,6.49,3.51,SAFE,slow_day
6279.0,FOOD_COURT_A,19.61,0.1307,1.2097,0.1466,44.65,0.043,0.3673,0.004735,6.16,4.2,1.96,SAFE,slow_day
6280.0,FOOD_COURT_A,19.76,0.1317,1.2675,0.1628,62.68,0.0652,0.3564,0.00142,8.2,4.78,3.42,SAFE,slow_day
6281.0,FOOD_COURT_A,29.17,0.1944,0.9027,0.1565,40.55,0.1256,0.4342,0.000791,11.76,4.98,6.78,SAFE,slow_day
6282.0,FOOD_COURT_A,23.69,0.158,1.1388,0.1446,41.01,0.1188,0.4188,0.002725,8.91,4.41,4.5,SAFE,slow_day
6283.0,FOOD_COURT_A,21.4,0.1427,0.9293,0.0746,54.96,0.0936,0.3872,0.00321,5.87,3.2,2.67,SAFE,slow_day
6284.0,FOOD_COURT_A,27.1,0.1807,1.0771,0.0445,48.68,0.0811,0.4614,0.001548,5.61,4.5,1.11,SAFE,slow_day
6285.0,FOOD_COURT_A,29.45,0.1964,1.037,0.1031,31.08,0.0963,0.4377,0.002563,9.21,4.8,4.41,SAFE,slow_day
6286.0,FOOD_COURT_A,17.28,0.1152,1.1254,0.0309,17.36,0.0762,0.5128,0.002149,6.57,4.46,2.11,SAFE,slow_day
6287.0,FOOD_COURT_A,16.22,0.1082,1.3099,0.0749,39.61,0.0887,0.4349,0.005193,3.66,0.54,3.12,SAFE,slow_day
6288.0,FOOD_COURT_A,15.28,0.1019,1.3327,0.1125,42.17,0.1395,0.2784,0.002353,5.89,2.26,3.64,SAFE,slow_day
6289.0,FOOD_COURT_A,11.34,0.0756,1.0258,0.152,58.45,0.1002,0.2998,0.003947,6.07,2.13,3.94,SAFE,slow_day
6290.0,FOOD_COURT_A,13.28,0.0885,1.1035,0.1132,49.08,0.1031,0.2739,0.004423,6.29,4.14,2.15,SAFE,slow_day
6291.0,FOOD_COURT_A,24.17,0.1611,0.9031,0.1788,43.61,0.0878,0.446,0.002389,10.65,4.97,5.68,SAFE,slow_day
6292.0,FOOD_COURT_A,26.62,0.1775,0.9013,0.1429,49.92,0.0521,0.2428,0.005115,4.42,1.7,2.72,SAFE,slow_day
6293.0,FOOD_COURT_A,48.46,0.3231,0.8349,0.3181,104.65,0.3115,0.5796,0.009968,9.01,4.33,4.69,WARNING,slow_day
6294.0,FOOD_COURT_A,27.2,0.1813,0.9389,0.207,79.35,0.0934,0.5033,0.004402,8.91,4.67,4.24,SAFE,slow_day
6295.0,FOOD_COURT_A,25.32,0.1688,1.0212,0.1436,81.13,0.1209,0.4206,0.00421,3.57,1.21,2.36,SAFE,slow_day
6296.0,FOOD_COURT_A,19.51,0.1301,1.174,0.1149,51.79,0.0925,0.4714,0.003269,7.32,4.18,3.14,SAFE,slow_day
6297.0,FOOD_COURT_A,17.28,0.1152,1.4931,0.0641,57.24,0.0724,0.3796,0.001973,4.42,0.0,4.42,SAFE,slow_day
6298.0,FOOD_COURT_A,12.16,0.0811,1.2824,0.0897,33.93,0.113,0.4853,0.002127,7.08,4.64,2.44,SAFE,slow_day
6299.0,FOOD_COURT_A,13.94,0.093,1.1296,0.1115,61.02,0.102,0.5035,0.002233,2.64,1.21,1.43,SAFE,slow_day
6300.0,FOOD_COURT_A,58.69,0.3913,0.4636,0.5185,184.79,0.4763,0.7928,0.021426,23.05,9.28,13.77,HIGH,slow_day
6301.0,FOOD_COURT_A,83.88,0.5592,0.3744,0.5634,176.71,0.4279,0.8128,0.027519,17.38,8.9,8.48,HIGH,slow_day
6302.0,FOOD_COURT_A,95.67,0.6378,0.2192,0.5662,201.2,0.5778,0.8767,0.01736,23.42,12.4,11.02,HIGH,slow_day
6303.0,FOOD_COURT_A,82.31,0.5488,0.2218,0.4103,195.18,0.533,0.841,0.012573,30.21,17.91,12.31,HIGH,slow_day
6304.0,FOOD_COURT_A,92.06,0.6138,0.2216,0.6967,142.39,0.6838,0.8392,0.018021,22.45,10.72,11.74,HIGH,slow_day
6305.0,FOOD_COURT_A,94.46,0.6298,0.291,0.7965,172.96,0.4864,0.8256,0.022305,15.84,7.89,7.95,HIGH,slow_day
6306.0,FOOD_COURT_A,81.16,0.541,0.1839,0.9327,159.33,0.5663,0.7462,0.022748,18.98,11.63,7.35,HIGH,slow_day
6307.0,FOOD_COURT_A,93.35,0.6223,0.1315,0.6662,161.66,0.554,0.7947,0.021901,23.02,12.43,10.59,HIGH,slow_day
6308.0,FOOD_COURT_A,88.76,0.5917,0.2188,0.7755,144.67,0.6283,0.8699,0.015111,27.52,13.3,14.22,HIGH,slow_day
6309.0,FOOD_COURT_A,83.73,0.5582,0.2501,0.779,107.04,0.5052,0.8479,0.030295,28.67,17.87,10.8,HIGH,slow_day
6310.0,FOOD_COURT_A,87.55,0.5837,0.2663,0.8204,185.73,0.6828,0.7521,0.023112,17.85,12.22,5.63,HIGH,slow_day
6311.0,FOOD_COURT_A,76.11,0.5074,0.1876,0.7172,174.25,0.5431,0.7994,0.020712,17.1,5.27,11.83,HIGH,slow_day
6312.0,FOOD_COURT_A,91.51,0.61,0.2438,0.8194,184.72,0.6087,0.8063,0.016776,17.83,9.96,7.87,HIGH,slow_day
6313.0,FOOD_COURT_A,100.7,0.6713,0.2063,0.8629,181.57,0.6151,0.8015,0.019389,21.38,8.56,12.82,HIGH,slow_day
6314.0,FOOD_COURT_A,95.17,0.6345,0.1564,0.735,178.17,0.663,0.8517,0.027545,27.28,13.49,13.79,HIGH,slow_day
6315.0,FOOD_COURT_A,80.1,0.534,0.0803,0.8676,186.97,0.6655,0.9092,0.025204,22.05,12.91,9.14,HIGH,slow_day
6316.0,FOOD_COURT_A,84.75,0.565,0.0716,0.8594,170.34,0.5642,0.9474,0.025444,25.84,16.09,9.75,HIGH,slow_day
6317.0,FOOD_COURT_A,91.5,0.61,0.1952,0.6792,178.88,0.7109,0.9256,0.020938,23.64,11.38,12.26,HIGH,slow_day
6318.0,FOOD_COURT_A,107.79,0.7186,0.1444,0.6815,214.95,0.5348,0.8576,0.021106,24.09,15.24,8.85,HIGH,slow_day
6319.0,FOOD_COURT_A,81.21,0.5414,0.1494,0.5437,144.46,0.51,0.837,0.028028,20.16,8.27,11.89,HIGH,slow_day
6320.0,FOOD_COURT_A,93.27,0.6218,0.0926,0.4918,208.84,0.4762,0.846,0.021902,26.3,14.19,12.1,HIGH,slow_day
6321.0,FOOD_COURT_A,77.69,0.518,0.1897,0.7543,185.68,0.4202,0.7913,0.024486,16.83,10.61,6.22,HIGH,slow_day
6322.0,FOOD_COURT_A,82.09,0.5473,0.136,0.679,246.33,0.4655,0.8835,0.029225,19.52,9.21,10.3,HIGH,slow_day
6323.0,FOOD_COURT_A,90.25,0.6016,0.0595,0.7776,158.09,0.5183,0.8776,0.032102,23.22,12.35,10.87,HIGH,slow_day
6324.0,FOOD_COURT_A,95.85,0.639,0.1502,0.8339,213.43,0.5986,0.8309,0.018956,24.45,11.54,12.91,HIGH,slow_day
6325.0,FOOD_COURT_A,76.79,0.5119,0.1962,0.7397,226.29,0.4323,0.8731,0.025573,26.89,13.36,13.53,HIGH,slow_day
6326.0,FOOD_COURT_A,90.46,0.603,0.1006,0.6225,227.48,0.5622,0.9344,0.017484,27.53,13.33,14.2,HIGH,slow_day
6327.0,FOOD_COURT_A,74.72,0.4981,0.35,0.6006,225.85,0.5114,0.9477,0.023312,24.03,18.1,5.93,HIGH,slow_day
6328.0,FOOD_COURT_A,70.87,0.4725,0.2007,0.6874,175.72,0.4962,0.8451,0.028965,22.19,10.15,12.03,HIGH,slow_day
6329.0,FOOD_COURT_A,71.3,0.4753,0.2546,0.6635,141.61,0.6628,0.7755,0.025037,22.35,15.02,7.32,HIGH,slow_day
6330.0,FOOD_COURT_A,79.01,0.5267,0.0834,0.6597,142.57,0.6289,0.8311,0.025703,20.2,12.18,8.03,HIGH,slow_day
6331.0,FOOD_COURT_A,89.44,0.5963,0.2117,0.6017,163.62,0.6537,0.7889,0.022362,19.11,7.71,11.4,HIGH,slow_day
6332.0,FOOD_COURT_A,88.37,0.5891,0.2426,0.7473,192.02,0.5816,0.7948,0.027417,22.41,13.69,8.73,HIGH,slow_day
6333.0,FOOD_COURT_A,102.01,0.6801,0.2076,0.9242,163.78,0.653,0.829,0.034425,25.21,9.94,15.27,HIGH,slow_day
6334.0,FOOD_COURT_A,100.75,0.6716,0.2649,0.7832,174.58,0.6982,0.8836,0.021999,20.29,11.23,9.06,HIGH,slow_day
6335.0,FOOD_COURT_A,102.13,0.6809,0.2343,0.8452,203.64,0.6528,0.8619,0.029974,20.65,9.61,11.04,HIGH,slow_day
6336.0,FOOD_COURT_A,65.66,0.4377,0.7238,0.4649,110.98,0.3692,0.7452,0.015817,12.07,7.29,4.77,WARNING,slow_day
6337.0,FOOD_COURT_A,59.49,0.3966,0.6012,0.4775,99.72,0.3279,0.6606,0.016662,17.75,8.97,8.78,WARNING,slow_day
6338.0,FOOD_COURT_A,59.26,0.395,0.4825,0.4119,71.04,0.3224,0.6603,0.017114,15.54,9.33,6.21,WARNING,slow_day
6339.0,FOOD_COURT_A,59.59,0.3973,0.6331,0.4708,109.1,0.2481,0.6378,0.012752,13.86,7.19,6.66,WARNING,slow_day
6340.0,FOOD_COURT_A,43.11,0.2874,0.9559,0.189,72.98,0.1218,0.4874,0.007272,2.9,2.9,0.0,SAFE,slow_day
6341.0,FOOD_COURT_A,27.93,0.1862,1.1839,0.0689,65.44,0.1138,0.671,0.002619,4.48,2.48,1.99,SAFE,slow_day
6342.0,FOOD_COURT_A,32.03,0.2136,0.9031,0.109,62.82,0.1298,0.5211,0.004253,7.8,3.85,3.95,SAFE,slow_day
6343.0,FOOD_COURT_A,54.47,0.3631,0.6546,0.3938,117.69,0.1699,0.6347,0.010374,14.88,4.09,10.8,WARNING,slow_day
6344.0,FOOD_COURT_A,46.69,0.3113,0.677,0.4325,91.07,0.284,0.5771,0.008844,16.47,5.95,10.52,WARNING,slow_day
6345.0,FOOD_COURT_A,52.81,0.352,0.6715,0.3308,129.86,0.3224,0.7366,0.013282,13.14,6.72,6.42,WARNING,slow_day
6346.0,FOOD_COURT_A,37.83,0.2522,1.0779,0.1463,73.67,0.156,0.5515,0.0079,8.07,5.68,2.39,SAFE,slow_day
6347.0,FOOD_COURT_A,28.98,0.1932,1.0871,0.1104,44.84,0.0612,0.4588,0.00438,2.23,2.23,0.0,SAFE,slow_day
6348.0,FOOD_COURT_A,22.11,0.1474,1.009,0.1005,39.13,0.0523,0.4582,0.001314,11.95,7.75,4.2,SAFE,slow_day
6349.0,FOOD_COURT_A,23.85,0.159,1.0332,0.0302,34.86,0.0608,0.5,0.001182,7.59,3.53,4.06,SAFE,slow_day
6350.0,FOOD_COURT_A,14.63,0.0975,1.2621,0.0258,33.81,0.0913,0.4659,0.002591,4.24,1.48,2.76,SAFE,slow_day
6351.0,FOOD_COURT_A,18.75,0.125,1.191,0.0577,21.33,0.1119,0.416,0.003773,6.39,3.31,3.08,SAFE,slow_day
6352.0,FOOD_COURT_A,18.13,0.1209,1.2281,0.0967,27.94,0.0959,0.4349,0.002468,5.21,3.33,1.88,SAFE,slow_day
6353.0,FOOD_COURT_A,18.05,0.1203,1.0786,0.1568,11.88,0.1164,0.3723,0.003298,9.27,3.97,5.3,SAFE,slow_day
6354.0,FOOD_COURT_A,19.05,0.127,1.061,0.1947,31.28,0.0906,0.4169,0.001761,3.82,2.36,1.46,SAFE,slow_day
6355.0,FOOD_COURT_A,11.47,0.0765,1.2313,0.0896,50.68,0.0846,0.3787,0.003579,3.96,2.16,1.8,SAFE,slow_day
6356.0,FOOD_COURT_A,15.33,0.1022,1.727,0.0975,59.53,0.0713,0.3077,0.003359,7.79,1.55,6.24,SAFE,slow_day
6357.0,FOOD_COURT_A,49.66,0.331,1.0524,0.289,87.14,0.2193,0.5456,0.013379,11.23,7.13,4.1,WARNING,slow_day
6358.0,FOOD_COURT_A,55.59,0.3706,0.7891,0.3578,86.16,0.2236,0.5784,0.007408,12.17,7.13,5.05,WARNING,slow_day
6359.0,FOOD_COURT_A,26.24,0.1749,0.8981,0.1207,52.08,0.1175,0.4625,0.005338,9.93,4.22,5.71,SAFE,slow_day
6360.0,FOOD_COURT_A,24.91,0.1661,1.0945,0.0802,37.36,0.1415,0.4557,0.002836,5.45,3.41,2.04,SAFE,slow_day
6361.0,FOOD_COURT_A,19.57,0.1305,0.9176,0.1174,38.45,0.106,0.5865,0.002801,9.32,6.5,2.82,SAFE,slow_day
6362.0,FOOD_COURT_A,7.42,0.0495,0.8351,0.0971,44.28,0.1118,0.5818,0.002515,4.79,3.07,1.72,SAFE,slow_day
6363.0,FOOD_COURT_A,22.66,0.1511,1.1353,0.0701,47.0,0.1088,0.4314,0.003638,7.4,4.21,3.19,SAFE,slow_day
6364.0,FOOD_COURT_A,22.01,0.1467,1.24,0.0879,41.99,0.074,0.328,0.003526,5.99,4.31,1.68,SAFE,slow_day
6365.0,FOOD_COURT_A,22.32,0.1488,1.2677,0.0758,54.17,0.0701,0.354,0.002691,9.13,3.36,5.77,SAFE,slow_day
6366.0,FOOD_COURT_A,25.07,0.1671,1.1005,0.093,58.62,0.0688,0.3241,0.00294,2.92,0.15,2.77,SAFE,slow_day
6367.0,FOOD_COURT_A,30.98,0.2066,1.3414,0.144,35.93,0.1144,0.4569,0.000882,0.16,0.16,0.0,SAFE,slow_day
6368.0,FOOD_COURT_A,19.32,0.1288,1.4121,0.0445,42.28,0.1099,0.4479,0.002943,6.9,3.35,3.55,SAFE,slow_day
6369.0,FOOD_COURT_A,11.82,0.0788,1.0882,0.0575,47.29,0.0792,0.4076,0.003064,8.0,3.58,4.42,SAFE,slow_day
6370.0,FOOD_COURT_A,25.05,0.167,1.2798,0.0682,28.03,0.0571,0.2957,0.003383,6.74,3.85,2.88,SAFE,slow_day
6371.0,FOOD_COURT_A,27.65,0.1843,1.224,0.0525,44.44,0.0373,0.2943,0.005805,8.55,5.06,3.49,SAFE,slow_day
6372.0,FOOD_COURT_A,35.56,0.2371,1.255,0.0869,28.8,0.054,0.4231,0.00445,11.59,6.39,5.2,SAFE,slow_day
6373.0,FOOD_COURT_A,28.04,0.1869,1.2414,0.1096,37.55,0.0376,0.357,0.004345,2.55,1.4,1.15,SAFE,slow_day
6374.0,FOOD_COURT_A,16.12,0.1075,1.1983,0.0476,46.42,0.0828,0.3183,0.007189,8.64,4.86,3.78,SAFE,slow_day
6375.0,FOOD_COURT_A,19.49,0.13,1.1158,0.0243,57.52,0.0654,0.2217,0.003114,6.01,4.0,2.02,SAFE,slow_day
6376.0,FOOD_COURT_A,12.43,0.0828,1.1193,0.0433,57.04,0.1002,0.2506,0.003257,3.26,1.84,1.42,SAFE,slow_day
6377.0,FOOD_COURT_A,23.59,0.1573,1.1549,0.0729,40.61,0.0443,0.3466,0.003915,9.77,3.65,6.11,SAFE,slow_day
6378.0,FOOD_COURT_A,19.04,0.1269,0.9209,0.0219,17.58,0.0934,0.3572,0.00447,4.81,3.56,1.25,SAFE,slow_day
6379.0,FOOD_COURT_A,24.51,0.1634,0.9483,0.0331,16.53,0.1209,0.4659,0.003935,6.08,3.55,2.53,SAFE,slow_day
6380.0,FOOD_COURT_A,27.43,0.1829,1.1049,0.1594,38.05,0.0562,0.3015,0.003294,4.32,2.37,1.94,SAFE,slow_day
6381.0,FOOD_COURT_A,14.14,0.0943,0.9407,0.0998,45.69,0.0677,0.3547,0.005601,5.14,1.02,4.12,SAFE,slow_day
6382.0,FOOD_COURT_A,17.15,0.1144,1.1083,0.0739,20.03,0.0865,0.3564,0.003906,5.0,4.13,0.87,SAFE,slow_day
6383.0,FOOD_COURT_A,16.4,0.1093,0.9564,0.1123,45.65,0.0574,0.2266,0.002035,10.46,4.92,5.54,SAFE,slow_day
6384.0,FOOD_COURT_A,25.25,0.1683,1.2642,0.1255,48.15,0.0579,0.367,0.002892,1.8,0.54,1.26,SAFE,slow_day
6385.0,FOOD_COURT_A,22.29,0.1486,0.9147,0.1424,69.32,0.1284,0.4543,0.003276,9.67,3.78,5.89,SAFE,slow_day
6386.0,FOOD_COURT_A,19.5,0.13,0.9833,0.1169,63.6,0.1243,0.4638,0.003866,7.57,4.36,3.21,SAFE,slow_day
6387.0,FOOD_COURT_A,27.03,0.1802,0.8702,0.0952,47.98,0.083,0.4228,0.003542,7.39,3.17,4.22,SAFE,slow_day
6388.0,FOOD_COURT_A,19.41,0.1294,1.1168,0.1806,43.58,0.0932,0.3725,0.002525,10.19,5.94,4.26,SAFE,slow_day
6389.0,FOOD_COURT_A,7.97,0.0531,1.2506,0.176,46.45,0.0737,0.4648,0.002907,12.43,7.8,4.62,SAFE,slow_day
6390.0,FOOD_COURT_A,16.56,0.1104,1.1002,0.1429,47.97,0.082,0.4767,0.004064,9.73,3.57,6.16,SAFE,slow_day
6391.0,FOOD_COURT_A,10.19,0.068,1.1498,0.0627,47.19,0.1213,0.4448,0.004171,5.89,2.84,3.05,SAFE,slow_day
6392.0,FOOD_COURT_A,18.86,0.1257,1.1211,0.0825,54.65,0.1181,0.3209,0.001251,5.02,3.2,1.82,SAFE,slow_day
6393.0,FOOD_COURT_A,24.17,0.1612,1.1145,0.1469,37.18,0.1086,0.3283,0.002305,8.24,4.64,3.6,SAFE,slow_day
6394.0,FOOD_COURT_A,27.57,0.1838,1.1941,0.1531,51.1,0.0669,0.5023,0.002766,4.7,0.66,4.05,SAFE,slow_day
6395.0,FOOD_COURT_A,19.85,0.1324,1.2221,0.1654,55.68,0.0457,0.4281,0.005204,6.29,2.16,4.13,SAFE,slow_day
6396.0,FOOD_COURT_A,25.24,0.1683,1.0285,0.0557,52.25,0.0208,0.4328,0.003314,13.42,6.91,6.51,SAFE,slow_day
6397.0,FOOD_COURT_A,19.99,0.1333,1.3197,0.1283,41.39,0.047,0.5303,0.002011,8.95,5.08,3.87,SAFE,slow_day
6398.0,FOOD_COURT_A,18.14,0.1209,1.1082,0.1328,50.48,0.0855,0.5627,0.000603,6.38,3.56,2.82,SAFE,slow_day
6399.0,FOOD_COURT_A,19.51,0.1301,1.1889,0.0673,55.06,0.0543,0.402,0.00042,11.4,6.24,5.16,SAFE,slow_day
6400.0,FOOD_COURT_A,24.62,0.1641,1.247,0.1079,35.09,0.0825,0.2086,0.001245,7.11,3.07,4.04,SAFE,slow_day
6401.0,FOOD_COURT_A,16.0,0.1067,1.2955,0.0818,38.98,0.0248,0.14,0.002223,8.55,4.61,3.94,SAFE,slow_day
6402.0,FOOD_COURT_A,27.87,0.1858,1.1154,0.1031,52.18,0.1314,0.3645,0.002547,7.46,2.67,4.79,SAFE,slow_day
6403.0,FOOD_COURT_A,17.25,0.115,1.0591,0.0607,53.3,0.0566,0.496,0.003436,9.21,5.03,4.17,SAFE,slow_day
6404.0,FOOD_COURT_A,25.18,0.1678,1.2067,0.09,35.17,0.1326,0.4402,0.003888,5.74,3.47,2.27,SAFE,slow_day
6405.0,FOOD_COURT_A,22.9,0.1526,1.0407,0.0995,38.93,0.0645,0.4271,0.003104,5.72,4.95,0.77,SAFE,slow_day
6406.0,FOOD_COURT_A,27.17,0.1812,1.0047,0.0609,54.84,0.0785,0.5571,0.00347,2.89,1.63,1.26,SAFE,slow_day
6407.0,FOOD_COURT_A,41.93,0.2795,0.8698,0.2563,69.02,0.1918,0.6905,0.007996,16.66,7.61,9.05,WARNING,slow_day
6408.0,FOOD_COURT_A,34.5,0.23,1.1868,0.1905,33.01,0.1325,0.4059,0.00586,4.72,1.6,3.11,SAFE,slow_day
6409.0,FOOD_COURT_A,35.34,0.2356,1.1436,0.1387,37.36,0.0919,0.459,0.001758,7.24,2.76,4.47,SAFE,slow_day
6410.0,FOOD_COURT_A,29.35,0.1956,1.313,0.1179,42.6,0.0421,0.5093,0.002826,6.53,3.44,3.09,SAFE,slow_day
6411.0,FOOD_COURT_A,33.0,0.22,1.3461,0.0745,54.05,0.1012,0.385,0.002592,7.77,3.91,3.86,SAFE,slow_day
6412.0,FOOD_COURT_A,27.42,0.1828,1.5345,0.0224,43.48,0.0617,0.4531,0.005067,7.61,4.77,2.84,SAFE,slow_day
6413.0,FOOD_COURT_A,32.79,0.2186,1.4181,0.0657,20.25,0.06,0.5492,0.00426,10.34,8.49,1.86,SAFE,slow_day
6414.0,FOOD_COURT_A,30.64,0.2043,1.1462,0.0765,54.75,0.0804,0.5083,0.002042,6.53,3.93,2.6,SAFE,slow_day
6415.0,FOOD_COURT_A,25.61,0.1707,0.9956,0.061,49.79,0.0777,0.3568,0.002333,6.67,2.93,3.74,SAFE,slow_day
6416.0,FOOD_COURT_A,28.86,0.1924,0.9837,0.0772,45.03,0.104,0.226,0.002419,4.77,2.95,1.82,SAFE,slow_day
6417.0,FOOD_COURT_A,15.04,0.1003,1.0422,0.0261,41.0,0.0885,0.3491,0.004884,7.16,1.93,5.23,SAFE,slow_day
6418.0,FOOD_COURT_A,14.33,0.0955,1.1185,0.0311,48.9,0.08,0.5013,0.003995,9.42,4.74,4.68,SAFE,slow_day
6419.0,FOOD_COURT_A,18.83,0.1255,1.3204,0.0637,50.52,0.1333,0.4196,0.001638,5.34,2.89,2.45,SAFE,slow_day
6420.0,FOOD_COURT_A,19.92,0.1328,1.0988,0.0893,44.07,0.1301,0.4346,0.002375,8.09,4.31,3.78,SAFE,slow_day
6421.0,FOOD_COURT_A,19.92,0.1328,1.4105,0.0539,49.96,0.1265,0.3549,0.002507,6.04,3.38,2.66,SAFE,slow_day
6422.0,FOOD_COURT_A,23.99,0.16,1.2403,0.0165,43.91,0.0682,0.228,0.004125,6.4,4.17,2.24,SAFE,slow_day
6423.0,FOOD_COURT_A,39.13,0.2609,0.696,0.2679,88.94,0.1943,0.4706,0.013185,15.38,5.26,10.13,WARNING,slow_day
6424.0,FOOD_COURT_A,34.1,0.2273,1.1336,0.2006,68.19,0.1192,0.555,0.004779,8.05,4.29,3.76,SAFE,slow_day
6425.0,FOOD_COURT_A,28.72,0.1915,1.0011,0.1807,65.54,0.1077,0.3901,0.007014,5.78,2.75,3.03,SAFE,slow_day
6426.0,FOOD_COURT_A,19.92,0.1328,1.3368,0.1091,45.25,0.1145,0.31,0.003968,8.99,4.98,4.01,SAFE,slow_day
6427.0,FOOD_COURT_A,30.44,0.2029,1.1841,0.0388,43.13,0.0362,0.3029,0.0012,8.41,3.21,5.2,SAFE,slow_day
6428.0,FOOD_COURT_A,28.11,0.1874,1.062,0.0454,31.09,0.1079,0.3968,0.001873,6.19,2.47,3.72,SAFE,slow_day
6429.0,FOOD_COURT_A,25.38,0.1692,1.0666,0.0455,46.89,0.0997,0.2633,0.002157,5.77,2.48,3.29,SAFE,slow_day
6430.0,FOOD_COURT_A,36.48,0.2432,1.0541,0.0576,48.79,0.0813,0.4365,0.001939,5.7,2.84,2.86,SAFE,slow_day
6431.0,FOOD_COURT_A,42.06,0.2804,1.1738,0.0574,41.96,0.0679,0.3539,0.003228,5.02,4.01,1.01,SAFE,slow_day
6432.0,FOOD_COURT_A,40.41,0.2694,1.3001,0.0988,62.06,0.0912,0.3668,0.001735,6.25,2.71,3.54,SAFE,slow_day
6433.0,FOOD_COURT_A,21.78,0.1452,1.8048,0.1235,62.82,0.0413,0.2764,0.003206,6.68,3.21,3.47,SAFE,slow_day
6434.0,FOOD_COURT_A,26.44,0.1763,1.7543,0.0864,43.52,0.0387,0.4392,0.00295,6.34,2.97,3.37,SAFE,slow_day
6435.0,FOOD_COURT_A,24.59,0.164,1.2909,0.1068,44.02,0.0699,0.4292,0.004937,7.14,6.52,0.62,SAFE,slow_day
6436.0,FOOD_COURT_A,20.48,0.1365,1.0713,0.0682,60.05,0.0632,0.4881,0.001656,8.36,5.14,3.23,SAFE,slow_day
6437.0,FOOD_COURT_A,24.38,0.1625,1.3905,0.0345,49.68,0.0994,0.246,0.000907,12.1,6.57,5.53,SAFE,slow_day
6438.0,FOOD_COURT_A,24.89,0.166,1.2543,0.0104,47.06,0.0876,0.3421,0.004182,6.53,2.21,4.32,SAFE,slow_day
6439.0,FOOD_COURT_A,15.43,0.1029,1.3292,0.0305,32.23,0.0679,0.2472,0.001255,6.78,3.09,3.69,SAFE,slow_day
6440.0,FOOD_COURT_A,22.91,0.1527,1.1231,0.0703,22.25,0.1,0.343,0.003132,5.92,3.8,2.12,SAFE,slow_day
6441.0,FOOD_COURT_A,34.43,0.2296,0.8321,0.2497,79.01,0.2527,0.6146,0.010704,18.22,8.94,9.28,WARNING,slow_day
6442.0,FOOD_COURT_A,53.69,0.358,0.6219,0.2738,69.52,0.3394,0.6198,0.012905,14.86,7.97,6.89,WARNING,slow_day
6443.0,FOOD_COURT_A,58.79,0.3919,0.7806,0.3771,96.68,0.3153,0.5964,0.015943,15.65,8.48,7.17,WARNING,slow_day
6444.0,FOOD_COURT_A,57.58,0.3838,0.7557,0.3983,89.6,0.3197,0.6874,0.010631,9.8,4.89,4.91,WARNING,slow_day
6445.0,FOOD_COURT_A,83.24,0.555,0.4626,0.4897,170.46,0.5079,0.7493,0.028908,23.59,11.7,11.88,HIGH,slow_day
6446.0,FOOD_COURT_A,87.47,0.5831,0.3224,0.6485,163.83,0.5978,0.7936,0.030688,27.4,13.25,14.15,HIGH,slow_day
6447.0,FOOD_COURT_A,92.34,0.6156,0.2327,0.7529,171.07,0.6389,0.8979,0.02514,13.94,9.61,4.33,HIGH,slow_day
6448.0,FOOD_COURT_A,81.74,0.5449,0.1671,0.699,175.44,0.5411,0.8269,0.022818,21.51,10.29,11.22,HIGH,slow_day
6449.0,FOOD_COURT_A,74.25,0.495,0.6935,0.3738,126.24,0.3898,0.8599,0.016787,15.21,6.73,8.48,WARNING,slow_day
6450.0,FOOD_COURT_A,63.14,0.421,0.5546,0.3181,119.78,0.4305,0.6376,0.014502,16.1,10.53,5.57,WARNING,slow_day
6451.0,FOOD_COURT_A,84.64,0.5643,0.2877,0.5376,186.86,0.4609,0.7899,0.013826,21.57,10.12,11.46,HIGH,slow_day
6452.0,FOOD_COURT_A,90.75,0.605,0.2963,0.709,172.43,0.4677,0.8621,0.016868,17.19,10.05,7.14,HIGH,slow_day
6453.0,FOOD_COURT_A,96.89,0.6459,0.4468,0.6307,109.69,0.5498,0.7888,0.023869,19.47,8.55,10.92,HIGH,slow_day
6454.0,FOOD_COURT_A,91.5,0.61,0.2251,0.848,134.8,0.6177,0.8053,0.031618,22.65,12.79,9.86,HIGH,slow_day
6455.0,FOOD_COURT_A,88.01,0.5867,0.2479,0.7611,164.36,0.6448,0.7855,0.02093,23.35,13.18,10.17,HIGH,slow_day
6456.0,FOOD_COURT_A,72.03,0.4802,0.5745,0.4838,100.15,0.46,0.7686,0.013555,16.22,7.29,8.92,WARNING,slow_day
6457.0,FOOD_COURT_A,60.13,0.4009,0.5392,0.4708,108.17,0.2956,0.5319,0.006858,18.72,11.72,7.0,WARNING,slow_day
6458.0,FOOD_COURT_A,52.47,0.3498,0.5781,0.3442,122.96,0.2771,0.738,0.010869,12.13,6.83,5.3,WARNING,slow_day
6459.0,FOOD_COURT_A,39.82,0.2655,0.7229,0.4681,111.38,0.2389,0.5887,0.006808,10.52,5.07,5.45,WARNING,slow_day
6460.0,FOOD_COURT_A,50.15,0.3343,0.7581,0.3272,109.71,0.3015,0.6155,0.012503,12.18,5.23,6.95,WARNING,slow_day
6461.0,FOOD_COURT_A,57.62,0.3841,0.9118,0.1962,94.87,0.0915,0.6406,0.014961,16.74,7.26,9.48,WARNING,slow_day
6462.0,FOOD_COURT_A,66.28,0.4419,0.8566,0.2282,82.83,0.176,0.7289,0.011257,12.06,3.5,8.55,WARNING,slow_day
6463.0,FOOD_COURT_A,61.31,0.4087,0.8557,0.275,103.56,0.294,0.7024,0.01264,17.91,9.89,8.02,WARNING,slow_day
6464.0,FOOD_COURT_A,57.3,0.382,0.4436,0.2785,96.13,0.3514,0.7739,0.006563,15.85,8.45,7.4,WARNING,slow_day
6465.0,FOOD_COURT_A,49.45,0.3296,0.5507,0.408,97.02,0.4289,0.6894,0.001969,12.22,5.74,6.48,WARNING,slow_day
6466.0,FOOD_COURT_A,53.97,0.3598,0.5841,0.271,47.73,0.2333,0.583,0.015644,16.63,6.33,10.3,WARNING,slow_day
6467.0,FOOD_COURT_A,56.11,0.3741,0.6074,0.4962,81.67,0.1838,0.6473,0.013726,8.74,3.09,5.65,WARNING,slow_day
6468.0,FOOD_COURT_A,63.5,0.4233,0.2422,0.7387,106.58,0.4713,0.749,0.018002,18.29,9.31,8.98,HIGH,slow_day
6469.0,FOOD_COURT_A,67.26,0.4484,0.1343,0.7193,129.95,0.5945,0.8445,0.024145,16.68,7.19,9.5,HIGH,slow_day
6470.0,FOOD_COURT_A,82.45,0.5496,0.3091,0.7294,159.52,0.5995,0.8888,0.022747,20.57,11.95,8.62,HIGH,slow_day
6471.0,FOOD_COURT_A,60.12,0.4008,0.6446,0.6016,99.95,0.3323,0.8091,0.013507,7.97,6.33,1.64,WARNING,slow_day
6472.0,FOOD_COURT_A,61.08,0.4072,0.7737,0.4237,101.11,0.372,0.8071,0.004052,15.64,8.96,6.68,WARNING,slow_day
6473.0,FOOD_COURT_A,58.74,0.3916,0.6385,0.3625,84.74,0.3371,0.6881,0.010472,11.96,6.66,5.29,WARNING,slow_day
6474.0,FOOD_COURT_A,60.24,0.4016,0.7763,0.4292,92.62,0.3431,0.6945,0.0081,14.48,8.72,5.76,WARNING,slow_day
6475.0,FOOD_COURT_A,58.97,0.3931,0.801,0.3298,86.88,0.4472,0.6288,0.006934,14.37,5.99,8.38,WARNING,slow_day
6476.0,FOOD_COURT_A,67.03,0.4468,0.682,0.2072,103.78,0.2311,0.667,0.010081,15.36,9.29,6.07,WARNING,slow_day
6477.0,FOOD_COURT_A,60.38,0.4025,0.5386,0.3115,89.72,0.3332,0.5977,0.015791,10.56,6.96,3.6,WARNING,slow_day
6478.0,FOOD_COURT_A,52.27,0.3484,0.6178,0.4052,51.94,0.3886,0.6881,0.013901,12.88,10.6,2.29,WARNING,slow_day
6479.0,FOOD_COURT_A,85.06,0.5671,0.1923,0.7915,166.19,0.6014,0.8046,0.023835,26.07,10.22,15.84,HIGH,slow_day
6480.0,FOOD_COURT_A,60.19,0.4012,0.3889,0.5761,126.47,0.2874,0.7461,0.011199,11.2,7.33,3.87,WARNING,slow_day
6481.0,FOOD_COURT_A,54.79,0.3652,0.7293,0.482,127.79,0.3714,0.71,0.015793,15.04,6.98,8.06,WARNING,slow_day
6482.0,FOOD_COURT_A,39.33,0.2622,0.628,0.4066,116.07,0.2128,0.6909,0.011386,16.8,9.81,6.98,WARNING,slow_day
6483.0,FOOD_COURT_A,45.2,0.3013,0.5903,0.3764,115.08,0.3145,0.7351,0.009602,17.76,5.12,12.64,WARNING,slow_day
6484.0,FOOD_COURT_A,30.34,0.2022,1.3993,0.1956,49.33,0.1552,0.3422,0.004573,9.98,3.99,5.98,SAFE,slow_day
6485.0,FOOD_COURT_A,24.2,0.1613,1.2872,0.14,43.27,0.1536,0.2759,0.004211,8.26,6.22,2.04,SAFE,slow_day
6486.0,FOOD_COURT_A,20.79,0.1386,1.3757,0.042,41.06,0.099,0.2818,0.003796,7.51,3.64,3.87,SAFE,slow_day
6487.0,FOOD_COURT_A,22.79,0.1519,1.356,0.1517,46.46,0.0411,0.2475,0.001783,6.47,2.7,3.77,SAFE,slow_day
6488.0,FOOD_COURT_A,19.75,0.1317,1.6375,0.122,44.07,0.1102,0.2413,0.004307,5.55,3.67,1.88,SAFE,slow_day
6489.0,FOOD_COURT_A,31.94,0.2129,1.4084,0.0366,41.77,0.0939,0.285,0.001562,6.49,2.9,3.59,SAFE,slow_day
6490.0,FOOD_COURT_A,17.12,0.1141,0.9465,0.1021,52.66,0.0755,0.2927,0.00296,7.22,4.13,3.09,SAFE,slow_day
6491.0,FOOD_COURT_A,23.04,0.1536,1.4467,0.1133,37.8,0.0599,0.3802,0.006897,7.41,4.61,2.8,SAFE,slow_day
6492.0,FOOD_COURT_A,29.95,0.1997,1.5139,0.0445,28.32,0.0414,0.3062,0.003032,8.59,5.56,3.03,SAFE,slow_day
6493.0,FOOD_COURT_A,23.34,0.1556,1.3548,0.1629,40.02,0.0913,0.2974,0.003634,3.84,3.18,0.66,SAFE,slow_day
6494.0,FOOD_COURT_A,42.68,0.2846,0.7346,0.3499,96.69,0.2848,0.5762,0.005269,7.1,4.45,2.65,WARNING,slow_day
6495.0,FOOD_COURT_A,49.91,0.3327,0.5745,0.4142,137.94,0.3538,0.5855,0.007882,16.02,6.8,9.23,WARNING,slow_day
6496.0,FOOD_COURT_A,21.53,0.1435,0.9912,0.1884,66.53,0.1984,0.4793,0.004181,9.52,5.79,3.74,SAFE,slow_day
6497.0,FOOD_COURT_A,25.38,0.1692,0.9499,0.0745,47.64,0.1177,0.4471,0.003596,4.47,2.38,2.1,SAFE,slow_day
6498.0,FOOD_COURT_A,27.01,0.1801,1.4486,0.1029,53.39,0.1128,0.4209,0.002942,5.83,4.76,1.07,SAFE,slow_day
6499.0,FOOD_COURT_A,16.94,0.113,1.5176,0.0309,53.27,0.1041,0.4877,0.003352,2.71,2.33,0.39,SAFE,slow_day
6500.0,FOOD_COURT_A,18.56,0.1237,1.4439,0.0849,52.57,0.0523,0.2191,0.003225,6.97,4.52,2.44,SAFE,slow_day
6501.0,FOOD_COURT_A,12.36,0.0824,1.0063,0.0578,41.56,0.0752,0.3281,0.005011,9.41,6.41,3.0,SAFE,slow_day
6502.0,FOOD_COURT_A,30.28,0.2019,1.1118,0.1196,15.97,0.1065,0.3917,0.00352,7.87,2.73,5.14,SAFE,slow_day
6503.0,FOOD_COURT_A,25.84,0.1723,1.1336,0.0533,32.21,0.0742,0.245,0.003126,5.45,2.33,3.13,SAFE,slow_day
6504.0,FOOD_COURT_A,23.22,0.1548,1.1336,0.017,47.71,0.0587,0.3549,0.002978,8.06,3.13,4.93,SAFE,slow_day
6505.0,FOOD_COURT_A,23.76,0.1584,1.2653,0.0113,53.94,0.0783,0.2523,0.002799,9.75,4.56,5.19,SAFE,slow_day
6506.0,FOOD_COURT_A,14.6,0.0973,1.2519,0.1322,32.4,0.0723,0.4339,0.002353,5.06,0.71,4.35,SAFE,slow_day
6507.0,FOOD_COURT_A,15.46,0.1031,1.252,0.1571,48.52,0.0593,0.5421,0.003503,10.22,5.92,4.29,SAFE,slow_day
6508.0,FOOD_COURT_A,16.69,0.1113,1.0833,0.1312,54.03,0.0959,0.5697,0.004594,8.85,3.9,4.95,SAFE,slow_day
6509.0,FOOD_COURT_A,34.62,0.2308,0.567,0.2714,51.18,0.2536,0.7278,0.010313,17.28,8.38,8.9,WARNING,slow_day
6510.0,FOOD_COURT_A,59.65,0.3976,0.7895,0.2487,82.4,0.3804,0.7197,0.014793,12.62,6.02,6.6,WARNING,slow_day
6511.0,FOOD_COURT_A,54.62,0.3641,0.9151,0.3309,69.64,0.3414,0.6597,0.006885,16.21,10.72,5.49,WARNING,slow_day
6512.0,FOOD_COURT_A,53.76,0.3584,1.1195,0.4072,59.03,0.2369,0.6197,0.010502,11.04,5.17,5.87,WARNING,slow_day
6513.0,FOOD_COURT_A,57.23,0.3816,0.6906,0.4795,74.56,0.2909,0.6779,0.012602,13.61,5.11,8.5,WARNING,slow_day
6514.0,FOOD_COURT_A,52.3,0.3487,0.6623,0.4749,60.01,0.3542,0.7807,0.014146,11.91,5.55,6.36,WARNING,slow_day
6515.0,FOOD_COURT_A,57.12,0.3808,0.5952,0.3269,95.47,0.3136,0.6695,0.011434,9.43,7.79,1.65,WARNING,slow_day
6516.0,FOOD_COURT_A,44.99,0.2999,0.5071,0.5006,115.61,0.3276,0.714,0.012321,11.47,8.47,3.0,WARNING,slow_day
6517.0,FOOD_COURT_A,38.4,0.256,1.0003,0.1976,75.61,0.1712,0.5126,0.006714,5.21,1.05,4.16,SAFE,slow_day
6518.0,FOOD_COURT_A,26.35,0.1757,1.2555,0.0794,62.54,0.1371,0.3714,0.005701,8.78,3.61,5.17,SAFE,slow_day
6519.0,FOOD_COURT_A,40.4,0.2693,0.9176,0.2957,84.2,0.2946,0.6368,0.008094,13.22,5.52,7.7,WARNING,slow_day
6520.0,FOOD_COURT_A,43.09,0.2873,0.6985,0.3843,90.19,0.3818,0.7851,0.014646,9.55,5.12,4.44,WARNING,slow_day
6521.0,FOOD_COURT_A,54.42,0.3628,0.6507,0.4999,77.21,0.3084,0.7729,0.008913,13.52,7.93,5.59,WARNING,slow_day
6522.0,FOOD_COURT_A,62.18,0.4146,0.7308,0.4588,103.55,0.2504,0.8246,0.005481,15.67,8.5,7.18,WARNING,slow_day
6523.0,FOOD_COURT_A,26.47,0.1765,1.3527,0.1956,55.24,0.1352,0.4412,0.005844,4.71,0.5,4.2,SAFE,slow_day
6524.0,FOOD_COURT_A,42.67,0.2845,0.9192,0.3531,91.85,0.3111,0.6337,0.013792,16.22,6.77,9.45,WARNING,slow_day
6525.0,FOOD_COURT_A,38.54,0.257,0.9726,0.4125,77.73,0.3799,0.7006,0.014582,11.51,7.54,3.97,WARNING,slow_day
6526.0,FOOD_COURT_A,51.61,0.3441,0.8578,0.4075,77.46,0.3487,0.8113,0.016129,10.87,5.61,5.26,WARNING,slow_day
6527.0,FOOD_COURT_A,31.79,0.2119,1.1496,0.2078,50.8,0.1122,0.5856,0.007637,8.47,5.45,3.02,SAFE,slow_day
6528.0,FOOD_COURT_A,30.3,0.202,1.3473,0.0979,49.1,0.0839,0.386,0.004584,5.16,4.2,0.97,SAFE,slow_day
6529.0,FOOD_COURT_A,17.21,0.1147,1.2082,0.0921,53.45,0.0838,0.2919,0.001985,7.7,4.07,3.63,SAFE,slow_day
6530.0,FOOD_COURT_A,12.93,0.0862,1.1118,0.0795,49.0,0.1252,0.3526,0.003738,4.82,2.69,2.13,SAFE,slow_day
6531.0,FOOD_COURT_A,23.36,0.1558,1.1835,0.1084,30.22,0.0884,0.4225,0.003158,9.01,4.07,4.94,SAFE,slow_day
6532.0,FOOD_COURT_A,48.79,0.3253,0.7563,0.3537,62.37,0.3049,0.6354,0.005884,13.11,6.79,6.33,WARNING,slow_day
6533.0,FOOD_COURT_A,46.85,0.3124,0.7684,0.4371,77.79,0.4074,0.747,0.005078,19.52,12.01,7.51,WARNING,slow_day
6534.0,FOOD_COURT_A,54.42,0.3628,0.4948,0.4104,103.31,0.3872,0.7026,0.012186,16.96,8.91,8.05,WARNING,slow_day
6535.0,FOOD_COURT_A,50.82,0.3388,0.603,0.3786,78.95,0.288,0.6947,0.010448,11.0,7.25,3.75,WARNING,slow_day
6536.0,FOOD_COURT_A,33.69,0.2246,0.9841,0.2354,66.43,0.1458,0.4297,0.005954,3.7,1.93,1.77,SAFE,slow_day
6537.0,FOOD_COURT_A,26.5,0.1766,1.3776,0.1507,63.52,0.1081,0.4172,0.003907,5.61,4.06,1.55,SAFE,slow_day
6538.0,FOOD_COURT_A,16.96,0.1131,1.2693,0.0452,51.67,0.0915,0.3366,0.002794,4.39,1.25,3.14,SAFE,slow_day
6539.0,FOOD_COURT_A,16.02,0.1068,1.2377,0.054,45.39,0.0543,0.3293,0.001554,9.2,5.46,3.74,SAFE,slow_day
6540.0,FOOD_COURT_A,23.79,0.1586,1.302,0.0298,54.77,0.0927,0.3271,0.004341,10.19,4.45,5.74,SAFE,slow_day
6541.0,FOOD_COURT_A,25.1,0.1674,1.2754,0.1012,43.65,0.049,0.3299,0.005219,9.26,4.29,4.97,SAFE,slow_day
6542.0,FOOD_COURT_A,13.93,0.0929,1.2612,0.0992,39.47,0.0565,0.4835,0.005677,4.28,2.79,1.5,SAFE,slow_day
6543.0,FOOD_COURT_A,19.55,0.1303,1.0761,0.0923,49.88,0.0774,0.4849,0.003976,3.69,1.38,2.32,SAFE,slow_day
6544.0,FOOD_COURT_A,52.55,0.3503,0.711,0.3718,110.95,0.2334,0.5947,0.008137,18.54,8.69,9.85,WARNING,slow_day
6545.0,FOOD_COURT_A,57.71,0.3847,0.8647,0.501,78.28,0.241,0.6686,0.010049,17.9,9.09,8.81,WARNING,slow_day
6546.0,FOOD_COURT_A,55.56,0.3704,0.9183,0.4177,76.42,0.2602,0.5879,0.014582,18.48,11.72,6.76,WARNING,slow_day
6547.0,FOOD_COURT_A,39.4,0.2626,1.2843,0.1491,43.05,0.1338,0.4669,0.006573,6.12,4.16,1.96,SAFE,slow_day
6548.0,FOOD_COURT_A,27.47,0.1831,1.2971,0.0799,49.83,0.1288,0.4824,0.003352,6.76,1.74,5.02,SAFE,slow_day
6549.0,FOOD_COURT_A,18.93,0.1262,1.341,0.0832,38.55,0.0819,0.3272,0.001846,4.71,3.05,1.66,SAFE,slow_day
6550.0,FOOD_COURT_A,28.92,0.1928,1.3698,0.0496,38.54,0.0754,0.3808,0.004428,6.77,4.77,2.0,SAFE,slow_day
6551.0,FOOD_COURT_A,44.61,0.2974,0.7884,0.4865,81.88,0.1783,0.5573,0.009618,16.73,10.33,6.4,WARNING,slow_day
6552.0,FOOD_COURT_A,30.92,0.2062,1.441,0.3059,61.99,0.0941,0.5327,0.005773,5.07,2.08,3.0,SAFE,slow_day
6553.0,FOOD_COURT_A,51.03,0.3402,0.8133,0.4129,75.96,0.2799,0.6307,0.018296,8.59,8.44,0.15,WARNING,slow_day
6554.0,FOOD_COURT_A,46.88,0.3125,0.752,0.3117,110.65,0.3795,0.6187,0.024184,11.24,7.82,3.42,WARNING,slow_day
6555.0,FOOD_COURT_A,57.99,0.3866,0.5818,0.3382,83.84,0.3866,0.5235,0.012096,18.55,12.01,6.54,WARNING,slow_day
6556.0,FOOD_COURT_A,70.35,0.469,0.3339,0.4913,113.42,0.4324,0.7481,0.013094,22.14,13.46,8.68,HIGH,slow_day
6557.0,FOOD_COURT_A,71.97,0.4798,0.253,0.6995,189.9,0.4502,0.8976,0.02644,22.13,11.38,10.75,HIGH,slow_day
6558.0,FOOD_COURT_A,65.97,0.4398,0.8848,0.5332,140.89,0.3655,0.824,0.019343,19.88,7.67,12.21,WARNING,slow_day
6559.0,FOOD_COURT_A,54.67,0.3645,0.7407,0.5154,101.66,0.2912,0.807,0.012389,13.33,5.92,7.41,WARNING,slow_day
6560.0,FOOD_COURT_A,66.26,0.4417,0.6414,0.3182,114.78,0.3555,0.7503,0.01386,16.88,11.4,5.48,WARNING,slow_day
6561.0,FOOD_COURT_A,59.68,0.3979,0.5228,0.3574,86.48,0.3477,0.6539,0.010853,10.81,4.23,6.58,WARNING,slow_day
6562.0,FOOD_COURT_A,38.74,0.2583,0.6138,0.3697,104.63,0.336,0.6722,0.014306,16.84,7.98,8.85,WARNING,slow_day
6563.0,FOOD_COURT_A,20.43,0.1362,1.2721,0.1954,52.31,0.1089,0.6371,0.006196,11.24,5.98,5.26,SAFE,slow_day
6564.0,FOOD_COURT_A,11.32,0.0755,1.3121,0.1258,39.92,0.0705,0.5875,0.003734,6.67,2.84,3.83,SAFE,slow_day
6565.0,FOOD_COURT_A,21.29,0.1419,1.0412,0.0594,52.08,0.0742,0.4692,0.001174,7.31,4.89,2.43,SAFE,slow_day
6566.0,FOOD_COURT_A,31.98,0.2132,1.2699,0.0551,45.97,0.061,0.2863,0.004343,6.76,2.43,4.33,SAFE,slow_day
6567.0,FOOD_COURT_A,32.13,0.2142,1.1015,0.0877,42.92,0.0635,0.4916,0.004921,5.0,3.62,1.38,SAFE,slow_day
6568.0,FOOD_COURT_A,31.42,0.2094,1.3379,0.1224,59.83,0.0713,0.3156,0.004645,6.85,2.46,4.38,SAFE,slow_day
6569.0,FOOD_COURT_A,18.99,0.1266,1.2028,0.0714,55.49,0.0543,0.4753,0.003388,2.95,0.87,2.08,SAFE,slow_day
6570.0,FOOD_COURT_A,25.9,0.1727,0.9879,0.0214,59.45,0.056,0.4338,0.003227,8.67,3.76,4.91,SAFE,slow_day
6571.0,FOOD_COURT_A,12.59,0.084,0.9563,0.0731,41.06,0.0749,0.2794,0.003671,4.31,2.25,2.06,SAFE,slow_day
6572.0,FOOD_COURT_A,11.98,0.0799,1.2445,0.097,35.16,0.1053,0.2958,0.005176,9.85,5.23,4.62,SAFE,slow_day
6573.0,FOOD_COURT_A,6.59,0.0439,1.3071,0.1103,25.75,0.0483,0.3236,0.004983,6.08,3.28,2.8,SAFE,slow_day
6574.0,FOOD_COURT_A,14.7,0.098,1.107,0.0906,45.66,0.0945,0.3834,0.003093,7.65,2.7,4.95,SAFE,slow_day
6575.0,FOOD_COURT_A,22.43,0.1495,1.1271,0.138,43.27,0.0491,0.3886,0.003102,9.1,4.73,4.37,SAFE,slow_day
6576.0,FOOD_COURT_A,32.46,0.2164,0.6974,0.2821,79.38,0.1923,0.6251,0.005257,18.18,9.76,8.42,WARNING,slow_day
6577.0,FOOD_COURT_A,42.97,0.2865,0.9152,0.2755,93.29,0.2125,0.6984,0.012114,14.92,9.75,5.17,WARNING,slow_day
6578.0,FOOD_COURT_A,32.59,0.2172,1.198,0.1672,58.15,0.1457,0.4895,0.006551,4.75,2.47,2.28,SAFE,slow_day
6579.0,FOOD_COURT_A,19.45,0.1297,1.1253,0.1879,66.27,0.122,0.4297,0.003833,6.1,4.39,1.7,SAFE,slow_day
6580.0,FOOD_COURT_A,18.6,0.124,0.8381,0.1597,37.0,0.1146,0.4113,0.001952,9.77,6.22,3.55,SAFE,slow_day
6581.0,FOOD_COURT_A,11.58,0.0772,1.1721,0.1742,56.25,0.1188,0.378,0.002997,6.75,4.61,2.14,SAFE,slow_day
6582.0,FOOD_COURT_A,15.33,0.1022,1.2117,0.1423,51.97,0.0969,0.4941,0.003168,10.78,5.91,4.86,SAFE,slow_day
6583.0,FOOD_COURT_A,23.62,0.1575,1.2363,0.1073,49.47,0.0779,0.4429,0.001626,5.24,2.1,3.14,SAFE,slow_day
6584.0,FOOD_COURT_A,26.59,0.1772,1.2189,0.0658,46.91,0.0963,0.4185,0.003713,11.22,5.08,6.14,SAFE,slow_day
6585.0,FOOD_COURT_A,11.79,0.0786,0.94,0.0491,61.38,0.0941,0.2626,0.002299,7.18,4.69,2.49,SAFE,slow_day
6586.0,FOOD_COURT_A,15.71,0.1047,1.4325,0.0532,60.63,0.0282,0.3433,0.001367,8.14,5.05,3.09,SAFE,slow_day
6587.0,FOOD_COURT_A,17.31,0.1154,1.4521,0.0442,54.06,0.0529,0.324,0.002539,3.75,0.92,2.83,SAFE,slow_day
6588.0,FOOD_COURT_A,10.97,0.0731,1.6754,0.1296,60.34,0.0672,0.4489,0.003643,6.53,2.22,4.31,SAFE,slow_day
6589.0,FOOD_COURT_A,16.83,0.1122,1.2737,0.149,54.77,0.0663,0.5579,0.00293,7.91,4.59,3.32,SAFE,slow_day
6590.0,FOOD_COURT_A,28.66,0.1911,1.3528,0.1653,46.03,0.06,0.2979,0.001499,7.96,3.49,4.47,SAFE,slow_day
6591.0,FOOD_COURT_A,30.69,0.2046,1.2931,0.1705,50.86,0.0933,0.2667,0.001969,9.17,2.9,6.27,SAFE,slow_day
6592.0,FOOD_COURT_A,20.16,0.1344,1.0817,0.1562,30.75,0.048,0.3355,0.003284,9.95,3.95,6.0,SAFE,slow_day
6593.0,FOOD_COURT_A,23.2,0.1546,1.0958,0.08,41.77,0.0756,0.4258,0.002313,3.93,2.79,1.14,SAFE,slow_day
6594.0,FOOD_COURT_A,22.22,0.1481,1.0894,0.0466,32.09,0.0908,0.5574,0.002923,11.04,5.89,5.14,SAFE,slow_day
6595.0,FOOD_COURT_A,19.61,0.1307,1.1985,0.0863,29.41,0.0953,0.4474,0.000947,9.48,5.91,3.56,SAFE,slow_day
6596.0,FOOD_COURT_A,45.9,0.306,0.5282,0.3252,72.54,0.2513,0.5703,0.013052,9.35,3.47,5.88,WARNING,slow_day
6597.0,FOOD_COURT_A,54.42,0.3628,0.5718,0.3421,64.78,0.4277,0.604,0.01561,7.18,2.94,4.24,WARNING,slow_day
6598.0,FOOD_COURT_A,58.37,0.3892,0.423,0.466,95.94,0.2796,0.7104,0.014291,20.13,8.32,11.81,WARNING,slow_day
6599.0,FOOD_COURT_A,55.09,0.3673,0.7477,0.4702,99.92,0.3351,0.6533,0.010487,1.3,0.0,1.3,WARNING,slow_day
6600.0,FOOD_COURT_A,37.31,0.2487,1.2103,0.1925,71.39,0.158,0.5934,0.003625,6.02,3.89,2.13,SAFE,slow_day
6601.0,FOOD_COURT_A,32.88,0.2192,1.4419,0.1212,70.06,0.1065,0.4172,0.001087,4.51,2.18,2.33,SAFE,slow_day
6602.0,FOOD_COURT_A,10.46,0.0697,1.3929,0.1605,84.66,0.1081,0.413,0.002705,6.59,3.49,3.1,SAFE,slow_day
6603.0,FOOD_COURT_A,9.84,0.0656,1.4058,0.0848,65.03,0.0667,0.5958,0.005424,9.4,5.93,3.47,SAFE,slow_day
6604.0,FOOD_COURT_A,20.88,0.1392,1.2191,0.1003,41.94,0.0352,0.3578,0.002797,6.83,1.89,4.94,SAFE,slow_day
6605.0,FOOD_COURT_A,21.27,0.1418,1.3025,0.0606,56.47,0.0748,0.255,0.002659,10.24,4.24,6.0,SAFE,slow_day
6606.0,FOOD_COURT_A,26.37,0.1758,1.4466,0.0987,39.71,0.0807,0.4612,0.003767,9.16,4.73,4.43,SAFE,slow_day
6607.0,FOOD_COURT_A,12.31,0.082,1.154,0.1417,48.76,0.1025,0.4688,0.004409,7.64,1.76,5.88,SAFE,slow_day
6608.0,FOOD_COURT_A,19.44,0.1296,1.1745,0.1209,57.38,0.1167,0.6447,0.00557,11.41,8.19,3.22,SAFE,slow_day
6609.0,FOOD_COURT_A,23.33,0.1555,1.0562,0.0445,34.49,0.1036,0.4572,0.002267,4.76,3.46,1.3,SAFE,slow_day
6610.0,FOOD_COURT_A,22.57,0.1505,1.0798,0.0413,42.94,0.0797,0.5143,0.00068,8.05,2.91,5.14,SAFE,slow_day
6611.0,FOOD_COURT_A,43.01,0.2867,1.2486,0.1202,54.8,0.0861,0.3741,0.000204,5.84,5.56,0.28,SAFE,slow_day
6612.0,FOOD_COURT_A,29.74,0.1982,1.326,0.1369,51.67,0.0849,0.319,0.003852,5.39,1.46,3.93,SAFE,slow_day
6613.0,FOOD_COURT_A,27.69,0.1846,1.0467,0.0411,38.51,0.0891,0.4062,0.004062,3.94,2.41,1.53,SAFE,slow_day
6614.0,FOOD_COURT_A,17.38,0.1159,1.1009,0.0658,36.35,0.0642,0.3454,0.003023,8.69,5.21,3.48,SAFE,slow_day
6615.0,FOOD_COURT_A,24.77,0.1651,0.8447,0.1106,37.56,0.0828,0.2599,0.003223,9.91,6.65,3.26,SAFE,slow_day
6616.0,FOOD_COURT_A,18.75,0.125,1.0952,0.1161,35.46,0.1214,0.2951,0.002856,5.91,4.64,1.26,SAFE,slow_day
6617.0,FOOD_COURT_A,21.63,0.1442,1.1029,0.12,51.12,0.0819,0.5785,0.005332,4.66,2.36,2.29,SAFE,slow_day
6618.0,FOOD_COURT_A,23.02,0.1535,1.283,0.1347,45.02,0.0554,0.4456,0.004335,8.06,5.12,2.94,SAFE,slow_day
6619.0,FOOD_COURT_A,20.1,0.134,1.3656,0.1204,64.79,0.0642,0.329,0.003925,6.76,2.87,3.89,SAFE,slow_day
6620.0,FOOD_COURT_A,17.46,0.1164,1.1509,0.0432,29.08,0.0628,0.3521,0.003553,7.95,4.17,3.78,SAFE,slow_day
6621.0,FOOD_COURT_A,18.73,0.1248,1.4023,0.0542,43.17,0.0303,0.3443,0.003129,6.36,3.14,3.22,SAFE,slow_day
6622.0,FOOD_COURT_A,36.27,0.2418,1.0762,0.2617,78.54,0.212,0.5014,0.011594,13.43,7.68,5.74,WARNING,slow_day
6623.0,FOOD_COURT_A,45.73,0.3049,0.7689,0.4324,89.63,0.2086,0.6951,0.010125,22.75,9.33,13.42,WARNING,slow_day
6624.0,FOOD_COURT_A,62.85,0.419,0.5501,0.394,89.58,0.2188,0.7889,0.007959,7.3,7.3,0.0,WARNING,slow_day
6625.0,FOOD_COURT_A,48.99,0.3266,0.8368,0.1623,57.11,0.1098,0.6192,0.003616,9.21,4.35,4.86,SAFE,slow_day
6626.0,FOOD_COURT_A,50.38,0.3358,0.6473,0.2966,103.83,0.1851,0.7515,0.009718,16.69,8.61,8.08,WARNING,slow_day
6627.0,FOOD_COURT_A,42.53,0.2835,0.552,0.4233,85.82,0.3213,0.7056,0.011447,12.75,9.55,3.2,WARNING,slow_day
6628.0,FOOD_COURT_A,43.11,0.2874,0.2978,0.4138,107.65,0.2581,0.6985,0.009028,10.11,5.78,4.32,WARNING,slow_day
6629.0,FOOD_COURT_A,46.55,0.3103,0.6667,0.4612,99.25,0.2524,0.6496,0.006655,15.79,7.5,8.29,WARNING,slow_day
6630.0,FOOD_COURT_A,57.5,0.3833,0.5258,0.4545,66.05,0.2125,0.5891,0.013337,13.59,6.94,6.65,WARNING,slow_day
6631.0,FOOD_COURT_A,70.28,0.4685,0.3658,0.6298,99.56,0.4032,0.6954,0.022148,20.76,9.76,11.0,HIGH,slow_day
6632.0,FOOD_COURT_A,69.04,0.4603,0.1391,0.7654,128.61,0.5117,0.7875,0.026511,25.34,11.9,13.44,HIGH,slow_day
6633.0,FOOD_COURT_A,63.72,0.4248,0.5803,0.4956,90.22,0.3235,0.8213,0.011083,15.68,8.29,7.39,WARNING,slow_day
6634.0,FOOD_COURT_A,57.46,0.3831,0.6897,0.4453,93.28,0.324,0.7378,0.011196,21.99,9.81,12.18,WARNING,slow_day
6635.0,FOOD_COURT_A,66.87,0.4458,0.4092,0.481,98.56,0.3057,0.6088,0.013743,9.41,3.54,5.87,WARNING,slow_day
6636.0,FOOD_COURT_A,28.63,0.1908,0.7207,0.2329,45.92,0.1292,0.4685,0.005059,7.25,3.36,3.89,SAFE,slow_day
6637.0,FOOD_COURT_A,15.88,0.1059,1.0628,0.1771,23.82,0.0691,0.4334,0.003636,5.95,2.12,3.83,SAFE,slow_day
6638.0,FOOD_COURT_A,12.93,0.0862,1.0354,0.1172,71.3,0.0901,0.392,0.002963,3.95,0.61,3.34,SAFE,slow_day
6639.0,FOOD_COURT_A,22.63,0.1509,1.0006,0.1624,56.14,0.1366,0.4177,0.00144,5.15,3.54,1.61,SAFE,slow_day
6640.0,FOOD_COURT_A,23.89,0.1593,1.2073,0.0907,66.98,0.1597,0.5031,0.00345,4.68,2.06,2.62,SAFE,slow_day
6641.0,FOOD_COURT_A,22.71,0.1514,1.2399,0.1329,51.3,0.1242,0.5327,0.002497,6.78,2.6,4.18,SAFE,slow_day
6642.0,FOOD_COURT_A,26.15,0.1744,1.1526,0.041,45.54,0.094,0.4103,0.002749,8.62,2.82,5.8,SAFE,slow_day
6643.0,FOOD_COURT_A,20.34,0.1356,1.2516,0.0123,34.47,0.0282,0.5646,0.001946,4.59,1.95,2.64,SAFE,slow_day
6644.0,FOOD_COURT_A,10.46,0.0697,1.1631,0.1254,40.55,0.0318,0.5318,0.002578,4.45,3.54,0.91,SAFE,slow_day
6645.0,FOOD_COURT_A,11.93,0.0795,1.2325,0.1506,58.78,0.0724,0.4532,0.004663,2.9,0.05,2.85,SAFE,slow_day
6646.0,FOOD_COURT_A,14.76,0.0984,1.1763,0.0466,62.27,0.1075,0.4598,0.004713,10.32,4.79,5.53,SAFE,slow_day
6647.0,FOOD_COURT_A,15.08,0.1006,1.1335,0.191,37.5,0.0868,0.3891,0.004263,5.23,1.53,3.69,SAFE,slow_day
6648.0,FOOD_COURT_A,18.83,0.1255,1.0528,0.1832,61.78,0.075,0.3259,0.001827,2.06,0.87,1.19,SAFE,slow_day
6649.0,FOOD_COURT_A,26.42,0.1761,0.9667,0.1306,60.98,0.0719,0.3493,0.000975,9.38,3.5,5.88,SAFE,slow_day
6650.0,FOOD_COURT_A,33.58,0.2239,0.8819,0.1384,38.8,0.0884,0.3672,0.00209,6.38,0.76,5.62,SAFE,slow_day
6651.0,FOOD_COURT_A,25.58,0.1706,1.1725,0.1025,17.08,0.0553,0.2547,0.000627,8.11,4.78,3.33,SAFE,slow_day
6652.0,FOOD_COURT_A,9.39,0.0626,1.1259,0.1226,40.46,0.0951,0.3089,0.000632,5.25,4.6,0.65,SAFE,slow_day
6653.0,FOOD_COURT_A,12.15,0.081,1.0137,0.0838,40.65,0.124,0.3063,0.002633,6.81,3.73,3.08,SAFE,slow_day
6654.0,FOOD_COURT_A,43.53,0.2902,0.7015,0.3841,124.91,0.0986,0.5379,0.004988,19.15,14.63,4.52,WARNING,slow_day
6655.0,FOOD_COURT_A,98.16,0.6544,0.3761,0.6615,140.42,0.3654,0.6466,0.024511,18.77,8.29,10.48,HIGH,slow_day
6656.0,FOOD_COURT_A,99.07,0.6604,0.2441,0.8985,156.01,0.5258,0.7724,0.024868,19.78,8.28,11.51,HIGH,slow_day
6657.0,FOOD_COURT_A,88.9,0.5927,0.3413,0.7951,202.31,0.5872,0.8128,0.016467,15.82,9.93,5.89,HIGH,slow_day
6658.0,FOOD_COURT_A,50.39,0.3359,0.7963,0.2736,73.48,0.204,0.4012,0.007984,8.54,2.81,5.73,SAFE,slow_day
6659.0,FOOD_COURT_A,34.25,0.2283,0.9352,0.1159,60.42,0.089,0.3123,0.00419,6.59,4.92,1.67,SAFE,slow_day
6660.0,FOOD_COURT_A,37.99,0.2532,1.0274,0.1314,66.88,0.1437,0.3429,0.004315,2.97,0.2,2.77,SAFE,slow_day
6661.0,FOOD_COURT_A,17.74,0.1183,0.9655,0.1151,62.71,0.0877,0.4108,0.003927,3.32,2.51,0.81,SAFE,slow_day
6662.0,FOOD_COURT_A,41.71,0.2781,0.6336,0.3227,125.85,0.3155,0.5281,0.00833,16.26,9.61,6.65,WARNING,slow_day
6663.0,FOOD_COURT_A,33.43,0.2229,1.023,0.2112,74.38,0.1728,0.3879,0.00473,10.29,4.13,6.15,SAFE,slow_day
6664.0,FOOD_COURT_A,28.64,0.1909,1.3951,0.1327,45.25,0.0987,0.319,0.002753,2.9,1.88,1.02,SAFE,slow_day
6665.0,FOOD_COURT_A,17.88,0.1192,1.1652,0.0751,62.65,0.089,0.3345,0.001832,3.64,3.64,0.0,SAFE,slow_day
6666.0,FOOD_COURT_A,46.63,0.3109,0.8541,0.1043,97.7,0.391,0.4906,0.010805,6.06,2.32,3.74,WARNING,slow_day
6667.0,FOOD_COURT_A,59.0,0.3934,0.8151,0.2985,93.11,0.3238,0.7265,0.017107,11.71,3.73,7.98,WARNING,slow_day
6668.0,FOOD_COURT_A,43.23,0.2882,1.0039,0.2126,68.23,0.149,0.4828,0.005225,7.3,3.47,3.83,SAFE,slow_day
6669.0,FOOD_COURT_A,24.4,0.1627,0.903,0.1668,40.22,0.0714,0.372,0.004503,4.37,1.35,3.02,SAFE,slow_day
6670.0,FOOD_COURT_A,33.62,0.2241,1.0692,0.0564,45.62,0.1197,0.4777,0.005404,7.59,5.44,2.16,SAFE,slow_day
6671.0,FOOD_COURT_A,21.32,0.1421,0.8747,0.0512,65.38,0.1208,0.3793,0.004036,8.88,4.65,4.23,SAFE,slow_day
6672.0,FOOD_COURT_A,15.96,0.1064,1.2905,0.0453,70.61,0.1188,0.405,0.004162,5.74,1.44,4.3,SAFE,slow_day
6673.0,FOOD_COURT_A,13.55,0.0903,1.0921,0.0774,49.79,0.1032,0.4036,0.003046,4.56,1.64,2.92,SAFE,slow_day
6674.0,FOOD_COURT_A,27.81,0.1854,0.973,0.097,54.05,0.1017,0.4037,0.003446,7.07,5.06,2.02,SAFE,slow_day
6675.0,FOOD_COURT_A,29.08,0.1939,0.9995,0.0784,64.52,0.0564,0.4271,0.004876,7.76,5.06,2.7,SAFE,slow_day
6676.0,FOOD_COURT_A,30.67,0.2045,1.2133,0.2287,48.08,0.0934,0.4459,0.00423,7.39,5.93,1.46,SAFE,slow_day
6677.0,FOOD_COURT_A,23.87,0.1592,1.119,0.1516,44.77,0.1142,0.3536,0.004054,5.18,2.34,2.84,SAFE,slow_day
6678.0,FOOD_COURT_A,32.72,0.2182,1.0645,0.0482,50.2,0.0743,0.3736,0.005164,6.31,2.63,3.67,SAFE,slow_day
6679.0,FOOD_COURT_A,29.95,0.1997,1.0166,0.0826,52.67,0.0454,0.3992,0.002877,5.25,2.33,2.92,SAFE,slow_day
6680.0,FOOD_COURT_A,34.1,0.2273,1.109,0.0248,38.41,0.1299,0.3191,0.003939,5.17,2.16,3.01,SAFE,slow_day
6681.0,FOOD_COURT_A,24.0,0.16,0.9899,0.0582,61.88,0.117,0.407,0.004517,6.14,1.8,4.33,SAFE,slow_day
6682.0,FOOD_COURT_A,30.38,0.2025,1.3318,0.1483,54.16,0.1016,0.5352,0.003404,7.05,3.23,3.82,SAFE,slow_day
6683.0,FOOD_COURT_A,13.61,0.0908,1.1243,0.1479,32.35,0.0585,0.3672,0.002152,7.14,2.51,4.63,SAFE,slow_day
6684.0,FOOD_COURT_A,20.79,0.1386,0.9764,0.1125,43.18,0.0933,0.2452,0.001384,6.74,3.95,2.79,SAFE,slow_day
6685.0,FOOD_COURT_A,25.69,0.1713,0.9351,0.1563,47.92,0.1152,0.5125,0.00445,4.77,2.21,2.57,SAFE,slow_day
6686.0,FOOD_COURT_A,22.75,0.1517,1.1585,0.1655,51.21,0.0814,0.4229,0.00327,7.93,3.55,4.39,SAFE,slow_day
6687.0,FOOD_COURT_A,25.39,0.1693,1.1379,0.1695,51.06,0.1071,0.4179,0.005164,7.33,3.39,3.94,SAFE,slow_day
6688.0,FOOD_COURT_A,24.67,0.1645,1.2447,0.0508,43.48,0.0763,0.565,0.005744,8.14,4.19,3.94,SAFE,slow_day
6689.0,FOOD_COURT_A,20.19,0.1346,1.3948,0.0467,20.8,0.0718,0.5452,0.004267,5.33,2.42,2.91,SAFE,slow_day
6690.0,FOOD_COURT_A,18.55,0.1237,1.2917,0.0647,26.66,0.0632,0.5106,0.004221,6.26,3.16,3.1,SAFE,slow_day
6691.0,FOOD_COURT_A,20.3,0.1353,1.4048,0.1147,46.92,0.0556,0.4465,0.004833,8.39,4.74,3.66,SAFE,slow_day
6692.0,FOOD_COURT_A,25.54,0.1703,1.32,0.054,47.89,0.0666,0.1877,0.00465,3.45,3.42,0.03,SAFE,slow_day
6693.0,FOOD_COURT_A,22.85,0.1523,1.0752,0.1418,62.35,0.0414,0.3703,0.003001,8.8,4.05,4.75,SAFE,slow_day
6694.0,FOOD_COURT_A,42.93,0.2862,0.7844,0.3115,116.01,0.1593,0.5497,0.011183,11.98,7.87,4.11,WARNING,slow_day
6695.0,FOOD_COURT_A,69.28,0.4619,0.4347,0.6318,77.93,0.4911,0.7451,0.024356,26.12,12.28,13.84,HIGH,slow_day
6696.0,FOOD_COURT_A,83.61,0.5574,0.3069,0.7268,190.87,0.4792,0.8407,0.030902,23.3,11.65,11.65,HIGH,slow_day
6697.0,FOOD_COURT_A,86.96,0.5797,0.3418,0.7255,114.91,0.4983,0.866,0.018401,17.55,8.73,8.82,HIGH,slow_day
6698.0,FOOD_COURT_A,65.41,0.436,0.5913,0.4863,88.86,0.3947,0.6908,0.013909,19.9,12.02,7.87,WARNING,slow_day
6699.0,FOOD_COURT_A,45.33,0.3022,0.7402,0.5362,104.67,0.3626,0.7299,0.009259,15.4,7.92,7.49,WARNING,slow_day
6700.0,FOOD_COURT_A,60.13,0.4008,0.546,0.353,104.51,0.2386,0.746,0.012949,13.83,9.18,4.65,WARNING,slow_day
6701.0,FOOD_COURT_A,82.97,0.5531,0.3702,0.6281,129.73,0.5271,0.8908,0.024187,12.04,5.06,6.98,HIGH,slow_day
6702.0,FOOD_COURT_A,65.9,0.4393,0.5961,0.5218,121.09,0.4206,0.7294,0.011568,5.93,2.41,3.52,WARNING,slow_day
6703.0,FOOD_COURT_A,66.2,0.4413,0.7391,0.4809,121.81,0.3379,0.6054,0.015427,13.0,7.38,5.62,WARNING,slow_day
6704.0,FOOD_COURT_A,40.62,0.2708,0.4981,0.4519,84.68,0.1446,0.6443,0.020066,16.93,8.67,8.26,WARNING,slow_day
6705.0,FOOD_COURT_A,31.96,0.213,0.639,0.3349,97.16,0.3084,0.7077,0.014107,14.7,4.36,10.34,WARNING,slow_day
6706.0,FOOD_COURT_A,57.77,0.3852,0.7205,0.4736,119.01,0.4565,0.7209,0.013403,12.95,7.72,5.23,WARNING,slow_day
6707.0,FOOD_COURT_A,61.93,0.4129,0.6802,0.3257,75.65,0.423,0.737,0.015066,12.04,9.29,2.74,WARNING,slow_day
6708.0,FOOD_COURT_A,81.14,0.5409,0.5529,0.4115,78.61,0.4011,0.6476,0.010876,16.69,7.76,8.93,WARNING,slow_day
6709.0,FOOD_COURT_A,52.02,0.3468,0.6072,0.361,79.98,0.3352,0.6294,0.012611,20.23,9.76,10.48,WARNING,slow_day
6710.0,FOOD_COURT_A,91.68,0.6112,0.3305,0.6309,134.15,0.5793,0.8433,0.019779,17.08,12.04,5.04,HIGH,slow_day
6711.0,FOOD_COURT_A,80.99,0.54,0.333,0.7787,132.09,0.51,0.7875,0.02376,15.99,7.48,8.51,HIGH,slow_day
6712.0,FOOD_COURT_A,59.26,0.395,0.6363,0.5934,104.31,0.471,0.7549,0.014246,12.58,9.24,3.34,WARNING,slow_day
6713.0,FOOD_COURT_A,53.31,0.3554,0.665,0.4387,101.96,0.4367,0.8043,0.019266,15.18,8.6,6.57,WARNING,slow_day
6714.0,FOOD_COURT_A,29.28,0.1952,1.1559,0.1359,67.07,0.1874,0.5187,0.009821,5.0,0.72,4.28,SAFE,slow_day
6715.0,FOOD_COURT_A,23.65,0.1577,1.6005,0.12,49.48,0.1183,0.4647,0.003333,9.95,5.05,4.9,SAFE,slow_day
6716.0,FOOD_COURT_A,27.01,0.1801,1.0447,0.0814,56.87,0.0894,0.4547,0.002315,4.8,2.97,1.83,SAFE,slow_day
6717.0,FOOD_COURT_A,24.71,0.1648,1.1747,0.1688,56.13,0.0492,0.4185,0.003486,11.43,5.15,6.27,SAFE,slow_day
6718.0,FOOD_COURT_A,18.63,0.1242,1.0322,0.1575,31.68,0.073,0.3909,0.005412,6.85,1.73,5.13,SAFE,slow_day
6719.0,FOOD_COURT_A,31.26,0.2084,1.206,0.0594,60.94,0.0399,0.4208,0.00495,6.94,3.54,3.4,SAFE,slow_day
6720.0,FOOD_COURT_A,17.45,0.1163,1.1181,0.0631,30.55,0.042,0.352,0.004635,2.44,1.3,1.14,SAFE,slow_day
6721.0,FOOD_COURT_A,17.54,0.1169,0.8536,0.1165,18.46,0.0126,0.4576,0.003177,3.59,2.81,0.78,SAFE,slow_day
6722.0,FOOD_COURT_A,18.79,0.1252,1.2589,0.0349,39.47,0.0707,0.4093,0.003462,6.74,4.22,2.52,SAFE,slow_day
6723.0,FOOD_COURT_A,29.76,0.1984,1.3052,0.1047,40.05,0.102,0.5019,0.001885,9.42,2.18,7.24,SAFE,slow_day
6724.0,FOOD_COURT_A,15.15,0.101,1.2945,0.0314,48.23,0.0555,0.5415,0.002878,7.46,4.06,3.41,SAFE,slow_day
6725.0,FOOD_COURT_A,26.99,0.1799,1.1493,0.1706,50.65,0.0384,0.3895,0.004185,5.97,3.12,2.85,SAFE,slow_day
6726.0,FOOD_COURT_A,29.08,0.1938,0.8954,0.0512,39.16,0.0496,0.3526,0.005149,10.02,5.86,4.16,SAFE,slow_day
6727.0,FOOD_COURT_A,41.64,0.2776,0.5275,0.297,66.33,0.2354,0.5655,0.009696,13.09,8.75,4.34,WARNING,slow_day
6728.0,FOOD_COURT_A,25.31,0.1688,1.2004,0.2086,59.94,0.1492,0.2947,0.005457,3.36,1.81,1.54,SAFE,slow_day
6729.0,FOOD_COURT_A,20.38,0.1359,1.425,0.0972,56.08,0.0729,0.2884,0.004533,8.81,4.73,4.08,SAFE,slow_day
6730.0,FOOD_COURT_A,14.94,0.0996,1.2804,0.1176,50.66,0.0509,0.2997,0.005604,9.16,4.55,4.61,SAFE,slow_day
6731.0,FOOD_COURT_A,41.59,0.2773,0.7015,0.3306,115.69,0.3763,0.6495,0.011734,19.4,7.83,11.57,WARNING,slow_day
6732.0,FOOD_COURT_A,37.41,0.2494,0.6827,0.2531,79.0,0.3253,0.6136,0.00536,10.6,8.28,2.32,WARNING,slow_day
6733.0,FOOD_COURT_A,49.03,0.3269,0.6099,0.4308,100.56,0.3255,0.5564,0.011203,16.06,12.35,3.71,WARNING,slow_day
6734.0,FOOD_COURT_A,29.72,0.1981,0.8787,0.2479,59.09,0.1526,0.4438,0.005012,4.59,1.91,2.69,SAFE,slow_day
6735.0,FOOD_COURT_A,12.32,0.0821,1.1309,0.1203,35.77,0.1219,0.4363,0.001504,3.64,1.58,2.06,SAFE,slow_day
6736.0,FOOD_COURT_A,23.18,0.1545,1.2877,0.2047,65.63,0.1072,0.4724,0.003456,10.28,7.05,3.22,SAFE,slow_day
6737.0,FOOD_COURT_A,21.77,0.1451,1.1254,0.1494,56.93,0.059,0.3941,0.00135,6.16,4.35,1.81,SAFE,slow_day
6738.0,FOOD_COURT_A,15.41,0.1028,1.215,0.1183,63.94,0.0606,0.4865,0.004077,6.91,3.56,3.35,SAFE,slow_day
6739.0,FOOD_COURT_A,44.6,0.2974,0.799,0.3266,66.56,0.1848,0.6326,0.013458,14.26,7.61,6.65,WARNING,slow_day
6740.0,FOOD_COURT_A,30.05,0.2003,1.3464,0.1455,53.57,0.1427,0.5467,0.004614,4.73,2.79,1.94,SAFE,slow_day
6741.0,FOOD_COURT_A,27.61,0.184,1.4044,0.1258,55.68,0.1595,0.4912,0.006616,8.45,4.88,3.57,SAFE,slow_day
6742.0,FOOD_COURT_A,44.14,0.2943,0.9913,0.2235,91.43,0.3198,0.48,0.006696,17.09,4.79,12.3,WARNING,slow_day
6743.0,FOOD_COURT_A,54.89,0.3659,1.0533,0.2606,87.42,0.2625,0.5504,0.014584,14.4,7.12,7.28,WARNING,slow_day
6744.0,FOOD_COURT_A,53.18,0.3545,0.8738,0.3727,107.95,0.3544,0.5585,0.015701,8.39,4.95,3.44,WARNING,slow_day
6745.0,FOOD_COURT_A,36.88,0.2459,0.9952,0.1376,58.82,0.1362,0.3745,0.007856,2.27,1.4,0.87,SAFE,slow_day
6746.0,FOOD_COURT_A,26.76,0.1784,1.1034,0.1241,59.87,0.1021,0.4242,0.00526,4.14,1.42,2.72,SAFE,slow_day
6747.0,FOOD_COURT_A,15.8,0.1054,1.2121,0.1042,27.58,0.1145,0.6056,0.004892,6.16,2.11,4.05,SAFE,slow_day
6748.0,FOOD_COURT_A,20.27,0.1351,1.4743,0.0579,45.38,0.0787,0.4307,0.00295,8.61,4.58,4.03,SAFE,slow_day
6749.0,FOOD_COURT_A,8.38,0.0559,1.169,0.0699,37.03,0.133,0.3855,0.002381,7.87,4.75,3.11,SAFE,slow_day
6750.0,FOOD_COURT_A,33.66,0.2244,1.3226,0.0535,36.85,0.0484,0.3622,0.002188,5.46,4.39,1.07,SAFE,slow_day
6751.0,FOOD_COURT_A,21.29,0.1419,1.059,0.0421,49.2,0.064,0.4159,0.001557,5.42,2.79,2.63,SAFE,slow_day
6752.0,FOOD_COURT_A,16.08,0.1072,1.3797,0.1481,50.27,0.0755,0.3437,0.002003,5.3,0.22,5.08,SAFE,slow_day
6753.0,FOOD_COURT_A,16.23,0.1082,1.3709,0.2061,45.47,0.1269,0.3313,0.00425,5.25,2.74,2.51,SAFE,slow_day
6754.0,FOOD_COURT_A,16.53,0.1102,1.4546,0.1049,37.32,0.1007,0.3819,0.002295,8.51,4.58,3.92,SAFE,slow_day
6755.0,FOOD_COURT_A,19.51,0.1301,1.4645,0.0722,57.93,0.0969,0.4316,0.000688,8.96,4.23,4.73,SAFE,slow_day
6756.0,FOOD_COURT_A,22.25,0.1483,1.4961,0.1131,37.84,0.0415,0.5081,0.00166,4.86,2.63,2.23,SAFE,slow_day
6757.0,FOOD_COURT_A,22.72,0.1514,1.5221,0.0597,54.78,0.1158,0.4416,0.004016,3.3,2.94,0.37,SAFE,slow_day
6758.0,FOOD_COURT_A,25.7,0.1713,1.4063,0.058,48.42,0.0429,0.4872,0.003749,6.45,3.52,2.93,SAFE,slow_day
6759.0,FOOD_COURT_A,25.15,0.1677,1.488,0.0586,60.56,0.1268,0.4585,0.002916,4.62,1.38,3.23,SAFE,slow_day
6760.0,FOOD_COURT_A,23.92,0.1595,1.4549,0.0176,28.25,0.0848,0.4851,0.001938,7.78,5.41,2.37,SAFE,slow_day
6761.0,FOOD_COURT_A,11.69,0.078,1.5904,0.0887,22.62,0.1053,0.4303,0.004145,10.21,3.69,6.52,SAFE,slow_day
6762.0,FOOD_COURT_A,11.12,0.0741,1.5083,0.0644,30.78,0.1399,0.3178,0.001918,5.04,2.27,2.77,SAFE,slow_day
6763.0,FOOD_COURT_A,4.41,0.0294,1.3356,0.0706,30.5,0.0585,0.4999,0.002421,4.07,1.82,2.24,SAFE,slow_day
6764.0,FOOD_COURT_A,11.56,0.077,1.1773,0.1361,40.8,0.0873,0.4979,0.001656,7.44,4.47,2.96,SAFE,slow_day
6765.0,FOOD_COURT_A,14.89,0.0992,1.2282,0.0582,41.98,0.1087,0.3471,0.002828,6.26,3.67,2.59,SAFE,slow_day
6766.0,FOOD_COURT_A,26.53,0.1769,0.9847,0.1185,33.15,0.0763,0.4749,0.006261,2.89,2.24,0.65,SAFE,slow_day
6767.0,FOOD_COURT_A,22.67,0.1511,1.4363,0.0998,49.5,0.0611,0.3612,0.006379,8.1,8.1,0.0,SAFE,slow_day
6768.0,FOOD_COURT_A,25.07,0.1671,1.2043,0.0732,58.95,0.0641,0.2669,0.007167,3.58,2.14,1.44,SAFE,slow_day
6769.0,FOOD_COURT_A,17.8,0.1187,1.1508,0.1824,29.93,0.0788,0.3256,0.005402,5.97,2.68,3.29,SAFE,slow_day
6770.0,FOOD_COURT_A,19.35,0.129,0.8582,0.135,51.62,0.0352,0.4522,0.002821,6.67,2.43,4.24,SAFE,slow_day
6771.0,FOOD_COURT_A,16.22,0.1081,1.4098,0.0561,45.63,0.07,0.4752,0.002472,6.93,2.49,4.44,SAFE,slow_day
6772.0,FOOD_COURT_A,12.94,0.0862,1.2331,0.0652,43.45,0.0747,0.4722,0.003116,2.46,2.32,0.15,SAFE,slow_day
6773.0,FOOD_COURT_A,13.18,0.0878,1.2421,0.0638,46.19,0.0696,0.447,0.003557,8.94,4.73,4.21,SAFE,slow_day
6774.0,FOOD_COURT_A,18.39,0.1226,1.241,0.0192,42.79,0.109,0.507,0.002711,9.73,5.66,4.07,SAFE,slow_day
6775.0,FOOD_COURT_A,19.87,0.1325,1.05,0.1117,48.75,0.108,0.4208,0.002905,5.29,1.27,4.02,SAFE,slow_day
6776.0,FOOD_COURT_A,26.53,0.1769,1.0584,0.118,47.17,0.0942,0.3284,0.005665,10.12,3.84,6.27,SAFE,slow_day
6777.0,FOOD_COURT_A,17.09,0.1139,1.2243,0.0796,38.29,0.1211,0.3542,0.003405,8.64,4.34,4.3,SAFE,slow_day
6778.0,FOOD_COURT_A,19.61,0.1307,0.9498,0.0646,38.08,0.1115,0.2439,0.001385,6.19,2.48,3.71,SAFE,slow_day
6779.0,FOOD_COURT_A,26.82,0.1788,1.1757,0.079,44.21,0.0377,0.5211,0.003141,9.21,4.56,4.65,SAFE,slow_day
6780.0,FOOD_COURT_A,17.59,0.1172,1.3162,0.0503,54.15,0.0685,0.3945,0.002149,5.17,2.69,2.49,SAFE,slow_day
6781.0,FOOD_COURT_A,16.92,0.1128,0.8479,0.0543,40.41,0.0865,0.6361,0.003183,10.87,5.54,5.33,SAFE,slow_day
6782.0,FOOD_COURT_A,20.94,0.1396,0.87,0.1452,48.31,0.0815,0.6035,0.003054,10.89,4.88,6.01,SAFE,slow_day
6783.0,FOOD_COURT_A,34.37,0.2292,0.4768,0.2755,68.37,0.1844,0.686,0.009389,8.48,3.45,5.03,WARNING,slow_day
6784.0,FOOD_COURT_A,45.15,0.301,0.5758,0.3821,106.51,0.2912,0.6963,0.009988,19.6,10.21,9.39,WARNING,slow_day
6785.0,FOOD_COURT_A,40.89,0.2726,0.5378,0.3181,64.86,0.3454,0.7969,0.010775,10.95,8.0,2.94,WARNING,slow_day
6786.0,FOOD_COURT_A,24.03,0.1602,0.9487,0.1953,66.22,0.1798,0.5741,0.00736,2.04,1.05,0.98,SAFE,slow_day
6787.0,FOOD_COURT_A,12.09,0.0806,1.1636,0.1725,56.62,0.0971,0.3415,0.005776,8.75,3.2,5.55,SAFE,slow_day
6788.0,FOOD_COURT_A,21.51,0.1434,1.1622,0.0518,51.59,0.0948,0.5053,0.003105,13.18,5.9,7.28,SAFE,slow_day
6789.0,FOOD_COURT_A,26.01,0.1734,1.3611,0.1964,55.6,0.116,0.3662,0.004047,5.2,1.61,3.59,SAFE,slow_day
6790.0,FOOD_COURT_A,24.4,0.1626,1.1745,0.1584,41.66,0.0715,0.4465,0.003165,9.11,4.65,4.47,SAFE,slow_day
6791.0,FOOD_COURT_A,15.12,0.1008,1.0689,0.1221,54.67,0.1306,0.3188,0.003858,6.67,2.09,4.58,SAFE,slow_day
6792.0,FOOD_COURT_A,5.13,0.0342,0.7858,0.0968,30.04,0.1093,0.3955,0.003405,7.44,5.61,1.84,SAFE,slow_day
6793.0,FOOD_COURT_A,11.87,0.0791,0.598,0.0946,42.5,0.0896,0.3054,0.003941,6.18,3.66,2.52,SAFE,slow_day
6794.0,FOOD_COURT_A,15.41,0.1027,0.9203,0.0893,22.03,0.0803,0.249,0.001329,6.62,5.12,1.5,SAFE,slow_day
6795.0,FOOD_COURT_A,44.83,0.2989,0.8633,0.3371,63.74,0.2485,0.6711,0.011278,19.82,8.48,11.34,WARNING,slow_day
6796.0,FOOD_COURT_A,29.08,0.1939,1.2781,0.2981,36.24,0.1345,0.5014,0.005826,6.9,4.65,2.24,SAFE,slow_day
6797.0,FOOD_COURT_A,18.39,0.1226,1.3102,0.2027,38.03,0.1065,0.3773,0.002428,3.3,0.2,3.1,SAFE,slow_day
6798.0,FOOD_COURT_A,22.47,0.1498,1.3371,0.1234,54.43,0.0817,0.4111,0.003546,9.64,3.83,5.81,SAFE,slow_day
6799.0,FOOD_COURT_A,39.99,0.2666,1.293,0.0596,49.94,0.069,0.3769,0.004503,6.18,2.42,3.76,SAFE,slow_day
6800.0,FOOD_COURT_A,42.03,0.2802,1.428,0.0179,39.53,0.0869,0.3331,0.002152,6.01,4.45,1.56,SAFE,slow_day
6801.0,FOOD_COURT_A,21.95,0.1463,1.0396,0.0054,53.39,0.0579,0.3531,0.002878,3.64,2.73,0.91,SAFE,slow_day
6802.0,FOOD_COURT_A,19.98,0.1332,0.8099,0.0483,66.1,0.0538,0.4024,0.004904,3.7,1.37,2.32,SAFE,slow_day
6803.0,FOOD_COURT_A,22.09,0.1473,1.3759,0.095,47.46,0.0458,0.4512,0.002955,7.22,4.1,3.12,SAFE,slow_day
6804.0,FOOD_COURT_A,27.64,0.1842,1.3334,0.1136,54.61,0.0824,0.3359,0.005226,3.52,3.08,0.44,SAFE,slow_day
6805.0,FOOD_COURT_A,15.86,0.1058,1.7775,0.0688,62.69,0.0757,0.4299,0.004112,8.85,3.98,4.87,SAFE,slow_day
6806.0,FOOD_COURT_A,23.55,0.157,1.4993,0.1687,49.28,0.0708,0.42,0.002909,8.16,2.0,6.16,SAFE,slow_day
6807.0,FOOD_COURT_A,36.29,0.2419,1.1289,0.3601,74.8,0.1738,0.5618,0.014143,19.43,10.06,9.37,WARNING,slow_day
6808.0,FOOD_COURT_A,45.83,0.3055,0.4582,0.3624,41.03,0.3181,0.604,0.011311,17.75,9.53,8.22,WARNING,slow_day
6809.0,FOOD_COURT_A,52.86,0.3524,0.6226,0.3689,68.12,0.2848,0.6582,0.010036,11.72,7.84,3.88,WARNING,slow_day
6810.0,FOOD_COURT_A,59.91,0.3994,0.3222,0.594,171.88,0.504,0.7499,0.019181,25.43,13.65,11.77,HIGH,slow_day
6811.0,FOOD_COURT_A,95.3,0.6353,0.3039,0.775,198.37,0.5821,0.7709,0.03222,20.71,10.82,9.89,HIGH,slow_day
6812.0,FOOD_COURT_A,89.36,0.5957,0.2634,0.8194,202.97,0.5469,0.7984,0.040979,18.8,7.34,11.46,HIGH,slow_day
6813.0,FOOD_COURT_A,79.48,0.5298,0.219,0.6825,216.0,0.475,0.8515,0.028511,27.33,15.03,12.3,HIGH,slow_day
6814.0,FOOD_COURT_A,91.42,0.6094,0.1684,0.6514,182.22,0.4445,0.8627,0.027187,18.01,8.5,9.5,HIGH,slow_day
6815.0,FOOD_COURT_A,66.6,0.444,0.5503,0.4967,140.08,0.4042,0.7001,0.020161,12.25,7.64,4.62,WARNING,slow_day
6816.0,FOOD_COURT_A,64.85,0.4324,0.6799,0.4347,105.9,0.2144,0.6335,0.019975,11.17,4.89,6.27,WARNING,slow_day
6817.0,FOOD_COURT_A,51.22,0.3415,0.7317,0.5177,82.75,0.327,0.7194,0.016408,12.59,7.17,5.42,WARNING,slow_day
6818.0,FOOD_COURT_A,69.39,0.4626,0.6325,0.4158,96.24,0.3698,0.864,0.017957,11.47,5.68,5.79,WARNING,slow_day
6819.0,FOOD_COURT_A,48.42,0.3228,1.4454,0.1524,56.47,0.1919,0.4566,0.007196,6.29,2.79,3.51,SAFE,slow_day
6820.0,FOOD_COURT_A,30.19,0.2012,1.3408,0.1484,54.63,0.1335,0.3207,0.002999,4.67,3.78,0.9,SAFE,slow_day
6821.0,FOOD_COURT_A,29.33,0.1955,1.206,0.1463,49.1,0.1156,0.3292,0.003905,8.32,5.26,3.06,SAFE,slow_day
6822.0,FOOD_COURT_A,20.06,0.1337,1.083,0.1342,41.62,0.1212,0.3767,0.005979,3.25,3.25,0.0,SAFE,slow_day
6823.0,FOOD_COURT_A,22.04,0.1469,1.2401,0.1332,23.95,0.1239,0.3142,0.004251,2.62,2.62,0.0,SAFE,slow_day
6824.0,FOOD_COURT_A,18.17,0.1212,1.188,0.1363,36.34,0.0702,0.3251,0.002204,8.75,5.23,3.53,SAFE,slow_day
6825.0,FOOD_COURT_A,21.31,0.142,1.2683,0.1089,31.18,0.0743,0.4314,0.004192,4.68,1.83,2.84,SAFE,slow_day
6826.0,FOOD_COURT_A,40.47,0.2698,1.5438,0.0327,42.53,0.0302,0.48,0.003745,4.76,1.89,2.86,SAFE,slow_day
6827.0,FOOD_COURT_A,18.45,0.123,1.6878,0.042,41.28,0.0833,0.4171,0.00328,5.57,4.23,1.33,SAFE,slow_day
6828.0,FOOD_COURT_A,17.51,0.1167,1.4696,0.0646,37.81,0.1405,0.3137,0.004716,6.98,3.78,3.2,SAFE,slow_day
6829.0,FOOD_COURT_A,49.19,0.3279,0.7842,0.209,79.83,0.2419,0.5925,0.006734,11.16,4.85,6.31,WARNING,slow_day
6830.0,FOOD_COURT_A,29.89,0.1992,1.088,0.1507,47.94,0.1475,0.4587,0.004925,7.13,2.4,4.73,SAFE,slow_day
6831.0,FOOD_COURT_A,46.75,0.3117,0.8751,0.2804,85.62,0.2259,0.4462,0.016184,11.65,7.06,4.59,WARNING,slow_day
6832.0,FOOD_COURT_A,65.54,0.4369,0.7246,0.4232,103.7,0.4218,0.5603,0.010544,19.06,8.81,10.25,WARNING,slow_day
6833.0,FOOD_COURT_A,60.35,0.4023,0.7673,0.4211,101.86,0.3761,0.5857,0.007215,16.42,8.35,8.07,WARNING,slow_day
6834.0,FOOD_COURT_A,60.69,0.4046,0.4226,0.6959,125.86,0.59,0.8017,0.020825,24.04,13.9,10.15,HIGH,slow_day
6835.0,FOOD_COURT_A,45.12,0.3008,0.5142,0.3858,141.49,0.2865,0.6944,0.015579,16.22,9.75,6.47,WARNING,slow_day
6836.0,FOOD_COURT_A,54.91,0.3661,0.46,0.4056,148.05,0.2585,0.6653,0.009815,20.24,10.08,10.16,WARNING,slow_day
6837.0,FOOD_COURT_A,43.25,0.2883,0.9425,0.1836,63.34,0.1895,0.4284,0.005474,6.84,4.59,2.24,SAFE,slow_day
6838.0,FOOD_COURT_A,29.82,0.1988,1.1371,0.1293,58.14,0.0929,0.5478,0.002797,9.05,5.31,3.74,SAFE,slow_day
6839.0,FOOD_COURT_A,22.17,0.1478,1.1247,0.096,51.96,0.1005,0.3637,0.003641,7.9,5.09,2.81,SAFE,slow_day
6840.0,FOOD_COURT_A,16.89,0.1126,1.0647,0.0676,57.88,0.0528,0.376,0.004149,5.27,3.38,1.89,SAFE,slow_day
6841.0,FOOD_COURT_A,19.48,0.1298,1.048,0.109,37.66,0.0363,0.5055,0.004666,5.46,1.69,3.77,SAFE,slow_day
6842.0,FOOD_COURT_A,26.72,0.1782,1.2985,0.1104,39.19,0.0155,0.4341,0.005341,7.29,3.92,3.37,SAFE,slow_day
6843.0,FOOD_COURT_A,27.91,0.1861,1.1449,0.0331,44.41,0.0524,0.4013,0.003135,6.85,4.34,2.51,SAFE,slow_day
6844.0,FOOD_COURT_A,19.19,0.1279,1.3214,0.0782,48.35,0.0448,0.3041,0.003821,9.09,2.12,6.97,SAFE,slow_day
6845.0,FOOD_COURT_A,18.59,0.1239,1.2878,0.095,53.89,0.0269,0.4521,0.001146,5.35,5.08,0.26,SAFE,slow_day
6846.0,FOOD_COURT_A,25.05,0.167,1.283,0.1721,49.58,0.0223,0.4489,0.004376,5.89,2.75,3.15,SAFE,slow_day
6847.0,FOOD_COURT_A,21.1,0.1407,1.0885,0.0659,56.53,0.0404,0.3138,0.001313,4.53,2.02,2.51,SAFE,slow_day
6848.0,FOOD_COURT_A,18.26,0.1217,1.0693,0.097,52.32,0.0605,0.2905,0.000883,4.8,0.43,4.38,SAFE,slow_day
6849.0,FOOD_COURT_A,23.04,0.1536,1.0951,0.1174,36.06,0.0182,0.4784,0.001408,5.66,0.0,5.66,SAFE,slow_day
6850.0,FOOD_COURT_A,15.77,0.1051,1.3579,0.176,38.23,0.0747,0.5108,0.004531,5.37,1.92,3.45,SAFE,slow_day
6851.0,FOOD_COURT_A,19.0,0.1266,1.055,0.0528,31.01,0.084,0.3986,0.00647,5.13,2.8,2.33,SAFE,slow_day
6852.0,FOOD_COURT_A,25.09,0.1673,1.3259,0.0158,48.73,0.0339,0.2824,0.005563,10.09,5.04,5.04,SAFE,slow_day
6853.0,FOOD_COURT_A,18.32,0.1222,1.2545,0.0828,42.37,0.0598,0.3366,0.003043,6.8,4.26,2.54,SAFE,slow_day
6854.0,FOOD_COURT_A,36.97,0.2465,0.9533,0.3295,77.3,0.2624,0.6758,0.010579,10.41,8.48,1.92,WARNING,slow_day
6855.0,FOOD_COURT_A,31.75,0.2116,1.0525,0.121,42.24,0.1216,0.5662,0.00447,6.46,2.57,3.88,SAFE,slow_day
6856.0,FOOD_COURT_A,19.39,0.1293,1.0934,0.0957,38.16,0.1017,0.4309,0.004679,10.86,4.71,6.15,SAFE,slow_day
6857.0,FOOD_COURT_A,15.75,0.105,1.1762,0.1037,27.32,0.0475,0.4249,0.004404,9.29,4.08,5.21,SAFE,slow_day
6858.0,FOOD_COURT_A,20.67,0.1378,1.2322,0.1394,39.4,0.0643,0.3495,0.002622,5.35,2.41,2.94,SAFE,slow_day
6859.0,FOOD_COURT_A,21.81,0.1454,1.3559,0.0588,45.66,0.0655,0.3897,0.002641,3.14,1.99,1.15,SAFE,slow_day
6860.0,FOOD_COURT_A,42.61,0.284,0.9387,0.1791,69.06,0.0886,0.4587,0.009055,10.7,3.26,7.44,WARNING,slow_day
6861.0,FOOD_COURT_A,23.96,0.1597,1.4126,0.0841,57.55,0.0884,0.3372,0.004024,4.26,2.52,1.74,SAFE,slow_day
6862.0,FOOD_COURT_A,26.54,0.1769,1.3148,0.1172,45.89,0.0706,0.291,0.004823,4.5,1.35,3.15,SAFE,slow_day
6863.0,FOOD_COURT_A,16.29,0.1086,1.0633,0.1786,57.8,0.0765,0.4258,0.003639,5.05,4.44,0.61,SAFE,slow_day
6864.0,FOOD_COURT_A,24.31,0.162,1.0864,0.1412,63.57,0.0948,0.2565,0.002682,5.7,2.64,3.06,SAFE,slow_day
6865.0,FOOD_COURT_A,17.03,0.1135,1.163,0.1415,65.83,0.0819,0.4589,0.000845,7.45,3.48,3.97,SAFE,slow_day
6866.0,FOOD_COURT_A,17.92,0.1195,1.0693,0.0628,58.97,0.0944,0.3516,0.000557,6.84,2.93,3.91,SAFE,slow_day
6867.0,FOOD_COURT_A,17.48,0.1166,1.4585,0.1146,59.44,0.092,0.3332,0.003025,8.49,4.76,3.73,SAFE,slow_day
6868.0,FOOD_COURT_A,36.6,0.244,1.1353,0.2594,99.33,0.1933,0.5472,0.012145,14.57,6.39,8.18,WARNING,slow_day
6869.0,FOOD_COURT_A,32.92,0.2194,0.8758,0.3656,115.84,0.3527,0.6217,0.014333,15.63,7.76,7.87,WARNING,slow_day
6870.0,FOOD_COURT_A,81.31,0.5421,0.4121,0.7256,148.48,0.4614,0.6568,0.025997,18.39,8.45,9.95,HIGH,slow_day
6871.0,FOOD_COURT_A,100.71,0.6714,0.4156,0.6932,176.37,0.4433,0.7751,0.028637,22.94,9.51,13.43,HIGH,slow_day
6872.0,FOOD_COURT_A,74.22,0.4948,0.581,0.6142,120.35,0.4727,0.631,0.013863,15.61,8.21,7.4,WARNING,slow_day
6873.0,FOOD_COURT_A,84.42,0.5628,0.3506,0.7432,138.59,0.6397,0.8293,0.011777,18.15,11.37,6.79,HIGH,slow_day
6874.0,FOOD_COURT_A,103.57,0.6905,0.3427,0.6991,204.12,0.7214,0.8328,0.021417,24.04,9.07,14.97,HIGH,slow_day
6875.0,FOOD_COURT_A,80.16,0.5344,0.2935,0.6902,171.09,0.6072,0.8751,0.020987,18.95,12.34,6.62,HIGH,slow_day
6876.0,FOOD_COURT_A,98.27,0.6552,0.2292,0.7448,178.24,0.4822,0.8366,0.023211,30.46,13.94,16.51,HIGH,slow_day
6877.0,FOOD_COURT_A,73.0,0.4867,0.4597,0.3923,105.19,0.3678,0.7401,0.017464,13.4,3.52,9.87,WARNING,slow_day
6878.0,FOOD_COURT_A,66.12,0.4408,0.6216,0.4988,111.16,0.3496,0.6799,0.017289,13.88,9.18,4.7,WARNING,slow_day
6879.0,FOOD_COURT_A,20.43,0.1362,1.0632,0.2065,55.1,0.1952,0.6663,0.005187,3.32,0.7,2.62,SAFE,slow_day
6880.0,FOOD_COURT_A,19.15,0.1276,0.7116,0.1276,49.34,0.0887,0.4811,0.006513,2.59,0.92,1.66,SAFE,slow_day
6881.0,FOOD_COURT_A,23.63,0.1576,1.5365,0.1314,43.44,0.0588,0.4912,0.00437,10.5,3.95,6.56,SAFE,slow_day
6882.0,FOOD_COURT_A,46.79,0.3119,1.0405,0.3327,86.04,0.2729,0.5849,0.012046,16.03,8.05,7.98,WARNING,slow_day
6883.0,FOOD_COURT_A,61.34,0.4089,0.7073,0.3157,75.91,0.2983,0.7502,0.01491,12.18,5.9,6.28,WARNING,slow_day
6884.0,FOOD_COURT_A,94.34,0.629,0.3675,0.6055,124.22,0.485,0.7977,0.024307,24.58,7.96,16.62,HIGH,slow_day
6885.0,FOOD_COURT_A,93.15,0.621,0.2958,0.6423,115.5,0.5012,0.8137,0.027605,10.93,5.49,5.44,HIGH,slow_day
6886.0,FOOD_COURT_A,95.58,0.6372,0.3766,0.6787,128.29,0.719,0.9404,0.028111,27.44,13.18,14.25,HIGH,slow_day
6887.0,FOOD_COURT_A,86.26,0.575,0.3082,0.813,160.37,0.6711,0.8021,0.037606,14.13,6.25,7.88,HIGH,slow_day
6888.0,FOOD_COURT_A,61.02,0.4068,0.6126,0.4798,96.19,0.3561,0.7567,0.029563,9.71,3.87,5.84,WARNING,slow_day
6889.0,FOOD_COURT_A,73.83,0.4922,0.3383,0.56,130.0,0.4423,0.7464,0.033262,15.5,9.84,5.66,HIGH,slow_day
6890.0,FOOD_COURT_A,97.49,0.6499,0.1363,0.7474,177.14,0.6111,0.7283,0.026719,21.63,8.56,13.07,HIGH,slow_day
6891.0,FOOD_COURT_A,59.5,0.3967,0.5225,0.5697,102.13,0.4484,0.6965,0.018585,16.67,7.53,9.14,WARNING,slow_day
6892.0,FOOD_COURT_A,55.53,0.3702,0.6145,0.3846,106.25,0.4077,0.7694,0.018173,16.34,9.46,6.88,WARNING,slow_day
6893.0,FOOD_COURT_A,30.38,0.2025,1.0903,0.1669,77.07,0.1622,0.4831,0.009792,7.17,3.32,3.85,SAFE,slow_day
6894.0,FOOD_COURT_A,32.82,0.2188,1.0747,0.1035,36.01,0.1133,0.4606,0.005083,4.33,1.1,3.23,SAFE,slow_day
6895.0,FOOD_COURT_A,27.24,0.1816,1.2691,0.117,45.51,0.0918,0.4295,0.005414,3.12,2.19,0.93,SAFE,slow_day
6896.0,FOOD_COURT_A,28.83,0.1922,1.1155,0.0351,21.94,0.1341,0.462,0.003489,2.84,2.6,0.24,SAFE,slow_day
6897.0,FOOD_COURT_A,25.05,0.167,1.1106,0.0433,33.52,0.1013,0.5185,0.004532,8.72,4.16,4.56,SAFE,slow_day
6898.0,FOOD_COURT_A,22.61,0.1507,1.0325,0.0586,35.31,0.0466,0.4794,0.001697,9.15,4.74,4.41,SAFE,slow_day
6899.0,FOOD_COURT_A,23.71,0.158,1.1194,0.0816,37.68,0.0265,0.5559,0.004939,6.77,2.98,3.78,SAFE,slow_day
6900.0,FOOD_COURT_A,31.42,0.2095,1.4333,0.1034,40.82,0.0572,0.425,0.002249,6.35,2.58,3.77,SAFE,slow_day
6901.0,FOOD_COURT_A,28.05,0.187,1.0466,0.031,27.47,0.0521,0.2702,0.002015,8.05,4.07,3.97,SAFE,slow_day
6902.0,FOOD_COURT_A,9.01,0.0601,1.4129,0.0966,36.97,0.0277,0.398,0.000604,5.42,4.37,1.05,SAFE,slow_day
6903.0,FOOD_COURT_A,16.79,0.1119,1.2702,0.1057,39.96,0.0496,0.2136,0.001702,8.56,3.92,4.64,SAFE,slow_day
6904.0,FOOD_COURT_A,20.39,0.1359,1.3521,0.1183,37.25,0.052,0.4165,0.002643,7.94,3.4,4.54,SAFE,slow_day
6905.0,FOOD_COURT_A,31.71,0.2114,0.932,0.1122,56.63,0.0177,0.4701,0.003943,6.42,4.78,1.64,SAFE,slow_day
6906.0,FOOD_COURT_A,12.71,0.0847,0.9772,0.0525,58.15,0.0925,0.4078,0.002087,9.67,7.19,2.48,SAFE,slow_day
6907.0,FOOD_COURT_A,16.4,0.1093,0.7435,0.0533,56.78,0.0718,0.384,0.001611,7.75,3.22,4.53,SAFE,slow_day
6908.0,FOOD_COURT_A,27.97,0.1865,0.8637,0.0435,47.18,0.0792,0.3735,0.003983,3.01,2.22,0.78,SAFE,slow_day
6909.0,FOOD_COURT_A,17.13,0.1142,1.152,0.0943,51.54,0.0981,0.4153,0.004447,5.78,4.24,1.54,SAFE,slow_day
6910.0,FOOD_COURT_A,16.87,0.1124,1.0454,0.1113,38.74,0.1301,0.4242,0.003262,7.47,3.33,4.14,SAFE,slow_day
6911.0,FOOD_COURT_A,21.39,0.1426,1.1099,0.125,55.05,0.1175,0.3492,0.002588,5.58,0.22,5.35,SAFE,slow_day
6912.0,FOOD_COURT_A,20.96,0.1397,1.1367,0.1492,41.71,0.0869,0.2257,0.003491,7.15,2.38,4.77,SAFE,slow_day
6913.0,FOOD_COURT_A,21.02,0.1401,1.3575,0.1039,46.25,0.0525,0.4628,0.002872,6.47,1.57,4.89,SAFE,slow_day
6914.0,FOOD_COURT_A,19.3,0.1287,1.1601,0.0944,39.76,0.0631,0.4576,0.001375,3.8,1.97,1.83,SAFE,slow_day
6915.0,FOOD_COURT_A,28.28,0.1885,1.5715,0.0583,49.37,0.0598,0.415,0.00238,5.84,3.66,2.17,SAFE,slow_day
6916.0,FOOD_COURT_A,21.83,0.1456,1.3274,0.1175,52.89,0.0782,0.3721,0.002916,6.25,1.3,4.95,SAFE,slow_day
6917.0,FOOD_COURT_A,20.75,0.1383,1.7199,0.1044,32.99,0.05,0.3327,0.002013,5.22,1.76,3.47,SAFE,slow_day
6918.0,FOOD_COURT_A,30.1,0.2006,1.2425,0.0627,48.16,0.0886,0.3354,0.002614,8.25,4.48,3.76,SAFE,slow_day
6919.0,FOOD_COURT_A,23.57,0.1571,1.1175,0.0915,28.95,0.0744,0.3508,0.00092,8.05,4.08,3.97,SAFE,slow_day
6920.0,FOOD_COURT_A,30.56,0.2037,1.0685,0.0774,34.59,0.0728,0.4542,0.000276,10.83,7.03,3.8,SAFE,slow_day
6921.0,FOOD_COURT_A,28.79,0.192,0.9193,0.1087,39.12,0.0869,0.2787,0.004106,2.16,0.93,1.23,SAFE,slow_day
6922.0,FOOD_COURT_A,21.58,0.1439,1.1021,0.1229,43.04,0.138,0.4384,0.003596,5.61,3.92,1.69,SAFE,slow_day
6923.0,FOOD_COURT_A,18.13,0.1209,1.3016,0.0407,39.1,0.0729,0.3328,0.003219,7.74,3.31,4.42,SAFE,slow_day
6924.0,FOOD_COURT_A,48.27,0.3218,0.973,0.1892,58.04,0.2179,0.5565,0.010535,8.98,6.24,2.74,WARNING,slow_day
6925.0,FOOD_COURT_A,80.72,0.5381,0.3568,0.5673,111.31,0.4952,0.8669,0.013491,20.67,10.61,10.05,HIGH,slow_day
6926.0,FOOD_COURT_A,72.49,0.4833,0.6976,0.41,98.5,0.3469,0.5606,0.01216,15.47,8.49,6.98,WARNING,slow_day
6927.0,FOOD_COURT_A,61.11,0.4074,0.977,0.2497,82.78,0.3563,0.7892,0.015175,20.12,10.55,9.57,WARNING,slow_day
6928.0,FOOD_COURT_A,36.73,0.2449,1.2315,0.154,58.07,0.1555,0.4422,0.006369,10.7,6.68,4.02,SAFE,slow_day
6929.0,FOOD_COURT_A,31.97,0.2131,1.1641,0.1577,55.41,0.0631,0.3465,0.003737,7.86,2.14,5.72,SAFE,slow_day
6930.0,FOOD_COURT_A,31.54,0.2102,1.3516,0.1226,51.48,0.1151,0.4051,0.003877,7.63,5.34,2.29,SAFE,slow_day
6931.0,FOOD_COURT_A,21.51,0.1434,1.2802,0.1314,44.18,0.1106,0.3135,0.001971,6.0,1.67,4.32,SAFE,slow_day
6932.0,FOOD_COURT_A,16.06,0.1071,1.1718,0.0742,46.92,0.1003,0.5599,0.002472,7.09,4.6,2.49,SAFE,slow_day
6933.0,FOOD_COURT_A,20.38,0.1359,1.1928,0.0426,50.01,0.0631,0.4386,0.001272,9.62,3.93,5.7,SAFE,slow_day
6934.0,FOOD_COURT_A,19.13,0.1275,1.3727,0.1161,44.94,0.0878,0.4072,0.002594,6.54,2.85,3.68,SAFE,slow_day
6935.0,FOOD_COURT_A,25.22,0.1681,1.0551,0.1375,22.75,0.0522,0.3354,0.002345,5.26,2.46,2.79,SAFE,slow_day
6936.0,FOOD_COURT_A,26.2,0.1746,1.0333,0.1416,44.55,0.0157,0.3673,0.004106,7.58,3.27,4.31,SAFE,slow_day
6937.0,FOOD_COURT_A,18.79,0.1253,0.8245,0.1187,58.42,0.0092,0.3147,0.004696,3.98,1.6,2.38,SAFE,slow_day
6938.0,FOOD_COURT_A,34.77,0.2318,1.3397,0.132,65.23,0.1,0.5124,0.00383,8.63,4.19,4.43,SAFE,slow_day
6939.0,FOOD_COURT_A,31.53,0.2102,1.3046,0.0396,48.66,0.0814,0.4102,0.003804,5.09,2.31,2.78,SAFE,slow_day
6940.0,FOOD_COURT_A,26.07,0.1738,1.2802,0.0912,31.25,0.0615,0.4716,0.002295,3.92,0.0,3.92,SAFE,slow_day
6941.0,FOOD_COURT_A,29.26,0.1951,1.1366,0.0524,34.13,0.0726,0.3434,0.000688,7.36,1.41,5.95,SAFE,slow_day
6942.0,FOOD_COURT_A,17.03,0.1136,1.1202,0.1372,49.72,0.0603,0.5828,0.000207,6.12,4.93,1.2,SAFE,slow_day
6943.0,FOOD_COURT_A,15.33,0.1022,1.2787,0.0895,43.44,0.0318,0.1884,0.002721,8.88,4.56,4.32,SAFE,slow_day
6944.0,FOOD_COURT_A,24.36,0.1624,1.11,0.0887,34.74,0.0556,0.4612,0.001882,6.09,3.78,2.31,SAFE,slow_day
6945.0,FOOD_COURT_A,17.42,0.1161,1.074,0.0798,33.16,0.0878,0.5467,0.003906,7.84,4.47,3.37,SAFE,slow_day
6946.0,FOOD_COURT_A,16.31,0.1087,0.989,0.0239,53.03,0.0998,0.2878,0.005204,2.48,1.76,0.72,SAFE,slow_day
6947.0,FOOD_COURT_A,25.05,0.167,1.3879,0.0312,44.82,0.0877,0.413,0.001952,9.99,4.06,5.93,SAFE,slow_day
6948.0,FOOD_COURT_A,59.11,0.3941,0.6977,0.2578,97.66,0.094,0.7271,0.012015,15.85,8.38,7.47,WARNING,slow_day
6949.0,FOOD_COURT_A,59.98,0.3999,0.4656,0.3345,84.06,0.212,0.6299,0.01422,19.08,12.56,6.52,WARNING,slow_day
6950.0,FOOD_COURT_A,51.86,0.3457,0.6232,0.3451,103.93,0.2287,0.7177,0.011737,10.54,3.16,7.39,WARNING,slow_day
6951.0,FOOD_COURT_A,32.54,0.2169,0.9991,0.2257,62.49,0.1777,0.5345,0.005417,12.24,5.77,6.47,SAFE,slow_day
6952.0,FOOD_COURT_A,12.31,0.0821,0.9414,0.1594,41.17,0.1096,0.3155,0.004338,6.82,5.33,1.49,SAFE,slow_day
6953.0,FOOD_COURT_A,21.46,0.1431,1.3543,0.1755,44.81,0.0524,0.3361,0.002385,5.79,2.62,3.17,SAFE,slow_day
6954.0,FOOD_COURT_A,21.38,0.1425,1.1766,0.1567,31.38,0.0864,0.2368,0.001673,5.93,4.38,1.55,SAFE,slow_day
6955.0,FOOD_COURT_A,32.82,0.2188,1.002,0.1156,39.86,0.0968,0.2736,0.003949,6.73,4.04,2.69,SAFE,slow_day
6956.0,FOOD_COURT_A,23.14,0.1542,1.3487,0.1636,44.22,0.0857,0.2934,0.001185,7.14,2.33,4.81,SAFE,slow_day
6957.0,FOOD_COURT_A,34.53,0.2302,0.9897,0.1148,61.66,0.0642,0.3742,0.002612,5.18,2.43,2.75,SAFE,slow_day
6958.0,FOOD_COURT_A,14.52,0.0968,1.2788,0.1401,44.73,0.0472,0.403,0.000784,6.54,4.78,1.75,SAFE,slow_day
6959.0,FOOD_COURT_A,16.56,0.1104,1.1909,0.2256,53.06,0.0835,0.5138,0.0022,5.08,0.97,4.11,SAFE,slow_day
6960.0,FOOD_COURT_A,8.81,0.0587,1.2424,0.1049,46.84,0.0745,0.5006,0.003364,4.89,0.63,4.26,SAFE,slow_day
6961.0,FOOD_COURT_A,21.54,0.1436,0.7454,0.1442,42.85,0.0685,0.3058,0.002773,5.19,2.32,2.86,SAFE,slow_day
6962.0,FOOD_COURT_A,24.92,0.1661,1.1547,0.0581,65.59,0.1228,0.4795,0.000948,6.14,4.36,1.78,SAFE,slow_day
6963.0,FOOD_COURT_A,12.52,0.0834,1.1091,0.0903,52.68,0.1405,0.3717,0.004629,6.08,1.55,4.53,SAFE,slow_day
6964.0,FOOD_COURT_A,23.42,0.1561,1.2398,0.1734,30.09,0.1471,0.349,0.004855,8.55,1.61,6.94,SAFE,slow_day
6965.0,FOOD_COURT_A,24.47,0.1631,1.3438,0.0937,39.68,0.0745,0.3107,0.004953,4.49,3.73,0.76,SAFE,slow_day
6966.0,FOOD_COURT_A,22.23,0.1482,1.0346,0.1563,41.83,0.0282,0.3572,0.003793,8.12,2.73,5.39,SAFE,slow_day
6967.0,FOOD_COURT_A,29.14,0.1942,0.9348,0.081,35.08,0.0608,0.4339,0.002598,4.82,1.74,3.08,SAFE,slow_day
6968.0,FOOD_COURT_A,51.52,0.3434,0.8263,0.3328,60.69,0.1999,0.6227,0.009164,14.83,11.09,3.74,WARNING,slow_day
6969.0,FOOD_COURT_A,73.83,0.4922,0.4925,0.6659,143.6,0.5606,0.8868,0.018044,25.48,12.72,12.76,HIGH,slow_day
6970.0,FOOD_COURT_A,84.78,0.5652,0.2729,0.6151,164.98,0.4974,0.8994,0.018955,16.07,10.06,6.01,HIGH,slow_day
6971.0,FOOD_COURT_A,67.74,0.4516,0.3943,0.4714,152.81,0.3149,0.6589,0.013986,13.92,7.61,6.31,WARNING,slow_day
6972.0,FOOD_COURT_A,62.5,0.4167,0.7561,0.3758,124.46,0.2793,0.7965,0.014625,15.66,6.93,8.73,WARNING,slow_day
6973.0,FOOD_COURT_A,88.63,0.5909,0.3907,0.5172,200.93,0.4951,0.7907,0.024673,21.25,10.73,10.52,HIGH,slow_day
6974.0,FOOD_COURT_A,76.0,0.5066,0.1752,0.724,175.77,0.5222,0.859,0.022112,26.5,12.95,13.55,HIGH,slow_day
6975.0,FOOD_COURT_A,89.62,0.5974,0.162,0.7898,161.38,0.4677,0.7225,0.027918,27.9,13.31,14.59,HIGH,slow_day
6976.0,FOOD_COURT_A,78.09,0.5206,0.2414,0.6324,158.23,0.4651,0.7393,0.029936,26.92,16.89,10.04,HIGH,slow_day
6977.0,FOOD_COURT_A,74.55,0.497,0.1861,0.6808,151.3,0.5307,0.7982,0.030353,14.11,5.76,8.36,HIGH,slow_day
6978.0,FOOD_COURT_A,93.38,0.6225,0.255,0.6425,180.82,0.5337,0.8427,0.026058,21.49,10.85,10.64,HIGH,slow_day
6979.0,FOOD_COURT_A,63.58,0.4238,0.4752,0.3497,116.27,0.42,0.6655,0.015322,7.38,2.57,4.81,WARNING,slow_day
6980.0,FOOD_COURT_A,65.38,0.4359,0.5724,0.4146,112.99,0.2752,0.6492,0.014482,16.98,8.95,8.04,WARNING,slow_day
6981.0,FOOD_COURT_A,80.05,0.5336,0.2268,0.552,179.77,0.4932,0.7312,0.035743,12.48,4.17,8.31,HIGH,slow_day
6982.0,FOOD_COURT_A,89.05,0.5937,0.225,0.5403,178.01,0.5996,0.8257,0.03231,27.95,12.98,14.98,HIGH,slow_day
6983.0,FOOD_COURT_A,71.56,0.4771,0.3217,0.6549,156.27,0.5998,0.767,0.024512,13.58,6.04,7.55,HIGH,slow_day
6984.0,FOOD_COURT_A,84.23,0.5615,0.1644,0.7809,159.56,0.5874,0.7696,0.028007,20.1,11.47,8.64,HIGH,slow_day
6985.0,FOOD_COURT_A,64.55,0.4303,0.4065,0.4906,130.45,0.3753,0.6254,0.013996,16.75,6.58,10.17,WARNING,slow_day
6986.0,FOOD_COURT_A,55.23,0.3682,0.7651,0.4109,113.65,0.3602,0.6597,0.004199,11.24,6.65,4.59,WARNING,slow_day
6987.0,FOOD_COURT_A,60.17,0.4011,0.6626,0.4051,113.97,0.4074,0.6089,0.011462,13.27,4.93,8.35,WARNING,slow_day
6988.0,FOOD_COURT_A,59.84,0.399,0.8336,0.4661,105.32,0.3274,0.5721,0.018367,16.09,7.81,8.28,WARNING,slow_day
6989.0,FOOD_COURT_A,50.4,0.336,0.5482,0.4946,93.39,0.413,0.5528,0.00757,15.62,10.64,4.98,WARNING,slow_day
6990.0,FOOD_COURT_A,48.94,0.3262,0.5077,0.4504,94.75,0.1239,0.7199,0.013301,13.99,4.49,9.5,WARNING,slow_day
6991.0,FOOD_COURT_A,64.53,0.4302,0.2317,0.7653,175.99,0.371,0.7669,0.022328,27.94,12.86,15.07,HIGH,slow_day
6992.0,FOOD_COURT_A,50.51,0.3367,0.5553,0.5822,97.65,0.3952,0.6644,0.015438,11.51,6.9,4.61,WARNING,slow_day
6993.0,FOOD_COURT_A,32.47,0.2165,0.9667,0.1792,42.21,0.1443,0.5482,0.007132,3.52,3.15,0.37,SAFE,slow_day
6994.0,FOOD_COURT_A,33.03,0.2202,1.089,0.1369,57.28,0.0554,0.5331,0.004998,7.67,4.16,3.51,SAFE,slow_day
6995.0,FOOD_COURT_A,24.75,0.165,1.3583,0.1559,53.98,0.0832,0.4788,0.004194,6.36,3.84,2.52,SAFE,slow_day
6996.0,FOOD_COURT_A,14.37,0.0958,1.1722,0.1333,38.33,0.1268,0.2569,0.001258,6.88,4.13,2.76,SAFE,slow_day
6997.0,FOOD_COURT_A,11.38,0.0758,1.1662,0.1364,43.38,0.1268,0.2436,0.001953,5.68,1.89,3.79,SAFE,slow_day
6998.0,FOOD_COURT_A,18.28,0.1219,1.1111,0.0988,39.91,0.1278,0.3588,0.002262,7.18,3.16,4.01,SAFE,slow_day
6999.0,FOOD_COURT_A,22.29,0.1486,1.1393,0.032,26.52,0.0814,0.3996,0.002558,6.45,3.88,2.57,SAFE,slow_day
7000.0,FOOD_COURT_A,20.99,0.1399,0.8246,0.0797,41.65,0.1265,0.4483,0.003757,11.48,6.18,5.3,SAFE,slow_day
7001.0,FOOD_COURT_A,16.23,0.1082,0.9667,0.1731,39.55,0.0827,0.3523,0.003238,5.53,0.92,4.61,SAFE,slow_day
7002.0,FOOD_COURT_A,18.9,0.126,1.0044,0.1371,44.13,0.0907,0.3942,0.003506,4.7,1.56,3.14,SAFE,slow_day
7003.0,FOOD_COURT_A,12.29,0.0819,0.7908,0.1822,50.91,0.0556,0.3796,0.003389,6.69,2.9,3.79,SAFE,slow_day
7004.0,FOOD_COURT_A,21.19,0.1413,0.981,0.1793,64.79,0.0925,0.3368,0.003299,4.59,1.38,3.21,SAFE,slow_day
7005.0,FOOD_COURT_A,23.39,0.1559,1.5001,0.1157,40.18,0.0924,0.36,0.005459,5.12,2.63,2.5,SAFE,slow_day
7006.0,FOOD_COURT_A,16.84,0.1123,1.2064,0.131,34.14,0.0716,0.2986,0.002492,12.02,4.63,7.39,SAFE,slow_day
7007.0,FOOD_COURT_A,22.25,0.1483,1.3901,0.1624,50.38,0.0564,0.3666,0.003109,7.28,4.15,3.14,SAFE,slow_day
7008.0,FOOD_COURT_A,27.06,0.1804,1.5533,0.0957,45.59,0.085,0.4785,0.003014,10.27,7.38,2.89,SAFE,slow_day
7009.0,FOOD_COURT_A,29.87,0.1991,1.2883,0.0952,26.08,0.0878,0.3208,0.00271,3.42,1.63,1.78,SAFE,slow_day
7010.0,FOOD_COURT_A,25.8,0.172,1.2509,0.0994,36.59,0.0939,0.3635,0.003705,6.05,1.15,4.9,SAFE,slow_day
7011.0,FOOD_COURT_A,26.55,0.177,1.3865,0.0936,51.93,0.0602,0.4811,0.004963,3.99,2.29,1.7,SAFE,slow_day
7012.0,FOOD_COURT_A,14.36,0.0958,1.1674,0.1069,62.86,0.0697,0.3623,0.004684,8.1,4.92,3.18,SAFE,slow_day
7013.0,FOOD_COURT_A,21.88,0.1458,1.2802,0.0675,55.47,0.1203,0.4147,0.002493,4.76,3.51,1.25,SAFE,slow_day
7014.0,FOOD_COURT_A,25.44,0.1696,1.3362,0.0508,46.87,0.0361,0.3084,0.005101,7.17,4.0,3.17,SAFE,slow_day
7015.0,FOOD_COURT_A,15.42,0.1028,1.1135,0.1075,38.69,0.0421,0.4171,0.00153,7.68,5.73,1.95,SAFE,slow_day
7016.0,FOOD_COURT_A,9.12,0.0608,1.0091,0.181,38.59,0.0811,0.4343,0.001965,5.3,2.11,3.19,SAFE,slow_day
7017.0,FOOD_COURT_A,14.32,0.0954,1.3015,0.176,27.64,0.1394,0.3953,0.004449,5.95,2.85,3.1,SAFE,slow_day
7018.0,FOOD_COURT_A,22.34,0.1489,1.4095,0.1481,31.33,0.1149,0.3039,0.004176,6.2,2.89,3.32,SAFE,slow_day
7019.0,FOOD_COURT_A,29.03,0.1935,1.3599,0.1091,36.99,0.1102,0.5201,0.002692,7.46,5.27,2.18,SAFE,slow_day
7020.0,FOOD_COURT_A,21.01,0.1401,1.255,0.0899,32.48,0.0553,0.4355,0.000808,7.76,3.44,4.32,SAFE,slow_day
7021.0,FOOD_COURT_A,24.45,0.163,1.3295,0.1267,54.86,0.0542,0.4051,0.005903,7.8,4.28,3.53,SAFE,slow_day
7022.0,FOOD_COURT_A,17.72,0.1181,1.4399,0.1324,48.44,0.0488,0.3419,0.004883,7.05,4.12,2.93,SAFE,slow_day
7023.0,FOOD_COURT_A,17.0,0.1133,1.457,0.1221,45.8,0.0641,0.267,0.004895,5.27,3.61,1.67,SAFE,slow_day
7024.0,FOOD_COURT_A,24.53,0.1635,1.1115,0.1362,31.36,0.0846,0.3209,0.006125,5.17,2.4,2.77,SAFE,slow_day
7025.0,FOOD_COURT_A,20.12,0.1341,0.8944,0.1391,37.9,0.122,0.4046,0.001838,4.72,3.65,1.07,SAFE,slow_day
7026.0,FOOD_COURT_A,26.93,0.1795,0.7995,0.0857,54.31,0.0542,0.4381,0.002105,5.42,2.19,3.23,SAFE,slow_day
7027.0,FOOD_COURT_A,30.59,0.2039,0.9584,0.038,46.68,0.1003,0.3442,0.00332,7.61,3.97,3.64,SAFE,slow_day
7028.0,FOOD_COURT_A,25.11,0.1674,1.3948,0.0312,35.02,0.1105,0.38,0.003803,7.11,1.66,5.45,SAFE,slow_day
7029.0,FOOD_COURT_A,18.15,0.121,1.3821,0.1267,45.06,0.0742,0.3268,0.006661,8.39,5.45,2.94,SAFE,slow_day
7030.0,FOOD_COURT_A,19.24,0.1283,1.3159,0.058,56.75,0.0309,0.2893,0.003455,6.46,5.04,1.42,SAFE,slow_day
7031.0,FOOD_COURT_A,25.35,0.169,1.2482,0.1345,36.94,0.057,0.4469,0.006643,6.58,2.34,4.24,SAFE,slow_day
7032.0,FOOD_COURT_A,25.68,0.1712,1.2556,0.057,51.41,0.0468,0.3939,0.004195,9.97,5.65,4.32,SAFE,slow_day
7033.0,FOOD_COURT_A,27.96,0.1864,1.582,0.0757,56.21,0.0589,0.541,0.004537,7.26,2.28,4.98,SAFE,slow_day
7034.0,FOOD_COURT_A,27.4,0.1826,1.0961,0.1039,64.11,0.0905,0.3711,0.003228,8.23,3.83,4.4,SAFE,slow_day
7035.0,FOOD_COURT_A,19.75,0.1317,1.4263,0.0603,50.67,0.1015,0.3393,0.001567,6.17,3.37,2.8,SAFE,slow_day
7036.0,FOOD_COURT_A,17.66,0.1177,1.3286,0.0701,43.5,0.0934,0.2953,0.003133,5.84,1.66,4.18,SAFE,slow_day
7037.0,FOOD_COURT_A,28.03,0.1869,1.04,0.1894,73.05,0.1028,0.4579,0.001563,9.2,3.11,6.09,SAFE,slow_day
7038.0,FOOD_COURT_A,26.41,0.1761,1.3367,0.1397,67.33,0.1185,0.3276,0.001582,9.48,3.49,6.0,SAFE,slow_day
7039.0,FOOD_COURT_A,19.05,0.127,1.1825,0.0766,64.71,0.1116,0.2276,0.001628,7.03,2.9,4.13,SAFE,slow_day
7040.0,FOOD_COURT_A,22.19,0.1479,1.3118,0.1274,47.47,0.0753,0.3497,0.003914,8.37,4.61,3.76,SAFE,slow_day
7041.0,FOOD_COURT_A,19.71,0.1314,1.5103,0.1591,41.33,0.1014,0.3875,0.001174,5.49,2.29,3.19,SAFE,slow_day
7042.0,FOOD_COURT_A,18.97,0.1264,1.2901,0.1596,32.39,0.0533,0.2386,0.001556,4.87,1.46,3.41,SAFE,slow_day
7043.0,FOOD_COURT_A,13.69,0.0912,1.2601,0.1735,46.36,0.1131,0.3366,0.000531,8.83,5.33,3.49,SAFE,slow_day
7044.0,FOOD_COURT_A,13.5,0.09,1.2081,0.0898,46.61,0.1278,0.3602,0.001075,7.35,3.82,3.53,SAFE,slow_day
7045.0,FOOD_COURT_A,22.33,0.1489,0.9924,0.0954,63.93,0.1577,0.4024,0.004148,3.8,3.8,0.0,SAFE,slow_day
7046.0,FOOD_COURT_A,19.25,0.1284,1.0289,0.036,44.66,0.1248,0.3494,0.00372,5.42,1.72,3.7,SAFE,slow_day
7047.0,FOOD_COURT_A,39.81,0.2654,0.6711,0.1279,88.11,0.3348,0.5011,0.014033,11.82,5.85,5.97,WARNING,slow_day
7048.0,FOOD_COURT_A,79.31,0.5287,0.2848,0.5342,195.69,0.579,0.7527,0.021024,22.94,13.58,9.36,HIGH,slow_day
7049.0,FOOD_COURT_A,91.66,0.6111,0.2466,0.7109,139.74,0.5163,0.8113,0.018401,23.42,10.57,12.84,HIGH,slow_day
7050.0,FOOD_COURT_A,76.04,0.5069,0.2466,0.6719,173.48,0.5782,0.8183,0.019337,22.29,8.57,13.72,HIGH,slow_day
7051.0,FOOD_COURT_A,84.03,0.5602,0.2486,0.7101,177.22,0.6696,0.8604,0.028582,18.5,11.21,7.3,HIGH,slow_day
7052.0,FOOD_COURT_A,81.77,0.5452,0.2443,0.7694,190.02,0.6051,0.8326,0.026522,11.95,6.05,5.9,HIGH,slow_day
7053.0,FOOD_COURT_A,87.12,0.5808,0.0987,0.8044,129.04,0.5887,0.855,0.01471,21.12,10.35,10.77,HIGH,slow_day
7054.0,FOOD_COURT_A,76.46,0.5098,0.6688,0.4097,104.15,0.4982,0.712,0.01093,16.6,8.69,7.91,WARNING,slow_day
7055.0,FOOD_COURT_A,84.5,0.5633,0.2986,0.5526,140.98,0.5717,0.8233,0.032275,25.15,13.17,11.99,HIGH,slow_day
7056.0,FOOD_COURT_A,59.68,0.3979,0.4416,0.4034,112.07,0.3582,0.6524,0.019781,7.65,7.65,0.0,WARNING,slow_day
7057.0,FOOD_COURT_A,77.73,0.5182,0.3236,0.565,142.4,0.5929,0.8088,0.028416,19.84,10.5,9.34,HIGH,slow_day
7058.0,FOOD_COURT_A,92.0,0.6133,0.3357,0.6472,164.3,0.6247,0.8033,0.02379,17.46,8.69,8.77,HIGH,slow_day
7059.0,FOOD_COURT_A,92.52,0.6168,0.2808,0.6499,186.68,0.6075,0.8306,0.032858,23.0,14.0,9.0,HIGH,slow_day
7060.0,FOOD_COURT_A,96.38,0.6426,0.2582,0.742,224.88,0.6726,0.944,0.029403,20.92,11.52,9.4,HIGH,slow_day
7061.0,FOOD_COURT_A,77.39,0.5159,0.7726,0.4106,129.4,0.5186,0.8543,0.016797,15.01,5.41,9.6,WARNING,slow_day
7062.0,FOOD_COURT_A,62.59,0.4173,0.7548,0.4392,108.91,0.5216,0.7364,0.00797,16.74,9.33,7.41,WARNING,slow_day
7063.0,FOOD_COURT_A,61.11,0.4074,0.7318,0.3857,69.92,0.4253,0.8371,0.013872,13.2,9.37,3.82,WARNING,slow_day
7064.0,FOOD_COURT_A,41.14,0.2743,1.2909,0.2388,57.22,0.1726,0.685,0.007516,5.64,4.69,0.95,SAFE,slow_day
7065.0,FOOD_COURT_A,27.99,0.1866,1.2539,0.1143,46.11,0.1264,0.4203,0.004611,7.43,2.59,4.84,SAFE,slow_day
7066.0,FOOD_COURT_A,26.66,0.1778,0.9672,0.0795,70.04,0.1769,0.2946,0.005188,3.15,0.56,2.59,SAFE,slow_day
7067.0,FOOD_COURT_A,24.79,0.1653,1.031,0.078,41.02,0.1138,0.2091,0.003404,5.17,1.12,4.05,SAFE,slow_day
7068.0,FOOD_COURT_A,19.53,0.1302,0.8636,0.0234,66.61,0.0341,0.3442,0.002069,6.94,4.59,2.35,SAFE,slow_day
7069.0,FOOD_COURT_A,17.89,0.1193,0.9367,0.0558,39.38,0.0587,0.3719,0.002574,2.74,0.93,1.82,SAFE,slow_day
7070.0,FOOD_COURT_A,18.96,0.1264,1.3277,0.1263,41.17,0.0431,0.3319,0.003876,5.42,2.86,2.55,SAFE,slow_day
7071.0,FOOD_COURT_A,15.99,0.1066,0.9259,0.0824,58.79,0.0292,0.3477,0.002971,6.45,3.72,2.72,SAFE,slow_day
7072.0,FOOD_COURT_A,17.8,0.1186,1.0588,0.0656,30.52,0.0656,0.3137,0.003817,6.02,3.13,2.89,SAFE,slow_day
7073.0,FOOD_COURT_A,20.7,0.138,0.8019,0.1601,44.66,0.0726,0.3962,0.005535,4.35,2.72,1.62,SAFE,slow_day
7074.0,FOOD_COURT_A,16.15,0.1077,0.9766,0.1175,49.33,0.0668,0.4365,0.003318,7.79,4.06,3.73,SAFE,slow_day
7075.0,FOOD_COURT_A,21.03,0.1402,1.0843,0.1022,63.56,0.1313,0.4474,0.005573,6.62,3.66,2.96,SAFE,slow_day
7076.0,FOOD_COURT_A,18.1,0.1207,1.1763,0.1457,53.66,0.1045,0.3429,0.002856,7.28,5.24,2.04,SAFE,slow_day
7077.0,FOOD_COURT_A,51.03,0.3402,0.7129,0.2454,94.54,0.3752,0.5301,0.013554,16.31,6.34,9.97,WARNING,slow_day
7078.0,FOOD_COURT_A,63.85,0.4257,0.5078,0.3169,116.92,0.2947,0.688,0.022669,12.85,6.93,5.93,WARNING,slow_day
7079.0,FOOD_COURT_A,75.3,0.502,0.302,0.7951,244.19,0.3146,0.8511,0.022736,24.13,15.58,8.55,HIGH,slow_day
7080.0,FOOD_COURT_A,79.81,0.5321,0.2384,0.8467,175.12,0.4676,0.8999,0.033417,14.36,6.84,7.52,HIGH,slow_day
7081.0,FOOD_COURT_A,79.24,0.5283,0.1846,0.7659,107.02,0.4981,0.9487,0.024367,14.76,7.65,7.11,HIGH,slow_day
7082.0,FOOD_COURT_A,62.44,0.4163,0.3823,0.562,110.92,0.368,0.8132,0.014496,13.38,5.91,7.47,WARNING,slow_day
7083.0,FOOD_COURT_A,59.15,0.3943,0.5504,0.4949,120.22,0.443,0.7401,0.009744,13.18,6.02,7.16,WARNING,slow_day
7084.0,FOOD_COURT_A,63.37,0.4225,0.6174,0.5457,79.66,0.3815,0.7158,0.008337,13.61,8.73,4.87,WARNING,slow_day
7085.0,FOOD_COURT_A,91.85,0.6124,0.4221,0.5372,138.01,0.5123,0.8143,0.017486,16.8,8.21,8.59,HIGH,slow_day
7086.0,FOOD_COURT_A,71.4,0.476,0.7839,0.3732,115.62,0.329,0.7307,0.015773,8.97,2.95,6.02,WARNING,slow_day
7087.0,FOOD_COURT_A,63.21,0.4214,0.667,0.4809,91.66,0.3219,0.6505,0.015613,7.0,5.06,1.94,WARNING,slow_day
7088.0,FOOD_COURT_A,60.23,0.4015,0.6836,0.5001,100.24,0.2869,0.6888,0.017669,11.5,8.38,3.12,WARNING,slow_day
7089.0,FOOD_COURT_A,64.85,0.4323,0.7793,0.462,93.15,0.2894,0.6965,0.013612,14.24,9.18,5.06,WARNING,slow_day
7090.0,FOOD_COURT_A,63.91,0.4261,0.6643,0.4038,85.5,0.2869,0.8366,0.009815,13.17,9.12,4.05,WARNING,slow_day
7091.0,FOOD_COURT_A,24.85,0.1657,1.0142,0.2389,46.98,0.1017,0.4394,0.0047,6.98,1.75,5.24,SAFE,slow_day
7092.0,FOOD_COURT_A,21.06,0.1404,1.0703,0.2128,51.91,0.1073,0.4396,0.004679,12.94,8.32,4.61,SAFE,slow_day
7093.0,FOOD_COURT_A,30.79,0.2053,1.4402,0.1871,19.07,0.1005,0.3923,0.005341,6.91,3.83,3.08,SAFE,slow_day
7094.0,FOOD_COURT_A,52.22,0.3481,1.1322,0.3789,65.98,0.2166,0.6635,0.016424,16.37,8.28,8.09,WARNING,slow_day
7095.0,FOOD_COURT_A,33.23,0.2215,1.1138,0.1349,50.59,0.1143,0.3664,0.00745,8.12,3.33,4.79,SAFE,slow_day
7096.0,FOOD_COURT_A,14.9,0.0993,1.3131,0.0456,41.8,0.0695,0.5107,0.003575,10.77,5.82,4.95,SAFE,slow_day
7097.0,FOOD_COURT_A,42.05,0.2803,0.6855,0.3391,62.03,0.1903,0.5873,0.007594,13.23,6.4,6.83,WARNING,slow_day
7098.0,FOOD_COURT_A,58.3,0.3887,0.5666,0.2887,48.02,0.3586,0.6194,0.010473,13.45,3.9,9.54,WARNING,slow_day
7099.0,FOOD_COURT_A,34.45,0.2296,1.0063,0.224,62.9,0.1464,0.4526,0.003718,9.04,6.17,2.87,SAFE,slow_day
7100.0,FOOD_COURT_A,26.57,0.1771,1.1838,0.1417,33.88,0.0764,0.5585,0.00269,10.35,3.01,7.34,SAFE,slow_day
7101.0,FOOD_COURT_A,15.89,0.1059,1.1594,0.1034,43.55,0.0356,0.4347,0.003056,5.95,2.42,3.53,SAFE,slow_day
7102.0,FOOD_COURT_A,18.55,0.1237,1.1125,0.068,45.65,0.0646,0.3324,0.001382,8.3,3.03,5.27,SAFE,slow_day
7103.0,FOOD_COURT_A,16.22,0.1081,1.325,0.1632,38.51,0.0958,0.308,0.001568,6.16,3.38,2.78,SAFE,slow_day
7104.0,FOOD_COURT_A,35.43,0.2362,0.9199,0.4042,91.81,0.2364,0.6555,0.002413,15.69,9.57,6.12,WARNING,slow_day
7105.0,FOOD_COURT_A,89.66,0.5978,0.4329,0.7567,125.68,0.5938,0.8201,0.012751,20.69,10.48,10.21,HIGH,slow_day
7106.0,FOOD_COURT_A,85.72,0.5714,0.3305,0.6179,150.48,0.5052,0.8107,0.020266,22.89,8.16,14.73,HIGH,slow_day
7107.0,FOOD_COURT_A,35.05,0.2337,1.1217,0.2818,82.53,0.221,0.5797,0.008104,8.78,3.32,5.47,SAFE,slow_day
7108.0,FOOD_COURT_A,23.47,0.1565,1.4185,0.1671,60.83,0.137,0.5268,0.004288,9.23,4.03,5.2,SAFE,slow_day
7109.0,FOOD_COURT_A,20.63,0.1375,1.3456,0.177,60.71,0.0911,0.4573,0.003907,5.74,3.35,2.39,SAFE,slow_day
7110.0,FOOD_COURT_A,7.02,0.0468,1.5383,0.1605,56.97,0.0564,0.3929,0.002427,7.53,4.79,2.74,SAFE,slow_day
7111.0,FOOD_COURT_A,13.71,0.0914,1.3548,0.0735,28.36,0.0489,0.2616,0.002326,6.93,3.87,3.06,SAFE,slow_day
7112.0,FOOD_COURT_A,26.24,0.175,1.2819,0.0654,37.94,0.0848,0.4236,0.002999,4.54,2.97,1.57,SAFE,slow_day
7113.0,FOOD_COURT_A,26.37,0.1758,1.0753,0.1016,57.76,0.0664,0.4129,0.001989,4.4,0.3,4.1,SAFE,slow_day
7114.0,FOOD_COURT_A,12.29,0.0819,1.2212,0.1002,63.06,0.0349,0.5074,0.001148,6.5,2.67,3.83,SAFE,slow_day
7115.0,FOOD_COURT_A,15.05,0.1003,1.2578,0.1272,47.04,0.0438,0.4729,0.002387,6.16,2.59,3.57,SAFE,slow_day
7116.0,FOOD_COURT_A,9.65,0.0644,1.1767,0.0836,43.08,0.0726,0.415,0.0031,7.41,3.95,3.46,SAFE,slow_day
7117.0,FOOD_COURT_A,15.81,0.1054,0.9202,0.1218,41.78,0.13,0.3155,0.002429,6.15,2.81,3.34,SAFE,slow_day
7118.0,FOOD_COURT_A,16.26,0.1084,0.9082,0.0802,51.14,0.1161,0.4238,0.001076,4.71,2.71,2.0,SAFE,slow_day
7119.0,FOOD_COURT_A,18.06,0.1204,1.2711,0.1102,42.42,0.1426,0.3709,0.002008,7.93,4.59,3.34,SAFE,slow_day
7120.0,FOOD_COURT_A,26.86,0.1791,1.2104,0.1905,46.14,0.0907,0.3078,0.001058,1.99,1.99,0.0,SAFE,slow_day
7121.0,FOOD_COURT_A,18.82,0.1255,1.2522,0.145,29.44,0.0663,0.2619,0.002965,8.63,4.13,4.5,SAFE,slow_day
7122.0,FOOD_COURT_A,12.13,0.0809,1.3181,0.0883,28.8,0.033,0.3388,0.002422,4.01,2.51,1.5,SAFE,slow_day
7123.0,FOOD_COURT_A,23.62,0.1575,1.5452,0.079,31.98,0.0415,0.5319,0.003021,8.0,4.81,3.19,SAFE,slow_day
7124.0,FOOD_COURT_A,32.79,0.2186,1.1708,0.1142,51.07,0.1015,0.1706,0.001254,10.07,4.88,5.19,SAFE,slow_day
7125.0,FOOD_COURT_A,19.88,0.1326,1.0693,0.0919,35.58,0.0624,0.3275,0.002834,6.3,4.85,1.45,SAFE,slow_day
7126.0,FOOD_COURT_A,12.78,0.0852,0.9525,0.1662,37.32,0.1801,0.3388,0.002058,2.6,0.17,2.43,SAFE,slow_day
7127.0,FOOD_COURT_A,19.04,0.1269,1.0082,0.0721,52.94,0.1269,0.3257,0.005291,5.29,1.32,3.97,SAFE,slow_day
7128.0,FOOD_COURT_A,30.69,0.2046,1.0031,0.0993,45.29,0.0942,0.3428,0.004462,10.29,7.06,3.23,SAFE,slow_day
7129.0,FOOD_COURT_A,19.11,0.1274,0.8936,0.0712,44.49,0.0985,0.4193,0.003685,6.1,2.84,3.26,SAFE,slow_day
7130.0,FOOD_COURT_A,20.5,0.1367,1.1919,0.1655,52.81,0.0832,0.473,0.001105,8.33,6.86,1.47,SAFE,slow_day
7131.0,FOOD_COURT_A,24.04,0.1603,1.0452,0.0502,63.66,0.1032,0.3601,0.00142,6.78,4.48,2.3,SAFE,slow_day
7132.0,FOOD_COURT_A,18.88,0.1259,0.9967,0.0366,63.35,0.1146,0.316,0.000426,11.22,7.07,4.15,SAFE,slow_day
7133.0,FOOD_COURT_A,22.24,0.1483,1.061,0.0609,50.93,0.1227,0.3712,0.002289,5.36,2.73,2.63,SAFE,slow_day
7134.0,FOOD_COURT_A,27.01,0.18,1.4018,0.1023,42.23,0.1091,0.488,0.002519,7.48,3.91,3.57,SAFE,slow_day
7135.0,FOOD_COURT_A,25.69,0.1713,1.1238,0.1177,54.91,0.1085,0.4213,0.003186,4.19,3.5,0.69,SAFE,slow_day
7136.0,FOOD_COURT_A,27.61,0.1841,1.0724,0.1267,34.64,0.1143,0.4317,0.002942,7.5,4.2,3.3,SAFE,slow_day
7137.0,FOOD_COURT_A,21.26,0.1417,1.116,0.1315,45.53,0.1115,0.4355,0.003771,7.02,2.86,4.16,SAFE,slow_day
7138.0,FOOD_COURT_A,25.94,0.1729,0.777,0.0395,33.84,0.0737,0.4542,0.002949,9.09,4.29,4.79,SAFE,slow_day
7139.0,FOOD_COURT_A,24.78,0.1652,0.9058,0.1078,33.82,0.0581,0.4347,0.003163,9.9,2.85,7.05,SAFE,slow_day
7140.0,FOOD_COURT_A,24.01,0.1601,1.077,0.0893,30.65,0.0587,0.3758,0.002992,7.1,2.82,4.28,SAFE,slow_day
7141.0,FOOD_COURT_A,32.76,0.2184,1.0711,0.1038,49.13,0.1478,0.2475,0.003558,5.69,3.64,2.05,SAFE,slow_day
7142.0,FOOD_COURT_A,29.64,0.1976,0.9647,0.1775,46.27,0.1335,0.2823,0.001498,9.25,6.29,2.96,SAFE,slow_day
7143.0,FOOD_COURT_A,22.44,0.1496,1.1651,0.1736,60.04,0.0929,0.3418,0.001201,5.67,3.13,2.54,SAFE,slow_day
7144.0,FOOD_COURT_A,19.02,0.1268,1.0597,0.1364,56.52,0.0991,0.3485,0.001525,7.26,3.81,3.45,SAFE,slow_day
7145.0,FOOD_COURT_A,51.66,0.3444,0.9439,0.2556,109.31,0.2398,0.5086,0.010767,16.86,11.28,5.58,WARNING,slow_day
7146.0,FOOD_COURT_A,60.29,0.4019,0.5802,0.3847,131.98,0.2739,0.5102,0.0156,13.72,8.97,4.74,WARNING,slow_day
7147.0,FOOD_COURT_A,31.85,0.2124,0.6977,0.1598,77.31,0.1987,0.3903,0.006862,4.68,4.19,0.49,SAFE,slow_day
7148.0,FOOD_COURT_A,29.54,0.1969,0.96,0.0948,48.51,0.1035,0.3427,0.004285,7.64,5.47,2.17,SAFE,slow_day
7149.0,FOOD_COURT_A,20.49,0.1366,1.219,0.0601,62.94,0.1023,0.482,0.001285,10.06,5.57,4.49,SAFE,slow_day
7150.0,FOOD_COURT_A,13.79,0.0919,1.3284,0.1293,44.68,0.1217,0.4577,0.001636,2.89,0.6,2.29,SAFE,slow_day
7151.0,FOOD_COURT_A,11.9,0.0794,1.2865,0.0825,61.99,0.0684,0.362,0.000986,6.58,1.82,4.76,SAFE,slow_day
7152.0,FOOD_COURT_A,18.37,0.1225,1.1234,0.0644,65.15,0.0644,0.3775,0.000869,2.39,2.35,0.05,SAFE,slow_day
7153.0,FOOD_COURT_A,16.03,0.1068,1.4083,0.0193,50.69,0.0581,0.4739,0.003383,7.07,4.75,2.32,SAFE,slow_day
7154.0,FOOD_COURT_A,16.39,0.1092,1.1468,0.0512,51.93,0.0703,0.2863,0.004405,6.05,4.03,2.03,SAFE,slow_day
7155.0,FOOD_COURT_A,20.52,0.1368,1.6604,0.1152,46.46,0.0705,0.3668,0.003821,7.3,3.58,3.73,SAFE,slow_day
7156.0,FOOD_COURT_A,16.0,0.1067,1.1851,0.152,39.85,0.0787,0.2403,0.00492,7.07,2.59,4.48,SAFE,slow_day
7157.0,FOOD_COURT_A,17.41,0.1161,1.336,0.1786,57.84,0.0869,0.313,0.003467,5.67,5.67,0.0,SAFE,slow_day
7158.0,FOOD_COURT_A,23.86,0.1591,0.9927,0.1871,68.31,0.0545,0.3585,0.003016,5.43,2.01,3.43,SAFE,slow_day
7159.0,FOOD_COURT_A,14.89,0.0993,1.1155,0.1865,36.32,0.077,0.2908,0.004786,3.75,1.98,1.78,SAFE,slow_day
7160.0,FOOD_COURT_A,6.65,0.0444,1.3412,0.148,43.98,0.1108,0.3261,0.003553,6.43,2.66,3.77,SAFE,slow_day
7161.0,FOOD_COURT_A,42.26,0.2817,0.736,0.2927,60.99,0.2487,0.5585,0.014024,14.95,9.36,5.59,WARNING,slow_day
7162.0,FOOD_COURT_A,53.44,0.3563,0.8464,0.4004,118.45,0.2874,0.5504,0.011686,16.34,6.69,9.64,WARNING,slow_day
7163.0,FOOD_COURT_A,50.06,0.3338,0.7036,0.4101,116.29,0.1418,0.6895,0.009508,19.68,9.44,10.24,WARNING,slow_day
7164.0,FOOD_COURT_A,59.21,0.3947,0.5221,0.4082,134.16,0.2287,0.6991,0.014945,14.15,4.28,9.87,WARNING,slow_day
7165.0,FOOD_COURT_A,54.64,0.3643,0.4495,0.4139,108.74,0.2888,0.6521,0.012941,10.36,5.77,4.59,WARNING,slow_day
7166.0,FOOD_COURT_A,44.01,0.2934,0.8053,0.3747,102.77,0.2001,0.7569,0.01384,16.26,9.36,6.9,WARNING,slow_day
7167.0,FOOD_COURT_A,45.56,0.3037,0.5478,0.3451,95.27,0.2213,0.6938,0.011932,14.18,7.22,6.96,WARNING,slow_day
7168.0,FOOD_COURT_A,74.61,0.4974,0.4866,0.6323,121.37,0.4796,0.8816,0.017642,24.2,12.59,11.61,HIGH,slow_day
7169.0,FOOD_COURT_A,72.72,0.4848,0.534,0.3901,138.46,0.312,0.8793,0.024885,13.88,6.16,7.72,WARNING,slow_day
7170.0,FOOD_COURT_A,34.23,0.2282,0.9254,0.1768,74.31,0.1689,0.6655,0.012202,9.47,6.8,2.67,SAFE,slow_day
7171.0,FOOD_COURT_A,19.14,0.1276,1.0627,0.0899,56.99,0.1131,0.6189,0.006613,5.93,5.93,0.0,SAFE,slow_day
7172.0,FOOD_COURT_A,26.75,0.1783,0.8241,0.0412,56.67,0.0651,0.4424,0.002588,5.41,1.23,4.19,SAFE,slow_day
7173.0,FOOD_COURT_A,47.05,0.3137,0.8025,0.3495,99.8,0.2438,0.6105,0.010748,12.97,5.15,7.82,WARNING,slow_day
7174.0,FOOD_COURT_A,51.57,0.3438,0.8427,0.3295,128.53,0.2504,0.6708,0.009208,10.68,5.32,5.35,WARNING,slow_day
7175.0,FOOD_COURT_A,29.07,0.1938,1.465,0.1087,67.7,0.1282,0.4351,0.003903,11.2,7.05,4.15,SAFE,slow_day
7176.0,FOOD_COURT_A,17.77,0.1184,1.0773,0.0603,53.18,0.1007,0.3874,0.001477,9.62,4.9,4.72,SAFE,slow_day
7177.0,FOOD_COURT_A,15.49,0.1032,0.745,0.0894,32.92,0.0569,0.4201,0.000443,6.86,3.68,3.18,SAFE,slow_day
7178.0,FOOD_COURT_A,17.74,0.1183,0.9267,0.0775,32.9,0.0649,0.3697,0.004426,3.72,0.5,3.22,SAFE,slow_day
7179.0,FOOD_COURT_A,17.1,0.114,1.0463,0.0899,45.01,0.1079,0.3555,0.003844,5.9,3.11,2.79,SAFE,slow_day
7180.0,FOOD_COURT_A,24.15,0.161,1.4467,0.0997,52.94,0.0604,0.3954,0.004816,6.38,2.55,3.83,SAFE,slow_day
7181.0,FOOD_COURT_A,11.0,0.0733,1.3476,0.0686,32.25,0.053,0.325,0.003329,7.87,4.83,3.04,SAFE,slow_day
7182.0,FOOD_COURT_A,21.77,0.1451,1.3009,0.1334,45.56,0.0738,0.2268,0.002063,8.31,5.44,2.88,SAFE,slow_day
7183.0,FOOD_COURT_A,18.81,0.1254,1.3271,0.0513,55.4,0.0977,0.2447,0.003427,5.54,2.53,3.02,SAFE,slow_day
7184.0,FOOD_COURT_A,16.05,0.107,1.2599,0.152,53.26,0.1162,0.2547,0.005027,6.37,2.89,3.48,SAFE,slow_day
7185.0,FOOD_COURT_A,17.86,0.1191,1.0588,0.0775,42.32,0.1044,0.4198,0.002441,5.24,3.04,2.21,SAFE,slow_day
7186.0,FOOD_COURT_A,24.65,0.1643,1.3445,0.1845,45.87,0.1184,0.3965,0.002232,4.9,2.73,2.17,SAFE,slow_day
7187.0,FOOD_COURT_A,24.61,0.164,1.3106,0.1492,49.63,0.1363,0.4145,0.00195,9.8,5.46,4.34,SAFE,slow_day
7188.0,FOOD_COURT_A,25.46,0.1697,1.133,0.0735,35.37,0.1064,0.3195,0.00396,4.7,4.33,0.37,SAFE,slow_day
7189.0,FOOD_COURT_A,33.2,0.2213,1.3711,0.1118,37.25,0.0958,0.4731,0.002945,5.59,1.91,3.67,SAFE,slow_day
7190.0,FOOD_COURT_A,26.38,0.1758,1.6078,0.0888,57.52,0.0768,0.4651,0.002743,9.07,5.14,3.93,SAFE,slow_day
7191.0,FOOD_COURT_A,29.59,0.1972,1.2061,0.0378,45.52,0.057,0.5204,0.00347,8.63,3.63,5.0,SAFE,slow_day
7192.0,FOOD_COURT_A,17.13,0.1142,1.3776,0.0812,61.28,0.0783,0.4099,0.004496,6.77,5.73,1.04,SAFE,slow_day
7193.0,FOOD_COURT_A,28.17,0.1878,1.1963,0.0492,48.53,0.1276,0.4179,0.00239,5.71,2.25,3.46,SAFE,slow_day
7194.0,FOOD_COURT_A,28.0,0.1867,1.5201,0.0917,62.25,0.0708,0.4061,0.003939,8.05,3.19,4.86,SAFE,slow_day
7195.0,FOOD_COURT_A,30.84,0.2056,1.353,0.12,56.9,0.043,0.3757,0.004487,5.72,3.69,2.03,SAFE,slow_day
7196.0,FOOD_COURT_A,28.38,0.1892,1.4467,0.1483,46.92,0.0698,0.383,0.00293,7.47,4.37,3.1,SAFE,slow_day
7197.0,FOOD_COURT_A,25.27,0.1685,1.0632,0.0874,54.88,0.0209,0.3411,0.002609,6.22,2.55,3.67,SAFE,slow_day
7198.0,FOOD_COURT_A,24.02,0.1602,1.1309,0.1109,51.98,0.0728,0.375,0.002752,7.65,2.67,4.98,SAFE,slow_day
7199.0,FOOD_COURT_A,16.69,0.1112,1.0398,0.1232,57.22,0.0274,0.2697,0.001782,2.65,2.65,0.0,SAFE,slow_day
