sequence_id,time_sec,zone,people_count,density,avg_speed_mps,stagnation_ratio,avg_dwell_time_sec,flow_conflict_ratio,directional_entropy,acceleration_variance,zone_transitions,inflow,outflow,risk_label,risk_class
1,0,EVENT_ATRIUM,188,0.705,0.729,0.495,73.74,0.301,0.693,-0.908,4,4,5,WARNING,1
1,1,EVENT_ATRIUM,182,0.657,0.834,0.367,62.5,0.33,0.681,-0.828,4,13,5,WARNING,1
1,2,LIVE_PERFORMANCE_ZONE,183,0.716,0.736,0.341,62.15,0.289,0.776,-1.09,9,10,8,WARNING,1
1,3,MALL_CONCERT_STAGE,199,0.75,0.71,0.387,84.41,0.373,0.736,-0.62,7,6,12,WARNING,1
1,4,FESTIVAL_CORRIDOR,181,0.707,0.816,0.377,84.59,0.382,0.614,-0.247,4,14,10,WARNING,1
1,5,LIVE_PERFORMANCE_ZONE,184,0.747,0.65,0.42,79.58,0.39,0.699,-1.26,8,3,9,WARNING,1
1,6,EVENT_ATRIUM,170,0.687,0.895,0.531,63.73,0.359,0.744,-0.729,8,11,6,WARNING,1
1,7,EVENT_ATRIUM,184,0.719,0.738,0.403,75.93,0.299,0.763,-0.579,12,7,4,WARNING,1
1,8,MALL_CONCERT_STAGE,186,0.659,0.952,0.337,79.19,0.31,0.694,-1.179,5,8,9,WARNING,1
1,9,LIVE_PERFORMANCE_ZONE,164,0.616,1.024,0.303,70.39,0.327,0.642,-0.714,6,7,7,SAFE,0
1,10,LIVE_PERFORMANCE_ZONE,187,0.753,0.812,0.467,73.56,0.327,0.737,-1.246,4,10,9,WARNING,1
1,11,EVENT_ATRIUM,192,0.763,0.865,0.421,83.81,0.354,0.786,-0.856,10,7,6,WARNING,1
1,12,MALL_CONCERT_STAGE,183,0.669,0.9,0.295,73.55,0.314,0.631,-0.361,6,11,10,WARNING,1
1,13,MALL_CONCERT_STAGE,210,0.82,0.663,0.544,92,0.466,0.795,-0.514,6,12,13,WARNING,1
1,14,LIVE_PERFORMANCE_ZONE,181,0.742,0.735,0.48,79.17,0.405,0.769,-0.963,8,7,12,WARNING,1
1,15,FESTIVAL_CORRIDOR,178,0.674,0.72,0.443,78.12,0.318,0.731,-1.499,8,7,4,WARNING,1
1,16,LIVE_PERFORMANCE_ZONE,195,0.743,0.82,0.409,67.88,0.377,0.733,-0.429,4,8,3,WARNING,1
1,17,LIVE_PERFORMANCE_ZONE,177,0.663,0.849,0.25,60.43,0.373,0.797,-0.818,4,7,9,WARNING,1
1,18,EVENT_ATRIUM,189,0.776,0.865,0.526,69.42,0.327,0.788,-0.527,4,8,6,WARNING,1
1,19,MALL_CONCERT_STAGE,176,0.661,0.915,0.374,85.18,0.382,0.76,-0.995,4,7,6,WARNING,1
1,20,MALL_CONCERT_STAGE,214,0.805,0.697,0.451,85.56,0.412,0.827,-0.895,6,14,15,WARNING,1
1,21,LIVE_PERFORMANCE_ZONE,183,0.729,0.869,0.406,70.13,0.361,0.759,-0.584,7,9,10,WARNING,1
1,22,MALL_CONCERT_STAGE,201,0.784,0.729,0.448,77.87,0.318,0.822,-1.353,5,13,5,WARNING,1
1,23,LIVE_PERFORMANCE_ZONE,187,0.743,0.986,0.435,73.32,0.351,0.812,-0.998,1,10,7,WARNING,1
1,24,MALL_CONCERT_STAGE,189,0.74,0.875,0.416,67.82,0.361,0.704,-1.183,8,9,13,WARNING,1
1,25,EVENT_ATRIUM,185,0.726,0.704,0.435,74.4,0.333,0.785,-0.625,6,3,11,WARNING,1
1,26,EVENT_ATRIUM,188,0.737,0.803,0.357,76.82,0.367,0.752,-1.26,7,11,9,WARNING,1
1,27,LIVE_PERFORMANCE_ZONE,187,0.72,0.849,0.36,76.91,0.315,0.715,-1.268,8,4,7,WARNING,1
1,28,LIVE_PERFORMANCE_ZONE,185,0.781,0.82,0.4,82,0.453,0.814,-0.375,9,8,10,WARNING,1
1,29,MALL_CONCERT_STAGE,186,0.754,0.75,0.421,81.21,0.285,0.732,-0.438,4,15,7,WARNING,1
1,30,FESTIVAL_CORRIDOR,207,0.789,0.656,0.42,85.06,0.317,0.826,-0.759,7,12,11,WARNING,1
1,31,LIVE_PERFORMANCE_ZONE,193,0.747,0.749,0.44,81.56,0.402,0.718,-0.761,5,11,14,WARNING,1
1,32,FESTIVAL_CORRIDOR,209,0.799,0.656,0.483,86.49,0.308,0.775,-1.148,2,8,13,WARNING,1
1,33,MALL_CONCERT_STAGE,202,0.788,0.858,0.43,77.15,0.453,0.711,-1.6,4,12,12,WARNING,1
1,34,EVENT_ATRIUM,216,0.822,0.736,0.538,101.37,0.328,0.781,-1.026,4,14,5,WARNING,1
1,35,MALL_CONCERT_STAGE,207,0.85,0.662,0.396,86.9,0.381,0.86,-1.108,2,4,8,WARNING,1
1,36,FESTIVAL_CORRIDOR,220,0.819,0.698,0.431,79.25,0.347,0.804,-1.128,6,18,16,WARNING,1
1,37,EVENT_ATRIUM,216,0.837,0.597,0.434,89.29,0.447,0.959,-0.903,7,10,14,WARNING,1
1,38,MALL_CONCERT_STAGE,209,0.757,0.867,0.41,83.81,0.335,0.849,-1.345,5,5,8,WARNING,1
1,39,LIVE_PERFORMANCE_ZONE,221,0.86,0.65,0.497,87.34,0.361,0.873,-1.061,5,13,10,WARNING,1
1,40,EVENT_ATRIUM,222,0.838,0.815,0.499,81.67,0.304,0.734,-0.694,4,14,9,WARNING,1
1,41,EVENT_ATRIUM,244,0.948,0.521,0.525,95.22,0.473,0.818,-0.724,6,13,16,HIGH,2
1,42,MALL_CONCERT_STAGE,233,0.919,0.652,0.486,81.24,0.405,0.788,-0.528,8,12,12,WARNING,1
1,43,MALL_CONCERT_STAGE,248,0.944,0.362,0.634,83.79,0.387,0.92,-0.101,6,18,17,HIGH,2
1,44,EVENT_ATRIUM,221,0.847,0.7,0.41,100.1,0.418,0.819,-0.608,7,7,9,WARNING,1
1,45,MALL_CONCERT_STAGE,240,0.924,0.527,0.475,82.1,0.514,0.796,-1.182,8,8,15,WARNING,1
1,46,FESTIVAL_CORRIDOR,234,0.872,0.585,0.447,78.48,0.449,0.802,-0.84,7,10,11,WARNING,1
1,47,EVENT_ATRIUM,237,0.905,0.558,0.447,85.86,0.385,0.849,-1.193,7,10,11,WARNING,1
1,48,EVENT_ATRIUM,252,0.915,0.698,0.538,88.91,0.392,0.916,-1.037,1,12,14,WARNING,1
1,49,LIVE_PERFORMANCE_ZONE,269,1,0.515,0.535,98.93,0.474,0.935,-0.665,4,21,10,HIGH,2
1,50,EVENT_ATRIUM,246,0.93,0.712,0.606,92.58,0.348,0.906,-1.747,8,8,19,HIGH,2
1,51,FESTIVAL_CORRIDOR,237,0.917,0.788,0.489,86.81,0.461,0.728,-0.911,3,11,11,WARNING,1
1,52,MALL_CONCERT_STAGE,239,0.912,0.492,0.423,81.64,0.449,0.848,-1.448,5,15,7,WARNING,1
1,53,LIVE_PERFORMANCE_ZONE,238,0.915,0.628,0.563,97.85,0.38,0.726,-0.605,6,14,10,WARNING,1
1,54,EVENT_ATRIUM,255,1,0.537,0.49,104.55,0.46,0.84,-0.821,3,14,9,HIGH,2
1,55,LIVE_PERFORMANCE_ZONE,227,0.847,0.654,0.551,76.16,0.342,0.889,-0.951,8,17,12,WARNING,1
1,56,MALL_CONCERT_STAGE,211,0.803,0.707,0.49,82.03,0.396,0.831,-0.413,3,9,11,WARNING,1
1,57,LIVE_PERFORMANCE_ZONE,239,0.897,0.5,0.568,87.5,0.421,0.91,-0.723,8,14,8,HIGH,2
1,58,LIVE_PERFORMANCE_ZONE,198,0.791,0.689,0.397,82.75,0.4,0.769,-0.834,10,7,10,WARNING,1
1,59,FESTIVAL_CORRIDOR,230,0.896,0.718,0.526,88.71,0.381,0.832,-1.214,8,10,6,WARNING,1
1,60,FESTIVAL_CORRIDOR,205,0.789,0.857,0.371,76.38,0.406,0.804,-1.137,1,7,8,WARNING,1
1,61,LIVE_PERFORMANCE_ZONE,240,0.959,0.627,0.557,100.17,0.438,0.837,-0.968,7,10,5,HIGH,2
1,62,MALL_CONCERT_STAGE,219,0.863,0.578,0.527,90.23,0.371,0.758,-0.896,12,8,10,WARNING,1
1,63,FESTIVAL_CORRIDOR,213,0.786,0.767,0.404,83.35,0.382,0.733,-1.141,7,10,7,WARNING,1
1,64,EVENT_ATRIUM,193,0.746,0.759,0.457,81.09,0.38,0.755,0.028,5,8,10,WARNING,1
1,65,EVENT_ATRIUM,209,0.831,0.497,0.407,88.81,0.481,0.808,-1.12,5,7,11,WARNING,1
1,66,FESTIVAL_CORRIDOR,186,0.688,0.944,0.355,67.42,0.245,0.688,-0.822,3,10,7,WARNING,1
1,67,MALL_CONCERT_STAGE,187,0.732,0.96,0.349,76.73,0.408,0.749,-0.627,7,12,9,WARNING,1
1,68,LIVE_PERFORMANCE_ZONE,207,0.791,0.667,0.465,73.29,0.46,0.864,-0.653,5,8,8,WARNING,1
1,69,LIVE_PERFORMANCE_ZONE,207,0.757,0.825,0.45,70.08,0.397,0.78,-0.578,6,21,10,WARNING,1
1,70,FESTIVAL_CORRIDOR,205,0.85,0.711,0.579,80.56,0.492,0.798,-0.979,2,11,9,WARNING,1
1,71,MALL_CONCERT_STAGE,200,0.75,0.782,0.389,72.86,0.361,0.78,-0.393,7,9,12,WARNING,1
1,72,LIVE_PERFORMANCE_ZONE,187,0.667,0.939,0.356,77.01,0.328,0.708,-1.291,9,8,8,WARNING,1
1,73,EVENT_ATRIUM,184,0.688,0.733,0.286,78.86,0.323,0.767,-0.214,4,6,6,WARNING,1
1,74,FESTIVAL_CORRIDOR,201,0.749,0.919,0.359,83.58,0.372,0.765,0.092,2,6,13,WARNING,1
1,75,FESTIVAL_CORRIDOR,198,0.774,0.697,0.514,71.56,0.408,0.826,-1.054,11,7,9,WARNING,1
1,76,LIVE_PERFORMANCE_ZONE,174,0.673,0.771,0.375,71.04,0.317,0.713,-0.481,4,9,7,WARNING,1
1,77,EVENT_ATRIUM,163,0.611,0.865,0.305,65.7,0.274,0.587,-0.427,7,7,10,SAFE,0
1,78,LIVE_PERFORMANCE_ZONE,184,0.727,0.818,0.383,62.69,0.346,0.913,-1.217,10,4,5,WARNING,1
1,79,LIVE_PERFORMANCE_ZONE,192,0.744,0.78,0.39,85.39,0.395,0.721,-0.653,6,11,8,WARNING,1
1,80,LIVE_PERFORMANCE_ZONE,209,0.827,0.828,0.488,86.89,0.429,0.798,-1.428,6,6,5,WARNING,1
1,81,MALL_CONCERT_STAGE,199,0.726,0.56,0.408,88.68,0.398,0.76,-0.953,8,7,6,WARNING,1
1,82,FESTIVAL_CORRIDOR,185,0.68,0.869,0.427,59.24,0.279,0.733,-0.583,2,9,10,WARNING,1
1,83,MALL_CONCERT_STAGE,165,0.592,1.048,0.31,62.58,0.303,0.657,0.063,5,10,4,SAFE,0
1,84,LIVE_PERFORMANCE_ZONE,184,0.71,0.872,0.377,81.2,0.303,0.811,-0.961,5,6,13,WARNING,1
1,85,MALL_CONCERT_STAGE,177,0.675,0.798,0.331,83.7,0.32,0.686,-0.754,8,10,7,WARNING,1
1,86,EVENT_ATRIUM,163,0.626,0.903,0.317,75.33,0.269,0.717,-0.753,10,9,7,WARNING,1
1,87,MALL_CONCERT_STAGE,188,0.706,0.826,0.417,73.89,0.289,0.69,-0.474,6,6,7,WARNING,1
1,88,FESTIVAL_CORRIDOR,182,0.718,0.578,0.495,70.32,0.354,0.66,-0.922,9,11,11,WARNING,1
1,89,LIVE_PERFORMANCE_ZONE,192,0.726,0.593,0.409,79.14,0.365,0.811,-1.156,7,2,7,WARNING,1
2,0,MALL_CONCERT_STAGE,157,0.575,1.032,0.383,74.38,0.257,0.709,-0.577,4,9,8,SAFE,0
2,1,LIVE_PERFORMANCE_ZONE,165,0.606,0.749,0.341,74.05,0.331,0.724,-0.711,7,12,6,WARNING,1
2,2,MALL_CONCERT_STAGE,168,0.701,0.642,0.453,72.81,0.259,0.757,-0.867,7,7,9,WARNING,1
2,3,MALL_CONCERT_STAGE,151,0.618,0.908,0.312,68.56,0.317,0.746,-0.187,4,7,7,WARNING,1
2,4,FESTIVAL_CORRIDOR,173,0.706,0.973,0.413,76.48,0.296,0.732,-1.018,6,6,6,WARNING,1
2,5,LIVE_PERFORMANCE_ZONE,184,0.729,0.729,0.486,76.63,0.34,0.735,-1.351,7,8,9,WARNING,1
2,6,FESTIVAL_CORRIDOR,153,0.532,1.052,0.225,48.53,0.306,0.681,-0.742,6,10,10,SAFE,0
2,7,EVENT_ATRIUM,160,0.614,0.927,0.242,67.02,0.267,0.663,-0.186,4,8,10,SAFE,0
2,8,EVENT_ATRIUM,154,0.569,1.025,0.299,65.68,0.187,0.677,-0.579,3,11,8,SAFE,0
2,9,MALL_CONCERT_STAGE,147,0.583,0.947,0.291,59.48,0.252,0.676,-0.511,6,7,6,SAFE,0
2,10,FESTIVAL_CORRIDOR,177,0.69,0.768,0.465,71.36,0.346,0.761,-0.627,7,8,4,WARNING,1
2,11,FESTIVAL_CORRIDOR,157,0.61,1.025,0.311,53.66,0.318,0.654,-1.104,4,5,4,SAFE,0
2,12,EVENT_ATRIUM,182,0.634,0.729,0.364,76.6,0.335,0.659,-0.18,4,15,12,WARNING,1
2,13,LIVE_PERFORMANCE_ZONE,155,0.578,0.883,0.353,53.56,0.302,0.72,-0.474,5,3,6,SAFE,0
2,14,FESTIVAL_CORRIDOR,185,0.715,0.965,0.357,76.84,0.328,0.773,-0.459,6,9,2,WARNING,1
2,15,LIVE_PERFORMANCE_ZONE,181,0.715,0.899,0.494,81.97,0.356,0.825,-0.158,10,13,10,WARNING,1
2,16,MALL_CONCERT_STAGE,172,0.66,0.888,0.343,56.85,0.235,0.742,-0.635,8,10,8,WARNING,1
2,17,EVENT_ATRIUM,179,0.685,0.832,0.353,75.2,0.341,0.693,-0.81,4,10,5,WARNING,1
2,18,MALL_CONCERT_STAGE,167,0.651,0.845,0.344,73.81,0.346,0.655,-0.593,4,9,5,WARNING,1
2,19,FESTIVAL_CORRIDOR,150,0.562,1.118,0.305,39.69,0.211,0.638,-0.287,5,8,5,SAFE,0
2,20,FESTIVAL_CORRIDOR,134,0.508,1.058,0.321,69.57,0.325,0.692,-0.803,8,7,5,SAFE,0
2,21,EVENT_ATRIUM,153,0.568,0.999,0.303,47.77,0.188,0.632,-0.494,8,7,5,SAFE,0
2,22,LIVE_PERFORMANCE_ZONE,157,0.57,1.096,0.304,65.17,0.293,0.601,-0.494,3,9,4,SAFE,0
2,23,FESTIVAL_CORRIDOR,173,0.622,0.822,0.399,70.08,0.32,0.644,-1.041,4,9,4,WARNING,1
2,24,LIVE_PERFORMANCE_ZONE,154,0.554,1.059,0.299,53.12,0.3,0.627,-0.948,7,9,6,SAFE,0
2,25,EVENT_ATRIUM,150,0.57,0.983,0.263,61.66,0.302,0.706,-0.218,7,7,3,SAFE,0
2,26,MALL_CONCERT_STAGE,160,0.63,0.93,0.365,71.15,0.366,0.674,-1.238,4,5,7,WARNING,1
2,27,LIVE_PERFORMANCE_ZONE,152,0.566,0.972,0.269,71.92,0.269,0.634,-1.108,6,6,6,SAFE,0
2,28,MALL_CONCERT_STAGE,177,0.721,0.866,0.342,71.22,0.272,0.826,-0.902,5,6,7,WARNING,1
2,29,MALL_CONCERT_STAGE,150,0.628,0.925,0.427,63.11,0.374,0.734,-0.509,7,6,4,WARNING,1
2,30,LIVE_PERFORMANCE_ZONE,171,0.647,0.869,0.42,67.59,0.272,0.664,0.046,6,10,6,WARNING,1
2,31,MALL_CONCERT_STAGE,171,0.647,0.877,0.393,56.39,0.363,0.709,-0.862,2,9,6,WARNING,1
2,32,LIVE_PERFORMANCE_ZONE,148,0.595,0.871,0.266,71.49,0.3,0.717,-0.355,5,8,7,SAFE,0
2,33,EVENT_ATRIUM,148,0.554,1.069,0.33,69.17,0.287,0.6,-0.759,4,12,9,SAFE,0
2,34,FESTIVAL_CORRIDOR,164,0.581,0.848,0.318,72.72,0.304,0.693,-0.207,3,6,1,SAFE,0
2,35,LIVE_PERFORMANCE_ZONE,158,0.629,0.824,0.384,77.91,0.33,0.71,-1.049,6,3,4,WARNING,1
2,36,LIVE_PERFORMANCE_ZONE,181,0.711,0.918,0.37,66.71,0.354,0.738,-0.838,11,9,6,WARNING,1
2,37,MALL_CONCERT_STAGE,171,0.677,0.838,0.329,78.33,0.354,0.677,-0.267,1,10,5,WARNING,1
2,38,LIVE_PERFORMANCE_ZONE,167,0.672,0.84,0.27,70.91,0.242,0.733,-0.368,6,11,10,WARNING,1
2,39,FESTIVAL_CORRIDOR,183,0.718,0.81,0.365,67.79,0.378,0.791,-1.315,9,5,9,WARNING,1
2,40,FESTIVAL_CORRIDOR,148,0.598,0.931,0.396,65.83,0.258,0.694,-0.689,1,8,5,SAFE,0
2,41,EVENT_ATRIUM,158,0.597,0.876,0.362,66.33,0.259,0.728,-0.588,5,7,11,SAFE,0
2,42,FESTIVAL_CORRIDOR,191,0.687,0.833,0.448,75.75,0.31,0.651,-0.346,2,5,9,WARNING,1
2,43,LIVE_PERFORMANCE_ZONE,189,0.733,0.893,0.432,65.99,0.422,0.756,-0.585,5,8,6,WARNING,1
2,44,FESTIVAL_CORRIDOR,174,0.627,0.995,0.482,64.55,0.288,0.562,-0.229,9,5,6,WARNING,1
2,45,LIVE_PERFORMANCE_ZONE,179,0.704,0.752,0.444,64.56,0.315,0.768,-0.399,5,13,9,WARNING,1
2,46,FESTIVAL_CORRIDOR,171,0.661,0.975,0.395,74.44,0.383,0.662,-0.793,8,6,6,WARNING,1
2,47,FESTIVAL_CORRIDOR,178,0.758,0.734,0.386,91.31,0.305,0.675,-0.765,2,6,6,WARNING,1
2,48,LIVE_PERFORMANCE_ZONE,187,0.69,0.923,0.306,76.29,0.38,0.678,-1.054,4,10,10,WARNING,1
2,49,EVENT_ATRIUM,202,0.811,0.63,0.496,85.23,0.38,0.755,-1.1,7,9,14,WARNING,1
2,50,FESTIVAL_CORRIDOR,185,0.698,0.915,0.313,79.59,0.337,0.757,-0.602,6,13,6,WARNING,1
2,51,EVENT_ATRIUM,196,0.763,0.856,0.357,84.16,0.39,0.763,-0.692,7,10,12,WARNING,1
2,52,MALL_CONCERT_STAGE,182,0.664,0.853,0.336,68.43,0.34,0.763,-0.224,7,5,5,WARNING,1
2,53,FESTIVAL_CORRIDOR,179,0.741,0.897,0.388,80.85,0.336,0.708,-0.153,9,4,8,WARNING,1
2,54,EVENT_ATRIUM,188,0.699,0.841,0.373,67.09,0.367,0.749,-0.7,5,9,13,WARNING,1
2,55,LIVE_PERFORMANCE_ZONE,216,0.816,0.64,0.411,70.88,0.411,0.707,-1.283,6,9,6,WARNING,1
2,56,MALL_CONCERT_STAGE,206,0.754,0.72,0.436,72.76,0.251,0.749,-0.888,6,13,11,WARNING,1
2,57,LIVE_PERFORMANCE_ZONE,205,0.785,0.705,0.373,78,0.388,0.78,-0.764,9,4,8,WARNING,1
2,58,FESTIVAL_CORRIDOR,222,0.911,0.609,0.536,102.12,0.444,0.807,-0.713,7,12,9,HIGH,2
2,59,LIVE_PERFORMANCE_ZONE,211,0.79,0.757,0.517,82.18,0.419,0.715,-0.777,8,15,14,WARNING,1
2,60,MALL_CONCERT_STAGE,228,0.897,0.65,0.559,93.68,0.35,0.825,-0.932,6,8,11,WARNING,1
2,61,FESTIVAL_CORRIDOR,202,0.774,0.742,0.453,86.57,0.369,0.868,-0.741,4,7,13,WARNING,1
2,62,MALL_CONCERT_STAGE,226,0.902,0.526,0.467,104.95,0.489,0.869,-1.055,7,7,10,HIGH,2
2,63,LIVE_PERFORMANCE_ZONE,236,0.913,0.537,0.597,91.39,0.469,0.822,-0.803,10,13,12,HIGH,2
2,64,EVENT_ATRIUM,217,0.79,0.676,0.414,86.92,0.403,0.826,-1.091,6,16,8,WARNING,1
2,65,EVENT_ATRIUM,214,0.822,0.697,0.476,74.19,0.418,0.667,-1.078,3,7,5,WARNING,1
2,66,LIVE_PERFORMANCE_ZONE,242,0.907,0.656,0.502,87.64,0.425,0.928,-1.432,11,10,9,WARNING,1
2,67,EVENT_ATRIUM,213,0.785,0.806,0.43,87.29,0.465,0.743,-1.259,4,19,13,WARNING,1
2,68,FESTIVAL_CORRIDOR,223,0.894,0.539,0.576,95.89,0.371,0.823,-1.279,8,19,13,WARNING,1
2,69,MALL_CONCERT_STAGE,238,0.909,0.669,0.504,98.7,0.421,0.795,-0.43,9,11,12,WARNING,1
2,70,EVENT_ATRIUM,204,0.769,0.87,0.489,82.71,0.396,0.876,-0.615,5,16,8,WARNING,1
2,71,LIVE_PERFORMANCE_ZONE,209,0.858,0.597,0.555,84.94,0.412,0.875,-0.441,7,10,10,WARNING,1
2,72,EVENT_ATRIUM,211,0.839,0.683,0.334,88.22,0.443,0.754,-0.728,4,5,4,WARNING,1
2,73,EVENT_ATRIUM,237,0.901,0.631,0.47,84.16,0.409,0.822,-0.795,5,11,10,WARNING,1
2,74,EVENT_ATRIUM,213,0.822,0.75,0.451,84.23,0.369,0.787,-0.678,11,5,14,WARNING,1
2,75,FESTIVAL_CORRIDOR,232,0.878,0.66,0.393,71.5,0.455,0.833,-0.49,9,10,10,WARNING,1
2,76,LIVE_PERFORMANCE_ZONE,209,0.741,0.737,0.462,70.98,0.379,0.717,-0.521,3,14,12,WARNING,1
2,77,LIVE_PERFORMANCE_ZONE,213,0.81,0.704,0.47,84.84,0.309,0.739,-0.523,2,9,11,WARNING,1
2,78,MALL_CONCERT_STAGE,197,0.789,0.712,0.434,83.43,0.379,0.748,-1.366,7,9,10,WARNING,1
2,79,LIVE_PERFORMANCE_ZONE,199,0.769,0.866,0.371,76.75,0.362,0.687,-1.136,9,14,7,WARNING,1
2,80,FESTIVAL_CORRIDOR,190,0.676,0.816,0.329,61.62,0.361,0.735,-0.462,4,10,8,WARNING,1
2,81,FESTIVAL_CORRIDOR,184,0.714,0.766,0.372,70.32,0.285,0.75,-0.566,8,10,9,WARNING,1
2,82,MALL_CONCERT_STAGE,192,0.746,0.898,0.401,82.4,0.352,0.792,-0.884,7,7,11,WARNING,1
2,83,LIVE_PERFORMANCE_ZONE,184,0.743,0.83,0.307,78.84,0.344,0.695,-0.677,2,6,8,WARNING,1
2,84,FESTIVAL_CORRIDOR,171,0.687,0.757,0.433,77.35,0.384,0.729,-1.036,5,8,7,WARNING,1
2,85,MALL_CONCERT_STAGE,187,0.702,0.898,0.386,76.93,0.299,0.707,-0.922,8,11,6,WARNING,1
2,86,EVENT_ATRIUM,208,0.88,0.618,0.438,100.2,0.409,0.842,-0.478,3,9,3,WARNING,1
2,87,EVENT_ATRIUM,189,0.724,0.901,0.411,83.55,0.396,0.694,-0.501,8,12,6,WARNING,1
2,88,FESTIVAL_CORRIDOR,186,0.72,0.946,0.354,74.13,0.34,0.777,-0.325,5,9,2,WARNING,1
2,89,EVENT_ATRIUM,177,0.651,0.883,0.397,68.76,0.36,0.759,-0.399,3,13,3,WARNING,1
3,0,LIVE_PERFORMANCE_ZONE,188,0.724,0.782,0.45,71.97,0.364,0.69,0.017,2,11,14,WARNING,1
3,1,FESTIVAL_CORRIDOR,213,0.863,0.706,0.449,79.51,0.294,0.834,-0.688,6,17,10,WARNING,1
3,2,EVENT_ATRIUM,212,0.849,0.735,0.48,84.3,0.384,0.891,-1.124,5,19,5,WARNING,1
3,3,FESTIVAL_CORRIDOR,207,0.77,0.773,0.464,79.06,0.373,0.746,-0.808,5,7,12,WARNING,1
3,4,EVENT_ATRIUM,212,0.819,0.78,0.476,83.7,0.381,0.796,-1.965,5,12,12,WARNING,1
3,5,LIVE_PERFORMANCE_ZONE,204,0.818,0.782,0.477,77.26,0.351,0.806,-0.791,3,15,7,WARNING,1
3,6,FESTIVAL_CORRIDOR,189,0.719,0.891,0.435,75.63,0.306,0.778,-0.768,9,9,5,WARNING,1
3,7,EVENT_ATRIUM,201,0.758,0.67,0.477,72.81,0.34,0.677,-0.813,5,15,10,WARNING,1
3,8,LIVE_PERFORMANCE_ZONE,203,0.788,0.74,0.473,87.5,0.336,0.827,-1.246,2,13,7,WARNING,1
3,9,FESTIVAL_CORRIDOR,220,0.875,0.473,0.599,90.25,0.401,0.857,-1.242,10,8,7,WARNING,1
3,10,FESTIVAL_CORRIDOR,198,0.747,0.848,0.327,75.55,0.349,0.79,-0.583,5,11,6,WARNING,1
3,11,FESTIVAL_CORRIDOR,200,0.754,0.986,0.456,70.11,0.293,0.741,-0.386,3,9,5,WARNING,1
3,12,MALL_CONCERT_STAGE,215,0.838,0.686,0.416,91.1,0.435,0.754,-0.743,5,11,11,WARNING,1
3,13,FESTIVAL_CORRIDOR,206,0.806,0.668,0.543,86.52,0.439,0.847,-0.73,6,5,11,WARNING,1
3,14,LIVE_PERFORMANCE_ZONE,196,0.669,0.82,0.433,57.01,0.283,0.74,-1.521,8,7,6,WARNING,1
3,15,EVENT_ATRIUM,194,0.741,0.767,0.357,79.72,0.365,0.721,-0.686,10,14,11,WARNING,1
3,16,FESTIVAL_CORRIDOR,213,0.891,0.795,0.456,100.65,0.443,0.865,-1.505,7,10,10,WARNING,1
3,17,EVENT_ATRIUM,198,0.745,0.75,0.372,79.48,0.373,0.801,-0.568,5,11,12,WARNING,1
3,18,EVENT_ATRIUM,213,0.811,0.744,0.386,79.38,0.385,0.732,-1.139,6,12,11,WARNING,1
3,19,LIVE_PERFORMANCE_ZONE,202,0.76,0.865,0.417,75.22,0.334,0.777,-0.934,5,14,8,WARNING,1
3,20,LIVE_PERFORMANCE_ZONE,188,0.725,0.841,0.435,71.15,0.322,0.72,-0.592,2,7,10,WARNING,1
3,21,EVENT_ATRIUM,194,0.769,0.823,0.465,78.28,0.289,0.722,-1.122,3,12,12,WARNING,1
3,22,LIVE_PERFORMANCE_ZONE,199,0.692,0.821,0.453,67.13,0.271,0.752,-0.537,5,11,5,WARNING,1
3,23,LIVE_PERFORMANCE_ZONE,212,0.758,0.861,0.449,76.07,0.357,0.83,-1.085,8,10,9,WARNING,1
3,24,EVENT_ATRIUM,206,0.817,0.658,0.416,72.67,0.372,0.759,-0.994,9,6,8,WARNING,1
3,25,LIVE_PERFORMANCE_ZONE,216,0.846,0.67,0.447,68.84,0.435,0.867,-1.283,7,9,3,WARNING,1
3,26,MALL_CONCERT_STAGE,208,0.744,0.943,0.437,82.87,0.318,0.773,-0.705,4,13,9,WARNING,1
3,27,EVENT_ATRIUM,201,0.765,0.858,0.47,71.34,0.36,0.807,-0.58,11,18,6,WARNING,1
3,28,MALL_CONCERT_STAGE,212,0.839,0.593,0.483,73.21,0.38,0.795,-0.285,5,15,9,WARNING,1
3,29,FESTIVAL_CORRIDOR,241,0.962,0.588,0.42,99.01,0.483,0.815,-0.879,5,13,8,HIGH,2
3,30,MALL_CONCERT_STAGE,229,0.849,0.721,0.459,86.09,0.372,0.797,-1.24,6,17,9,WARNING,1
3,31,MALL_CONCERT_STAGE,236,0.899,0.453,0.435,96.02,0.496,0.845,-1.263,8,14,9,WARNING,1
3,32,EVENT_ATRIUM,215,0.827,0.568,0.512,82.72,0.442,0.779,-1.045,8,9,9,WARNING,1
3,33,FESTIVAL_CORRIDOR,252,0.963,0.569,0.579,100.41,0.493,0.813,-1.267,5,14,14,HIGH,2
3,34,MALL_CONCERT_STAGE,215,0.88,0.658,0.414,85.31,0.427,0.919,-1.292,5,18,10,WARNING,1
3,35,EVENT_ATRIUM,226,0.892,0.699,0.486,81.68,0.5,0.797,-1.424,10,5,8,WARNING,1
3,36,MALL_CONCERT_STAGE,243,0.953,0.611,0.527,96.31,0.469,0.843,-1.578,4,9,17,HIGH,2
3,37,FESTIVAL_CORRIDOR,262,0.996,0.461,0.581,90.11,0.543,0.97,-1.346,6,9,14,HIGH,2
3,38,EVENT_ATRIUM,241,0.924,0.687,0.471,101.13,0.452,0.85,-0.064,5,13,10,WARNING,1
3,39,MALL_CONCERT_STAGE,241,0.946,0.573,0.651,95.29,0.433,0.902,-0.741,6,17,11,HIGH,2
3,40,MALL_CONCERT_STAGE,249,0.978,0.611,0.572,98.15,0.43,0.888,-1.169,5,12,12,HIGH,2
3,41,LIVE_PERFORMANCE_ZONE,249,0.958,0.5,0.451,81.71,0.445,0.881,-1.12,6,4,9,WARNING,1
3,42,EVENT_ATRIUM,259,0.988,0.522,0.566,95.72,0.47,0.883,-0.651,8,8,16,HIGH,2
3,43,EVENT_ATRIUM,241,0.924,0.609,0.518,101.04,0.547,0.892,-0.527,7,10,8,HIGH,2
3,44,LIVE_PERFORMANCE_ZONE,268,1,0.273,0.618,103.32,0.41,0.87,-0.451,7,13,11,HIGH,2
3,45,LIVE_PERFORMANCE_ZONE,253,1,0.369,0.502,96.91,0.401,0.771,-1.691,4,10,11,HIGH,2
3,46,LIVE_PERFORMANCE_ZONE,250,0.951,0.473,0.525,90.13,0.397,0.936,-1.135,5,13,18,HIGH,2
3,47,FESTIVAL_CORRIDOR,269,1,0.55,0.529,113.57,0.539,0.938,-1.68,5,16,15,HIGH,2
3,48,EVENT_ATRIUM,242,0.939,0.577,0.499,92.19,0.456,0.885,-0.839,6,14,8,HIGH,2
3,49,MALL_CONCERT_STAGE,243,0.908,0.578,0.508,90.14,0.411,0.896,-0.972,3,6,10,WARNING,1
3,50,FESTIVAL_CORRIDOR,279,1,0.4,0.576,119.63,0.491,0.906,-1.02,5,14,14,HIGH,2
3,51,FESTIVAL_CORRIDOR,252,0.926,0.539,0.52,98.17,0.405,0.735,-1.119,4,14,8,WARNING,1
3,52,EVENT_ATRIUM,257,0.994,0.461,0.516,92.03,0.501,0.826,-0.868,6,14,19,HIGH,2
3,53,FESTIVAL_CORRIDOR,249,0.902,0.73,0.548,92.27,0.492,0.857,-1.107,7,15,15,HIGH,2
3,54,FESTIVAL_CORRIDOR,262,1,0.438,0.563,91.38,0.49,0.903,-1.287,6,15,9,HIGH,2
3,55,LIVE_PERFORMANCE_ZONE,273,1,0.562,0.58,90.16,0.523,0.849,-0.871,6,8,11,HIGH,2
3,56,MALL_CONCERT_STAGE,289,1,0.426,0.522,99.7,0.461,0.931,-1.343,5,16,11,HIGH,2
3,57,FESTIVAL_CORRIDOR,267,1,0.506,0.611,96.12,0.54,0.929,-0.841,8,23,13,HIGH,2
3,58,LIVE_PERFORMANCE_ZONE,232,0.847,0.704,0.516,74.76,0.45,0.818,-0.495,4,11,6,WARNING,1
3,59,MALL_CONCERT_STAGE,234,0.925,0.597,0.519,85.74,0.465,0.815,-1.182,11,16,7,WARNING,1
3,60,LIVE_PERFORMANCE_ZONE,257,1,0.423,0.51,98.72,0.387,0.984,-0.845,7,10,15,HIGH,2
3,61,FESTIVAL_CORRIDOR,246,0.932,0.533,0.555,94.84,0.465,0.939,-1.122,9,9,11,HIGH,2
3,62,MALL_CONCERT_STAGE,244,0.962,0.48,0.545,94.98,0.534,0.874,-1.102,3,8,13,HIGH,2
3,63,LIVE_PERFORMANCE_ZONE,245,0.978,0.516,0.632,87.07,0.447,0.907,-0.574,9,10,14,HIGH,2
3,64,LIVE_PERFORMANCE_ZONE,245,0.906,0.641,0.44,82.68,0.41,0.801,-1.117,10,14,10,WARNING,1
3,65,MALL_CONCERT_STAGE,222,0.856,0.739,0.474,87.62,0.369,0.814,-1.032,7,16,12,WARNING,1
3,66,EVENT_ATRIUM,235,0.916,0.687,0.469,98.25,0.446,0.942,0.042,6,13,13,HIGH,2
3,67,EVENT_ATRIUM,229,0.931,0.524,0.533,93.94,0.486,0.857,-1.318,5,12,13,HIGH,2
3,68,FESTIVAL_CORRIDOR,223,0.905,0.501,0.465,85.04,0.431,0.841,-0.654,6,6,16,WARNING,1
3,69,MALL_CONCERT_STAGE,200,0.735,0.806,0.456,89.19,0.358,0.695,-0.691,6,6,9,WARNING,1
3,70,EVENT_ATRIUM,235,0.881,0.725,0.559,82.77,0.365,0.85,-1.096,5,10,15,WARNING,1
3,71,LIVE_PERFORMANCE_ZONE,198,0.788,0.623,0.478,75.64,0.315,0.783,-0.416,7,13,11,WARNING,1
3,72,MALL_CONCERT_STAGE,209,0.855,0.716,0.374,77,0.395,0.932,-1.213,7,10,7,WARNING,1
3,73,MALL_CONCERT_STAGE,221,0.86,0.524,0.438,87.08,0.402,0.739,-1.349,9,8,13,WARNING,1
3,74,EVENT_ATRIUM,225,0.864,0.643,0.569,90.77,0.402,0.754,-0.753,4,14,10,WARNING,1
3,75,FESTIVAL_CORRIDOR,204,0.834,0.76,0.538,82.61,0.461,0.918,-1.012,3,8,6,WARNING,1
3,76,MALL_CONCERT_STAGE,194,0.721,0.809,0.344,63.06,0.39,0.635,-0.918,6,10,6,WARNING,1
3,77,LIVE_PERFORMANCE_ZONE,218,0.887,0.608,0.471,87.29,0.453,0.824,-0.928,9,12,13,WARNING,1
3,78,FESTIVAL_CORRIDOR,222,0.833,0.753,0.404,99.16,0.368,0.843,-1.247,10,15,10,WARNING,1
3,79,LIVE_PERFORMANCE_ZONE,205,0.769,0.776,0.401,75.17,0.402,0.865,-0.901,7,12,6,WARNING,1
3,80,FESTIVAL_CORRIDOR,198,0.703,0.688,0.482,85.26,0.314,0.782,-0.585,6,12,8,WARNING,1
3,81,EVENT_ATRIUM,189,0.717,0.93,0.445,77.42,0.329,0.744,-0.907,9,6,11,WARNING,1
3,82,MALL_CONCERT_STAGE,211,0.805,0.624,0.402,91.52,0.392,0.765,-0.666,8,9,11,WARNING,1
3,83,MALL_CONCERT_STAGE,200,0.791,0.615,0.441,72.61,0.331,0.75,-0.706,7,16,18,WARNING,1
3,84,FESTIVAL_CORRIDOR,201,0.796,0.559,0.476,83.34,0.342,0.716,-0.794,8,12,10,WARNING,1
3,85,FESTIVAL_CORRIDOR,200,0.745,0.78,0.336,84.12,0.355,0.758,-0.827,7,14,4,WARNING,1
3,86,LIVE_PERFORMANCE_ZONE,215,0.775,0.732,0.485,83.51,0.372,0.754,-0.749,5,8,5,WARNING,1
3,87,FESTIVAL_CORRIDOR,204,0.785,0.812,0.45,75.88,0.369,0.81,-1.539,7,9,8,WARNING,1
3,88,EVENT_ATRIUM,210,0.807,0.771,0.473,82.31,0.367,0.846,-0.683,4,8,6,WARNING,1
3,89,FESTIVAL_CORRIDOR,207,0.799,0.709,0.495,81.64,0.354,0.835,-0.285,5,9,13,WARNING,1
4,0,LIVE_PERFORMANCE_ZONE,194,0.741,0.785,0.438,78.23,0.384,0.646,-0.135,1,8,7,WARNING,1
4,1,LIVE_PERFORMANCE_ZONE,172,0.687,0.843,0.291,63.86,0.316,0.789,-1.062,3,11,11,WARNING,1
4,2,FESTIVAL_CORRIDOR,158,0.613,0.89,0.251,67.79,0.29,0.662,-0.604,3,8,9,SAFE,0
4,3,MALL_CONCERT_STAGE,206,0.824,0.711,0.481,91.03,0.423,0.788,-1.155,7,10,10,WARNING,1
4,4,LIVE_PERFORMANCE_ZONE,198,0.77,0.596,0.447,86.94,0.366,0.861,-0.515,7,10,14,WARNING,1
4,5,MALL_CONCERT_STAGE,195,0.712,0.74,0.357,71.59,0.307,0.724,-0.664,8,4,10,WARNING,1
4,6,LIVE_PERFORMANCE_ZONE,195,0.75,0.78,0.399,82.79,0.343,0.811,-1.196,3,13,8,WARNING,1
4,7,EVENT_ATRIUM,187,0.716,0.849,0.393,74.63,0.345,0.892,-0.492,3,13,3,WARNING,1
4,8,MALL_CONCERT_STAGE,182,0.714,1.017,0.343,67.28,0.313,0.744,-1.375,6,14,8,WARNING,1
4,9,FESTIVAL_CORRIDOR,178,0.655,0.816,0.335,63.78,0.284,0.778,-0.509,8,9,6,WARNING,1
4,10,FESTIVAL_CORRIDOR,172,0.696,0.92,0.319,66.06,0.437,0.82,-0.768,3,6,9,WARNING,1
4,11,EVENT_ATRIUM,193,0.791,0.611,0.479,82.43,0.369,0.764,-1.505,6,6,9,WARNING,1
4,12,EVENT_ATRIUM,183,0.72,0.762,0.392,75.19,0.379,0.693,-0.794,4,10,4,WARNING,1
4,13,LIVE_PERFORMANCE_ZONE,156,0.62,0.763,0.273,64.78,0.249,0.707,-0.8,5,3,6,SAFE,0
4,14,LIVE_PERFORMANCE_ZONE,186,0.725,0.982,0.262,74.5,0.398,0.798,0.118,4,8,11,WARNING,1
4,15,LIVE_PERFORMANCE_ZONE,181,0.704,0.769,0.31,77.93,0.312,0.759,-0.651,3,14,11,WARNING,1
4,16,LIVE_PERFORMANCE_ZONE,162,0.639,0.849,0.296,56,0.298,0.638,-0.691,8,7,4,SAFE,0
4,17,FESTIVAL_CORRIDOR,193,0.761,0.77,0.369,88.62,0.367,0.723,-0.92,3,9,12,WARNING,1
4,18,EVENT_ATRIUM,172,0.641,0.928,0.379,69.99,0.209,0.62,-0.796,2,13,7,SAFE,0
4,19,FESTIVAL_CORRIDOR,192,0.746,0.769,0.359,88.57,0.363,0.699,-0.768,6,10,16,WARNING,1
4,20,LIVE_PERFORMANCE_ZONE,209,0.793,0.624,0.416,81.54,0.403,0.757,-0.29,6,10,14,WARNING,1
4,21,LIVE_PERFORMANCE_ZONE,175,0.671,0.909,0.435,78.78,0.411,0.753,-0.688,1,7,11,WARNING,1
4,22,MALL_CONCERT_STAGE,206,0.756,0.829,0.414,78.5,0.33,0.817,-0.576,5,9,11,WARNING,1
4,23,LIVE_PERFORMANCE_ZONE,172,0.683,0.879,0.324,66.81,0.313,0.714,-0.761,5,12,10,WARNING,1
4,24,EVENT_ATRIUM,168,0.692,0.765,0.443,75.85,0.26,0.762,-0.795,7,14,5,WARNING,1
4,25,LIVE_PERFORMANCE_ZONE,187,0.772,0.768,0.466,90.23,0.369,0.767,-0.652,7,9,12,WARNING,1
4,26,FESTIVAL_CORRIDOR,192,0.728,0.842,0.423,77.73,0.341,0.761,-0.094,8,7,6,WARNING,1
4,27,EVENT_ATRIUM,184,0.714,0.716,0.456,76.06,0.314,0.718,-0.677,6,4,4,WARNING,1
4,28,MALL_CONCERT_STAGE,197,0.781,0.734,0.38,81.59,0.347,0.79,-1.425,12,6,6,WARNING,1
4,29,EVENT_ATRIUM,170,0.659,0.906,0.339,68.37,0.34,0.614,-1.023,5,11,6,WARNING,1
4,30,LIVE_PERFORMANCE_ZONE,180,0.673,0.958,0.393,73.59,0.355,0.707,-1.009,3,12,7,WARNING,1
4,31,LIVE_PERFORMANCE_ZONE,193,0.704,0.754,0.352,73.87,0.271,0.693,-1.248,7,6,5,WARNING,1
4,32,EVENT_ATRIUM,185,0.696,0.946,0.449,87.18,0.336,0.792,-0.649,5,6,6,WARNING,1
4,33,FESTIVAL_CORRIDOR,183,0.67,0.865,0.33,82.41,0.311,0.685,-0.045,5,9,10,WARNING,1
4,34,EVENT_ATRIUM,184,0.668,0.851,0.334,66.72,0.378,0.765,-1.327,3,6,5,WARNING,1
4,35,LIVE_PERFORMANCE_ZONE,185,0.676,0.884,0.274,76.4,0.325,0.817,-0.812,10,10,7,WARNING,1
4,36,MALL_CONCERT_STAGE,169,0.638,0.828,0.275,54.67,0.259,0.689,-0.308,9,2,7,SAFE,0
4,37,MALL_CONCERT_STAGE,188,0.728,0.897,0.427,76.63,0.305,0.714,-0.488,4,13,13,WARNING,1
4,38,MALL_CONCERT_STAGE,197,0.718,0.79,0.412,84.53,0.371,0.709,-0.362,8,8,6,WARNING,1
4,39,MALL_CONCERT_STAGE,185,0.7,0.89,0.349,73.76,0.355,0.703,-1.378,3,6,11,WARNING,1
4,40,EVENT_ATRIUM,186,0.768,0.821,0.377,81.84,0.381,0.741,-0.693,7,12,7,WARNING,1
4,41,EVENT_ATRIUM,200,0.718,0.923,0.374,79.01,0.409,0.757,-0.329,5,10,17,WARNING,1
4,42,FESTIVAL_CORRIDOR,190,0.797,0.589,0.413,83.72,0.422,0.821,-0.029,7,3,6,WARNING,1
4,43,FESTIVAL_CORRIDOR,203,0.755,0.972,0.361,78.79,0.394,0.823,-1.003,9,9,13,WARNING,1
4,44,EVENT_ATRIUM,189,0.754,0.619,0.446,76.87,0.415,0.748,-1.507,7,12,2,WARNING,1
4,45,EVENT_ATRIUM,217,0.832,0.801,0.488,85.53,0.426,0.755,-0.527,9,12,9,WARNING,1
4,46,EVENT_ATRIUM,232,0.884,0.47,0.501,78.61,0.442,0.857,-1.237,11,12,12,WARNING,1
4,47,MALL_CONCERT_STAGE,214,0.822,0.647,0.46,85.85,0.363,0.748,-1.322,8,11,9,WARNING,1
4,48,EVENT_ATRIUM,223,0.832,0.702,0.44,86.83,0.423,0.868,-0.874,6,13,10,WARNING,1
4,49,MALL_CONCERT_STAGE,215,0.821,0.708,0.459,74.45,0.391,0.761,-2.05,5,10,9,WARNING,1
4,50,LIVE_PERFORMANCE_ZONE,206,0.795,0.692,0.512,91.48,0.413,0.771,-0.141,7,12,7,WARNING,1
4,51,FESTIVAL_CORRIDOR,213,0.833,0.665,0.515,93.92,0.433,0.849,-2.065,10,8,13,WARNING,1
4,52,LIVE_PERFORMANCE_ZONE,225,0.889,0.505,0.501,75.23,0.416,0.861,-1.094,4,11,5,WARNING,1
4,53,MALL_CONCERT_STAGE,256,0.988,0.501,0.519,100.04,0.522,0.93,-0.668,3,14,11,HIGH,2
4,54,LIVE_PERFORMANCE_ZONE,225,0.861,0.572,0.49,85.25,0.414,0.881,-1.302,8,12,7,WARNING,1
4,55,MALL_CONCERT_STAGE,253,0.963,0.502,0.452,98.3,0.389,0.921,-1.5,3,16,10,HIGH,2
4,56,EVENT_ATRIUM,244,0.916,0.581,0.548,96.82,0.439,0.765,0.115,5,15,6,WARNING,1
4,57,LIVE_PERFORMANCE_ZONE,232,0.896,0.57,0.558,85.51,0.352,0.778,-1.35,5,12,3,WARNING,1
4,58,EVENT_ATRIUM,248,0.973,0.449,0.578,93.64,0.457,0.99,-0.769,7,10,7,HIGH,2
4,59,FESTIVAL_CORRIDOR,243,0.967,0.463,0.501,80.55,0.503,0.903,-1.326,7,16,9,HIGH,2
4,60,EVENT_ATRIUM,235,0.969,0.514,0.57,95.56,0.391,0.781,-1.178,16,10,11,HIGH,2
4,61,LIVE_PERFORMANCE_ZONE,263,1,0.661,0.498,101.36,0.516,0.891,-1.506,8,14,12,HIGH,2
4,62,FESTIVAL_CORRIDOR,242,0.901,0.618,0.432,78.53,0.462,0.897,-1.142,6,10,12,WARNING,1
4,63,MALL_CONCERT_STAGE,251,0.971,0.549,0.544,107.94,0.448,0.94,-0.895,4,21,5,HIGH,2
4,64,MALL_CONCERT_STAGE,233,0.921,0.521,0.482,77.61,0.389,0.947,-0.362,6,20,8,WARNING,1
4,65,MALL_CONCERT_STAGE,265,1,0.374,0.505,92.55,0.431,0.832,-1.062,6,12,12,HIGH,2
4,66,LIVE_PERFORMANCE_ZONE,232,0.895,0.646,0.468,80.74,0.5,0.873,-1.062,6,11,11,WARNING,1
4,67,MALL_CONCERT_STAGE,230,0.905,0.57,0.561,90.37,0.465,0.829,-0.904,6,10,7,HIGH,2
4,68,LIVE_PERFORMANCE_ZONE,234,0.899,0.63,0.553,94.3,0.425,0.912,-1.747,6,7,8,HIGH,2
4,69,FESTIVAL_CORRIDOR,203,0.773,0.724,0.434,84.91,0.339,0.863,-1.007,4,5,6,WARNING,1
4,70,FESTIVAL_CORRIDOR,222,0.86,0.652,0.499,81.23,0.469,0.811,-1.347,7,12,6,WARNING,1
4,71,FESTIVAL_CORRIDOR,215,0.838,0.734,0.438,88.66,0.372,0.83,-0.864,3,11,6,WARNING,1
4,72,MALL_CONCERT_STAGE,226,0.876,0.625,0.536,87.78,0.409,0.889,-0.168,7,10,11,WARNING,1
4,73,MALL_CONCERT_STAGE,211,0.813,0.68,0.475,90.39,0.413,0.787,-1.278,7,11,8,WARNING,1
4,74,MALL_CONCERT_STAGE,205,0.773,0.852,0.396,91.84,0.417,0.751,-0.706,8,18,8,WARNING,1
4,75,FESTIVAL_CORRIDOR,222,0.861,0.66,0.445,96.55,0.393,0.819,-1.053,6,11,9,WARNING,1
4,76,MALL_CONCERT_STAGE,192,0.739,0.8,0.488,72.94,0.347,0.819,-0.159,5,8,7,WARNING,1
4,77,LIVE_PERFORMANCE_ZONE,187,0.719,0.846,0.496,75.34,0.404,0.703,-0.948,6,8,3,WARNING,1
4,78,FESTIVAL_CORRIDOR,218,0.786,0.637,0.405,78.39,0.436,0.785,-0.896,5,17,12,WARNING,1
4,79,EVENT_ATRIUM,182,0.687,0.788,0.399,63.14,0.26,0.711,-0.495,8,12,9,WARNING,1
4,80,MALL_CONCERT_STAGE,196,0.756,0.812,0.398,80.04,0.385,0.758,-0.568,7,4,14,WARNING,1
4,81,LIVE_PERFORMANCE_ZONE,184,0.723,0.866,0.439,83.55,0.352,0.761,-1.133,4,6,8,WARNING,1
4,82,MALL_CONCERT_STAGE,182,0.688,0.758,0.301,83.34,0.362,0.769,-0.826,6,14,9,WARNING,1
4,83,LIVE_PERFORMANCE_ZONE,206,0.754,0.879,0.482,78.46,0.399,0.816,-0.892,9,6,4,WARNING,1
4,84,FESTIVAL_CORRIDOR,168,0.686,0.941,0.362,75.33,0.323,0.753,-1.108,7,12,11,WARNING,1
4,85,MALL_CONCERT_STAGE,188,0.705,0.848,0.322,80.24,0.367,0.744,-1.435,5,6,6,WARNING,1
4,86,EVENT_ATRIUM,202,0.761,0.75,0.458,90.86,0.339,0.838,-0.907,5,14,8,WARNING,1
4,87,FESTIVAL_CORRIDOR,197,0.706,0.836,0.433,82.06,0.321,0.717,-0.797,6,12,7,WARNING,1
4,88,MALL_CONCERT_STAGE,192,0.788,0.778,0.339,80.88,0.367,0.802,-1.127,4,5,12,WARNING,1
4,89,FESTIVAL_CORRIDOR,171,0.669,0.821,0.405,75.02,0.33,0.72,-1.482,10,8,5,WARNING,1
5,0,FESTIVAL_CORRIDOR,121,0.438,1.143,0.238,57.42,0.201,0.576,-0.071,5,6,3,SAFE,0
5,1,FESTIVAL_CORRIDOR,138,0.505,1.075,0.247,55.77,0.175,0.688,-0.698,6,7,6,SAFE,0
5,2,MALL_CONCERT_STAGE,119,0.437,1.118,0.228,56.38,0.163,0.589,-0.411,8,5,3,SAFE,0
5,3,FESTIVAL_CORRIDOR,141,0.515,0.932,0.251,76.92,0.197,0.642,-1.005,5,11,3,SAFE,0
5,4,EVENT_ATRIUM,116,0.412,1.062,0.142,50.21,0.262,0.57,-0.424,4,9,3,SAFE,0
5,5,MALL_CONCERT_STAGE,120,0.48,0.978,0.245,64.85,0.211,0.694,-0.843,6,3,7,SAFE,0
5,6,LIVE_PERFORMANCE_ZONE,127,0.482,0.845,0.212,58.86,0.123,0.619,-0.354,9,7,5,SAFE,0
5,7,LIVE_PERFORMANCE_ZONE,107,0.431,1.244,0.034,52.23,0.202,0.591,0.054,6,6,3,SAFE,0
5,8,LIVE_PERFORMANCE_ZONE,146,0.546,0.917,0.277,61.01,0.247,0.639,-0.52,2,5,2,SAFE,0
5,9,MALL_CONCERT_STAGE,118,0.523,1.002,0.2,75.21,0.199,0.618,-0.69,2,9,5,SAFE,0
5,10,MALL_CONCERT_STAGE,140,0.565,0.862,0.265,71.69,0.293,0.63,-0.231,4,4,5,SAFE,0
5,11,MALL_CONCERT_STAGE,130,0.529,1.004,0.298,57.73,0.263,0.725,-0.756,4,5,6,SAFE,0
5,12,LIVE_PERFORMANCE_ZONE,156,0.609,0.958,0.299,57.4,0.276,0.649,-0.746,5,6,9,SAFE,0
5,13,LIVE_PERFORMANCE_ZONE,152,0.627,0.937,0.375,67.62,0.281,0.719,-0.176,6,12,4,WARNING,1
5,14,FESTIVAL_CORRIDOR,155,0.543,1.082,0.346,67.25,0.276,0.66,-0.273,3,7,7,SAFE,0
5,15,LIVE_PERFORMANCE_ZONE,164,0.607,1.072,0.235,62.73,0.316,0.743,-0.923,5,10,9,SAFE,0
5,16,LIVE_PERFORMANCE_ZONE,161,0.609,0.956,0.359,59.67,0.299,0.577,-0.518,7,5,10,SAFE,0
5,17,EVENT_ATRIUM,180,0.668,0.731,0.423,66.44,0.317,0.685,-0.476,7,11,6,WARNING,1
5,18,FESTIVAL_CORRIDOR,157,0.592,1.011,0.272,59.89,0.289,0.657,-1.062,4,7,8,SAFE,0
5,19,LIVE_PERFORMANCE_ZONE,147,0.607,0.953,0.281,67.44,0.298,0.572,-0.216,8,5,6,SAFE,0
5,20,LIVE_PERFORMANCE_ZONE,155,0.618,0.906,0.361,63.06,0.306,0.729,-0.951,10,5,8,WARNING,1
5,21,MALL_CONCERT_STAGE,159,0.607,0.987,0.373,62.35,0.268,0.653,0.054,6,9,4,SAFE,0
5,22,LIVE_PERFORMANCE_ZONE,138,0.507,1.01,0.18,50.8,0.233,0.624,-0.429,3,5,7,SAFE,0
5,23,MALL_CONCERT_STAGE,168,0.659,0.772,0.3,64.9,0.303,0.802,-0.959,11,10,8,WARNING,1
5,24,FESTIVAL_CORRIDOR,165,0.638,0.819,0.377,84.13,0.291,0.682,-0.907,5,3,10,WARNING,1
5,25,EVENT_ATRIUM,173,0.618,0.89,0.36,54.18,0.244,0.759,-0.673,9,12,14,SAFE,0
5,26,MALL_CONCERT_STAGE,154,0.572,0.965,0.244,63.23,0.334,0.634,-0.742,5,10,2,SAFE,0
5,27,EVENT_ATRIUM,142,0.564,0.893,0.369,66.99,0.274,0.595,-0.415,4,7,12,SAFE,0
5,28,LIVE_PERFORMANCE_ZONE,153,0.582,0.973,0.319,52.84,0.271,0.669,-0.319,5,10,4,SAFE,0
5,29,EVENT_ATRIUM,144,0.56,1.029,0.227,69.85,0.321,0.685,-0.975,9,2,7,SAFE,0
5,30,FESTIVAL_CORRIDOR,142,0.558,1.108,0.297,70.89,0.21,0.663,-0.836,5,7,8,SAFE,0
5,31,EVENT_ATRIUM,151,0.639,0.849,0.371,78.23,0.235,0.715,-1.299,5,6,2,WARNING,1
5,32,MALL_CONCERT_STAGE,160,0.627,0.924,0.342,60.13,0.292,0.794,-0.833,6,11,1,WARNING,1
5,33,FESTIVAL_CORRIDOR,126,0.414,1.132,0.3,60.9,0.212,0.478,-0.236,8,6,5,SAFE,0
5,34,MALL_CONCERT_STAGE,132,0.523,1.031,0.28,56.46,0.199,0.667,-0.419,3,7,9,SAFE,0
5,35,LIVE_PERFORMANCE_ZONE,138,0.558,0.961,0.345,69.31,0.264,0.677,-0.725,7,5,9,SAFE,0
5,36,LIVE_PERFORMANCE_ZONE,117,0.449,1.184,0.184,58.38,0.308,0.65,-0.064,9,5,3,SAFE,0
5,37,EVENT_ATRIUM,125,0.459,1.111,0.221,57.22,0.298,0.545,-0.314,4,8,6,SAFE,0
5,38,FESTIVAL_CORRIDOR,114,0.41,1.169,0.26,53.54,0.155,0.608,-0.379,4,5,8,SAFE,0
5,39,EVENT_ATRIUM,132,0.475,1.064,0.247,57.79,0.272,0.621,-0.514,7,6,7,SAFE,0
5,40,EVENT_ATRIUM,131,0.529,0.913,0.268,66.08,0.256,0.587,-0.463,8,7,6,SAFE,0
5,41,LIVE_PERFORMANCE_ZONE,107,0.407,1.155,0.19,42.55,0.211,0.661,-0.506,2,9,0,SAFE,0
5,42,LIVE_PERFORMANCE_ZONE,111,0.506,1.016,0.268,53.53,0.265,0.614,-0.632,2,6,8,SAFE,0
5,43,EVENT_ATRIUM,135,0.56,0.943,0.36,58.98,0.247,0.694,-0.138,2,1,4,SAFE,0
5,44,MALL_CONCERT_STAGE,95,0.337,1.268,0.158,44.24,0.183,0.637,-0.547,3,3,5,SAFE,0
5,45,LIVE_PERFORMANCE_ZONE,112,0.431,1.029,0.212,65,0.153,0.553,-0.877,6,5,10,SAFE,0
5,46,MALL_CONCERT_STAGE,109,0.394,1.13,0.146,50.06,0.231,0.512,-0.733,6,6,5,SAFE,0
5,47,MALL_CONCERT_STAGE,110,0.446,1.023,0.193,61.48,0.214,0.588,-0.658,3,8,5,SAFE,0
5,48,EVENT_ATRIUM,122,0.478,1.098,0.274,59.66,0.232,0.613,-0.164,3,8,8,SAFE,0
5,49,MALL_CONCERT_STAGE,116,0.448,1.182,0.279,46.59,0.241,0.63,0.051,2,3,6,SAFE,0
5,50,LIVE_PERFORMANCE_ZONE,99,0.336,1.291,0.256,45.02,0.097,0.519,-0.416,1,3,4,SAFE,0
5,51,LIVE_PERFORMANCE_ZONE,116,0.425,1.233,0.242,70.77,0.178,0.648,-0.361,8,5,7,SAFE,0
5,52,LIVE_PERFORMANCE_ZONE,96,0.347,1.138,0.121,39.6,0.16,0.546,-0.573,8,8,2,SAFE,0
5,53,FESTIVAL_CORRIDOR,108,0.37,1.098,0.189,50.93,0.146,0.545,-0.456,6,5,6,SAFE,0
5,54,LIVE_PERFORMANCE_ZONE,92,0.403,1.114,0.165,47.08,0.113,0.539,-0.861,7,3,5,SAFE,0
5,55,FESTIVAL_CORRIDOR,107,0.387,1.175,0.257,41.47,0.168,0.548,-0.16,4,6,6,SAFE,0
5,56,EVENT_ATRIUM,113,0.458,1.082,0.245,71.08,0.258,0.556,-0.531,2,7,5,SAFE,0
5,57,LIVE_PERFORMANCE_ZONE,114,0.445,1.094,0.272,52.71,0.185,0.601,-0.566,5,6,4,SAFE,0
5,58,EVENT_ATRIUM,101,0.388,1.097,0.239,48.76,0.166,0.619,-0.948,7,4,2,SAFE,0
5,59,LIVE_PERFORMANCE_ZONE,124,0.45,1.046,0.175,55.02,0.219,0.584,-0.554,5,8,3,SAFE,0
5,60,EVENT_ATRIUM,116,0.475,1.119,0.266,52.52,0.19,0.629,-0.991,7,7,3,SAFE,0
5,61,LIVE_PERFORMANCE_ZONE,109,0.427,1.217,0.216,56.87,0.133,0.652,-0.148,4,2,4,SAFE,0
5,62,MALL_CONCERT_STAGE,100,0.342,1.237,0.236,37.46,0.215,0.46,0.267,3,6,6,SAFE,0
5,63,FESTIVAL_CORRIDOR,103,0.434,1.048,0.207,62.69,0.162,0.625,-0.578,3,5,5,SAFE,0
5,64,MALL_CONCERT_STAGE,115,0.44,1.054,0.353,59.54,0.217,0.596,-0.451,3,6,2,SAFE,0
5,65,LIVE_PERFORMANCE_ZONE,102,0.399,1.283,0.234,59.68,0.16,0.49,-0.746,10,4,5,SAFE,0
5,66,FESTIVAL_CORRIDOR,104,0.411,1.243,0.193,44.89,0.15,0.585,-1.178,8,6,6,SAFE,0
5,67,EVENT_ATRIUM,78,0.307,1.232,0.173,43.28,0.14,0.462,-0.907,2,5,4,SAFE,0
5,68,MALL_CONCERT_STAGE,91,0.357,1.364,0.213,44.02,0.11,0.535,-0.403,5,4,1,SAFE,0
5,69,MALL_CONCERT_STAGE,107,0.418,1.051,0.288,54.3,0.187,0.557,-0.677,6,7,6,SAFE,0
5,70,LIVE_PERFORMANCE_ZONE,115,0.427,1.089,0.278,59.64,0.201,0.619,-0.919,5,6,4,SAFE,0
5,71,MALL_CONCERT_STAGE,91,0.325,1.231,0.21,49.4,0.216,0.575,-0.915,5,7,4,SAFE,0
5,72,FESTIVAL_CORRIDOR,73,0.248,1.202,0.153,34.21,0.098,0.437,-1.53,1,3,4,SAFE,0
5,73,FESTIVAL_CORRIDOR,116,0.45,1.065,0.232,60.99,0.225,0.63,-0.184,4,6,4,SAFE,0
5,74,MALL_CONCERT_STAGE,115,0.49,1.131,0.337,71.16,0.244,0.541,-0.7,1,6,7,SAFE,0
5,75,EVENT_ATRIUM,111,0.451,1.027,0.263,50.21,0.223,0.596,-0.205,3,2,8,SAFE,0
5,76,EVENT_ATRIUM,89,0.32,1.328,0.22,19.42,0.15,0.533,-0.793,4,3,3,SAFE,0
5,77,MALL_CONCERT_STAGE,87,0.324,1.032,0.195,48.94,0.119,0.489,-0.369,4,3,7,SAFE,0
5,78,MALL_CONCERT_STAGE,90,0.367,1.18,0.183,41.66,0.145,0.568,-0.954,4,4,3,SAFE,0
5,79,LIVE_PERFORMANCE_ZONE,112,0.433,1.056,0.198,46.75,0.159,0.604,-0.771,4,10,7,SAFE,0
5,80,FESTIVAL_CORRIDOR,118,0.45,1.083,0.199,47.46,0.175,0.608,-0.654,1,5,4,SAFE,0
5,81,LIVE_PERFORMANCE_ZONE,101,0.368,1.171,0.185,47.94,0.231,0.648,-0.265,2,2,3,SAFE,0
5,82,MALL_CONCERT_STAGE,105,0.382,1.318,0.088,50.3,0.185,0.546,-0.691,5,7,6,SAFE,0
5,83,EVENT_ATRIUM,98,0.39,1.12,0.134,49.36,0.141,0.62,-0.287,3,2,5,SAFE,0
5,84,MALL_CONCERT_STAGE,110,0.405,1.242,0.242,34,0.206,0.552,-0.336,9,2,3,SAFE,0
5,85,LIVE_PERFORMANCE_ZONE,101,0.386,1.229,0.163,54.13,0.17,0.619,-1.046,7,3,3,SAFE,0
5,86,FESTIVAL_CORRIDOR,98,0.355,1.103,0.261,50.28,0.105,0.583,-0.161,9,2,3,SAFE,0
5,87,LIVE_PERFORMANCE_ZONE,123,0.488,1.134,0.292,59.67,0.2,0.596,-0.565,2,3,6,SAFE,0
5,88,MALL_CONCERT_STAGE,118,0.404,1.187,0.222,56.11,0.164,0.53,-0.76,3,6,1,SAFE,0
5,89,EVENT_ATRIUM,68,0.185,1.333,0.014,40.06,0.1,0.345,-0.906,5,4,2,SAFE,0
6,0,EVENT_ATRIUM,89,0.379,1.184,0.235,59.69,0.175,0.611,-0.718,3,4,5,SAFE,0
6,1,MALL_CONCERT_STAGE,104,0.372,1.116,0.214,49.34,0.232,0.516,-0.63,7,3,4,SAFE,0
6,2,FESTIVAL_CORRIDOR,96,0.329,1.161,0.122,40.55,0.151,0.473,0.052,5,2,5,SAFE,0
6,3,MALL_CONCERT_STAGE,86,0.317,1.278,0.202,33.02,0.165,0.682,0.087,5,3,9,SAFE,0
6,4,LIVE_PERFORMANCE_ZONE,103,0.384,1.14,0.159,55.74,0.206,0.602,-1.111,2,7,3,SAFE,0
6,5,EVENT_ATRIUM,88,0.346,1.319,0.268,47.41,0.104,0.515,-0.618,4,3,4,SAFE,0
6,6,LIVE_PERFORMANCE_ZONE,94,0.312,1.326,0.033,61.96,0.21,0.509,-0.446,1,2,7,SAFE,0
6,7,LIVE_PERFORMANCE_ZONE,91,0.364,1.189,0.156,40.35,0.196,0.415,-0.323,7,2,4,SAFE,0
6,8,LIVE_PERFORMANCE_ZONE,95,0.307,1.165,0.154,34.61,0.126,0.491,-0.631,9,4,2,SAFE,0
6,9,MALL_CONCERT_STAGE,98,0.331,1.318,0.219,43.87,0.137,0.523,-0.819,10,4,6,SAFE,0
6,10,EVENT_ATRIUM,79,0.276,1.233,0.099,40.68,0.153,0.404,-0.587,4,2,2,SAFE,0
6,11,LIVE_PERFORMANCE_ZONE,89,0.366,1.082,0.306,49.95,0.222,0.585,-0.48,4,2,3,SAFE,0
6,12,FESTIVAL_CORRIDOR,83,0.351,1.08,0.229,47.95,0.157,0.563,-0.334,3,4,2,SAFE,0
6,13,LIVE_PERFORMANCE_ZONE,82,0.346,1.236,0.234,40.99,0.133,0.49,-0.54,4,2,3,SAFE,0
6,14,EVENT_ATRIUM,100,0.403,1.102,0.236,59.55,0.17,0.529,-0.488,5,6,8,SAFE,0
6,15,LIVE_PERFORMANCE_ZONE,103,0.39,0.977,0.258,60.82,0.237,0.537,-0.573,7,5,5,SAFE,0
6,16,EVENT_ATRIUM,93,0.353,1.173,0.189,43.06,0.19,0.585,-0.615,2,8,2,SAFE,0
6,17,LIVE_PERFORMANCE_ZONE,99,0.392,1.155,0.186,46.71,0.208,0.519,-0.126,6,7,7,SAFE,0
6,18,MALL_CONCERT_STAGE,134,0.534,1.166,0.335,55.53,0.241,0.673,-0.474,5,5,11,SAFE,0
6,19,LIVE_PERFORMANCE_ZONE,104,0.393,1.149,0.207,57.04,0.179,0.601,-0.462,4,3,2,SAFE,0
6,20,EVENT_ATRIUM,113,0.45,1.125,0.362,48.37,0.278,0.621,-0.242,8,7,6,SAFE,0
6,21,LIVE_PERFORMANCE_ZONE,97,0.349,1.155,0.121,45.48,0.241,0.487,0.15,3,3,5,SAFE,0
6,22,FESTIVAL_CORRIDOR,114,0.405,1.168,0.166,42.11,0.259,0.626,-0.525,3,5,4,SAFE,0
6,23,EVENT_ATRIUM,128,0.512,1.124,0.265,62.34,0.293,0.585,-0.956,5,10,7,SAFE,0
6,24,MALL_CONCERT_STAGE,122,0.464,1.11,0.311,60.5,0.224,0.628,0.115,1,9,4,SAFE,0
6,25,FESTIVAL_CORRIDOR,116,0.468,1.074,0.251,59.12,0.251,0.518,-0.581,3,9,10,SAFE,0
6,26,LIVE_PERFORMANCE_ZONE,127,0.539,0.837,0.262,71.38,0.302,0.673,-0.788,7,6,6,SAFE,0
6,27,FESTIVAL_CORRIDOR,127,0.443,1.148,0.266,57.23,0.232,0.589,-1.072,7,12,5,SAFE,0
6,28,FESTIVAL_CORRIDOR,143,0.547,1.158,0.303,69.75,0.274,0.68,-1.223,3,6,6,SAFE,0
6,29,EVENT_ATRIUM,118,0.426,1.062,0.234,49.28,0.231,0.551,-0.852,4,5,3,SAFE,0
6,30,MALL_CONCERT_STAGE,141,0.451,1.128,0.165,58.6,0.275,0.552,-0.652,9,6,8,SAFE,0
6,31,LIVE_PERFORMANCE_ZONE,167,0.649,0.749,0.271,69.4,0.291,0.667,-0.092,6,14,9,SAFE,0
6,32,LIVE_PERFORMANCE_ZONE,150,0.611,0.809,0.359,76.88,0.271,0.633,-0.516,4,4,4,SAFE,0
6,33,LIVE_PERFORMANCE_ZONE,142,0.544,1.037,0.353,63.5,0.284,0.592,-0.796,4,9,5,SAFE,0
6,34,EVENT_ATRIUM,154,0.641,0.881,0.296,68.81,0.219,0.719,-0.555,4,4,4,SAFE,0
6,35,FESTIVAL_CORRIDOR,121,0.459,1.1,0.135,56.31,0.199,0.542,-0.795,3,8,5,SAFE,0
6,36,FESTIVAL_CORRIDOR,127,0.486,1.218,0.301,56.65,0.215,0.671,-0.527,4,4,6,SAFE,0
6,37,EVENT_ATRIUM,128,0.468,1.136,0.196,62.44,0.26,0.655,-0.576,8,4,1,SAFE,0
6,38,FESTIVAL_CORRIDOR,157,0.584,0.959,0.247,56.86,0.312,0.597,-0.452,6,5,7,SAFE,0
6,39,FESTIVAL_CORRIDOR,147,0.542,0.861,0.307,64.53,0.237,0.662,-1.119,7,1,6,SAFE,0
6,40,FESTIVAL_CORRIDOR,154,0.619,1.123,0.426,63.86,0.239,0.67,-1.027,6,6,7,WARNING,1
6,41,EVENT_ATRIUM,163,0.574,1.045,0.237,64.29,0.281,0.694,-0.722,7,10,7,SAFE,0
6,42,MALL_CONCERT_STAGE,161,0.629,0.99,0.323,75.85,0.346,0.75,-0.934,7,8,3,WARNING,1
6,43,FESTIVAL_CORRIDOR,136,0.471,1.248,0.25,47.02,0.204,0.611,-0.709,4,5,3,SAFE,0
6,44,MALL_CONCERT_STAGE,146,0.596,0.826,0.345,81.22,0.279,0.668,-0.425,6,3,3,WARNING,1
6,45,EVENT_ATRIUM,166,0.634,0.965,0.323,60.45,0.371,0.736,-0.754,9,7,8,WARNING,1
6,46,FESTIVAL_CORRIDOR,136,0.553,0.899,0.249,64.81,0.33,0.637,-0.397,5,7,7,SAFE,0
6,47,FESTIVAL_CORRIDOR,151,0.582,0.954,0.367,69.49,0.348,0.715,-0.482,4,7,14,WARNING,1
6,48,LIVE_PERFORMANCE_ZONE,142,0.523,1.041,0.27,64.07,0.254,0.658,-1.04,6,8,1,SAFE,0
6,49,FESTIVAL_CORRIDOR,135,0.531,1.028,0.256,58.41,0.289,0.581,-0.389,6,8,10,SAFE,0
6,50,EVENT_ATRIUM,132,0.524,1.062,0.393,49.16,0.322,0.628,-0.651,5,4,10,SAFE,0
6,51,EVENT_ATRIUM,131,0.498,1.03,0.282,56.9,0.277,0.639,-0.561,2,9,2,SAFE,0
6,52,MALL_CONCERT_STAGE,142,0.584,0.93,0.289,59.27,0.306,0.683,-0.694,8,12,7,SAFE,0
6,53,LIVE_PERFORMANCE_ZONE,110,0.421,1.104,0.262,44.23,0.219,0.625,-0.609,4,5,4,SAFE,0
6,54,LIVE_PERFORMANCE_ZONE,106,0.38,1.18,0.159,58.89,0.145,0.568,-0.042,2,9,1,SAFE,0
6,55,LIVE_PERFORMANCE_ZONE,149,0.547,0.958,0.261,68.3,0.349,0.616,-0.334,5,3,8,SAFE,0
6,56,FESTIVAL_CORRIDOR,134,0.492,1.003,0.263,69.85,0.23,0.554,-0.769,8,8,2,SAFE,0
6,57,FESTIVAL_CORRIDOR,134,0.548,1.076,0.296,54.61,0.316,0.668,-0.368,6,5,7,SAFE,0
6,58,LIVE_PERFORMANCE_ZONE,94,0.349,1.118,0.128,36.11,0.16,0.521,-0.349,3,4,2,SAFE,0
6,59,MALL_CONCERT_STAGE,104,0.372,1.317,0.233,56.81,0.13,0.569,-0.32,5,7,6,SAFE,0
6,60,EVENT_ATRIUM,117,0.45,1.12,0.294,52.65,0.235,0.575,-0.606,5,6,2,SAFE,0
6,61,FESTIVAL_CORRIDOR,123,0.465,1.089,0.279,46.55,0.217,0.58,-0.239,7,5,7,SAFE,0
6,62,FESTIVAL_CORRIDOR,91,0.328,1.17,0.144,41.97,0.147,0.498,-0.728,6,7,4,SAFE,0
6,63,FESTIVAL_CORRIDOR,102,0.337,1.317,0.086,52.19,0.197,0.481,-0.028,2,1,3,SAFE,0
6,64,FESTIVAL_CORRIDOR,87,0.3,1.298,0.145,41.32,0.209,0.48,-0.419,6,4,6,SAFE,0
6,65,EVENT_ATRIUM,95,0.394,1.201,0.296,42.39,0.161,0.576,0.121,5,9,2,SAFE,0
6,66,MALL_CONCERT_STAGE,94,0.358,1.121,0.116,48.68,0.173,0.546,-0.308,5,6,6,SAFE,0
6,67,LIVE_PERFORMANCE_ZONE,84,0.33,1.307,0.128,50.46,0.121,0.567,-0.563,2,7,5,SAFE,0
6,68,MALL_CONCERT_STAGE,103,0.398,1.118,0.181,50.53,0.161,0.528,-0.8,10,7,1,SAFE,0
6,69,LIVE_PERFORMANCE_ZONE,87,0.391,1.204,0.241,55.93,0.23,0.531,-0.48,6,2,6,SAFE,0
6,70,EVENT_ATRIUM,98,0.38,1.173,0.137,61.97,0.145,0.491,-0.579,6,7,2,SAFE,0
6,71,FESTIVAL_CORRIDOR,79,0.338,1.266,0.241,41.99,0.104,0.545,0.019,4,5,1,SAFE,0
6,72,FESTIVAL_CORRIDOR,100,0.36,1.251,0.185,54.92,0.227,0.519,-0.461,6,8,5,SAFE,0
6,73,MALL_CONCERT_STAGE,96,0.355,1.211,0.142,47.04,0.179,0.606,0.184,4,8,6,SAFE,0
6,74,EVENT_ATRIUM,68,0.31,1.387,0.12,41.2,0.153,0.472,-1.062,2,3,5,SAFE,0
6,75,EVENT_ATRIUM,107,0.352,1.174,0.245,51.22,0.173,0.59,-0.788,5,12,5,SAFE,0
6,76,LIVE_PERFORMANCE_ZONE,78,0.347,1.314,0.119,34.33,0.195,0.522,-0.83,3,3,8,SAFE,0
6,77,EVENT_ATRIUM,107,0.407,1.192,0.135,39.33,0.228,0.588,-0.384,2,7,7,SAFE,0
6,78,MALL_CONCERT_STAGE,106,0.395,1.059,0.179,47.16,0.229,0.565,-0.581,3,5,4,SAFE,0
6,79,FESTIVAL_CORRIDOR,81,0.308,1.399,0.178,31.57,0.161,0.585,-0.931,4,4,2,SAFE,0
6,80,FESTIVAL_CORRIDOR,106,0.404,1.135,0.241,50.2,0.137,0.557,-0.29,9,5,6,SAFE,0
6,81,EVENT_ATRIUM,102,0.394,1.194,0.226,44.61,0.148,0.567,-0.789,3,5,5,SAFE,0
6,82,EVENT_ATRIUM,90,0.349,1.19,0.209,38.82,0.197,0.54,-0.747,3,4,2,SAFE,0
6,83,LIVE_PERFORMANCE_ZONE,91,0.368,1.119,0.256,42.71,0.195,0.478,-0.486,4,6,4,SAFE,0
6,84,MALL_CONCERT_STAGE,79,0.285,1.45,0.108,48.39,0.136,0.449,0.552,3,7,4,SAFE,0
6,85,LIVE_PERFORMANCE_ZONE,90,0.348,1.215,0.214,35.03,0.104,0.466,-0.634,6,2,4,SAFE,0
6,86,LIVE_PERFORMANCE_ZONE,99,0.415,1.149,0.312,67.99,0.22,0.529,-0.724,6,7,2,SAFE,0
6,87,LIVE_PERFORMANCE_ZONE,97,0.437,0.993,0.313,51.08,0.205,0.567,-1.057,3,6,5,SAFE,0
6,88,FESTIVAL_CORRIDOR,104,0.395,1.38,0.187,61.81,0.187,0.485,-0.347,3,4,9,SAFE,0
6,89,MALL_CONCERT_STAGE,94,0.446,1.237,0.318,57.31,0.177,0.647,-1.552,5,9,8,SAFE,0
7,0,EVENT_ATRIUM,214,0.845,0.787,0.403,78.48,0.414,0.779,-1.292,3,8,11,WARNING,1
7,1,LIVE_PERFORMANCE_ZONE,207,0.804,0.655,0.392,69.36,0.363,0.863,-1.362,4,13,14,WARNING,1
7,2,MALL_CONCERT_STAGE,202,0.799,0.831,0.404,73.44,0.382,0.813,-1.091,10,7,8,WARNING,1
7,3,MALL_CONCERT_STAGE,210,0.784,0.948,0.423,89.78,0.314,0.755,-0.793,5,11,13,WARNING,1
7,4,FESTIVAL_CORRIDOR,220,0.943,0.507,0.6,94.38,0.445,0.884,-0.911,4,16,9,HIGH,2
7,5,LIVE_PERFORMANCE_ZONE,219,0.864,0.765,0.529,91.09,0.457,0.771,-1.417,7,15,12,WARNING,1
7,6,MALL_CONCERT_STAGE,222,0.857,0.624,0.49,97.7,0.369,0.842,-0.362,11,12,11,WARNING,1
7,7,LIVE_PERFORMANCE_ZONE,217,0.845,0.669,0.436,71.86,0.383,0.766,-0.713,6,14,5,WARNING,1
7,8,EVENT_ATRIUM,242,0.904,0.656,0.493,92.93,0.414,0.905,-0.774,11,12,12,WARNING,1
7,9,EVENT_ATRIUM,225,0.893,0.491,0.501,88.16,0.496,0.888,-1.135,7,14,17,WARNING,1
7,10,EVENT_ATRIUM,214,0.854,0.622,0.442,76.69,0.436,0.841,-0.543,7,11,14,WARNING,1
7,11,EVENT_ATRIUM,215,0.858,0.684,0.492,77.77,0.459,0.681,-0.594,7,11,9,WARNING,1
7,12,LIVE_PERFORMANCE_ZONE,219,0.93,0.725,0.421,88.85,0.449,0.791,-0.238,2,8,1,WARNING,1
7,13,FESTIVAL_CORRIDOR,209,0.834,0.562,0.479,82.26,0.36,0.826,-0.797,8,18,12,WARNING,1
7,14,EVENT_ATRIUM,220,0.912,0.577,0.466,90.94,0.429,0.892,-1.643,4,13,9,WARNING,1
7,15,LIVE_PERFORMANCE_ZONE,241,0.953,0.688,0.585,97.32,0.494,0.83,-0.691,9,14,11,HIGH,2
7,16,EVENT_ATRIUM,237,0.923,0.561,0.492,78.39,0.48,0.87,-0.41,10,14,9,WARNING,1
7,17,EVENT_ATRIUM,246,0.92,0.54,0.402,89.54,0.398,0.86,-1.269,6,12,11,WARNING,1
7,18,FESTIVAL_CORRIDOR,238,0.888,0.558,0.528,78.2,0.413,0.795,-1.191,4,19,16,WARNING,1
7,19,EVENT_ATRIUM,263,1,0.561,0.587,90.12,0.506,0.969,-1.168,6,9,11,HIGH,2
7,20,LIVE_PERFORMANCE_ZONE,238,0.934,0.619,0.451,90.19,0.354,0.864,-0.506,7,13,12,WARNING,1
7,21,MALL_CONCERT_STAGE,256,0.908,0.559,0.517,86.71,0.384,0.787,-1.491,9,18,15,WARNING,1
7,22,EVENT_ATRIUM,249,0.89,0.754,0.465,77.93,0.458,0.879,-1.018,9,8,12,WARNING,1
7,23,MALL_CONCERT_STAGE,273,1,0.364,0.568,93.13,0.515,0.935,-0.485,4,11,14,HIGH,2
7,24,LIVE_PERFORMANCE_ZONE,269,1,0.426,0.45,96.06,0.592,0.845,-0.83,8,16,10,HIGH,2
7,25,EVENT_ATRIUM,253,0.955,0.458,0.57,90.92,0.503,0.902,-0.972,9,10,14,HIGH,2
7,26,LIVE_PERFORMANCE_ZONE,260,0.967,0.517,0.515,97.67,0.467,0.976,-1.152,5,14,10,HIGH,2
7,27,EVENT_ATRIUM,235,0.925,0.76,0.539,90.58,0.442,0.838,-0.908,9,9,6,HIGH,2
7,28,FESTIVAL_CORRIDOR,256,0.98,0.523,0.528,105.81,0.455,0.925,-0.959,6,8,8,HIGH,2
7,29,LIVE_PERFORMANCE_ZONE,237,0.896,0.68,0.478,83.93,0.448,0.888,-0.843,9,18,8,WARNING,1
7,30,LIVE_PERFORMANCE_ZONE,287,1,0.607,0.554,94.6,0.499,0.978,-0.379,6,12,12,HIGH,2
7,31,MALL_CONCERT_STAGE,265,1,0.664,0.615,106.07,0.468,0.911,-1.461,14,16,14,HIGH,2
7,32,FESTIVAL_CORRIDOR,257,0.955,0.666,0.471,78.23,0.481,0.861,-0.974,9,18,15,WARNING,1
7,33,MALL_CONCERT_STAGE,253,0.979,0.64,0.528,97.23,0.46,0.773,-0.976,6,14,15,HIGH,2
7,34,LIVE_PERFORMANCE_ZONE,276,1,0.494,0.536,101.36,0.499,0.886,-0.899,9,17,16,HIGH,2
7,35,LIVE_PERFORMANCE_ZONE,262,0.996,0.271,0.476,103.1,0.559,0.943,-0.884,6,9,15,HIGH,2
7,36,LIVE_PERFORMANCE_ZONE,253,0.953,0.474,0.505,89.87,0.492,0.838,-0.805,5,9,12,HIGH,2
7,37,MALL_CONCERT_STAGE,289,1,0.45,0.567,110.46,0.553,0.871,-0.911,8,19,16,HIGH,2
7,38,MALL_CONCERT_STAGE,257,1,0.462,0.654,98.38,0.432,0.883,-1.389,6,17,11,HIGH,2
7,39,FESTIVAL_CORRIDOR,237,0.888,0.69,0.5,82.44,0.403,0.863,-0.666,7,12,10,WARNING,1
7,40,FESTIVAL_CORRIDOR,264,1,0.599,0.578,91.38,0.504,0.852,-0.675,9,16,13,HIGH,2
7,41,FESTIVAL_CORRIDOR,260,0.988,0.581,0.57,91,0.451,0.958,-1.262,3,10,7,HIGH,2
7,42,EVENT_ATRIUM,241,0.881,0.603,0.505,85.79,0.408,0.874,-0.848,5,14,7,WARNING,1
7,43,FESTIVAL_CORRIDOR,246,0.935,0.627,0.44,92.24,0.407,0.916,-0.817,6,9,10,WARNING,1
7,44,LIVE_PERFORMANCE_ZONE,232,0.942,0.454,0.502,83.11,0.464,0.879,-1.452,5,13,15,HIGH,2
7,45,MALL_CONCERT_STAGE,222,0.851,0.665,0.472,80.75,0.474,0.852,-0.855,4,5,10,WARNING,1
7,46,EVENT_ATRIUM,239,0.942,0.613,0.506,88.45,0.496,0.879,-1.218,12,10,6,HIGH,2
7,47,LIVE_PERFORMANCE_ZONE,228,0.87,0.599,0.417,83.32,0.45,0.833,-0.66,5,12,13,WARNING,1
7,48,MALL_CONCERT_STAGE,237,0.938,0.593,0.484,96.11,0.462,0.91,-0.733,10,10,8,HIGH,2
7,49,LIVE_PERFORMANCE_ZONE,230,0.821,0.735,0.472,74.03,0.316,0.773,-0.793,7,8,10,WARNING,1
7,50,LIVE_PERFORMANCE_ZONE,213,0.811,0.829,0.364,92.84,0.353,0.84,-0.475,6,9,7,WARNING,1
7,51,EVENT_ATRIUM,215,0.849,0.663,0.431,92.42,0.368,0.821,-0.817,14,11,6,WARNING,1
7,52,MALL_CONCERT_STAGE,218,0.864,0.572,0.473,90.57,0.442,0.918,-0.689,3,13,14,WARNING,1
7,53,LIVE_PERFORMANCE_ZONE,189,0.698,0.78,0.318,66.63,0.343,0.767,-1.481,4,5,5,WARNING,1
7,54,EVENT_ATRIUM,230,0.879,0.71,0.465,101.1,0.465,0.857,-1.79,8,3,5,WARNING,1
7,55,EVENT_ATRIUM,201,0.806,0.702,0.417,75.94,0.435,0.867,-0.43,7,8,13,WARNING,1
7,56,EVENT_ATRIUM,227,0.865,0.702,0.518,88.03,0.414,0.843,-0.013,5,11,9,WARNING,1
7,57,EVENT_ATRIUM,222,0.85,0.723,0.377,88.76,0.477,0.783,-0.56,4,12,12,WARNING,1
7,58,LIVE_PERFORMANCE_ZONE,196,0.78,0.716,0.471,80.29,0.38,0.807,-1.046,6,15,8,WARNING,1
7,59,MALL_CONCERT_STAGE,204,0.756,0.764,0.372,79.63,0.408,0.757,-0.752,6,18,11,WARNING,1
7,60,EVENT_ATRIUM,200,0.76,0.881,0.395,90.29,0.319,0.729,-0.414,5,15,10,WARNING,1
7,61,MALL_CONCERT_STAGE,234,0.926,0.691,0.502,92.29,0.508,0.881,-0.727,9,12,6,HIGH,2
7,62,LIVE_PERFORMANCE_ZONE,218,0.838,0.642,0.466,87.2,0.383,0.773,-0.704,4,9,5,WARNING,1
7,63,LIVE_PERFORMANCE_ZONE,180,0.711,0.83,0.471,69.68,0.362,0.691,-0.807,4,9,14,WARNING,1
7,64,EVENT_ATRIUM,205,0.814,0.726,0.424,90.82,0.366,0.805,-1.285,3,10,10,WARNING,1
7,65,EVENT_ATRIUM,230,0.906,0.559,0.466,87.67,0.518,0.794,-0.925,6,10,10,WARNING,1
7,66,MALL_CONCERT_STAGE,222,0.874,0.748,0.409,72.43,0.332,0.887,-0.688,3,6,10,WARNING,1
7,67,FESTIVAL_CORRIDOR,199,0.811,0.812,0.477,95.68,0.479,0.787,-1.132,9,9,6,WARNING,1
7,68,MALL_CONCERT_STAGE,213,0.811,0.73,0.369,75.68,0.427,0.805,-0.682,2,8,14,WARNING,1
7,69,FESTIVAL_CORRIDOR,207,0.861,0.618,0.429,89.81,0.386,0.848,-1.18,6,7,9,WARNING,1
7,70,EVENT_ATRIUM,197,0.785,0.703,0.388,92.52,0.404,0.78,-1.682,2,12,7,WARNING,1
7,71,FESTIVAL_CORRIDOR,203,0.797,0.793,0.488,84.88,0.311,0.771,-0.031,10,12,14,WARNING,1
7,72,LIVE_PERFORMANCE_ZONE,191,0.742,0.823,0.427,75.03,0.383,0.695,-0.473,8,8,4,WARNING,1
7,73,LIVE_PERFORMANCE_ZONE,216,0.805,0.794,0.423,90.88,0.345,0.787,-1.016,10,16,5,WARNING,1
7,74,MALL_CONCERT_STAGE,196,0.778,0.669,0.532,73.92,0.422,0.839,-0.604,10,11,6,WARNING,1
7,75,MALL_CONCERT_STAGE,222,0.867,0.682,0.555,95.07,0.382,0.859,-1.126,8,10,17,WARNING,1
7,76,MALL_CONCERT_STAGE,205,0.772,0.823,0.433,78.41,0.41,0.716,-0.911,6,12,9,WARNING,1
7,77,LIVE_PERFORMANCE_ZONE,212,0.811,0.865,0.488,85.26,0.407,0.799,-0.843,5,14,8,WARNING,1
7,78,EVENT_ATRIUM,202,0.779,0.76,0.364,71.55,0.358,0.775,-0.279,6,15,6,WARNING,1
7,79,LIVE_PERFORMANCE_ZONE,203,0.684,0.699,0.396,81,0.383,0.678,-0.68,5,9,14,WARNING,1
7,80,EVENT_ATRIUM,211,0.859,0.687,0.409,82.73,0.428,0.834,-0.429,2,8,7,WARNING,1
7,81,LIVE_PERFORMANCE_ZONE,209,0.803,0.725,0.432,82.37,0.493,0.807,-0.617,8,7,6,WARNING,1
7,82,LIVE_PERFORMANCE_ZONE,191,0.761,0.698,0.376,78.88,0.4,0.708,-0.48,6,7,12,WARNING,1
7,83,FESTIVAL_CORRIDOR,211,0.794,0.663,0.509,78.49,0.323,0.796,-0.522,6,17,10,WARNING,1
7,84,LIVE_PERFORMANCE_ZONE,210,0.841,0.75,0.411,96.67,0.422,0.772,-1.13,4,11,12,WARNING,1
7,85,EVENT_ATRIUM,212,0.801,0.736,0.473,86.73,0.415,0.772,-1.009,7,12,9,WARNING,1
7,86,LIVE_PERFORMANCE_ZONE,219,0.817,0.701,0.534,87.3,0.412,0.845,-0.685,8,18,8,WARNING,1
7,87,FESTIVAL_CORRIDOR,198,0.735,0.795,0.445,72.63,0.366,0.709,-1.153,4,6,8,WARNING,1
7,88,FESTIVAL_CORRIDOR,200,0.708,0.801,0.432,86.28,0.281,0.781,-0.454,4,11,10,WARNING,1
7,89,EVENT_ATRIUM,205,0.796,0.785,0.503,82.02,0.316,0.853,-1.352,6,10,9,WARNING,1
8,0,MALL_CONCERT_STAGE,151,0.601,0.927,0.333,67.24,0.373,0.635,-0.265,5,9,4,WARNING,1
8,1,FESTIVAL_CORRIDOR,152,0.543,1.067,0.294,57.37,0.264,0.569,-1.246,14,11,8,SAFE,0
8,2,MALL_CONCERT_STAGE,161,0.654,0.857,0.312,71.95,0.286,0.744,-0.866,3,9,7,WARNING,1
8,3,LIVE_PERFORMANCE_ZONE,156,0.578,0.993,0.335,67.61,0.289,0.638,-0.754,5,6,8,SAFE,0
8,4,LIVE_PERFORMANCE_ZONE,146,0.597,1.009,0.308,69.23,0.306,0.657,-0.655,4,8,2,SAFE,0
8,5,FESTIVAL_CORRIDOR,129,0.529,1.06,0.277,64.26,0.215,0.645,-0.345,4,6,5,SAFE,0
8,6,LIVE_PERFORMANCE_ZONE,159,0.635,0.804,0.428,64.83,0.279,0.706,-0.672,4,11,7,WARNING,1
8,7,EVENT_ATRIUM,152,0.578,1.022,0.298,58.47,0.263,0.629,-0.989,8,9,0,SAFE,0
8,8,EVENT_ATRIUM,175,0.645,0.832,0.337,65.23,0.237,0.664,-0.962,2,6,7,SAFE,0
8,9,MALL_CONCERT_STAGE,123,0.532,0.948,0.341,54.12,0.262,0.665,-1.059,4,8,2,SAFE,0
8,10,MALL_CONCERT_STAGE,151,0.568,1.119,0.308,68.05,0.237,0.712,-1.057,3,3,6,SAFE,0
8,11,LIVE_PERFORMANCE_ZONE,151,0.595,0.922,0.228,72.15,0.329,0.769,-0.528,6,3,9,SAFE,0
8,12,EVENT_ATRIUM,142,0.54,1.016,0.336,66.87,0.314,0.647,-0.626,6,8,7,SAFE,0
8,13,MALL_CONCERT_STAGE,157,0.637,1.032,0.415,61.5,0.303,0.714,-0.8,8,10,2,WARNING,1
8,14,MALL_CONCERT_STAGE,157,0.62,0.819,0.384,69.11,0.256,0.744,-1.13,7,11,8,WARNING,1
8,15,MALL_CONCERT_STAGE,134,0.48,1.343,0.262,64.16,0.271,0.551,-1.212,10,6,8,SAFE,0
8,16,MALL_CONCERT_STAGE,150,0.523,0.995,0.306,56.75,0.275,0.723,-0.333,6,10,4,SAFE,0
8,17,EVENT_ATRIUM,189,0.716,0.877,0.357,74.49,0.345,0.734,0.089,8,15,10,WARNING,1
8,18,MALL_CONCERT_STAGE,166,0.636,1.002,0.315,64.56,0.31,0.679,-1.015,8,8,3,WARNING,1
8,19,EVENT_ATRIUM,168,0.673,0.889,0.312,74.41,0.324,0.744,-0.196,2,8,3,WARNING,1
8,20,EVENT_ATRIUM,139,0.503,1.007,0.253,56.58,0.225,0.615,-0.75,3,5,8,SAFE,0
8,21,MALL_CONCERT_STAGE,169,0.621,0.876,0.398,70.17,0.3,0.679,-0.253,5,13,11,WARNING,1
8,22,EVENT_ATRIUM,157,0.596,0.954,0.268,59.82,0.327,0.716,-0.269,8,4,10,SAFE,0
8,23,LIVE_PERFORMANCE_ZONE,145,0.519,1.051,0.308,60.06,0.264,0.597,-1.017,5,2,6,SAFE,0
8,24,EVENT_ATRIUM,160,0.69,0.832,0.368,81.58,0.332,0.677,-1.06,14,7,5,WARNING,1
8,25,FESTIVAL_CORRIDOR,176,0.665,1.003,0.329,59.85,0.321,0.643,-0.688,6,9,13,WARNING,1
8,26,LIVE_PERFORMANCE_ZONE,159,0.631,0.972,0.338,76.47,0.22,0.813,-0.506,14,7,9,WARNING,1
8,27,MALL_CONCERT_STAGE,172,0.682,0.739,0.335,82.12,0.319,0.784,-0.798,2,4,9,WARNING,1
8,28,LIVE_PERFORMANCE_ZONE,166,0.661,0.837,0.365,60.09,0.313,0.768,-0.821,10,9,3,WARNING,1
8,29,LIVE_PERFORMANCE_ZONE,174,0.683,0.774,0.469,74.46,0.329,0.683,-0.334,3,11,10,WARNING,1
8,30,MALL_CONCERT_STAGE,179,0.713,0.876,0.401,81.32,0.354,0.655,-0.458,5,8,11,WARNING,1
8,31,MALL_CONCERT_STAGE,166,0.614,1.017,0.344,73.94,0.243,0.693,-0.852,6,5,8,SAFE,0
8,32,FESTIVAL_CORRIDOR,149,0.537,1.088,0.288,67.02,0.306,0.641,-0.631,7,5,7,SAFE,0
8,33,FESTIVAL_CORRIDOR,143,0.536,1.041,0.268,61.02,0.287,0.635,-0.957,9,7,4,SAFE,0
8,34,FESTIVAL_CORRIDOR,171,0.636,1.029,0.345,64.46,0.329,0.651,-0.657,6,10,9,WARNING,1
8,35,MALL_CONCERT_STAGE,173,0.65,0.836,0.317,76.64,0.264,0.741,-1.098,6,9,6,WARNING,1
8,36,EVENT_ATRIUM,171,0.644,0.962,0.444,66.11,0.34,0.671,-0.356,4,10,8,WARNING,1
8,37,FESTIVAL_CORRIDOR,152,0.6,0.887,0.291,69.57,0.246,0.607,-0.076,6,10,4,SAFE,0
8,38,EVENT_ATRIUM,163,0.645,0.712,0.379,63.6,0.377,0.723,-0.67,4,10,6,WARNING,1
8,39,MALL_CONCERT_STAGE,168,0.708,0.887,0.417,69.86,0.294,0.726,-1.291,9,11,8,WARNING,1
8,40,LIVE_PERFORMANCE_ZONE,156,0.575,1.063,0.336,62.16,0.257,0.696,-0.866,6,9,5,SAFE,0
8,41,FESTIVAL_CORRIDOR,190,0.769,0.655,0.396,85.47,0.393,0.771,-1.213,5,11,5,WARNING,1
8,42,EVENT_ATRIUM,177,0.684,0.921,0.466,75.43,0.369,0.701,-1.064,8,6,6,WARNING,1
8,43,MALL_CONCERT_STAGE,179,0.676,0.839,0.326,71.04,0.38,0.699,-0.403,5,10,12,WARNING,1
8,44,LIVE_PERFORMANCE_ZONE,162,0.588,0.923,0.317,58.27,0.241,0.655,-0.355,6,7,8,SAFE,0
8,45,MALL_CONCERT_STAGE,172,0.682,0.893,0.44,80.54,0.289,0.797,-1.105,3,9,8,WARNING,1
8,46,MALL_CONCERT_STAGE,192,0.721,0.874,0.393,70.9,0.383,0.752,-0.927,7,13,14,WARNING,1
8,47,LIVE_PERFORMANCE_ZONE,195,0.808,0.724,0.41,81.32,0.404,0.845,-1.36,7,9,13,WARNING,1
8,48,LIVE_PERFORMANCE_ZONE,192,0.788,0.676,0.339,80.22,0.397,0.779,-1.163,3,11,14,WARNING,1
8,49,FESTIVAL_CORRIDOR,198,0.762,0.787,0.426,71.08,0.316,0.765,-0.782,12,10,7,WARNING,1
8,50,MALL_CONCERT_STAGE,191,0.707,0.905,0.302,72.11,0.379,0.783,-0.557,4,14,6,WARNING,1
8,51,MALL_CONCERT_STAGE,208,0.786,0.67,0.402,70.76,0.379,0.744,-0.554,9,11,14,WARNING,1
8,52,MALL_CONCERT_STAGE,212,0.785,0.828,0.466,75.38,0.387,0.842,-0.645,5,16,4,WARNING,1
8,53,FESTIVAL_CORRIDOR,203,0.76,0.877,0.47,77.97,0.339,0.734,-0.761,6,11,4,WARNING,1
8,54,FESTIVAL_CORRIDOR,195,0.783,0.737,0.395,75.74,0.315,0.741,-1.02,7,6,7,WARNING,1
8,55,EVENT_ATRIUM,196,0.775,0.942,0.495,81.13,0.361,0.793,-1.161,7,9,4,WARNING,1
8,56,MALL_CONCERT_STAGE,216,0.846,0.72,0.538,87.04,0.362,0.824,-1.033,4,6,11,WARNING,1
8,57,FESTIVAL_CORRIDOR,201,0.769,0.778,0.383,73.37,0.364,0.813,-0.59,3,8,7,WARNING,1
8,58,MALL_CONCERT_STAGE,226,0.814,0.737,0.575,86.85,0.363,0.775,-0.721,8,13,11,WARNING,1
8,59,LIVE_PERFORMANCE_ZONE,215,0.828,0.866,0.512,79.92,0.373,0.853,-1.216,7,18,12,WARNING,1
8,60,FESTIVAL_CORRIDOR,219,0.832,0.683,0.501,88.91,0.436,0.84,-0.618,10,12,6,WARNING,1
8,61,EVENT_ATRIUM,224,0.827,0.863,0.521,91.05,0.341,0.815,-0.438,5,14,11,WARNING,1
8,62,LIVE_PERFORMANCE_ZONE,194,0.752,0.799,0.451,74.15,0.297,0.743,-0.555,6,8,7,WARNING,1
8,63,MALL_CONCERT_STAGE,221,0.903,0.57,0.51,77.35,0.444,0.857,-0.882,5,10,10,WARNING,1
8,64,LIVE_PERFORMANCE_ZONE,231,0.898,0.633,0.545,90.96,0.462,0.811,-0.342,10,10,7,WARNING,1
8,65,EVENT_ATRIUM,221,0.822,0.793,0.492,90.17,0.445,0.823,-0.339,3,13,7,WARNING,1
8,66,LIVE_PERFORMANCE_ZONE,200,0.778,0.898,0.462,83.31,0.312,0.832,-0.542,5,9,9,WARNING,1
8,67,FESTIVAL_CORRIDOR,209,0.815,0.808,0.365,73.27,0.388,0.808,-1.181,4,9,9,WARNING,1
8,68,EVENT_ATRIUM,215,0.835,0.699,0.468,85.47,0.317,0.773,-0.568,9,9,7,WARNING,1
8,69,EVENT_ATRIUM,201,0.844,0.818,0.377,77.44,0.423,0.761,-0.811,4,11,14,WARNING,1
8,70,FESTIVAL_CORRIDOR,187,0.687,0.932,0.381,66.31,0.303,0.668,-0.723,6,12,9,WARNING,1
8,71,FESTIVAL_CORRIDOR,189,0.746,0.758,0.419,75.71,0.358,0.738,-1.136,6,10,6,WARNING,1
8,72,MALL_CONCERT_STAGE,205,0.771,0.712,0.476,68.6,0.351,0.744,-0.349,2,9,9,WARNING,1
8,73,FESTIVAL_CORRIDOR,190,0.703,0.587,0.366,93.61,0.388,0.687,-0.943,6,10,8,WARNING,1
8,74,LIVE_PERFORMANCE_ZONE,195,0.754,0.871,0.341,74.87,0.341,0.762,-0.771,6,9,11,WARNING,1
8,75,FESTIVAL_CORRIDOR,184,0.758,0.703,0.435,83.77,0.343,0.771,-0.488,5,4,3,WARNING,1
8,76,EVENT_ATRIUM,205,0.74,0.697,0.493,89.63,0.359,0.741,-0.798,4,10,9,WARNING,1
8,77,FESTIVAL_CORRIDOR,166,0.595,0.734,0.309,64.64,0.337,0.727,-0.933,5,7,9,WARNING,1
8,78,MALL_CONCERT_STAGE,194,0.714,0.869,0.42,83.46,0.314,0.763,-0.729,6,6,7,WARNING,1
8,79,LIVE_PERFORMANCE_ZONE,163,0.634,0.889,0.404,75.94,0.357,0.643,-0.982,5,10,7,WARNING,1
8,80,EVENT_ATRIUM,188,0.722,0.714,0.362,92.69,0.343,0.666,-1.176,4,8,9,WARNING,1
8,81,FESTIVAL_CORRIDOR,193,0.735,0.811,0.432,80.93,0.296,0.795,-0.682,4,13,7,WARNING,1
8,82,LIVE_PERFORMANCE_ZONE,174,0.577,0.961,0.345,49.53,0.279,0.664,-0.824,2,12,11,SAFE,0
8,83,EVENT_ATRIUM,165,0.685,0.791,0.399,70.65,0.317,0.696,-0.503,8,11,3,WARNING,1
8,84,MALL_CONCERT_STAGE,174,0.699,0.758,0.376,66.88,0.318,0.784,-0.947,7,13,12,WARNING,1
8,85,LIVE_PERFORMANCE_ZONE,177,0.703,0.82,0.38,74.25,0.36,0.793,-0.88,4,10,13,WARNING,1
8,86,FESTIVAL_CORRIDOR,149,0.544,0.981,0.21,62.48,0.294,0.719,-0.601,1,9,8,SAFE,0
8,87,MALL_CONCERT_STAGE,156,0.574,1.024,0.257,62.06,0.239,0.593,-0.355,2,8,8,SAFE,0
8,88,LIVE_PERFORMANCE_ZONE,154,0.55,1.1,0.292,51.95,0.245,0.759,-0.601,3,9,9,SAFE,0
8,89,EVENT_ATRIUM,157,0.643,0.914,0.334,71.39,0.353,0.726,-0.077,10,14,5,WARNING,1
9,0,MALL_CONCERT_STAGE,199,0.773,0.66,0.352,81.47,0.341,0.811,-1.034,7,9,5,WARNING,1
9,1,FESTIVAL_CORRIDOR,218,0.825,0.582,0.373,98.43,0.375,0.794,-1.249,7,10,12,WARNING,1
9,2,LIVE_PERFORMANCE_ZONE,191,0.711,0.788,0.342,82.84,0.375,0.715,-0.582,2,12,4,WARNING,1
9,3,MALL_CONCERT_STAGE,205,0.77,0.691,0.372,84.75,0.32,0.734,-0.781,8,11,4,WARNING,1
9,4,LIVE_PERFORMANCE_ZONE,218,0.855,0.673,0.493,72.51,0.4,0.75,-1.297,9,14,11,WARNING,1
9,5,EVENT_ATRIUM,211,0.813,0.805,0.463,79.23,0.432,0.859,-1.319,9,12,17,WARNING,1
9,6,EVENT_ATRIUM,205,0.768,0.812,0.464,74.79,0.427,0.753,-1.093,5,11,7,WARNING,1
9,7,MALL_CONCERT_STAGE,205,0.805,0.766,0.449,93.08,0.447,0.75,-0.421,4,10,12,WARNING,1
9,8,EVENT_ATRIUM,195,0.761,0.816,0.416,78.55,0.413,0.694,-0.518,11,9,8,WARNING,1
9,9,MALL_CONCERT_STAGE,224,0.904,0.607,0.425,97.05,0.464,0.847,-0.945,7,6,10,WARNING,1
9,10,FESTIVAL_CORRIDOR,213,0.792,0.727,0.545,86.74,0.338,0.795,-1.484,11,9,10,WARNING,1
9,11,FESTIVAL_CORRIDOR,216,0.859,0.494,0.54,71.19,0.406,0.87,-1.303,8,7,16,WARNING,1
9,12,EVENT_ATRIUM,225,0.855,0.66,0.542,90.5,0.479,0.824,-1.408,5,14,11,WARNING,1
9,13,FESTIVAL_CORRIDOR,216,0.827,0.57,0.445,75.42,0.405,0.771,-0.76,8,16,13,WARNING,1
9,14,FESTIVAL_CORRIDOR,244,0.896,0.738,0.493,97.65,0.388,0.839,-0.654,8,15,8,WARNING,1
9,15,EVENT_ATRIUM,248,0.94,0.558,0.562,93.76,0.507,0.895,-0.863,7,12,13,HIGH,2
9,16,FESTIVAL_CORRIDOR,239,0.904,0.58,0.499,85.58,0.472,0.935,-1.741,5,10,6,HIGH,2
9,17,FESTIVAL_CORRIDOR,234,0.909,0.691,0.523,88.48,0.457,0.832,-0.783,5,10,12,WARNING,1
9,18,MALL_CONCERT_STAGE,241,0.912,0.534,0.472,90.19,0.436,0.781,-0.455,8,10,8,WARNING,1
9,19,MALL_CONCERT_STAGE,238,0.921,0.662,0.558,88.67,0.455,0.791,-0.592,4,13,20,WARNING,1
9,20,MALL_CONCERT_STAGE,262,1,0.64,0.537,94.97,0.511,0.934,-1.39,5,14,13,HIGH,2
9,21,MALL_CONCERT_STAGE,242,0.876,0.635,0.418,87.84,0.505,0.806,-0.833,8,13,12,WARNING,1
9,22,MALL_CONCERT_STAGE,257,0.976,0.441,0.473,90.41,0.436,0.916,-1.119,5,22,15,HIGH,2
9,23,MALL_CONCERT_STAGE,266,1,0.511,0.518,93.68,0.514,0.949,-0.726,7,12,7,HIGH,2
9,24,MALL_CONCERT_STAGE,259,1,0.428,0.515,98.97,0.489,0.889,-1.108,10,10,16,HIGH,2
9,25,MALL_CONCERT_STAGE,258,0.958,0.498,0.546,88.29,0.431,0.944,-1.181,3,10,7,HIGH,2
9,26,FESTIVAL_CORRIDOR,238,0.876,0.52,0.421,92.89,0.452,0.787,-0.798,6,8,6,WARNING,1
9,27,MALL_CONCERT_STAGE,251,0.992,0.478,0.531,117.11,0.519,0.953,-1.505,3,17,13,HIGH,2
9,28,LIVE_PERFORMANCE_ZONE,254,0.952,0.58,0.569,91.13,0.382,0.86,-1.138,4,16,8,HIGH,2
9,29,MALL_CONCERT_STAGE,267,1,0.347,0.441,89.73,0.513,0.868,-0.839,9,21,12,HIGH,2
9,30,FESTIVAL_CORRIDOR,272,1,0.421,0.508,109.86,0.476,0.862,-1.477,8,10,6,HIGH,2
9,31,LIVE_PERFORMANCE_ZONE,245,0.974,0.49,0.467,96.41,0.48,0.873,-0.463,9,8,14,HIGH,2
9,32,LIVE_PERFORMANCE_ZONE,231,0.858,0.647,0.511,84.21,0.484,0.833,-1.603,8,9,9,WARNING,1
9,33,EVENT_ATRIUM,232,0.959,0.532,0.544,101.33,0.497,0.889,-1.024,7,13,10,HIGH,2
9,34,FESTIVAL_CORRIDOR,228,0.862,0.603,0.479,85.04,0.469,0.78,-0.7,9,16,6,WARNING,1
9,35,EVENT_ATRIUM,222,0.851,0.637,0.494,85.4,0.369,0.846,-1.139,5,14,10,WARNING,1
9,36,EVENT_ATRIUM,249,0.986,0.565,0.617,98.36,0.462,0.906,-0.454,4,9,14,HIGH,2
9,37,MALL_CONCERT_STAGE,251,0.955,0.557,0.516,102.15,0.511,0.786,-0.797,5,16,13,HIGH,2
9,38,FESTIVAL_CORRIDOR,218,0.846,0.65,0.535,85.97,0.366,0.837,-1.733,7,12,6,WARNING,1
9,39,EVENT_ATRIUM,222,0.894,0.621,0.479,93.58,0.394,0.849,-1.335,6,5,12,WARNING,1
9,40,LIVE_PERFORMANCE_ZONE,216,0.794,0.802,0.434,86.43,0.389,0.889,-1.03,6,10,12,WARNING,1
9,41,FESTIVAL_CORRIDOR,204,0.796,0.687,0.428,83.07,0.385,0.795,-0.791,5,17,10,WARNING,1
9,42,LIVE_PERFORMANCE_ZONE,212,0.782,0.708,0.438,67.25,0.286,0.772,-0.693,13,10,7,WARNING,1
9,43,LIVE_PERFORMANCE_ZONE,210,0.816,0.748,0.539,80.21,0.387,0.798,-1.663,5,15,9,WARNING,1
9,44,EVENT_ATRIUM,211,0.806,0.697,0.417,85.44,0.475,0.865,-0.773,8,9,8,WARNING,1
9,45,EVENT_ATRIUM,214,0.817,0.804,0.389,82.7,0.408,0.741,-0.492,10,10,9,WARNING,1
9,46,LIVE_PERFORMANCE_ZONE,181,0.708,0.7,0.386,76.86,0.329,0.726,-0.224,3,6,8,WARNING,1
9,47,MALL_CONCERT_STAGE,227,0.851,0.57,0.475,101.54,0.332,0.811,-0.714,5,14,10,WARNING,1
9,48,MALL_CONCERT_STAGE,206,0.82,0.714,0.471,82.58,0.393,0.78,-0.389,7,15,12,WARNING,1
9,49,LIVE_PERFORMANCE_ZONE,178,0.714,0.756,0.347,74.87,0.317,0.748,-0.842,9,10,10,WARNING,1
9,50,EVENT_ATRIUM,187,0.71,0.712,0.375,76.42,0.383,0.85,-1.408,8,12,10,WARNING,1
9,51,LIVE_PERFORMANCE_ZONE,192,0.763,0.713,0.367,67.88,0.419,0.713,-0.549,8,11,10,WARNING,1
9,52,LIVE_PERFORMANCE_ZONE,196,0.731,0.917,0.433,83.35,0.281,0.796,-0.508,2,9,9,WARNING,1
9,53,EVENT_ATRIUM,199,0.776,0.652,0.375,86.67,0.349,0.752,-0.483,8,7,10,WARNING,1
9,54,MALL_CONCERT_STAGE,181,0.761,0.832,0.363,72.16,0.306,0.761,-0.187,11,7,5,WARNING,1
9,55,MALL_CONCERT_STAGE,176,0.686,0.926,0.423,72.46,0.318,0.73,-0.402,3,5,8,WARNING,1
9,56,FESTIVAL_CORRIDOR,210,0.844,0.574,0.459,71.89,0.365,0.709,-1.424,12,14,11,WARNING,1
9,57,FESTIVAL_CORRIDOR,186,0.681,0.906,0.302,63.34,0.284,0.704,-1.213,6,10,6,WARNING,1
9,58,EVENT_ATRIUM,191,0.728,0.77,0.333,84.46,0.312,0.698,-0.363,5,7,10,WARNING,1
9,59,MALL_CONCERT_STAGE,193,0.683,0.854,0.408,73.86,0.312,0.728,-0.773,5,8,6,WARNING,1
9,60,LIVE_PERFORMANCE_ZONE,203,0.787,0.725,0.382,67.93,0.345,0.815,-0.416,8,9,9,WARNING,1
9,61,FESTIVAL_CORRIDOR,184,0.688,0.893,0.382,62.08,0.365,0.795,-0.234,4,11,7,WARNING,1
9,62,FESTIVAL_CORRIDOR,195,0.689,0.867,0.432,66.75,0.361,0.706,-0.953,8,9,7,WARNING,1
9,63,LIVE_PERFORMANCE_ZONE,193,0.736,0.825,0.455,88.94,0.376,0.712,-0.84,7,11,14,WARNING,1
9,64,MALL_CONCERT_STAGE,183,0.704,0.791,0.361,78.39,0.369,0.706,-1.061,7,8,9,WARNING,1
9,65,MALL_CONCERT_STAGE,195,0.749,0.685,0.428,82.16,0.325,0.761,-1.026,5,7,11,WARNING,1
9,66,FESTIVAL_CORRIDOR,184,0.699,0.753,0.392,79.5,0.266,0.767,-0.902,11,3,4,WARNING,1
9,67,LIVE_PERFORMANCE_ZONE,199,0.746,0.875,0.49,69.58,0.388,0.863,-1.096,9,8,8,WARNING,1
9,68,LIVE_PERFORMANCE_ZONE,199,0.737,0.822,0.394,80.4,0.282,0.738,-0.376,8,5,10,WARNING,1
9,69,LIVE_PERFORMANCE_ZONE,200,0.752,0.653,0.387,72.57,0.402,0.771,-0.318,11,7,7,WARNING,1
9,70,FESTIVAL_CORRIDOR,185,0.735,0.964,0.384,75.08,0.323,0.787,-0.454,5,13,8,WARNING,1
9,71,FESTIVAL_CORRIDOR,161,0.623,0.906,0.351,62.56,0.246,0.716,-0.823,3,4,9,SAFE,0
9,72,FESTIVAL_CORRIDOR,195,0.74,0.82,0.412,67.42,0.402,0.716,-0.471,4,14,14,WARNING,1
9,73,LIVE_PERFORMANCE_ZONE,206,0.784,0.942,0.401,78.05,0.406,0.819,-0.679,5,8,8,WARNING,1
9,74,FESTIVAL_CORRIDOR,173,0.625,1.116,0.281,55.63,0.271,0.717,-0.504,3,5,5,SAFE,0
9,75,MALL_CONCERT_STAGE,209,0.844,0.573,0.48,85.01,0.397,0.78,-0.915,5,16,7,WARNING,1
9,76,EVENT_ATRIUM,194,0.712,0.812,0.4,78.7,0.355,0.725,-0.67,8,12,17,WARNING,1
9,77,MALL_CONCERT_STAGE,184,0.698,0.766,0.405,82.15,0.389,0.717,-0.656,11,7,9,WARNING,1
9,78,MALL_CONCERT_STAGE,187,0.717,0.949,0.397,59.67,0.416,0.779,-1.226,7,10,12,WARNING,1
9,79,EVENT_ATRIUM,204,0.812,0.864,0.425,98.31,0.416,0.881,-0.505,6,8,18,WARNING,1
9,80,EVENT_ATRIUM,221,0.808,0.727,0.492,88,0.474,0.771,-0.151,4,10,9,WARNING,1
9,81,LIVE_PERFORMANCE_ZONE,188,0.74,0.828,0.389,83.76,0.34,0.78,-0.876,6,10,8,WARNING,1
9,82,LIVE_PERFORMANCE_ZONE,188,0.711,0.741,0.371,72.18,0.361,0.729,-0.322,4,8,11,WARNING,1
9,83,MALL_CONCERT_STAGE,220,0.843,0.701,0.491,87.8,0.404,0.764,-0.914,5,8,9,WARNING,1
9,84,EVENT_ATRIUM,194,0.788,0.69,0.372,86.6,0.374,0.742,-0.232,9,3,10,WARNING,1
9,85,MALL_CONCERT_STAGE,166,0.639,0.941,0.391,76.68,0.294,0.705,-0.424,3,9,4,WARNING,1
9,86,FESTIVAL_CORRIDOR,176,0.647,0.933,0.452,62.48,0.402,0.678,-0.293,4,8,8,WARNING,1
9,87,MALL_CONCERT_STAGE,190,0.713,0.911,0.322,91.57,0.377,0.653,-0.849,5,10,14,WARNING,1
9,88,EVENT_ATRIUM,189,0.735,0.745,0.41,72.67,0.386,0.753,-0.176,3,15,9,WARNING,1
9,89,LIVE_PERFORMANCE_ZONE,172,0.641,0.891,0.306,69.89,0.333,0.665,-0.598,5,5,10,WARNING,1
10,0,FESTIVAL_CORRIDOR,171,0.633,0.83,0.336,74.39,0.326,0.653,-0.442,3,12,11,WARNING,1
10,1,FESTIVAL_CORRIDOR,153,0.545,1.039,0.333,54.89,0.301,0.659,-0.657,4,10,6,SAFE,0
10,2,FESTIVAL_CORRIDOR,144,0.543,1.054,0.293,77.45,0.261,0.601,-0.521,5,7,7,SAFE,0
10,3,MALL_CONCERT_STAGE,145,0.528,1.05,0.268,64.53,0.265,0.606,-0.945,7,7,4,SAFE,0
10,4,FESTIVAL_CORRIDOR,160,0.598,0.892,0.274,70.83,0.364,0.725,-0.71,7,6,4,WARNING,1
10,5,LIVE_PERFORMANCE_ZONE,156,0.578,1.135,0.346,68.93,0.274,0.761,-0.922,6,7,7,SAFE,0
10,6,FESTIVAL_CORRIDOR,158,0.632,0.982,0.28,70.28,0.347,0.677,-0.229,6,7,9,WARNING,1
10,7,FESTIVAL_CORRIDOR,157,0.586,0.816,0.264,61.21,0.282,0.627,-0.846,4,12,11,SAFE,0
10,8,LIVE_PERFORMANCE_ZONE,137,0.482,1.092,0.261,61.18,0.209,0.572,0,2,10,9,SAFE,0
10,9,LIVE_PERFORMANCE_ZONE,167,0.7,0.808,0.317,65.68,0.382,0.748,-1.072,6,3,5,WARNING,1
10,10,FESTIVAL_CORRIDOR,157,0.555,1.077,0.263,60.45,0.319,0.71,-1.211,6,6,6,SAFE,0
10,11,LIVE_PERFORMANCE_ZONE,156,0.567,0.949,0.306,50.99,0.329,0.594,-0.926,1,8,10,SAFE,0
10,12,FESTIVAL_CORRIDOR,129,0.497,0.888,0.23,62.36,0.298,0.566,-0.384,2,4,6,SAFE,0
10,13,EVENT_ATRIUM,146,0.524,1.143,0.328,60.98,0.235,0.659,-0.955,1,6,4,SAFE,0
10,14,LIVE_PERFORMANCE_ZONE,139,0.533,1.005,0.24,65.9,0.277,0.571,0.295,4,10,3,SAFE,0
10,15,LIVE_PERFORMANCE_ZONE,156,0.573,0.966,0.293,49.88,0.3,0.706,-0.256,5,10,8,SAFE,0
10,16,EVENT_ATRIUM,131,0.493,1.019,0.232,51.84,0.164,0.557,-0.288,5,7,7,SAFE,0
10,17,FESTIVAL_CORRIDOR,160,0.612,0.9,0.405,72.03,0.32,0.643,-0.359,1,4,7,WARNING,1
10,18,MALL_CONCERT_STAGE,139,0.547,1.081,0.318,60.17,0.237,0.707,0.087,7,8,6,SAFE,0
10,19,LIVE_PERFORMANCE_ZONE,176,0.628,0.976,0.373,68.01,0.384,0.6,-0.313,6,12,9,WARNING,1
10,20,FESTIVAL_CORRIDOR,146,0.585,1.013,0.299,75.66,0.249,0.694,-0.879,4,9,7,SAFE,0
10,21,MALL_CONCERT_STAGE,141,0.52,1.126,0.269,57.36,0.261,0.487,-1.252,5,7,5,SAFE,0
10,22,MALL_CONCERT_STAGE,169,0.696,0.906,0.445,73.16,0.304,0.67,-0.404,5,5,4,WARNING,1
10,23,FESTIVAL_CORRIDOR,160,0.6,0.833,0.325,62.55,0.336,0.721,-0.503,2,5,7,WARNING,1
10,24,FESTIVAL_CORRIDOR,154,0.563,0.97,0.398,67.6,0.215,0.596,-0.597,8,7,9,SAFE,0
10,25,EVENT_ATRIUM,151,0.573,0.825,0.38,65.37,0.313,0.642,-0.626,9,11,4,SAFE,0
10,26,MALL_CONCERT_STAGE,149,0.578,1.116,0.347,64.74,0.215,0.669,-0.354,3,3,9,SAFE,0
10,27,FESTIVAL_CORRIDOR,145,0.549,1.001,0.218,65.5,0.215,0.691,-0.79,6,6,2,SAFE,0
10,28,EVENT_ATRIUM,158,0.568,0.997,0.356,66.16,0.271,0.733,-0.903,4,4,11,SAFE,0
10,29,MALL_CONCERT_STAGE,154,0.565,1.109,0.264,67.88,0.199,0.738,-0.33,7,9,7,SAFE,0
10,30,LIVE_PERFORMANCE_ZONE,151,0.549,1.088,0.386,60.33,0.268,0.577,-0.784,4,6,5,SAFE,0
10,31,LIVE_PERFORMANCE_ZONE,150,0.556,1.001,0.346,64.32,0.265,0.712,-0.555,4,16,8,SAFE,0
10,32,LIVE_PERFORMANCE_ZONE,166,0.651,0.929,0.312,68.22,0.37,0.677,-0.349,8,11,5,WARNING,1
10,33,EVENT_ATRIUM,140,0.521,0.979,0.285,58.91,0.248,0.75,-0.771,7,9,9,SAFE,0
10,34,LIVE_PERFORMANCE_ZONE,162,0.569,1.033,0.281,58.37,0.313,0.721,-0.293,5,4,5,SAFE,0
10,35,FESTIVAL_CORRIDOR,162,0.623,0.83,0.258,70.51,0.248,0.673,-0.128,8,8,3,SAFE,0
10,36,EVENT_ATRIUM,152,0.588,0.893,0.295,74.69,0.363,0.753,-1.134,3,9,5,WARNING,1
10,37,EVENT_ATRIUM,145,0.571,0.981,0.433,59.15,0.261,0.628,-0.156,5,3,10,SAFE,0
10,38,MALL_CONCERT_STAGE,166,0.642,1.005,0.395,81.28,0.355,0.683,-0.69,3,8,6,WARNING,1
10,39,FESTIVAL_CORRIDOR,164,0.606,0.947,0.304,71.17,0.247,0.716,-0.612,4,7,10,SAFE,0
10,40,FESTIVAL_CORRIDOR,168,0.639,0.791,0.423,70.97,0.324,0.734,-1.142,7,10,9,WARNING,1
10,41,FESTIVAL_CORRIDOR,178,0.717,0.913,0.473,83.24,0.331,0.819,-1.086,4,6,8,WARNING,1
10,42,FESTIVAL_CORRIDOR,150,0.544,1.07,0.344,60.06,0.292,0.501,-0.171,6,5,11,SAFE,0
10,43,EVENT_ATRIUM,182,0.767,0.841,0.324,74.1,0.247,0.78,-0.245,9,6,9,WARNING,1
10,44,MALL_CONCERT_STAGE,162,0.606,0.87,0.339,79.38,0.291,0.743,-0.588,4,3,7,WARNING,1
10,45,FESTIVAL_CORRIDOR,163,0.627,0.911,0.42,70.84,0.306,0.718,-0.544,5,9,5,WARNING,1
10,46,EVENT_ATRIUM,166,0.635,0.838,0.338,57.02,0.326,0.762,-0.263,6,4,3,WARNING,1
10,47,LIVE_PERFORMANCE_ZONE,169,0.674,0.907,0.389,72.37,0.36,0.779,-0.691,8,10,3,WARNING,1
10,48,EVENT_ATRIUM,171,0.667,0.987,0.32,83.08,0.311,0.793,-0.735,5,13,9,WARNING,1
10,49,MALL_CONCERT_STAGE,175,0.655,0.908,0.344,75.48,0.296,0.805,-1.227,4,7,6,WARNING,1
10,50,EVENT_ATRIUM,167,0.641,0.994,0.445,73.43,0.284,0.704,-0.747,4,5,11,WARNING,1
10,51,LIVE_PERFORMANCE_ZONE,181,0.717,0.92,0.34,84.7,0.309,0.771,-0.419,6,8,7,WARNING,1
10,52,EVENT_ATRIUM,188,0.683,0.755,0.413,78.4,0.423,0.713,-1.335,4,7,13,WARNING,1
10,53,MALL_CONCERT_STAGE,199,0.703,0.888,0.408,75.75,0.253,0.715,-0.318,7,12,7,WARNING,1
10,54,LIVE_PERFORMANCE_ZONE,188,0.737,0.769,0.355,69.3,0.328,0.727,-1.187,10,6,10,WARNING,1
10,55,MALL_CONCERT_STAGE,194,0.681,0.867,0.448,64.26,0.276,0.688,-0.911,7,15,6,WARNING,1
10,56,EVENT_ATRIUM,195,0.706,0.92,0.434,84,0.318,0.749,-0.477,2,9,11,WARNING,1
10,57,FESTIVAL_CORRIDOR,191,0.717,0.82,0.433,76.61,0.3,0.782,-0.445,3,12,7,WARNING,1
10,58,LIVE_PERFORMANCE_ZONE,185,0.702,0.92,0.35,73.26,0.274,0.836,-0.32,10,12,10,WARNING,1
10,59,EVENT_ATRIUM,214,0.842,0.572,0.467,76.11,0.39,0.827,-1.229,4,10,6,WARNING,1
10,60,LIVE_PERFORMANCE_ZONE,193,0.696,0.685,0.448,70.48,0.348,0.822,-0.954,4,6,11,WARNING,1
10,61,EVENT_ATRIUM,200,0.793,0.82,0.438,88.31,0.447,0.882,-1.045,6,12,13,WARNING,1
10,62,FESTIVAL_CORRIDOR,196,0.747,0.826,0.484,70.2,0.341,0.83,-0.635,2,5,8,WARNING,1
10,63,EVENT_ATRIUM,203,0.756,0.709,0.413,66.89,0.363,0.806,-1.002,9,10,12,WARNING,1
10,64,MALL_CONCERT_STAGE,197,0.788,0.841,0.433,81.47,0.348,0.756,-0.973,5,12,5,WARNING,1
10,65,LIVE_PERFORMANCE_ZONE,206,0.814,0.721,0.436,93.95,0.343,0.755,-0.439,10,12,5,WARNING,1
10,66,FESTIVAL_CORRIDOR,209,0.815,0.687,0.446,82.05,0.408,0.839,-0.919,7,9,7,WARNING,1
10,67,MALL_CONCERT_STAGE,219,0.857,0.582,0.483,84.77,0.333,0.762,-0.479,7,5,16,WARNING,1
10,68,MALL_CONCERT_STAGE,210,0.852,0.482,0.479,83.33,0.441,0.805,-1.083,6,7,6,WARNING,1
10,69,LIVE_PERFORMANCE_ZONE,208,0.795,0.713,0.421,72.07,0.42,0.756,-1,5,11,5,WARNING,1
10,70,EVENT_ATRIUM,207,0.794,0.648,0.438,90.75,0.387,0.711,-1.273,4,15,11,WARNING,1
10,71,LIVE_PERFORMANCE_ZONE,207,0.786,0.682,0.426,88.14,0.432,0.818,-0.285,3,11,8,WARNING,1
10,72,FESTIVAL_CORRIDOR,207,0.781,0.534,0.486,84.36,0.322,0.762,-0.457,6,7,8,WARNING,1
10,73,FESTIVAL_CORRIDOR,203,0.708,0.855,0.503,81.82,0.39,0.744,-0.447,7,8,15,WARNING,1
10,74,MALL_CONCERT_STAGE,214,0.863,0.635,0.455,74.33,0.442,0.907,-1.113,2,9,9,WARNING,1
10,75,EVENT_ATRIUM,181,0.698,0.832,0.299,70.38,0.373,0.676,-0.38,5,11,8,WARNING,1
10,76,LIVE_PERFORMANCE_ZONE,207,0.768,0.783,0.484,71.17,0.324,0.761,-0.791,8,11,7,WARNING,1
10,77,LIVE_PERFORMANCE_ZONE,205,0.799,0.838,0.413,91.67,0.314,0.771,-0.744,5,12,12,WARNING,1
10,78,FESTIVAL_CORRIDOR,186,0.714,0.812,0.458,67.36,0.414,0.684,-1,4,10,12,WARNING,1
10,79,LIVE_PERFORMANCE_ZONE,185,0.702,0.934,0.405,79.33,0.343,0.714,-0.644,2,13,6,WARNING,1
10,80,FESTIVAL_CORRIDOR,172,0.691,0.823,0.364,79.53,0.328,0.749,-0.521,3,7,13,WARNING,1
10,81,LIVE_PERFORMANCE_ZONE,166,0.644,0.861,0.333,64.14,0.321,0.696,-1.05,9,7,10,WARNING,1
10,82,FESTIVAL_CORRIDOR,171,0.638,0.92,0.352,65.47,0.356,0.796,-0.302,7,10,8,WARNING,1
10,83,LIVE_PERFORMANCE_ZONE,173,0.658,0.884,0.376,71.5,0.347,0.608,-0.774,12,16,13,WARNING,1
10,84,EVENT_ATRIUM,174,0.655,0.945,0.297,63.29,0.367,0.587,-0.948,8,12,8,WARNING,1
10,85,EVENT_ATRIUM,170,0.649,0.889,0.383,69.8,0.318,0.621,-0.634,6,7,10,WARNING,1
10,86,FESTIVAL_CORRIDOR,156,0.601,0.89,0.318,56.36,0.323,0.623,-0.468,5,6,6,SAFE,0
10,87,EVENT_ATRIUM,187,0.751,0.858,0.366,88.24,0.328,0.768,-0.558,4,7,12,WARNING,1
10,88,EVENT_ATRIUM,157,0.613,0.939,0.377,63.65,0.22,0.737,-1.018,4,7,7,SAFE,0
10,89,LIVE_PERFORMANCE_ZONE,165,0.626,0.877,0.389,71.64,0.309,0.757,-1.169,9,5,14,WARNING,1
11,0,MALL_CONCERT_STAGE,205,0.793,0.599,0.395,85.42,0.324,0.875,-0.413,5,13,10,WARNING,1
11,1,EVENT_ATRIUM,217,0.845,0.584,0.452,83.55,0.427,0.766,-0.808,9,12,9,WARNING,1
11,2,FESTIVAL_CORRIDOR,212,0.749,0.719,0.427,74.19,0.398,0.684,-0.562,6,9,9,WARNING,1
11,3,MALL_CONCERT_STAGE,227,0.92,0.66,0.552,86.58,0.471,0.963,-1.13,9,12,13,HIGH,2
11,4,EVENT_ATRIUM,216,0.823,0.757,0.445,75.48,0.462,0.824,-0.947,4,8,7,WARNING,1
11,5,LIVE_PERFORMANCE_ZONE,210,0.846,0.513,0.418,85.01,0.326,0.804,-1.306,4,8,8,WARNING,1
11,6,MALL_CONCERT_STAGE,213,0.839,0.691,0.462,98.32,0.329,0.76,-1.25,4,13,11,WARNING,1
11,7,FESTIVAL_CORRIDOR,218,0.821,0.765,0.397,87.62,0.477,0.85,-0.999,6,13,15,WARNING,1
11,8,FESTIVAL_CORRIDOR,211,0.806,0.684,0.372,82.63,0.347,0.839,-0.471,6,7,10,WARNING,1
11,9,FESTIVAL_CORRIDOR,219,0.886,0.713,0.522,87.86,0.422,0.784,-1.008,10,8,11,WARNING,1
11,10,FESTIVAL_CORRIDOR,258,1,0.498,0.647,82.02,0.469,0.878,-1.063,8,14,12,HIGH,2
11,11,LIVE_PERFORMANCE_ZONE,227,0.853,0.571,0.541,87.75,0.42,0.808,-0.708,4,8,10,WARNING,1
11,12,EVENT_ATRIUM,237,0.894,0.491,0.56,81.8,0.527,0.817,-0.169,8,15,6,HIGH,2
11,13,EVENT_ATRIUM,227,0.852,0.678,0.415,77.88,0.313,0.837,-0.87,4,14,10,WARNING,1
11,14,LIVE_PERFORMANCE_ZONE,248,0.944,0.583,0.48,97.67,0.465,0.895,-1.431,6,16,12,HIGH,2
11,15,MALL_CONCERT_STAGE,216,0.85,0.621,0.476,76.24,0.379,0.791,-0.933,2,18,13,WARNING,1
11,16,EVENT_ATRIUM,229,0.912,0.597,0.519,87.13,0.439,0.736,-0.633,7,9,6,WARNING,1
11,17,MALL_CONCERT_STAGE,216,0.88,0.607,0.464,93.23,0.426,0.842,-0.609,7,11,9,WARNING,1
11,18,EVENT_ATRIUM,227,0.834,0.744,0.494,80.47,0.353,0.858,-1.297,8,13,6,WARNING,1
11,19,MALL_CONCERT_STAGE,249,1,0.628,0.555,93.86,0.469,0.851,-1.154,10,6,12,HIGH,2
11,20,EVENT_ATRIUM,234,0.917,0.613,0.521,95.74,0.458,0.856,-0.097,11,4,10,HIGH,2
11,21,EVENT_ATRIUM,247,0.929,0.463,0.528,104.27,0.373,0.746,-1.249,9,19,13,WARNING,1
11,22,EVENT_ATRIUM,264,0.993,0.422,0.525,112.71,0.479,0.901,-0.512,5,13,11,HIGH,2
11,23,MALL_CONCERT_STAGE,259,1,0.648,0.614,96.13,0.496,0.911,-1.212,8,11,11,HIGH,2
11,24,EVENT_ATRIUM,266,1,0.514,0.676,94.29,0.553,0.778,-0.8,8,13,13,HIGH,2
11,25,EVENT_ATRIUM,282,1,0.524,0.571,102.09,0.496,0.852,-0.822,7,19,16,HIGH,2
11,26,EVENT_ATRIUM,254,1,0.578,0.661,102.48,0.51,0.9,-0.453,5,13,11,HIGH,2
11,27,FESTIVAL_CORRIDOR,279,1,0.415,0.523,100.29,0.431,0.952,-0.954,5,16,11,HIGH,2
11,28,EVENT_ATRIUM,280,1,0.541,0.562,103.56,0.401,0.911,-0.982,6,7,14,HIGH,2
11,29,LIVE_PERFORMANCE_ZONE,248,0.978,0.402,0.554,103.78,0.463,0.813,-1.423,3,12,12,HIGH,2
11,30,FESTIVAL_CORRIDOR,279,1,0.415,0.523,111.68,0.491,1,-1.042,4,13,9,HIGH,2
11,31,FESTIVAL_CORRIDOR,269,1,0.499,0.516,90.96,0.415,0.983,-1.117,12,13,16,HIGH,2
11,32,LIVE_PERFORMANCE_ZONE,283,1,0.52,0.566,99.85,0.428,0.89,-0.519,5,21,14,HIGH,2
11,33,LIVE_PERFORMANCE_ZONE,276,1,0.451,0.669,99.57,0.495,0.912,-0.285,3,22,16,HIGH,2
11,34,MALL_CONCERT_STAGE,277,1,0.478,0.537,98.1,0.506,0.897,-1.477,10,15,8,HIGH,2
11,35,EVENT_ATRIUM,243,0.938,0.474,0.456,97.83,0.488,0.86,-1.655,6,6,11,HIGH,2
11,36,MALL_CONCERT_STAGE,278,1,0.461,0.486,104.18,0.493,0.948,-0.839,11,14,19,HIGH,2
11,37,LIVE_PERFORMANCE_ZONE,259,1,0.493,0.492,104.7,0.399,0.861,-0.397,7,17,10,HIGH,2
11,38,FESTIVAL_CORRIDOR,248,0.957,0.711,0.509,87.83,0.475,0.815,-0.364,6,15,14,HIGH,2
11,39,MALL_CONCERT_STAGE,255,1,0.353,0.539,109.05,0.469,0.834,-1.121,9,17,15,HIGH,2
11,40,MALL_CONCERT_STAGE,258,0.984,0.513,0.52,100.41,0.476,0.833,-0.898,7,7,13,HIGH,2
11,41,MALL_CONCERT_STAGE,259,0.969,0.593,0.526,92.07,0.464,0.955,-1.008,5,10,14,HIGH,2
11,42,FESTIVAL_CORRIDOR,250,1,0.482,0.548,90.83,0.487,0.861,-0.703,6,9,15,HIGH,2
11,43,MALL_CONCERT_STAGE,263,0.996,0.544,0.523,100.69,0.508,0.864,-1.3,4,11,12,HIGH,2
11,44,FESTIVAL_CORRIDOR,252,0.93,0.545,0.537,107.79,0.451,0.762,-0.61,4,13,14,HIGH,2
11,45,EVENT_ATRIUM,243,0.948,0.525,0.601,83.64,0.44,0.726,-0.837,11,16,13,WARNING,1
11,46,LIVE_PERFORMANCE_ZONE,246,0.95,0.656,0.563,97.85,0.389,0.868,-1.155,5,11,8,HIGH,2
11,47,MALL_CONCERT_STAGE,261,1,0.634,0.539,105.96,0.532,0.848,-0.548,8,9,12,HIGH,2
11,48,FESTIVAL_CORRIDOR,234,0.894,0.774,0.575,95.58,0.406,0.876,-0.822,5,8,12,HIGH,2
11,49,EVENT_ATRIUM,230,0.877,0.613,0.421,99.83,0.338,0.825,-0.378,3,15,10,WARNING,1
11,50,FESTIVAL_CORRIDOR,232,0.914,0.708,0.45,90.55,0.399,0.806,-1.082,4,11,8,WARNING,1
11,51,MALL_CONCERT_STAGE,211,0.81,0.608,0.446,74.32,0.354,0.668,-1.122,8,6,4,WARNING,1
11,52,EVENT_ATRIUM,225,0.882,0.636,0.567,93.82,0.405,0.91,-0.269,11,13,8,WARNING,1
11,53,LIVE_PERFORMANCE_ZONE,218,0.852,0.628,0.526,85.97,0.464,0.829,0.009,3,11,7,WARNING,1
11,54,EVENT_ATRIUM,203,0.74,0.943,0.463,91.72,0.34,0.762,-0.607,5,8,9,WARNING,1
11,55,LIVE_PERFORMANCE_ZONE,207,0.896,0.547,0.442,95.12,0.462,0.933,-1.004,10,12,16,WARNING,1
11,56,FESTIVAL_CORRIDOR,212,0.792,0.634,0.457,80.1,0.413,0.763,-0.614,5,12,7,WARNING,1
11,57,MALL_CONCERT_STAGE,221,0.825,0.701,0.487,87.65,0.445,0.808,-0.58,6,8,8,WARNING,1
11,58,LIVE_PERFORMANCE_ZONE,218,0.859,0.75,0.519,90.49,0.35,0.798,-0.6,11,13,9,WARNING,1
11,59,LIVE_PERFORMANCE_ZONE,210,0.809,0.766,0.414,88.39,0.352,0.815,-1.27,10,7,9,WARNING,1
11,60,FESTIVAL_CORRIDOR,208,0.841,0.669,0.497,93.65,0.448,0.831,-0.586,5,9,10,WARNING,1
11,61,LIVE_PERFORMANCE_ZONE,208,0.833,0.678,0.419,88.15,0.367,0.727,-0.688,15,8,6,WARNING,1
11,62,EVENT_ATRIUM,218,0.828,0.596,0.503,86.84,0.312,0.853,-1.235,6,8,9,WARNING,1
11,63,MALL_CONCERT_STAGE,201,0.759,0.834,0.455,74.13,0.431,0.759,-0.531,4,9,8,WARNING,1
11,64,EVENT_ATRIUM,204,0.821,0.628,0.425,93.72,0.389,0.836,-0.951,6,11,8,WARNING,1
11,65,MALL_CONCERT_STAGE,213,0.824,0.715,0.497,62.57,0.365,0.811,-0.263,3,8,5,WARNING,1
11,66,LIVE_PERFORMANCE_ZONE,214,0.84,0.644,0.4,87.13,0.451,0.827,-0.761,3,17,6,WARNING,1
11,67,LIVE_PERFORMANCE_ZONE,200,0.786,0.739,0.629,72.05,0.42,0.728,-0.538,9,14,13,WARNING,1
11,68,EVENT_ATRIUM,193,0.724,0.753,0.505,87.58,0.377,0.731,-0.359,8,11,9,WARNING,1
11,69,FESTIVAL_CORRIDOR,215,0.831,0.736,0.492,93.81,0.399,0.867,-0.978,8,12,5,WARNING,1
11,70,MALL_CONCERT_STAGE,221,0.808,0.682,0.395,81.79,0.438,0.826,-1.5,8,14,13,WARNING,1
11,71,MALL_CONCERT_STAGE,185,0.635,0.874,0.468,80.46,0.351,0.7,-0.162,5,14,6,WARNING,1
11,72,EVENT_ATRIUM,230,0.866,0.731,0.435,87.59,0.384,0.808,-1.13,7,11,6,WARNING,1
11,73,FESTIVAL_CORRIDOR,194,0.678,0.831,0.316,78.38,0.263,0.749,-1.198,6,4,16,WARNING,1
11,74,MALL_CONCERT_STAGE,222,0.863,0.659,0.459,84.95,0.427,0.875,-0.714,4,6,11,WARNING,1
11,75,FESTIVAL_CORRIDOR,191,0.734,0.779,0.389,77.06,0.324,0.743,-0.789,9,8,6,WARNING,1
11,76,MALL_CONCERT_STAGE,221,0.839,0.548,0.463,79.16,0.393,0.802,-0.575,5,12,15,WARNING,1
11,77,FESTIVAL_CORRIDOR,220,0.832,0.621,0.433,92.17,0.511,0.84,-0.891,7,10,15,WARNING,1
11,78,FESTIVAL_CORRIDOR,222,0.851,0.727,0.473,72.97,0.412,0.835,-1.648,9,15,5,WARNING,1
11,79,EVENT_ATRIUM,229,0.891,0.637,0.588,91.38,0.493,0.784,-1.619,8,6,12,HIGH,2
11,80,FESTIVAL_CORRIDOR,233,0.912,0.686,0.522,93.14,0.484,0.885,-0.856,3,16,7,HIGH,2
11,81,LIVE_PERFORMANCE_ZONE,227,0.864,0.577,0.461,91.25,0.418,0.921,-0.739,10,10,8,WARNING,1
11,82,EVENT_ATRIUM,226,0.888,0.548,0.573,90.22,0.397,0.894,-0.737,9,7,12,WARNING,1
11,83,LIVE_PERFORMANCE_ZONE,198,0.745,0.947,0.399,66.59,0.437,0.711,-0.762,3,14,10,WARNING,1
11,84,FESTIVAL_CORRIDOR,222,0.809,0.593,0.483,72.67,0.377,0.796,-1.075,4,5,13,WARNING,1
11,85,FESTIVAL_CORRIDOR,201,0.776,0.763,0.447,82.66,0.425,0.722,-0.266,9,13,4,WARNING,1
11,86,FESTIVAL_CORRIDOR,227,0.866,0.6,0.388,97.87,0.438,0.866,-0.556,5,17,13,WARNING,1
11,87,LIVE_PERFORMANCE_ZONE,232,0.891,0.641,0.491,97.16,0.427,0.86,-1.34,4,11,16,WARNING,1
11,88,FESTIVAL_CORRIDOR,198,0.756,0.749,0.438,82.9,0.341,0.691,-0.444,2,11,8,WARNING,1
11,89,EVENT_ATRIUM,226,0.88,0.583,0.511,87.15,0.394,0.841,-1.211,7,8,10,WARNING,1
12,0,MALL_CONCERT_STAGE,182,0.666,0.774,0.428,70.46,0.325,0.737,-0.795,7,14,8,WARNING,1
12,1,EVENT_ATRIUM,188,0.706,0.834,0.316,69.5,0.37,0.765,-0.809,8,5,12,WARNING,1
12,2,MALL_CONCERT_STAGE,179,0.681,1.003,0.312,72.76,0.291,0.84,-0.651,2,11,7,WARNING,1
12,3,MALL_CONCERT_STAGE,176,0.66,0.819,0.391,71.61,0.299,0.68,-0.911,6,8,7,WARNING,1
12,4,LIVE_PERFORMANCE_ZONE,188,0.76,0.835,0.398,76.53,0.351,0.793,-1.292,5,7,8,WARNING,1
12,5,FESTIVAL_CORRIDOR,182,0.683,0.821,0.249,86.81,0.228,0.749,-1.199,3,4,9,WARNING,1
12,6,EVENT_ATRIUM,175,0.661,0.758,0.39,67.19,0.35,0.716,-0.13,6,7,7,WARNING,1
12,7,FESTIVAL_CORRIDOR,202,0.793,0.673,0.44,75.46,0.441,0.867,-0.591,11,8,3,WARNING,1
12,8,LIVE_PERFORMANCE_ZONE,181,0.666,0.932,0.231,74.38,0.259,0.78,-0.849,9,9,8,WARNING,1
12,9,MALL_CONCERT_STAGE,179,0.678,0.815,0.324,78.23,0.318,0.733,-0.685,7,9,4,WARNING,1
12,10,LIVE_PERFORMANCE_ZONE,188,0.701,0.924,0.509,74.23,0.35,0.706,-0.643,6,10,9,WARNING,1
12,11,MALL_CONCERT_STAGE,199,0.73,0.82,0.325,79.45,0.346,0.848,-1.325,8,14,9,WARNING,1
12,12,EVENT_ATRIUM,185,0.698,0.741,0.414,61.61,0.361,0.712,-0.414,6,10,7,WARNING,1
12,13,LIVE_PERFORMANCE_ZONE,181,0.737,0.797,0.45,72.54,0.365,0.8,-0.682,5,6,3,WARNING,1
12,14,LIVE_PERFORMANCE_ZONE,191,0.771,0.728,0.39,78.7,0.371,0.779,-0.906,10,13,10,WARNING,1
12,15,LIVE_PERFORMANCE_ZONE,182,0.721,0.706,0.38,70.8,0.486,0.779,-1.156,3,8,9,WARNING,1
12,16,MALL_CONCERT_STAGE,181,0.708,0.811,0.456,89.49,0.356,0.73,-0.205,5,8,8,WARNING,1
12,17,EVENT_ATRIUM,180,0.715,0.931,0.438,69.52,0.37,0.73,-0.377,5,5,12,WARNING,1
12,18,EVENT_ATRIUM,192,0.724,0.831,0.372,65.76,0.31,0.863,-0.832,6,10,9,WARNING,1
12,19,EVENT_ATRIUM,187,0.739,0.871,0.363,78.48,0.35,0.663,-0.677,7,6,13,WARNING,1
12,20,EVENT_ATRIUM,193,0.776,0.744,0.434,80.91,0.391,0.681,-0.779,11,7,5,WARNING,1
12,21,EVENT_ATRIUM,185,0.696,0.782,0.382,73.65,0.312,0.722,-1.413,6,10,11,WARNING,1
12,22,FESTIVAL_CORRIDOR,218,0.868,0.568,0.44,94.44,0.465,0.811,-1.063,3,10,11,WARNING,1
12,23,MALL_CONCERT_STAGE,177,0.674,0.823,0.364,68,0.263,0.702,-0.413,5,12,6,WARNING,1
12,24,FESTIVAL_CORRIDOR,200,0.815,0.699,0.391,89.02,0.39,0.902,-0.655,3,12,7,WARNING,1
12,25,EVENT_ATRIUM,208,0.798,0.864,0.317,86.22,0.417,0.726,-0.2,6,15,10,WARNING,1
12,26,MALL_CONCERT_STAGE,209,0.829,0.765,0.464,86.62,0.374,0.775,-0.891,2,13,12,WARNING,1
12,27,EVENT_ATRIUM,201,0.782,0.665,0.463,78.41,0.402,0.809,-0.911,2,12,8,WARNING,1
12,28,FESTIVAL_CORRIDOR,195,0.765,0.777,0.404,77.39,0.383,0.741,-0.61,3,13,9,WARNING,1
12,29,MALL_CONCERT_STAGE,206,0.803,0.721,0.394,66.43,0.355,0.728,-1.265,4,9,6,WARNING,1
12,30,LIVE_PERFORMANCE_ZONE,227,0.857,0.689,0.497,79.21,0.474,0.819,-1.233,6,11,5,WARNING,1
12,31,MALL_CONCERT_STAGE,205,0.742,0.842,0.359,65.46,0.318,0.769,-0.658,2,12,9,WARNING,1
12,32,MALL_CONCERT_STAGE,222,0.878,0.718,0.523,79.79,0.479,0.87,-0.896,7,9,11,WARNING,1
12,33,MALL_CONCERT_STAGE,227,0.839,0.679,0.486,81.13,0.363,0.787,-0.5,8,13,10,WARNING,1
12,34,EVENT_ATRIUM,219,0.851,0.881,0.507,82.76,0.4,0.812,-0.84,2,25,6,WARNING,1
12,35,MALL_CONCERT_STAGE,228,0.899,0.602,0.448,81.55,0.393,0.787,0.093,7,12,12,WARNING,1
12,36,EVENT_ATRIUM,220,0.824,0.563,0.488,87.48,0.359,0.846,-0.838,9,13,12,WARNING,1
12,37,EVENT_ATRIUM,227,0.88,0.753,0.497,89.12,0.432,0.791,-0.658,12,12,11,WARNING,1
12,38,FESTIVAL_CORRIDOR,234,0.861,0.737,0.465,88.24,0.391,0.966,-0.846,4,19,13,WARNING,1
12,39,LIVE_PERFORMANCE_ZONE,240,0.895,0.538,0.513,83.25,0.427,0.895,-0.81,13,11,6,WARNING,1
12,40,FESTIVAL_CORRIDOR,230,0.846,0.724,0.549,93.11,0.447,0.769,-0.673,10,9,10,WARNING,1
12,41,LIVE_PERFORMANCE_ZONE,228,0.931,0.526,0.558,98.37,0.397,0.812,-1.05,10,10,8,HIGH,2
12,42,LIVE_PERFORMANCE_ZONE,248,0.991,0.632,0.57,96.12,0.51,0.851,-1.125,5,10,12,HIGH,2
12,43,FESTIVAL_CORRIDOR,255,0.974,0.538,0.498,89.58,0.527,0.797,-1.348,11,13,12,HIGH,2
12,44,FESTIVAL_CORRIDOR,254,0.928,0.43,0.498,90.36,0.487,0.92,-0.978,4,7,8,HIGH,2
12,45,FESTIVAL_CORRIDOR,226,0.813,0.796,0.442,81.18,0.383,0.74,-0.707,4,6,9,WARNING,1
12,46,EVENT_ATRIUM,253,1,0.542,0.544,99.9,0.525,0.899,-1.041,5,8,16,HIGH,2
12,47,MALL_CONCERT_STAGE,272,1,0.56,0.423,98,0.505,0.942,-1.28,4,12,12,HIGH,2
12,48,MALL_CONCERT_STAGE,230,0.865,0.523,0.43,79.95,0.45,0.745,-0.113,3,13,12,WARNING,1
12,49,MALL_CONCERT_STAGE,253,0.955,0.537,0.563,93.29,0.467,0.902,-1.115,3,10,11,HIGH,2
12,50,FESTIVAL_CORRIDOR,259,0.972,0.603,0.551,99.34,0.492,0.886,-1.177,5,12,13,HIGH,2
12,51,EVENT_ATRIUM,236,0.903,0.645,0.432,96.26,0.483,0.814,-0.935,7,13,13,WARNING,1
12,52,LIVE_PERFORMANCE_ZONE,220,0.886,0.739,0.539,82.81,0.416,0.9,-0.753,5,9,10,WARNING,1
12,53,FESTIVAL_CORRIDOR,230,0.939,0.679,0.521,86.02,0.483,0.993,-0.473,4,17,12,HIGH,2
12,54,LIVE_PERFORMANCE_ZONE,255,1,0.344,0.475,100.01,0.444,0.926,-1.345,3,11,11,HIGH,2
12,55,LIVE_PERFORMANCE_ZONE,222,0.821,0.808,0.532,90.68,0.405,0.808,-0.476,12,5,10,WARNING,1
12,56,LIVE_PERFORMANCE_ZONE,239,0.901,0.586,0.546,81.85,0.499,0.862,-0.631,6,13,10,HIGH,2
12,57,LIVE_PERFORMANCE_ZONE,245,0.929,0.612,0.51,93.62,0.428,0.926,-1.008,5,9,14,HIGH,2
12,58,EVENT_ATRIUM,203,0.745,0.683,0.35,69.93,0.391,0.764,-0.487,5,9,9,WARNING,1
12,59,LIVE_PERFORMANCE_ZONE,203,0.793,0.651,0.386,83.95,0.384,0.843,-0.956,7,11,5,WARNING,1
12,60,LIVE_PERFORMANCE_ZONE,214,0.81,0.806,0.419,77.21,0.412,0.772,-0.825,4,9,11,WARNING,1
12,61,MALL_CONCERT_STAGE,214,0.83,0.515,0.478,85.58,0.382,0.8,-0.888,3,13,7,WARNING,1
12,62,EVENT_ATRIUM,207,0.775,0.704,0.396,84.64,0.357,0.865,-1.094,3,14,12,WARNING,1
12,63,FESTIVAL_CORRIDOR,187,0.722,0.84,0.49,79.05,0.329,0.679,-1.205,4,9,6,WARNING,1
12,64,LIVE_PERFORMANCE_ZONE,202,0.816,0.664,0.457,86.63,0.3,0.744,-0.874,9,9,7,WARNING,1
12,65,MALL_CONCERT_STAGE,189,0.742,0.807,0.389,80.53,0.393,0.734,-1.012,6,8,8,WARNING,1
12,66,LIVE_PERFORMANCE_ZONE,211,0.866,0.596,0.413,86.77,0.451,0.859,-0.843,8,11,9,WARNING,1
12,67,MALL_CONCERT_STAGE,211,0.8,0.703,0.383,82.05,0.414,0.83,-0.649,4,9,14,WARNING,1
12,68,LIVE_PERFORMANCE_ZONE,200,0.785,0.74,0.439,68.22,0.396,0.791,-1.071,9,12,11,WARNING,1
12,69,EVENT_ATRIUM,206,0.778,0.726,0.349,70.77,0.356,0.724,-0.541,11,12,11,WARNING,1
12,70,MALL_CONCERT_STAGE,192,0.729,0.846,0.395,72.89,0.336,0.754,-1.187,6,7,10,WARNING,1
12,71,LIVE_PERFORMANCE_ZONE,185,0.68,0.86,0.338,79.35,0.338,0.695,-0.446,4,10,6,WARNING,1
12,72,MALL_CONCERT_STAGE,181,0.705,0.803,0.424,65.1,0.34,0.773,-0.738,4,8,7,WARNING,1
12,73,LIVE_PERFORMANCE_ZONE,211,0.825,0.735,0.4,81.3,0.367,0.75,-0.628,7,16,11,WARNING,1
12,74,MALL_CONCERT_STAGE,184,0.693,0.85,0.368,72.1,0.305,0.773,-0.409,4,6,11,WARNING,1
12,75,MALL_CONCERT_STAGE,218,0.839,0.783,0.487,91.12,0.431,0.865,-0.521,6,14,15,WARNING,1
12,76,MALL_CONCERT_STAGE,176,0.639,0.931,0.439,63.23,0.364,0.739,-0.859,5,8,12,WARNING,1
12,77,EVENT_ATRIUM,204,0.832,0.829,0.391,79.59,0.343,0.862,-0.926,7,15,10,WARNING,1
12,78,EVENT_ATRIUM,174,0.679,0.897,0.33,71.03,0.319,0.716,-0.763,4,15,13,WARNING,1
12,79,MALL_CONCERT_STAGE,194,0.776,0.74,0.419,83.51,0.299,0.721,-1.1,6,9,8,WARNING,1
12,80,MALL_CONCERT_STAGE,208,0.803,0.718,0.362,86.31,0.364,0.765,-0.698,4,7,10,WARNING,1
12,81,EVENT_ATRIUM,196,0.757,0.672,0.358,64.81,0.399,0.755,-0.541,8,7,5,WARNING,1
12,82,LIVE_PERFORMANCE_ZONE,166,0.605,0.991,0.397,72.78,0.321,0.757,-0.346,6,10,8,WARNING,1
12,83,MALL_CONCERT_STAGE,207,0.798,0.823,0.401,73.1,0.374,0.802,-1.017,6,11,9,WARNING,1
12,84,LIVE_PERFORMANCE_ZONE,199,0.747,0.984,0.454,63.32,0.408,0.726,-1.122,10,7,6,WARNING,1
12,85,EVENT_ATRIUM,189,0.745,0.772,0.45,77.17,0.387,0.737,-0.932,3,12,7,WARNING,1
12,86,FESTIVAL_CORRIDOR,211,0.848,0.575,0.414,72.5,0.419,0.808,-0.659,4,8,12,WARNING,1
12,87,FESTIVAL_CORRIDOR,189,0.734,0.805,0.372,75.57,0.354,0.763,-0.81,4,12,8,WARNING,1
12,88,FESTIVAL_CORRIDOR,178,0.709,0.975,0.304,80.86,0.302,0.748,-0.565,6,8,9,WARNING,1
12,89,FESTIVAL_CORRIDOR,187,0.735,0.858,0.425,71.54,0.424,0.767,-0.083,6,9,7,WARNING,1
13,0,EVENT_ATRIUM,68,0.282,1.242,0.183,32.31,0.07,0.517,-0.204,1,2,3,SAFE,0
13,1,MALL_CONCERT_STAGE,87,0.325,1.188,0.238,50.1,0.15,0.531,-0.721,5,5,7,SAFE,0
13,2,MALL_CONCERT_STAGE,92,0.374,1.172,0.161,53.34,0.252,0.612,0.195,7,2,4,SAFE,0
13,3,EVENT_ATRIUM,67,0.264,1.25,0.166,29.28,0.129,0.401,-0.396,2,2,4,SAFE,0
13,4,FESTIVAL_CORRIDOR,110,0.476,1.188,0.261,63.89,0.24,0.63,-0.798,5,5,4,SAFE,0
13,5,MALL_CONCERT_STAGE,85,0.293,1.254,0.185,39.74,0.122,0.412,-0.745,4,8,3,SAFE,0
13,6,EVENT_ATRIUM,65,0.287,1.319,0.136,36.94,0.181,0.512,0.3,3,3,4,SAFE,0
13,7,MALL_CONCERT_STAGE,75,0.316,1.283,0.123,39.3,0.168,0.644,0.177,4,5,3,SAFE,0
13,8,MALL_CONCERT_STAGE,89,0.371,1.113,0.215,50.64,0.156,0.587,-0.33,4,8,2,SAFE,0
13,9,FESTIVAL_CORRIDOR,98,0.396,1.17,0.249,55.44,0.193,0.599,-0.268,3,6,6,SAFE,0
13,10,MALL_CONCERT_STAGE,100,0.39,1.341,0.271,52.61,0.15,0.557,-0.344,5,6,5,SAFE,0
13,11,EVENT_ATRIUM,82,0.321,1.35,0.121,38.06,0.207,0.642,0.14,7,7,0,SAFE,0
13,12,EVENT_ATRIUM,85,0.327,1.233,0.268,34.46,0.149,0.474,-0.631,5,9,6,SAFE,0
13,13,MALL_CONCERT_STAGE,84,0.371,1.201,0.186,43.3,0.186,0.549,-0.947,9,3,3,SAFE,0
13,14,FESTIVAL_CORRIDOR,91,0.359,1.196,0.205,49.22,0.145,0.474,-0.85,5,2,3,SAFE,0
13,15,FESTIVAL_CORRIDOR,89,0.389,1.181,0.21,55.31,0.097,0.574,-0.435,8,1,5,SAFE,0
13,16,EVENT_ATRIUM,89,0.348,1.222,0.184,47.03,0.217,0.595,-0.892,4,6,4,SAFE,0
13,17,LIVE_PERFORMANCE_ZONE,107,0.431,1.143,0.232,64.66,0.212,0.611,0.035,4,5,3,SAFE,0
13,18,MALL_CONCERT_STAGE,109,0.374,1.309,0.165,39.21,0.174,0.631,-0.749,4,4,3,SAFE,0
13,19,FESTIVAL_CORRIDOR,99,0.401,1.149,0.211,53.17,0.202,0.546,-0.477,5,4,3,SAFE,0
13,20,LIVE_PERFORMANCE_ZONE,105,0.419,1.201,0.183,57.45,0.207,0.638,-0.528,6,6,2,SAFE,0
13,21,MALL_CONCERT_STAGE,114,0.401,1.206,0.184,46.59,0.241,0.556,-0.624,4,6,8,SAFE,0
13,22,MALL_CONCERT_STAGE,120,0.463,1.091,0.288,63.57,0.168,0.549,-0.68,9,7,8,SAFE,0
13,23,LIVE_PERFORMANCE_ZONE,122,0.496,0.94,0.248,58.35,0.151,0.644,-0.894,6,10,5,SAFE,0
13,24,MALL_CONCERT_STAGE,129,0.46,1.086,0.27,47.94,0.24,0.583,-0.437,4,7,5,SAFE,0
13,25,LIVE_PERFORMANCE_ZONE,100,0.417,1.046,0.284,48.69,0.236,0.601,-0.332,3,6,5,SAFE,0
13,26,EVENT_ATRIUM,125,0.49,1.121,0.259,62.83,0.193,0.574,-0.262,2,10,6,SAFE,0
13,27,LIVE_PERFORMANCE_ZONE,118,0.46,1.092,0.296,55.09,0.215,0.6,-1.309,3,2,8,SAFE,0
13,28,EVENT_ATRIUM,118,0.442,1.058,0.239,53.57,0.168,0.616,-0.668,1,4,5,SAFE,0
13,29,EVENT_ATRIUM,135,0.469,1.095,0.244,45.75,0.17,0.664,-0.395,5,3,7,SAFE,0
13,30,EVENT_ATRIUM,108,0.414,1.12,0.195,66.19,0.178,0.555,0.083,6,6,1,SAFE,0
13,31,MALL_CONCERT_STAGE,121,0.457,1.27,0.111,67.53,0.253,0.61,-0.775,3,9,7,SAFE,0
13,32,FESTIVAL_CORRIDOR,120,0.439,1.122,0.224,50.93,0.184,0.538,-0.338,4,5,5,SAFE,0
13,33,FESTIVAL_CORRIDOR,127,0.498,1.049,0.245,45.91,0.274,0.622,0.043,2,9,8,SAFE,0
13,34,EVENT_ATRIUM,136,0.553,1.101,0.303,64.93,0.229,0.738,-0.701,5,7,5,SAFE,0
13,35,FESTIVAL_CORRIDOR,132,0.485,1.087,0.307,76.8,0.219,0.655,-0.744,7,5,11,SAFE,0
13,36,LIVE_PERFORMANCE_ZONE,140,0.549,1.045,0.359,59.44,0.237,0.695,-1.22,10,6,8,SAFE,0
13,37,LIVE_PERFORMANCE_ZONE,128,0.478,1.07,0.169,60.6,0.264,0.586,-0.138,1,8,3,SAFE,0
13,38,LIVE_PERFORMANCE_ZONE,131,0.46,1.14,0.273,60.13,0.272,0.642,-0.266,7,9,4,SAFE,0
13,39,MALL_CONCERT_STAGE,148,0.575,1.13,0.349,62.58,0.281,0.623,-0.843,8,11,7,SAFE,0
13,40,MALL_CONCERT_STAGE,143,0.525,0.847,0.356,61.67,0.274,0.614,-0.382,8,6,8,SAFE,0
13,41,EVENT_ATRIUM,129,0.497,1.135,0.256,58.88,0.255,0.59,-0.633,8,13,11,SAFE,0
13,42,FESTIVAL_CORRIDOR,133,0.51,1.11,0.324,56.13,0.287,0.726,-0.719,5,7,4,SAFE,0
13,43,LIVE_PERFORMANCE_ZONE,153,0.583,1.072,0.344,67.26,0.253,0.576,-0.385,5,7,8,SAFE,0
13,44,EVENT_ATRIUM,136,0.545,0.978,0.346,59.62,0.29,0.65,-0.727,4,5,5,SAFE,0
13,45,LIVE_PERFORMANCE_ZONE,145,0.559,0.975,0.299,53.58,0.296,0.706,-0.812,6,7,9,SAFE,0
13,46,LIVE_PERFORMANCE_ZONE,154,0.603,0.873,0.385,60.14,0.314,0.746,-0.817,7,10,4,WARNING,1
13,47,LIVE_PERFORMANCE_ZONE,141,0.612,1.029,0.331,65.52,0.266,0.635,-0.742,2,8,10,SAFE,0
13,48,LIVE_PERFORMANCE_ZONE,148,0.576,0.932,0.337,57.58,0.272,0.638,0.132,8,9,13,SAFE,0
13,49,EVENT_ATRIUM,137,0.518,1.038,0.404,57.56,0.288,0.615,-0.818,5,6,7,SAFE,0
13,50,EVENT_ATRIUM,110,0.403,1.215,0.175,47.59,0.145,0.53,-0.707,5,8,6,SAFE,0
13,51,EVENT_ATRIUM,135,0.448,1.071,0.137,48.13,0.256,0.58,-0.653,1,7,7,SAFE,0
13,52,LIVE_PERFORMANCE_ZONE,136,0.497,1.098,0.317,64.9,0.232,0.603,-0.817,2,7,7,SAFE,0
13,53,MALL_CONCERT_STAGE,123,0.455,0.993,0.316,43.05,0.206,0.556,-0.513,3,3,4,SAFE,0
13,54,MALL_CONCERT_STAGE,145,0.552,1.001,0.373,57.6,0.248,0.655,-0.648,6,6,4,SAFE,0
13,55,EVENT_ATRIUM,129,0.485,1.238,0.319,52.9,0.226,0.61,-0.851,2,6,10,SAFE,0
13,56,MALL_CONCERT_STAGE,127,0.504,1.117,0.346,62.09,0.225,0.633,-0.022,9,4,8,SAFE,0
13,57,MALL_CONCERT_STAGE,116,0.472,1.172,0.19,50.43,0.159,0.519,-0.752,1,6,6,SAFE,0
13,58,EVENT_ATRIUM,132,0.505,0.962,0.267,54.18,0.209,0.706,-0.601,11,3,5,SAFE,0
13,59,EVENT_ATRIUM,143,0.55,0.879,0.271,58.78,0.229,0.659,-0.36,3,1,6,SAFE,0
13,60,FESTIVAL_CORRIDOR,115,0.483,1.079,0.397,50.78,0.202,0.578,-0.556,4,7,2,SAFE,0
13,61,LIVE_PERFORMANCE_ZONE,125,0.444,1.183,0.171,48.24,0.152,0.703,-0.22,5,2,6,SAFE,0
13,62,FESTIVAL_CORRIDOR,96,0.331,1.246,0.184,41.04,0.152,0.581,-0.23,2,5,3,SAFE,0
13,63,FESTIVAL_CORRIDOR,108,0.447,1.146,0.151,62.94,0.247,0.581,-0.763,5,5,4,SAFE,0
13,64,MALL_CONCERT_STAGE,83,0.304,1.268,0.207,43.5,0.146,0.569,-0.561,4,0,6,SAFE,0
13,65,MALL_CONCERT_STAGE,100,0.361,1.25,0.202,50.07,0.134,0.433,-0.662,5,7,6,SAFE,0
13,66,EVENT_ATRIUM,99,0.398,1.054,0.188,53.48,0.188,0.578,-0.804,9,6,4,SAFE,0
13,67,EVENT_ATRIUM,107,0.447,0.996,0.295,56.61,0.23,0.589,-0.311,8,2,5,SAFE,0
13,68,EVENT_ATRIUM,88,0.345,1.431,0.077,44.7,0.194,0.491,-0.523,2,5,1,SAFE,0
13,69,MALL_CONCERT_STAGE,98,0.435,1.078,0.262,43.03,0.214,0.544,-0.427,4,2,1,SAFE,0
13,70,LIVE_PERFORMANCE_ZONE,106,0.392,1.273,0.157,47.81,0.185,0.538,-0.771,4,8,2,SAFE,0
13,71,EVENT_ATRIUM,106,0.406,1.221,0.175,46.03,0.19,0.519,-0.923,7,5,3,SAFE,0
13,72,FESTIVAL_CORRIDOR,111,0.418,1.074,0.218,43.7,0.187,0.502,-0.827,5,6,4,SAFE,0
13,73,FESTIVAL_CORRIDOR,78,0.264,1.292,0.111,19.42,0.124,0.446,-0.776,6,2,4,SAFE,0
13,74,MALL_CONCERT_STAGE,112,0.428,1.182,0.292,62.65,0.251,0.548,-1.05,3,7,5,SAFE,0
13,75,LIVE_PERFORMANCE_ZONE,89,0.359,1.28,0.194,36.03,0.197,0.607,-0.58,4,4,4,SAFE,0
13,76,LIVE_PERFORMANCE_ZONE,78,0.242,1.484,0.078,24.61,0.184,0.485,-0.437,5,1,3,SAFE,0
13,77,EVENT_ATRIUM,99,0.423,1.165,0.23,59.88,0.145,0.591,-0.975,3,2,6,SAFE,0
13,78,LIVE_PERFORMANCE_ZONE,86,0.371,1.369,0.255,48.34,0.206,0.555,-1.139,4,7,3,SAFE,0
13,79,LIVE_PERFORMANCE_ZONE,78,0.296,1.308,0.25,47.1,0.033,0.524,0.094,4,0,1,SAFE,0
13,80,FESTIVAL_CORRIDOR,91,0.379,1.096,0.214,30.77,0.171,0.612,-0.757,5,2,3,SAFE,0
13,81,LIVE_PERFORMANCE_ZONE,78,0.32,1.353,0.15,44.22,0.18,0.57,0.761,5,8,5,SAFE,0
13,82,EVENT_ATRIUM,91,0.336,1.082,0.237,46.16,0.132,0.535,-0.632,5,10,5,SAFE,0
13,83,EVENT_ATRIUM,98,0.389,1.193,0.191,51.43,0.115,0.534,0.115,5,2,1,SAFE,0
13,84,LIVE_PERFORMANCE_ZONE,114,0.461,1.018,0.255,57.21,0.179,0.642,-0.855,3,2,7,SAFE,0
13,85,MALL_CONCERT_STAGE,84,0.331,1.321,0.207,40.54,0.116,0.458,-0.79,7,3,0,SAFE,0
13,86,EVENT_ATRIUM,94,0.338,1.267,0.205,47.74,0.164,0.478,0.051,2,6,5,SAFE,0
13,87,EVENT_ATRIUM,82,0.305,1.321,0.123,32.22,0.167,0.512,0.014,5,3,5,SAFE,0
13,88,EVENT_ATRIUM,89,0.379,1.214,0.225,34.18,0.149,0.661,-0.713,7,3,5,SAFE,0
13,89,LIVE_PERFORMANCE_ZONE,104,0.384,1.247,0.159,39.87,0.186,0.555,-0.895,5,4,7,SAFE,0
14,0,EVENT_ATRIUM,194,0.766,0.854,0.451,79.7,0.327,0.765,-0.677,5,10,1,WARNING,1
14,1,LIVE_PERFORMANCE_ZONE,195,0.788,0.714,0.397,82.29,0.408,0.72,-0.468,4,13,7,WARNING,1
14,2,EVENT_ATRIUM,201,0.769,0.678,0.45,84.22,0.356,0.776,-1.017,7,9,10,WARNING,1
14,3,FESTIVAL_CORRIDOR,188,0.687,0.869,0.385,68.44,0.351,0.807,-0.744,4,13,11,WARNING,1
14,4,FESTIVAL_CORRIDOR,200,0.817,0.67,0.483,83.29,0.326,0.79,-1.086,7,11,11,WARNING,1
14,5,FESTIVAL_CORRIDOR,207,0.731,0.817,0.352,79.28,0.389,0.783,-0.534,5,11,15,WARNING,1
14,6,FESTIVAL_CORRIDOR,199,0.768,0.709,0.407,62.77,0.325,0.818,-0.208,6,10,8,WARNING,1
14,7,LIVE_PERFORMANCE_ZONE,202,0.788,0.826,0.366,82.15,0.457,0.823,-1.062,5,11,10,WARNING,1
14,8,MALL_CONCERT_STAGE,190,0.738,0.844,0.36,70.78,0.334,0.686,-0.657,8,9,9,WARNING,1
14,9,FESTIVAL_CORRIDOR,216,0.855,0.652,0.452,81.08,0.468,0.73,-0.686,5,16,7,WARNING,1
14,10,LIVE_PERFORMANCE_ZONE,204,0.825,0.647,0.414,71.1,0.352,0.76,-0.987,6,19,11,WARNING,1
14,11,LIVE_PERFORMANCE_ZONE,205,0.771,0.676,0.436,76.68,0.39,0.856,-0.441,8,12,5,WARNING,1
14,12,LIVE_PERFORMANCE_ZONE,196,0.722,0.836,0.45,83.02,0.306,0.797,-1.399,7,11,8,WARNING,1
14,13,FESTIVAL_CORRIDOR,199,0.81,0.744,0.434,81.48,0.347,0.767,-0.699,10,9,8,WARNING,1
14,14,FESTIVAL_CORRIDOR,221,0.868,0.675,0.411,81.8,0.451,0.729,-0.792,7,10,8,WARNING,1
14,15,MALL_CONCERT_STAGE,239,0.893,0.619,0.457,94.61,0.33,0.878,-0.508,9,11,13,WARNING,1
14,16,MALL_CONCERT_STAGE,224,0.9,0.606,0.512,86.1,0.388,0.887,-0.485,5,13,12,WARNING,1
14,17,MALL_CONCERT_STAGE,200,0.785,0.771,0.406,63.72,0.309,0.787,-0.478,9,12,8,WARNING,1
14,18,FESTIVAL_CORRIDOR,222,0.854,0.736,0.466,87.54,0.348,0.816,-1.587,5,9,9,WARNING,1
14,19,MALL_CONCERT_STAGE,233,0.988,0.509,0.539,91.16,0.478,0.89,-0.853,5,8,11,HIGH,2
14,20,FESTIVAL_CORRIDOR,230,0.871,0.756,0.466,89.62,0.354,0.825,-1.205,6,9,12,WARNING,1
14,21,FESTIVAL_CORRIDOR,233,0.931,0.602,0.554,94.04,0.483,0.881,-1.438,7,14,10,HIGH,2
14,22,FESTIVAL_CORRIDOR,231,0.87,0.669,0.528,77.99,0.376,0.811,-0.709,4,11,7,WARNING,1
14,23,EVENT_ATRIUM,247,0.938,0.56,0.506,97.85,0.507,0.923,-0.595,7,19,12,HIGH,2
14,24,FESTIVAL_CORRIDOR,240,0.911,0.637,0.406,89.54,0.477,0.842,-0.926,3,8,11,WARNING,1
14,25,EVENT_ATRIUM,244,0.938,0.502,0.521,80.9,0.375,0.839,-0.927,4,11,11,WARNING,1
14,26,FESTIVAL_CORRIDOR,240,0.909,0.655,0.508,94.79,0.447,0.869,-1.07,3,9,11,WARNING,1
14,27,MALL_CONCERT_STAGE,256,0.937,0.599,0.494,96.46,0.429,0.938,-1.595,6,13,12,HIGH,2
14,28,MALL_CONCERT_STAGE,257,0.97,0.506,0.458,101.35,0.471,0.898,-0.691,4,14,11,HIGH,2
14,29,MALL_CONCERT_STAGE,239,0.869,0.589,0.421,74.58,0.395,0.852,-0.757,9,10,10,WARNING,1
14,30,LIVE_PERFORMANCE_ZONE,253,0.971,0.704,0.53,97.71,0.483,0.931,-0.947,7,7,9,HIGH,2
14,31,EVENT_ATRIUM,248,0.95,0.554,0.548,92.69,0.397,0.936,-0.809,6,15,8,HIGH,2
14,32,FESTIVAL_CORRIDOR,268,1,0.376,0.546,98.61,0.521,0.904,-0.994,7,14,13,HIGH,2
14,33,MALL_CONCERT_STAGE,238,0.917,0.62,0.501,88.01,0.419,0.84,-0.896,11,12,14,WARNING,1
14,34,MALL_CONCERT_STAGE,254,0.985,0.42,0.649,101.35,0.504,0.956,-1.562,5,9,16,HIGH,2
14,35,LIVE_PERFORMANCE_ZONE,228,0.921,0.661,0.396,90.36,0.47,0.873,-0.357,4,6,9,WARNING,1
14,36,EVENT_ATRIUM,245,0.976,0.656,0.566,96.81,0.472,0.863,-1.157,2,15,14,HIGH,2
14,37,EVENT_ATRIUM,254,1,0.455,0.51,95.33,0.541,0.899,-0.937,7,12,16,HIGH,2
14,38,FESTIVAL_CORRIDOR,227,0.901,0.569,0.477,88.06,0.406,0.916,-0.606,11,12,11,WARNING,1
14,39,EVENT_ATRIUM,255,0.942,0.445,0.48,98.3,0.468,0.919,-1.316,11,11,12,HIGH,2
14,40,MALL_CONCERT_STAGE,230,0.884,0.654,0.481,88.79,0.496,0.862,-0.773,6,20,8,WARNING,1
14,41,FESTIVAL_CORRIDOR,217,0.837,0.731,0.457,74.18,0.4,0.873,-0.756,8,15,16,WARNING,1
14,42,LIVE_PERFORMANCE_ZONE,222,0.891,0.651,0.534,75.44,0.431,0.785,-1.051,9,14,13,WARNING,1
14,43,FESTIVAL_CORRIDOR,211,0.801,0.696,0.481,87.49,0.383,0.89,-1.004,7,11,6,WARNING,1
14,44,MALL_CONCERT_STAGE,233,0.931,0.6,0.476,106.86,0.422,0.904,-1.565,9,15,7,HIGH,2
14,45,EVENT_ATRIUM,207,0.828,0.753,0.417,74.56,0.438,0.828,-0.575,10,14,14,WARNING,1
14,46,EVENT_ATRIUM,199,0.729,0.792,0.436,78.43,0.322,0.744,-0.458,7,6,6,WARNING,1
14,47,EVENT_ATRIUM,214,0.802,0.802,0.405,82.94,0.366,0.742,-1.041,5,6,8,WARNING,1
14,48,MALL_CONCERT_STAGE,187,0.719,0.864,0.329,72.26,0.335,0.888,-0.697,5,12,11,WARNING,1
14,49,LIVE_PERFORMANCE_ZONE,179,0.698,0.845,0.361,71.57,0.301,0.686,-0.904,5,8,8,WARNING,1
14,50,MALL_CONCERT_STAGE,160,0.627,0.94,0.252,62.33,0.266,0.658,-0.277,6,7,5,SAFE,0
14,51,FESTIVAL_CORRIDOR,181,0.682,0.809,0.311,70.58,0.296,0.746,-0.573,6,10,7,WARNING,1
14,52,EVENT_ATRIUM,204,0.808,0.569,0.445,84.78,0.404,0.786,-0.79,6,9,13,WARNING,1
14,53,MALL_CONCERT_STAGE,193,0.682,0.872,0.38,73.63,0.328,0.74,-1.451,7,10,10,WARNING,1
14,54,EVENT_ATRIUM,204,0.75,0.894,0.412,78.41,0.281,0.77,-0.828,3,9,11,WARNING,1
14,55,LIVE_PERFORMANCE_ZONE,193,0.708,0.805,0.392,68.67,0.34,0.78,-1.109,6,7,6,WARNING,1
14,56,EVENT_ATRIUM,212,0.819,0.753,0.492,98.44,0.41,0.798,-0.185,4,12,6,WARNING,1
14,57,LIVE_PERFORMANCE_ZONE,200,0.78,0.853,0.338,84.41,0.361,0.899,-1.499,5,8,9,WARNING,1
14,58,EVENT_ATRIUM,207,0.73,0.77,0.383,61.86,0.332,0.674,-1.6,4,10,9,WARNING,1
14,59,FESTIVAL_CORRIDOR,175,0.658,0.785,0.235,75.85,0.341,0.666,-1.001,5,12,4,WARNING,1
14,60,MALL_CONCERT_STAGE,188,0.692,0.837,0.366,89.62,0.35,0.81,-0.358,3,8,8,WARNING,1
14,61,LIVE_PERFORMANCE_ZONE,200,0.75,0.757,0.303,77.56,0.305,0.88,-0.695,6,8,5,WARNING,1
14,62,EVENT_ATRIUM,189,0.716,0.918,0.39,63.95,0.318,0.665,-0.853,3,7,8,WARNING,1
14,63,LIVE_PERFORMANCE_ZONE,187,0.727,0.773,0.345,81.1,0.305,0.744,-1.073,10,11,9,WARNING,1
14,64,FESTIVAL_CORRIDOR,172,0.674,0.855,0.34,68.13,0.328,0.719,-1.051,9,14,3,WARNING,1
14,65,LIVE_PERFORMANCE_ZONE,174,0.674,0.953,0.323,64.38,0.395,0.708,-1.341,3,10,9,WARNING,1
14,66,MALL_CONCERT_STAGE,152,0.604,0.826,0.367,70.51,0.268,0.732,-0.423,6,10,5,WARNING,1
14,67,FESTIVAL_CORRIDOR,175,0.664,0.947,0.396,75.08,0.305,0.663,-0.458,3,6,5,WARNING,1
14,68,LIVE_PERFORMANCE_ZONE,175,0.668,0.897,0.37,76.25,0.353,0.649,-0.286,2,7,8,WARNING,1
14,69,FESTIVAL_CORRIDOR,191,0.72,0.795,0.267,66.93,0.314,0.689,-0.96,5,8,9,WARNING,1
14,70,MALL_CONCERT_STAGE,168,0.644,0.977,0.338,72.33,0.366,0.774,-0.565,3,7,4,WARNING,1
14,71,LIVE_PERFORMANCE_ZONE,165,0.6,0.98,0.348,59.35,0.273,0.698,-0.682,6,11,11,SAFE,0
14,72,LIVE_PERFORMANCE_ZONE,199,0.782,0.825,0.417,67.86,0.406,0.8,-1.317,4,19,10,WARNING,1
14,73,FESTIVAL_CORRIDOR,181,0.683,0.804,0.361,77.48,0.312,0.711,-1.417,4,12,15,WARNING,1
14,74,LIVE_PERFORMANCE_ZONE,189,0.715,0.922,0.367,78.82,0.38,0.669,-0.821,13,9,7,WARNING,1
14,75,FESTIVAL_CORRIDOR,182,0.666,0.887,0.383,64.64,0.307,0.789,-0.882,3,9,7,WARNING,1
14,76,MALL_CONCERT_STAGE,181,0.691,0.847,0.367,71.98,0.365,0.759,-0.571,4,7,5,WARNING,1
14,77,FESTIVAL_CORRIDOR,157,0.658,0.85,0.416,66.4,0.316,0.738,-0.887,5,9,5,WARNING,1
14,78,FESTIVAL_CORRIDOR,203,0.75,0.687,0.495,83.27,0.301,0.773,-0.308,10,10,15,WARNING,1
14,79,EVENT_ATRIUM,199,0.772,0.743,0.358,82.14,0.462,0.797,-0.834,8,12,10,WARNING,1
14,80,LIVE_PERFORMANCE_ZONE,193,0.717,0.77,0.443,80.72,0.388,0.743,-0.465,2,4,9,WARNING,1
14,81,LIVE_PERFORMANCE_ZONE,191,0.748,0.521,0.402,77.88,0.383,0.779,-0.794,6,9,9,WARNING,1
14,82,EVENT_ATRIUM,213,0.849,0.673,0.509,85.53,0.448,0.715,-0.928,5,8,7,WARNING,1
14,83,EVENT_ATRIUM,187,0.759,0.845,0.495,87.26,0.35,0.744,-0.956,9,9,10,WARNING,1
14,84,EVENT_ATRIUM,177,0.733,0.679,0.397,77.85,0.317,0.722,-0.508,6,12,8,WARNING,1
14,85,FESTIVAL_CORRIDOR,210,0.817,0.541,0.408,82.23,0.358,0.755,-0.187,5,7,9,WARNING,1
14,86,LIVE_PERFORMANCE_ZONE,193,0.745,0.747,0.43,80.76,0.374,0.813,-0.343,5,13,11,WARNING,1
14,87,MALL_CONCERT_STAGE,214,0.817,0.695,0.524,92.27,0.357,0.76,-1.047,4,9,10,WARNING,1
14,88,MALL_CONCERT_STAGE,203,0.767,0.811,0.537,71.8,0.385,0.716,-0.374,8,9,5,WARNING,1
14,89,FESTIVAL_CORRIDOR,187,0.698,0.975,0.454,65.39,0.301,0.75,-0.812,7,9,11,WARNING,1
15,0,LIVE_PERFORMANCE_ZONE,202,0.764,0.737,0.502,76.82,0.472,0.773,-0.091,9,9,5,WARNING,1
15,1,LIVE_PERFORMANCE_ZONE,211,0.802,0.656,0.465,70.75,0.391,0.874,-0.814,6,9,11,WARNING,1
15,2,FESTIVAL_CORRIDOR,218,0.861,0.717,0.455,94.53,0.426,0.827,-2.058,6,15,12,WARNING,1
15,3,MALL_CONCERT_STAGE,220,0.89,0.675,0.496,92.48,0.475,0.926,-1.245,12,11,11,HIGH,2
15,4,MALL_CONCERT_STAGE,215,0.813,0.597,0.495,82.45,0.33,0.824,-0.929,8,12,7,WARNING,1
15,5,LIVE_PERFORMANCE_ZONE,201,0.793,0.861,0.398,74.41,0.383,0.736,-0.992,3,8,9,WARNING,1
15,6,FESTIVAL_CORRIDOR,209,0.822,0.653,0.535,88.13,0.402,0.794,-0.441,6,15,10,WARNING,1
15,7,MALL_CONCERT_STAGE,206,0.806,0.664,0.505,73.89,0.413,0.7,-1.236,6,8,5,WARNING,1
15,8,LIVE_PERFORMANCE_ZONE,231,0.84,0.785,0.418,84.79,0.391,0.786,-0.631,3,9,14,WARNING,1
15,9,MALL_CONCERT_STAGE,205,0.741,0.711,0.397,71,0.314,0.732,-0.71,5,17,15,WARNING,1
15,10,MALL_CONCERT_STAGE,205,0.79,0.781,0.483,90.46,0.326,0.746,-1.139,5,7,5,WARNING,1
15,11,MALL_CONCERT_STAGE,226,0.879,0.653,0.404,82.8,0.406,0.815,-0.871,9,14,11,WARNING,1
15,12,LIVE_PERFORMANCE_ZONE,191,0.72,0.808,0.461,71.28,0.378,0.643,-0.368,3,9,11,WARNING,1
15,13,MALL_CONCERT_STAGE,209,0.788,0.666,0.411,73.83,0.403,0.803,-1.339,8,11,11,WARNING,1
15,14,FESTIVAL_CORRIDOR,212,0.821,0.709,0.544,89.49,0.362,0.819,-0.575,4,12,11,WARNING,1
15,15,EVENT_ATRIUM,215,0.803,0.687,0.432,71.83,0.35,0.786,-0.902,4,8,15,WARNING,1
15,16,LIVE_PERFORMANCE_ZONE,197,0.769,0.767,0.451,72.83,0.341,0.822,-0.454,6,7,4,WARNING,1
15,17,EVENT_ATRIUM,210,0.79,0.64,0.452,71.93,0.36,0.84,-0.285,5,7,7,WARNING,1
15,18,EVENT_ATRIUM,232,0.879,0.787,0.506,103.67,0.434,0.805,-1.172,6,13,14,WARNING,1
15,19,FESTIVAL_CORRIDOR,196,0.714,0.782,0.349,84.18,0.33,0.767,-1.533,8,8,10,WARNING,1
15,20,MALL_CONCERT_STAGE,225,0.838,0.81,0.459,81.54,0.356,0.839,-0.781,5,6,8,WARNING,1
15,21,LIVE_PERFORMANCE_ZONE,220,0.836,0.574,0.442,87.53,0.456,0.741,-1.183,5,9,8,WARNING,1
15,22,EVENT_ATRIUM,227,0.868,0.696,0.439,91.83,0.426,0.854,-0.598,5,8,14,WARNING,1
15,23,LIVE_PERFORMANCE_ZONE,209,0.785,0.597,0.435,91.49,0.346,0.734,-0.484,4,17,12,WARNING,1
15,24,FESTIVAL_CORRIDOR,225,0.871,0.593,0.41,87.41,0.421,0.897,-1.17,5,9,10,WARNING,1
15,25,EVENT_ATRIUM,221,0.852,0.741,0.432,84.78,0.332,0.797,-0.811,6,10,8,WARNING,1
15,26,FESTIVAL_CORRIDOR,221,0.913,0.545,0.557,92.19,0.424,0.862,-0.841,3,11,12,HIGH,2
15,27,MALL_CONCERT_STAGE,211,0.783,0.782,0.408,77.13,0.426,0.834,-1.082,7,16,8,WARNING,1
15,28,FESTIVAL_CORRIDOR,237,0.89,0.717,0.496,87.68,0.424,0.862,-0.937,5,13,12,WARNING,1
15,29,MALL_CONCERT_STAGE,245,0.976,0.577,0.525,92.27,0.431,0.961,-1.421,10,15,11,HIGH,2
15,30,LIVE_PERFORMANCE_ZONE,235,0.871,0.492,0.468,78.03,0.447,0.831,-0.351,4,8,7,WARNING,1
15,31,FESTIVAL_CORRIDOR,239,0.902,0.657,0.561,82.5,0.419,0.903,-1.216,8,12,11,WARNING,1
15,32,LIVE_PERFORMANCE_ZONE,245,0.934,0.539,0.513,90.83,0.469,0.901,-1.077,6,10,11,HIGH,2
15,33,EVENT_ATRIUM,248,1,0.391,0.551,98.79,0.461,0.899,-0.25,6,16,10,HIGH,2
15,34,MALL_CONCERT_STAGE,249,0.997,0.473,0.487,94.48,0.464,0.925,-1.128,2,19,13,HIGH,2
15,35,MALL_CONCERT_STAGE,274,1,0.467,0.544,96.24,0.474,0.956,-0.835,5,17,7,HIGH,2
15,36,FESTIVAL_CORRIDOR,278,1,0.515,0.654,93.22,0.506,0.86,-0.888,4,17,14,HIGH,2
15,37,LIVE_PERFORMANCE_ZONE,255,0.941,0.542,0.47,93.85,0.455,0.802,-0.685,7,23,18,WARNING,1
15,38,LIVE_PERFORMANCE_ZONE,258,0.962,0.571,0.505,95.17,0.474,0.941,-0.694,8,13,12,HIGH,2
15,39,LIVE_PERFORMANCE_ZONE,285,1,0.399,0.598,104.49,0.488,1,-1.037,7,16,13,HIGH,2
15,40,LIVE_PERFORMANCE_ZONE,270,1,0.437,0.595,94.27,0.369,0.872,-1.098,4,13,10,HIGH,2
15,41,LIVE_PERFORMANCE_ZONE,291,1,0.524,0.505,95.18,0.492,0.918,-0.959,7,13,16,HIGH,2
15,42,FESTIVAL_CORRIDOR,293,1,0.41,0.584,103.41,0.427,0.873,-0.693,5,18,12,HIGH,2
15,43,FESTIVAL_CORRIDOR,290,1,0.414,0.644,97.68,0.45,0.935,-1.718,8,13,14,HIGH,2
15,44,MALL_CONCERT_STAGE,281,1,0.482,0.594,95.65,0.476,0.988,-1.102,6,14,15,HIGH,2
15,45,MALL_CONCERT_STAGE,285,1,0.495,0.561,96.95,0.519,0.89,-1.011,4,11,10,HIGH,2
15,46,EVENT_ATRIUM,279,1,0.549,0.536,96.59,0.491,0.919,-0.576,9,12,11,HIGH,2
15,47,FESTIVAL_CORRIDOR,266,0.996,0.539,0.484,98.66,0.591,0.847,-1.271,3,10,17,HIGH,2
15,48,LIVE_PERFORMANCE_ZONE,269,0.997,0.436,0.505,102.99,0.411,0.896,-1.085,8,17,10,HIGH,2
15,49,EVENT_ATRIUM,277,1,0.48,0.51,106.25,0.425,0.957,-0.682,6,13,10,HIGH,2
15,50,MALL_CONCERT_STAGE,267,1,0.376,0.566,99.01,0.526,0.807,-1.25,9,15,13,HIGH,2
15,51,MALL_CONCERT_STAGE,268,1,0.432,0.568,104.45,0.47,0.849,-1.072,7,8,7,HIGH,2
15,52,LIVE_PERFORMANCE_ZONE,259,0.999,0.358,0.581,98.52,0.52,0.93,-0.957,6,16,7,HIGH,2
15,53,FESTIVAL_CORRIDOR,244,0.963,0.558,0.511,99.33,0.468,0.85,-0.726,7,10,11,HIGH,2
15,54,EVENT_ATRIUM,256,0.892,0.479,0.463,84.7,0.43,0.84,-0.867,7,15,8,WARNING,1
15,55,FESTIVAL_CORRIDOR,232,0.84,0.53,0.513,86.96,0.405,0.795,-1.542,4,12,7,WARNING,1
15,56,LIVE_PERFORMANCE_ZONE,262,0.965,0.575,0.495,82.19,0.424,0.882,-0.484,8,7,16,HIGH,2
15,57,EVENT_ATRIUM,258,0.935,0.613,0.469,98.09,0.481,0.836,-0.621,7,10,18,HIGH,2
15,58,FESTIVAL_CORRIDOR,240,0.963,0.481,0.609,109.13,0.478,0.894,-1.305,4,15,12,HIGH,2
15,59,MALL_CONCERT_STAGE,215,0.84,0.732,0.507,87.17,0.407,0.736,-0.699,3,9,12,WARNING,1
15,60,LIVE_PERFORMANCE_ZONE,243,0.94,0.567,0.557,86.6,0.554,0.948,-1.236,3,5,10,HIGH,2
15,61,LIVE_PERFORMANCE_ZONE,246,0.963,0.488,0.508,83.86,0.42,0.848,-0.788,6,15,13,WARNING,1
15,62,LIVE_PERFORMANCE_ZONE,235,0.895,0.52,0.453,86.46,0.377,0.826,-1.015,4,9,11,WARNING,1
15,63,EVENT_ATRIUM,230,0.859,0.677,0.414,92.9,0.424,0.769,-1.277,6,16,8,WARNING,1
15,64,EVENT_ATRIUM,212,0.869,0.659,0.438,90.65,0.423,0.813,-1.318,5,13,7,WARNING,1
15,65,FESTIVAL_CORRIDOR,245,0.88,0.623,0.452,92.8,0.428,0.779,-0.677,2,10,11,WARNING,1
15,66,EVENT_ATRIUM,218,0.837,0.634,0.456,90.17,0.389,0.821,-0.787,3,6,10,WARNING,1
15,67,LIVE_PERFORMANCE_ZONE,232,0.811,0.561,0.473,81.89,0.325,0.763,-1.442,7,6,14,WARNING,1
15,68,EVENT_ATRIUM,201,0.83,0.735,0.468,93.15,0.408,0.767,-0.925,5,6,13,WARNING,1
15,69,MALL_CONCERT_STAGE,210,0.811,0.664,0.482,79.41,0.37,0.803,-0.996,3,7,7,WARNING,1
15,70,FESTIVAL_CORRIDOR,196,0.761,0.85,0.346,79.61,0.344,0.726,-0.341,3,6,10,WARNING,1
15,71,MALL_CONCERT_STAGE,213,0.826,0.712,0.468,87.79,0.406,0.753,-1.006,6,11,19,WARNING,1
15,72,LIVE_PERFORMANCE_ZONE,199,0.728,0.765,0.354,76.26,0.33,0.757,-0.724,3,9,9,WARNING,1
15,73,FESTIVAL_CORRIDOR,212,0.854,0.619,0.434,89.45,0.416,0.804,-0.857,7,13,8,WARNING,1
15,74,LIVE_PERFORMANCE_ZONE,199,0.74,0.73,0.367,77.05,0.383,0.736,-0.617,6,9,14,WARNING,1
15,75,MALL_CONCERT_STAGE,224,0.852,0.661,0.458,92.06,0.401,0.693,-1.178,6,15,9,WARNING,1
15,76,FESTIVAL_CORRIDOR,219,0.886,0.654,0.478,83.38,0.392,0.876,-1.01,10,8,10,WARNING,1
15,77,FESTIVAL_CORRIDOR,221,0.881,0.75,0.574,91.89,0.384,0.818,-1.622,6,15,13,WARNING,1
15,78,EVENT_ATRIUM,217,0.834,0.631,0.486,83.38,0.406,0.836,-0.713,10,14,11,WARNING,1
15,79,LIVE_PERFORMANCE_ZONE,225,0.882,0.748,0.438,90.56,0.422,0.869,-1.067,5,11,8,WARNING,1
15,80,MALL_CONCERT_STAGE,225,0.878,0.516,0.421,83.36,0.472,0.838,-1.603,4,9,11,WARNING,1
15,81,EVENT_ATRIUM,205,0.783,0.669,0.467,82.4,0.403,0.765,-0.476,6,8,8,WARNING,1
15,82,FESTIVAL_CORRIDOR,194,0.774,0.635,0.425,66.83,0.432,0.762,-0.428,5,8,8,WARNING,1
15,83,MALL_CONCERT_STAGE,209,0.851,0.606,0.462,82.78,0.419,0.784,-0.674,6,9,8,WARNING,1
15,84,FESTIVAL_CORRIDOR,212,0.812,0.789,0.433,96.77,0.413,0.772,-1.109,4,10,8,WARNING,1
15,85,LIVE_PERFORMANCE_ZONE,233,0.836,0.608,0.478,84.32,0.381,0.819,-1.294,3,7,11,WARNING,1
15,86,LIVE_PERFORMANCE_ZONE,209,0.797,0.644,0.521,81.89,0.434,0.842,-0.242,4,10,13,WARNING,1
15,87,MALL_CONCERT_STAGE,214,0.868,0.65,0.429,89.69,0.376,0.743,-0.951,14,10,17,WARNING,1
15,88,FESTIVAL_CORRIDOR,226,0.941,0.577,0.534,87.51,0.432,0.861,-0.541,4,10,14,HIGH,2
15,89,MALL_CONCERT_STAGE,214,0.871,0.679,0.5,94.33,0.43,0.798,-0.944,6,6,10,WARNING,1
16,0,EVENT_ATRIUM,143,0.531,0.898,0.248,65.59,0.207,0.59,-0.991,2,5,6,SAFE,0
16,1,MALL_CONCERT_STAGE,127,0.433,1.129,0.158,58.31,0.268,0.64,-0.723,2,6,3,SAFE,0
16,2,FESTIVAL_CORRIDOR,135,0.552,1.018,0.289,58.23,0.302,0.569,-0.156,1,5,7,SAFE,0
16,3,MALL_CONCERT_STAGE,146,0.53,1.096,0.331,62.47,0.285,0.7,-0.634,8,11,8,SAFE,0
16,4,MALL_CONCERT_STAGE,135,0.607,0.895,0.376,64.91,0.329,0.657,-0.596,2,7,8,WARNING,1
16,5,MALL_CONCERT_STAGE,150,0.625,0.808,0.37,68.2,0.262,0.662,-0.143,9,14,9,WARNING,1
16,6,FESTIVAL_CORRIDOR,139,0.558,1.085,0.239,54.06,0.322,0.665,-1.042,6,12,2,SAFE,0
16,7,MALL_CONCERT_STAGE,165,0.659,0.84,0.387,81.9,0.335,0.706,-1.222,7,9,9,WARNING,1
16,8,EVENT_ATRIUM,155,0.608,0.786,0.413,59.03,0.253,0.622,-0.918,6,8,5,SAFE,0
16,9,FESTIVAL_CORRIDOR,142,0.559,1.004,0.338,67.63,0.277,0.532,-0.529,3,8,7,SAFE,0
16,10,LIVE_PERFORMANCE_ZONE,145,0.544,1.048,0.259,59.79,0.297,0.662,-1.003,5,7,8,SAFE,0
16,11,FESTIVAL_CORRIDOR,164,0.57,0.984,0.279,62.75,0.246,0.603,-0.882,1,8,3,SAFE,0
16,12,EVENT_ATRIUM,152,0.581,1.058,0.343,61.96,0.255,0.681,-0.695,1,3,3,SAFE,0
16,13,EVENT_ATRIUM,153,0.611,0.983,0.196,66.38,0.295,0.697,-0.904,8,5,11,SAFE,0
16,14,FESTIVAL_CORRIDOR,158,0.585,0.948,0.385,53.84,0.282,0.712,-0.56,6,8,16,SAFE,0
16,15,EVENT_ATRIUM,156,0.596,0.854,0.272,66.09,0.248,0.753,-0.436,3,8,8,SAFE,0
16,16,MALL_CONCERT_STAGE,161,0.622,0.853,0.341,66.85,0.414,0.669,-0.729,9,9,8,WARNING,1
16,17,MALL_CONCERT_STAGE,155,0.637,0.832,0.401,73.56,0.281,0.725,-0.595,3,12,3,WARNING,1
16,18,EVENT_ATRIUM,187,0.656,0.94,0.443,81.28,0.259,0.762,-0.096,7,11,9,WARNING,1
16,19,FESTIVAL_CORRIDOR,196,0.79,0.705,0.421,86.78,0.381,0.785,-1.072,7,8,9,WARNING,1
16,20,LIVE_PERFORMANCE_ZONE,168,0.637,1.092,0.326,72.15,0.381,0.653,-0.818,8,6,11,WARNING,1
16,21,FESTIVAL_CORRIDOR,212,0.825,0.56,0.5,88.67,0.503,0.807,-1.009,5,15,8,WARNING,1
16,22,MALL_CONCERT_STAGE,183,0.734,0.817,0.418,79.19,0.371,0.748,-0.566,8,8,8,WARNING,1
16,23,FESTIVAL_CORRIDOR,198,0.805,0.751,0.443,86.54,0.361,0.834,-1.003,10,9,9,WARNING,1
16,24,EVENT_ATRIUM,202,0.754,0.739,0.413,69.64,0.391,0.751,-0.938,5,13,4,WARNING,1
16,25,FESTIVAL_CORRIDOR,199,0.721,0.737,0.43,68.2,0.387,0.879,-1.062,8,11,14,WARNING,1
16,26,LIVE_PERFORMANCE_ZONE,197,0.765,0.801,0.396,78.2,0.387,0.722,-0.573,9,14,12,WARNING,1
16,27,FESTIVAL_CORRIDOR,178,0.74,0.923,0.317,92.2,0.378,0.722,-0.79,2,12,12,WARNING,1
16,28,LIVE_PERFORMANCE_ZONE,217,0.796,0.564,0.439,78.68,0.357,0.82,-1.161,8,11,11,WARNING,1
16,29,LIVE_PERFORMANCE_ZONE,198,0.682,0.935,0.363,68.06,0.367,0.587,-0.584,4,12,9,WARNING,1
16,30,MALL_CONCERT_STAGE,189,0.704,0.903,0.395,69.96,0.372,0.711,-1.069,7,12,11,WARNING,1
16,31,EVENT_ATRIUM,189,0.735,0.752,0.366,67.52,0.347,0.718,-0.892,6,7,11,WARNING,1
16,32,LIVE_PERFORMANCE_ZONE,172,0.637,0.882,0.309,66.1,0.378,0.685,-0.566,6,3,8,WARNING,1
16,33,FESTIVAL_CORRIDOR,161,0.622,1.041,0.312,67.92,0.34,0.742,-0.592,3,12,8,WARNING,1
16,34,MALL_CONCERT_STAGE,192,0.776,0.612,0.431,67.4,0.357,0.793,-0.944,6,12,16,WARNING,1
16,35,FESTIVAL_CORRIDOR,190,0.693,0.772,0.351,82.66,0.367,0.742,-1.308,8,12,13,WARNING,1
16,36,LIVE_PERFORMANCE_ZONE,198,0.784,0.636,0.365,89.49,0.372,0.794,-1.104,9,8,9,WARNING,1
16,37,LIVE_PERFORMANCE_ZONE,160,0.614,0.989,0.347,62.9,0.323,0.551,-0.715,5,9,12,SAFE,0
16,38,FESTIVAL_CORRIDOR,168,0.66,0.949,0.324,88.59,0.255,0.67,-0.646,6,5,8,WARNING,1
16,39,LIVE_PERFORMANCE_ZONE,179,0.706,0.732,0.411,75.48,0.343,0.669,-0.477,2,5,15,WARNING,1
16,40,FESTIVAL_CORRIDOR,183,0.675,0.751,0.401,68.45,0.421,0.768,-0.924,7,9,11,WARNING,1
16,41,FESTIVAL_CORRIDOR,153,0.64,0.709,0.403,61.2,0.317,0.706,-1.076,6,12,5,WARNING,1
16,42,MALL_CONCERT_STAGE,163,0.673,0.738,0.326,57.84,0.329,0.8,-0.904,11,4,8,WARNING,1
16,43,FESTIVAL_CORRIDOR,166,0.692,0.871,0.476,63.27,0.349,0.717,-0.762,7,8,5,WARNING,1
16,44,FESTIVAL_CORRIDOR,170,0.61,1.004,0.309,56.39,0.222,0.767,-0.758,3,9,10,SAFE,0
16,45,FESTIVAL_CORRIDOR,138,0.598,1.017,0.337,72.09,0.304,0.599,-0.625,5,7,8,SAFE,0
16,46,EVENT_ATRIUM,155,0.622,1.091,0.278,63.2,0.208,0.637,-1.317,2,10,7,SAFE,0
16,47,LIVE_PERFORMANCE_ZONE,152,0.6,0.951,0.4,66.74,0.246,0.732,-0.562,6,7,10,WARNING,1
16,48,FESTIVAL_CORRIDOR,142,0.566,1.026,0.264,64.66,0.26,0.68,-0.84,6,6,8,SAFE,0
16,49,EVENT_ATRIUM,139,0.552,0.979,0.362,56.22,0.286,0.612,-0.959,6,10,11,SAFE,0
16,50,MALL_CONCERT_STAGE,149,0.545,1.053,0.313,56.67,0.249,0.63,-0.338,3,11,8,SAFE,0
16,51,EVENT_ATRIUM,152,0.545,0.933,0.295,50.35,0.223,0.636,-1.494,7,9,5,SAFE,0
16,52,LIVE_PERFORMANCE_ZONE,129,0.49,0.923,0.275,43.65,0.239,0.584,-0.644,4,7,3,SAFE,0
16,53,MALL_CONCERT_STAGE,117,0.453,1.159,0.29,54.31,0.242,0.644,-0.525,8,6,5,SAFE,0
16,54,LIVE_PERFORMANCE_ZONE,140,0.569,0.911,0.306,50.24,0.327,0.778,-0.756,7,10,5,SAFE,0
16,55,FESTIVAL_CORRIDOR,132,0.475,1.141,0.217,67.02,0.26,0.552,-0.587,2,5,2,SAFE,0
16,56,MALL_CONCERT_STAGE,138,0.518,1.022,0.275,59.93,0.212,0.675,-0.51,9,4,3,SAFE,0
16,57,FESTIVAL_CORRIDOR,128,0.499,1.102,0.312,51.14,0.229,0.705,-0.605,3,9,4,SAFE,0
16,58,FESTIVAL_CORRIDOR,131,0.497,0.997,0.25,57.69,0.158,0.508,-0.577,3,9,8,SAFE,0
16,59,MALL_CONCERT_STAGE,130,0.521,1.006,0.311,52.77,0.261,0.604,-0.403,5,6,3,SAFE,0
16,60,LIVE_PERFORMANCE_ZONE,131,0.529,1.035,0.346,61.09,0.239,0.553,-0.704,4,9,7,SAFE,0
16,61,MALL_CONCERT_STAGE,144,0.562,0.9,0.3,69.73,0.368,0.663,-0.221,6,7,5,SAFE,0
16,62,EVENT_ATRIUM,127,0.499,0.898,0.291,63.15,0.264,0.615,-0.279,4,5,8,SAFE,0
16,63,FESTIVAL_CORRIDOR,130,0.555,0.914,0.295,57.53,0.35,0.641,-0.579,6,8,5,SAFE,0
16,64,LIVE_PERFORMANCE_ZONE,138,0.561,0.861,0.309,73.77,0.21,0.732,-0.95,6,3,4,SAFE,0
16,65,EVENT_ATRIUM,125,0.512,1.131,0.285,55.87,0.255,0.568,-0.875,1,3,3,SAFE,0
16,66,EVENT_ATRIUM,108,0.436,1.117,0.216,42.04,0.227,0.558,-0.092,8,8,2,SAFE,0
16,67,LIVE_PERFORMANCE_ZONE,137,0.513,1.131,0.249,50.22,0.288,0.644,-0.711,4,7,7,SAFE,0
16,68,FESTIVAL_CORRIDOR,124,0.501,0.988,0.234,60.68,0.289,0.606,-0.737,6,8,1,SAFE,0
16,69,EVENT_ATRIUM,115,0.47,1.058,0.196,70.7,0.286,0.641,-0.393,9,6,5,SAFE,0
16,70,EVENT_ATRIUM,129,0.509,0.985,0.328,58.55,0.21,0.649,-0.649,4,4,6,SAFE,0
16,71,LIVE_PERFORMANCE_ZONE,134,0.48,1.08,0.351,71.3,0.284,0.523,-0.685,2,11,8,SAFE,0
16,72,FESTIVAL_CORRIDOR,117,0.445,0.952,0.211,55.96,0.23,0.595,-0.477,6,5,3,SAFE,0
16,73,FESTIVAL_CORRIDOR,133,0.53,0.849,0.287,57.46,0.226,0.685,-0.263,8,9,10,SAFE,0
16,74,MALL_CONCERT_STAGE,135,0.501,1.036,0.284,46.19,0.195,0.571,-0.427,7,8,2,SAFE,0
16,75,MALL_CONCERT_STAGE,127,0.486,1.117,0.178,44.92,0.16,0.617,-1.024,6,7,6,SAFE,0
16,76,MALL_CONCERT_STAGE,143,0.533,0.981,0.379,62.13,0.274,0.641,-0.359,5,12,4,SAFE,0
16,77,MALL_CONCERT_STAGE,118,0.468,1.211,0.332,72.17,0.21,0.599,-1.328,6,8,8,SAFE,0
16,78,MALL_CONCERT_STAGE,124,0.458,1.072,0.249,59.99,0.21,0.618,-0.564,8,4,4,SAFE,0
16,79,MALL_CONCERT_STAGE,135,0.558,0.971,0.299,65.76,0.289,0.538,-1.047,4,9,5,SAFE,0
16,80,FESTIVAL_CORRIDOR,127,0.523,1.12,0.245,45.85,0.178,0.696,-0.142,8,9,8,SAFE,0
16,81,LIVE_PERFORMANCE_ZONE,118,0.492,1.087,0.313,60.74,0.228,0.605,-0.025,6,3,4,SAFE,0
16,82,MALL_CONCERT_STAGE,131,0.52,0.93,0.245,62.97,0.277,0.647,-0.285,8,6,5,SAFE,0
16,83,LIVE_PERFORMANCE_ZONE,121,0.473,1.08,0.217,63.5,0.255,0.578,-0.854,5,3,3,SAFE,0
16,84,FESTIVAL_CORRIDOR,115,0.491,0.974,0.299,60.69,0.177,0.599,-0.685,6,10,6,SAFE,0
16,85,EVENT_ATRIUM,121,0.498,1.014,0.291,53.85,0.23,0.719,-0.625,5,4,7,SAFE,0
16,86,MALL_CONCERT_STAGE,138,0.588,0.946,0.249,67.42,0.279,0.7,-0.438,4,4,5,SAFE,0
16,87,FESTIVAL_CORRIDOR,137,0.537,1.006,0.211,74.21,0.267,0.584,-0.981,2,7,5,SAFE,0
16,88,LIVE_PERFORMANCE_ZONE,138,0.514,1.081,0.332,63.78,0.251,0.637,-0.826,4,5,6,SAFE,0
16,89,LIVE_PERFORMANCE_ZONE,151,0.558,0.866,0.244,64.32,0.313,0.645,-0.982,7,10,7,SAFE,0
17,0,EVENT_ATRIUM,100,0.407,1.189,0.176,46.85,0.171,0.483,-0.431,5,6,2,SAFE,0
17,1,LIVE_PERFORMANCE_ZONE,78,0.254,1.304,0.11,45.64,0.128,0.513,-0.024,6,3,5,SAFE,0
17,2,FESTIVAL_CORRIDOR,80,0.271,1.263,0.089,23.89,0.128,0.525,-0.351,6,4,3,SAFE,0
17,3,FESTIVAL_CORRIDOR,93,0.361,1.247,0.153,38.82,0.168,0.547,-0.77,4,4,4,SAFE,0
17,4,FESTIVAL_CORRIDOR,84,0.293,1.39,0.234,46.41,0.13,0.47,-0.138,4,1,2,SAFE,0
17,5,FESTIVAL_CORRIDOR,73,0.306,1.339,0.056,28.64,0.152,0.488,-0.492,6,4,7,SAFE,0
17,6,EVENT_ATRIUM,86,0.287,1.358,0.137,46.99,0.137,0.523,-0.675,4,3,2,SAFE,0
17,7,LIVE_PERFORMANCE_ZONE,100,0.336,1.323,0.236,30.51,0.148,0.555,-0.185,3,4,6,SAFE,0
17,8,MALL_CONCERT_STAGE,82,0.314,1.3,0.132,47.04,0.155,0.475,-0.238,3,6,1,SAFE,0
17,9,FESTIVAL_CORRIDOR,85,0.272,1.235,0.207,45.95,0.089,0.472,-0.633,5,3,1,SAFE,0
17,10,EVENT_ATRIUM,102,0.42,1.172,0.163,57.46,0.184,0.623,-0.345,1,3,6,SAFE,0
17,11,LIVE_PERFORMANCE_ZONE,87,0.351,1.4,0.21,49.11,0.052,0.524,-0.409,7,2,2,SAFE,0
17,12,MALL_CONCERT_STAGE,67,0.228,1.392,0.147,45.14,0.152,0.49,-0.155,4,3,0,SAFE,0
17,13,LIVE_PERFORMANCE_ZONE,86,0.363,1.113,0.193,52.41,0.18,0.583,-0.211,1,1,4,SAFE,0
17,14,MALL_CONCERT_STAGE,84,0.37,1.211,0.248,51.66,0.142,0.527,-0.148,3,5,3,SAFE,0
17,15,FESTIVAL_CORRIDOR,79,0.295,1.229,0.161,42.33,0.103,0.457,-0.184,7,7,1,SAFE,0
17,16,LIVE_PERFORMANCE_ZONE,88,0.386,1.185,0.233,48.34,0.137,0.446,-0.497,10,4,1,SAFE,0
17,17,EVENT_ATRIUM,92,0.362,1.196,0.188,39.03,0.147,0.554,0.012,8,6,3,SAFE,0
17,18,LIVE_PERFORMANCE_ZONE,93,0.357,1.082,0.208,40.43,0.24,0.634,-0.886,5,3,4,SAFE,0
17,19,FESTIVAL_CORRIDOR,76,0.289,1.241,0.041,35.07,0.151,0.508,-0.364,3,2,6,SAFE,0
17,20,MALL_CONCERT_STAGE,84,0.32,1.221,0.12,33.92,0.12,0.564,-0.742,4,3,2,SAFE,0
17,21,MALL_CONCERT_STAGE,84,0.297,1.295,0.177,46.78,0.154,0.469,-0.691,4,5,3,SAFE,0
17,22,MALL_CONCERT_STAGE,96,0.372,1.117,0.132,54.73,0.245,0.588,-0.669,3,3,6,SAFE,0
17,23,EVENT_ATRIUM,89,0.329,1.32,0.209,56.45,0.187,0.555,-0.254,4,5,1,SAFE,0
17,24,MALL_CONCERT_STAGE,78,0.259,1.375,0.12,45.8,0.103,0.558,-0.739,7,3,3,SAFE,0
17,25,MALL_CONCERT_STAGE,107,0.433,1.124,0.348,53.3,0.25,0.557,-1.557,4,5,8,SAFE,0
17,26,FESTIVAL_CORRIDOR,87,0.315,1.189,0.153,39.2,0.177,0.51,-0.468,5,5,3,SAFE,0
17,27,MALL_CONCERT_STAGE,87,0.364,1.119,0.217,47.89,0.228,0.525,-0.296,2,3,1,SAFE,0
17,28,MALL_CONCERT_STAGE,103,0.404,1.177,0.288,48.86,0.236,0.519,-0.568,2,6,5,SAFE,0
17,29,EVENT_ATRIUM,118,0.462,1.134,0.309,53.94,0.282,0.655,-0.522,3,8,10,SAFE,0
17,30,LIVE_PERFORMANCE_ZONE,85,0.355,1.144,0.116,42.94,0.15,0.611,-0.181,6,7,5,SAFE,0
17,31,EVENT_ATRIUM,102,0.383,1.15,0.188,56.91,0.15,0.595,-1.012,3,7,4,SAFE,0
17,32,LIVE_PERFORMANCE_ZONE,106,0.417,1.137,0.339,45.75,0.176,0.583,-0.335,4,6,5,SAFE,0
17,33,EVENT_ATRIUM,105,0.339,1.213,0.229,58.11,0.135,0.555,-0.573,7,3,7,SAFE,0
17,34,LIVE_PERFORMANCE_ZONE,110,0.431,1.164,0.247,43.06,0.214,0.68,-0.46,7,4,5,SAFE,0
17,35,LIVE_PERFORMANCE_ZONE,112,0.401,1.269,0.213,48.75,0.237,0.572,0.34,2,4,7,SAFE,0
17,36,EVENT_ATRIUM,126,0.461,1.177,0.263,63.2,0.16,0.533,-0.653,6,7,6,SAFE,0
17,37,EVENT_ATRIUM,116,0.436,1.116,0.24,58.41,0.242,0.671,-0.43,6,5,3,SAFE,0
17,38,MALL_CONCERT_STAGE,132,0.564,0.963,0.382,68.63,0.28,0.61,-0.991,3,7,4,SAFE,0
17,39,EVENT_ATRIUM,159,0.578,0.805,0.363,69.38,0.205,0.66,-0.034,6,10,5,SAFE,0
17,40,MALL_CONCERT_STAGE,145,0.519,0.943,0.25,67.11,0.214,0.603,-0.952,6,9,12,SAFE,0
17,41,LIVE_PERFORMANCE_ZONE,146,0.581,0.995,0.3,72.7,0.295,0.719,-0.299,3,6,8,SAFE,0
17,42,MALL_CONCERT_STAGE,130,0.46,1.17,0.282,52.94,0.208,0.534,-0.195,5,5,5,SAFE,0
17,43,MALL_CONCERT_STAGE,146,0.57,1.167,0.348,73.02,0.276,0.636,-1.16,12,8,5,SAFE,0
17,44,LIVE_PERFORMANCE_ZONE,152,0.557,1.085,0.397,70.9,0.294,0.634,-0.547,3,7,7,SAFE,0
17,45,LIVE_PERFORMANCE_ZONE,143,0.569,0.964,0.375,50.06,0.227,0.737,-0.822,11,7,6,SAFE,0
17,46,MALL_CONCERT_STAGE,153,0.557,1.077,0.405,52.4,0.265,0.603,-1.251,7,10,7,SAFE,0
17,47,LIVE_PERFORMANCE_ZONE,160,0.64,0.963,0.375,67.65,0.278,0.856,-0.652,5,8,6,WARNING,1
17,48,EVENT_ATRIUM,148,0.526,1.018,0.338,61.55,0.258,0.637,-1.103,5,2,9,SAFE,0
17,49,MALL_CONCERT_STAGE,152,0.546,0.81,0.296,80.72,0.244,0.709,-0.995,4,7,8,SAFE,0
17,50,MALL_CONCERT_STAGE,139,0.573,0.906,0.329,63.53,0.239,0.679,-0.399,5,13,3,SAFE,0
17,51,EVENT_ATRIUM,124,0.52,0.927,0.3,57.53,0.242,0.619,-0.433,3,3,4,SAFE,0
17,52,LIVE_PERFORMANCE_ZONE,158,0.566,1.01,0.333,62.76,0.239,0.734,-0.859,6,3,6,SAFE,0
17,53,LIVE_PERFORMANCE_ZONE,142,0.566,1.012,0.18,68.92,0.332,0.582,-0.591,4,7,4,SAFE,0
17,54,FESTIVAL_CORRIDOR,142,0.571,1.08,0.285,63.31,0.312,0.617,-1.185,6,3,6,SAFE,0
17,55,MALL_CONCERT_STAGE,138,0.522,0.949,0.23,43.65,0.277,0.634,-0.563,10,8,4,SAFE,0
17,56,FESTIVAL_CORRIDOR,107,0.431,1.084,0.29,45.24,0.225,0.499,-0.368,9,6,5,SAFE,0
17,57,MALL_CONCERT_STAGE,140,0.526,0.95,0.276,64.86,0.284,0.609,-0.127,4,7,6,SAFE,0
17,58,FESTIVAL_CORRIDOR,127,0.434,1.158,0.194,55.12,0.174,0.53,-0.946,7,7,3,SAFE,0
17,59,LIVE_PERFORMANCE_ZONE,120,0.477,1.103,0.249,43.73,0.184,0.586,-0.487,6,6,2,SAFE,0
17,60,MALL_CONCERT_STAGE,117,0.416,1.086,0.222,39.26,0.166,0.51,-0.357,1,4,5,SAFE,0
17,61,LIVE_PERFORMANCE_ZONE,129,0.498,0.903,0.334,49.54,0.244,0.584,-0.997,4,7,4,SAFE,0
17,62,EVENT_ATRIUM,113,0.406,1.113,0.243,50.06,0.203,0.515,-0.739,5,8,9,SAFE,0
17,63,EVENT_ATRIUM,109,0.474,1.084,0.192,61.19,0.246,0.617,-1.293,4,10,5,SAFE,0
17,64,EVENT_ATRIUM,106,0.406,1.148,0.173,47.68,0.236,0.616,-0.649,8,3,6,SAFE,0
17,65,FESTIVAL_CORRIDOR,104,0.414,1.148,0.276,49.74,0.251,0.588,-0.366,4,2,7,SAFE,0
17,66,EVENT_ATRIUM,99,0.384,1.079,0.206,43.5,0.178,0.55,-0.617,8,3,3,SAFE,0
17,67,LIVE_PERFORMANCE_ZONE,96,0.362,1.107,0.153,33.78,0.218,0.578,-0.964,3,7,11,SAFE,0
17,68,LIVE_PERFORMANCE_ZONE,101,0.374,1.237,0.205,49.69,0.231,0.578,-0.756,10,5,6,SAFE,0
17,69,FESTIVAL_CORRIDOR,95,0.384,1.049,0.134,51.06,0.169,0.512,-0.507,2,7,3,SAFE,0
17,70,LIVE_PERFORMANCE_ZONE,91,0.32,1.323,0.133,39.59,0.165,0.503,0.37,2,6,1,SAFE,0
17,71,MALL_CONCERT_STAGE,96,0.385,1.366,0.202,54.72,0.19,0.58,-0.596,4,8,5,SAFE,0
17,72,FESTIVAL_CORRIDOR,96,0.354,1.107,0.15,47.52,0.189,0.599,-0.21,5,4,5,SAFE,0
17,73,FESTIVAL_CORRIDOR,65,0.292,1.321,0.228,28.19,0.165,0.618,-0.098,4,1,3,SAFE,0
17,74,FESTIVAL_CORRIDOR,89,0.288,1.461,0.093,36.09,0.166,0.521,0.145,4,4,2,SAFE,0
17,75,MALL_CONCERT_STAGE,85,0.301,1.438,0.32,29.36,0.113,0.451,-0.73,5,6,1,SAFE,0
17,76,EVENT_ATRIUM,90,0.311,1.277,0.147,39.02,0.123,0.597,-0.862,5,9,4,SAFE,0
17,77,LIVE_PERFORMANCE_ZONE,74,0.331,1.291,0.231,38.57,0.177,0.66,-0.763,3,2,3,SAFE,0
17,78,MALL_CONCERT_STAGE,68,0.229,1.352,0.128,32.54,0.135,0.521,-0.39,1,1,4,SAFE,0
17,79,FESTIVAL_CORRIDOR,74,0.304,1.3,0.071,51.27,0.181,0.478,-0.115,4,3,3,SAFE,0
17,80,LIVE_PERFORMANCE_ZONE,77,0.262,1.371,0.112,37.05,0.132,0.504,0.26,2,3,5,SAFE,0
17,81,MALL_CONCERT_STAGE,71,0.226,1.253,0.1,35.64,0.118,0.51,-0.466,7,0,5,SAFE,0
17,82,EVENT_ATRIUM,87,0.362,1.263,0.256,57.14,0.18,0.546,0.027,1,2,1,SAFE,0
17,83,MALL_CONCERT_STAGE,104,0.359,1.198,0.232,44.76,0.282,0.561,-0.27,4,6,8,SAFE,0
17,84,LIVE_PERFORMANCE_ZONE,95,0.409,1.077,0.187,56.63,0.16,0.517,-0.857,3,7,3,SAFE,0
17,85,EVENT_ATRIUM,79,0.374,1.126,0.216,55.7,0.202,0.451,-0.262,3,4,9,SAFE,0
17,86,LIVE_PERFORMANCE_ZONE,94,0.338,1.332,0.255,43.26,0.177,0.501,-0.548,5,4,2,SAFE,0
17,87,LIVE_PERFORMANCE_ZONE,61,0.232,1.494,0.161,41.72,0.071,0.5,-0.768,1,6,1,SAFE,0
17,88,LIVE_PERFORMANCE_ZONE,90,0.362,1.183,0.187,40.16,0.146,0.546,-0.421,5,7,2,SAFE,0
17,89,LIVE_PERFORMANCE_ZONE,82,0.253,1.176,0.035,45.34,0.064,0.555,-0.532,5,6,4,SAFE,0
18,0,LIVE_PERFORMANCE_ZONE,142,0.56,0.969,0.398,71.29,0.248,0.661,-1.28,5,7,6,SAFE,0
18,1,MALL_CONCERT_STAGE,144,0.531,0.973,0.305,56.92,0.201,0.632,-1.188,7,3,10,SAFE,0
18,2,FESTIVAL_CORRIDOR,136,0.502,0.899,0.309,51.95,0.277,0.602,0.002,4,6,4,SAFE,0
18,3,LIVE_PERFORMANCE_ZONE,139,0.555,0.984,0.321,54.2,0.256,0.659,-0.964,10,5,5,SAFE,0
18,4,LIVE_PERFORMANCE_ZONE,131,0.531,1.009,0.296,51.27,0.203,0.569,0.213,7,3,10,SAFE,0
18,5,FESTIVAL_CORRIDOR,135,0.525,1.09,0.224,62.75,0.299,0.705,-0.66,6,4,8,SAFE,0
18,6,MALL_CONCERT_STAGE,155,0.581,1.099,0.255,65.63,0.269,0.737,-1.181,2,7,6,SAFE,0
18,7,EVENT_ATRIUM,146,0.574,1.107,0.279,65.03,0.248,0.68,-0.379,2,8,5,SAFE,0
18,8,LIVE_PERFORMANCE_ZONE,157,0.578,1.028,0.347,69.68,0.309,0.647,-0.755,7,5,3,SAFE,0
18,9,EVENT_ATRIUM,165,0.601,1.039,0.309,65.65,0.293,0.656,-0.408,9,10,7,SAFE,0
18,10,LIVE_PERFORMANCE_ZONE,136,0.515,1.131,0.328,60.15,0.206,0.663,-0.713,4,6,10,SAFE,0
18,11,FESTIVAL_CORRIDOR,143,0.507,1.003,0.242,58.79,0.255,0.596,-0.379,3,5,5,SAFE,0
18,12,FESTIVAL_CORRIDOR,140,0.54,1.152,0.294,60.72,0.244,0.668,-0.982,11,10,4,SAFE,0
18,13,MALL_CONCERT_STAGE,150,0.568,0.988,0.262,73.5,0.273,0.683,-0.932,8,2,6,SAFE,0
18,14,FESTIVAL_CORRIDOR,153,0.553,1.043,0.244,65.02,0.288,0.648,-0.626,7,7,8,SAFE,0
18,15,MALL_CONCERT_STAGE,141,0.546,1.043,0.391,54.01,0.307,0.629,-0.14,4,8,6,SAFE,0
18,16,EVENT_ATRIUM,167,0.6,0.824,0.343,63.67,0.293,0.679,-0.462,3,7,6,SAFE,0
18,17,LIVE_PERFORMANCE_ZONE,149,0.623,1.042,0.359,64.73,0.313,0.652,-0.892,3,7,6,WARNING,1
18,18,EVENT_ATRIUM,171,0.685,0.907,0.487,75.26,0.315,0.655,-0.993,12,10,9,WARNING,1
18,19,FESTIVAL_CORRIDOR,138,0.557,0.912,0.294,67.26,0.248,0.757,-0.944,6,10,8,SAFE,0
18,20,MALL_CONCERT_STAGE,159,0.59,0.905,0.359,63.79,0.278,0.717,-0.606,9,9,4,SAFE,0
18,21,LIVE_PERFORMANCE_ZONE,170,0.673,1.025,0.44,68.82,0.319,0.805,-1.148,6,12,8,WARNING,1
18,22,LIVE_PERFORMANCE_ZONE,149,0.587,0.86,0.292,57.68,0.241,0.637,-0.352,1,4,8,SAFE,0
18,23,MALL_CONCERT_STAGE,146,0.598,1.036,0.255,64.89,0.31,0.775,-0.7,11,10,5,SAFE,0
18,24,FESTIVAL_CORRIDOR,152,0.609,1.003,0.358,69.46,0.246,0.617,-0.918,2,10,11,SAFE,0
18,25,FESTIVAL_CORRIDOR,140,0.52,1.068,0.309,67.73,0.239,0.575,-0.43,10,8,7,SAFE,0
18,26,EVENT_ATRIUM,153,0.603,0.897,0.352,66.59,0.278,0.701,-0.855,5,13,7,SAFE,0
18,27,EVENT_ATRIUM,192,0.77,0.736,0.429,78.93,0.334,0.747,-0.869,4,8,9,WARNING,1
18,28,FESTIVAL_CORRIDOR,177,0.636,0.76,0.318,73.73,0.34,0.636,-0.195,5,16,8,WARNING,1
18,29,MALL_CONCERT_STAGE,159,0.612,0.918,0.392,83.01,0.278,0.713,-0.69,12,11,3,WARNING,1
18,30,LIVE_PERFORMANCE_ZONE,189,0.758,0.9,0.454,81.49,0.459,0.74,-0.842,5,9,7,WARNING,1
18,31,FESTIVAL_CORRIDOR,165,0.671,0.813,0.387,70.98,0.259,0.738,-1.156,9,13,9,WARNING,1
18,32,MALL_CONCERT_STAGE,194,0.72,0.86,0.387,72.37,0.331,0.771,-0.505,8,9,8,WARNING,1
18,33,LIVE_PERFORMANCE_ZONE,164,0.629,0.873,0.331,55.77,0.175,0.771,-0.786,5,8,8,SAFE,0
18,34,FESTIVAL_CORRIDOR,187,0.753,0.681,0.387,84.91,0.335,0.767,-1.048,4,5,5,WARNING,1
18,35,EVENT_ATRIUM,203,0.801,0.755,0.44,92.14,0.44,0.841,-0.281,7,9,13,WARNING,1
18,36,MALL_CONCERT_STAGE,174,0.681,0.876,0.338,77.8,0.307,0.776,-0.639,4,7,11,WARNING,1
18,37,FESTIVAL_CORRIDOR,213,0.762,0.841,0.352,86.41,0.407,0.848,-0.213,2,10,9,WARNING,1
18,38,LIVE_PERFORMANCE_ZONE,196,0.727,0.9,0.378,71.11,0.347,0.739,-0.541,3,6,7,WARNING,1
18,39,FESTIVAL_CORRIDOR,209,0.817,0.713,0.488,83.76,0.353,0.816,-1.104,6,7,5,WARNING,1
18,40,FESTIVAL_CORRIDOR,192,0.743,0.676,0.377,63.12,0.307,0.829,-0.295,5,8,8,WARNING,1
18,41,MALL_CONCERT_STAGE,197,0.815,0.802,0.37,72.31,0.4,0.788,-0.878,9,9,7,WARNING,1
18,42,MALL_CONCERT_STAGE,208,0.753,0.741,0.389,91.92,0.373,0.71,-1.074,5,8,11,WARNING,1
18,43,EVENT_ATRIUM,205,0.794,0.799,0.404,80.77,0.358,0.777,-0.972,7,7,9,WARNING,1
18,44,LIVE_PERFORMANCE_ZONE,223,0.9,0.651,0.525,91.79,0.429,0.801,-0.419,7,15,14,WARNING,1
18,45,EVENT_ATRIUM,208,0.803,0.76,0.49,85.19,0.42,0.784,-1.009,8,18,8,WARNING,1
18,46,EVENT_ATRIUM,190,0.718,0.779,0.362,60.63,0.352,0.732,-1.018,9,14,8,WARNING,1
18,47,LIVE_PERFORMANCE_ZONE,203,0.781,0.773,0.412,74.45,0.341,0.735,-0.382,6,6,6,WARNING,1
18,48,LIVE_PERFORMANCE_ZONE,199,0.731,0.72,0.473,85.55,0.377,0.772,-1.212,6,9,6,WARNING,1
18,49,LIVE_PERFORMANCE_ZONE,174,0.636,0.866,0.296,60.41,0.324,0.682,-0.452,8,9,9,SAFE,0
18,50,MALL_CONCERT_STAGE,183,0.735,0.815,0.439,85.37,0.33,0.781,0.024,1,11,9,WARNING,1
18,51,LIVE_PERFORMANCE_ZONE,180,0.714,0.655,0.443,71.45,0.356,0.793,-1.1,6,8,6,WARNING,1
18,52,LIVE_PERFORMANCE_ZONE,204,0.728,0.693,0.445,78.45,0.325,0.753,-0.737,5,14,11,WARNING,1
18,53,MALL_CONCERT_STAGE,188,0.7,0.947,0.369,75.39,0.32,0.713,-0.785,8,7,12,WARNING,1
18,54,MALL_CONCERT_STAGE,180,0.684,0.875,0.295,74.02,0.301,0.734,-0.43,7,8,8,WARNING,1
18,55,FESTIVAL_CORRIDOR,166,0.584,0.945,0.321,54.9,0.278,0.675,-0.99,8,16,6,SAFE,0
18,56,MALL_CONCERT_STAGE,155,0.585,0.91,0.39,72.89,0.337,0.712,-0.596,1,9,5,WARNING,1
18,57,MALL_CONCERT_STAGE,172,0.703,0.889,0.382,67.05,0.339,0.781,-0.558,7,8,2,WARNING,1
18,58,EVENT_ATRIUM,182,0.672,0.863,0.452,69.03,0.297,0.725,-1.292,3,9,11,WARNING,1
18,59,FESTIVAL_CORRIDOR,144,0.572,0.94,0.368,63.38,0.308,0.641,-0.377,6,9,6,SAFE,0
18,60,LIVE_PERFORMANCE_ZONE,168,0.631,0.997,0.403,67.19,0.332,0.752,-0.868,7,12,11,WARNING,1
18,61,EVENT_ATRIUM,162,0.619,0.984,0.259,55.4,0.217,0.655,-0.268,5,13,5,SAFE,0
18,62,FESTIVAL_CORRIDOR,162,0.605,0.869,0.377,43.92,0.273,0.616,-0.988,6,8,15,SAFE,0
18,63,MALL_CONCERT_STAGE,148,0.58,0.878,0.224,54.62,0.289,0.764,-0.335,1,9,5,SAFE,0
18,64,LIVE_PERFORMANCE_ZONE,153,0.659,0.905,0.391,74.12,0.28,0.81,-1.219,5,8,9,WARNING,1
18,65,EVENT_ATRIUM,144,0.554,0.807,0.305,55.36,0.227,0.644,-0.8,7,9,7,SAFE,0
18,66,MALL_CONCERT_STAGE,164,0.629,0.925,0.317,68.45,0.36,0.754,-0.463,6,12,9,WARNING,1
18,67,EVENT_ATRIUM,146,0.581,1.093,0.304,72.49,0.286,0.685,-0.661,3,6,7,SAFE,0
18,68,FESTIVAL_CORRIDOR,143,0.488,0.983,0.336,59.13,0.214,0.586,-0.323,3,8,8,SAFE,0
18,69,LIVE_PERFORMANCE_ZONE,122,0.452,1.022,0.228,61.81,0.282,0.609,-0.773,2,7,4,SAFE,0
18,70,MALL_CONCERT_STAGE,151,0.552,0.957,0.31,60.04,0.242,0.639,-0.626,4,7,10,SAFE,0
18,71,EVENT_ATRIUM,139,0.506,0.879,0.213,58.18,0.265,0.594,-0.446,6,10,10,SAFE,0
18,72,MALL_CONCERT_STAGE,136,0.56,1.152,0.301,71.25,0.21,0.616,-1.001,5,7,8,SAFE,0
18,73,MALL_CONCERT_STAGE,146,0.539,0.986,0.26,49.12,0.253,0.591,0.075,3,9,4,SAFE,0
18,74,EVENT_ATRIUM,152,0.614,0.774,0.386,67.3,0.328,0.628,-0.057,7,10,7,WARNING,1
18,75,EVENT_ATRIUM,134,0.508,1.095,0.279,55.86,0.238,0.71,-0.154,6,8,5,SAFE,0
18,76,EVENT_ATRIUM,132,0.544,0.985,0.21,66.76,0.25,0.668,-0.853,6,4,8,SAFE,0
18,77,FESTIVAL_CORRIDOR,141,0.588,0.983,0.305,59.54,0.301,0.753,-0.241,4,8,7,SAFE,0
18,78,FESTIVAL_CORRIDOR,169,0.674,0.873,0.337,66.51,0.346,0.68,-1.042,7,4,11,WARNING,1
18,79,LIVE_PERFORMANCE_ZONE,166,0.631,1.046,0.267,65.31,0.266,0.719,-0.578,7,7,5,SAFE,0
18,80,FESTIVAL_CORRIDOR,150,0.548,1.136,0.333,67.04,0.221,0.597,-0.882,4,4,8,SAFE,0
18,81,LIVE_PERFORMANCE_ZONE,128,0.536,1.112,0.285,60.3,0.248,0.55,-0.667,6,3,12,SAFE,0
18,82,MALL_CONCERT_STAGE,160,0.648,0.916,0.355,69.89,0.331,0.806,-0.543,5,9,7,WARNING,1
18,83,FESTIVAL_CORRIDOR,142,0.557,0.888,0.306,65.53,0.217,0.582,-0.23,5,5,6,SAFE,0
18,84,EVENT_ATRIUM,136,0.502,1.136,0.222,54.36,0.249,0.658,-1.234,9,7,7,SAFE,0
18,85,FESTIVAL_CORRIDOR,137,0.561,1.036,0.301,53.96,0.298,0.732,-0.043,4,8,9,SAFE,0
18,86,FESTIVAL_CORRIDOR,171,0.667,0.872,0.34,75.96,0.312,0.732,-0.439,4,6,8,WARNING,1
18,87,MALL_CONCERT_STAGE,139,0.53,0.946,0.293,42.49,0.223,0.661,-1.088,4,7,7,SAFE,0
18,88,FESTIVAL_CORRIDOR,154,0.627,0.879,0.342,68.36,0.284,0.711,-0.306,7,7,7,WARNING,1
18,89,LIVE_PERFORMANCE_ZONE,125,0.495,1.016,0.239,52.03,0.271,0.646,0.074,5,8,5,SAFE,0
19,0,LIVE_PERFORMANCE_ZONE,216,0.806,0.87,0.472,85.52,0.366,0.844,-1.378,7,9,11,WARNING,1
19,1,EVENT_ATRIUM,220,0.85,0.691,0.473,89.96,0.371,0.707,-0.719,7,15,8,WARNING,1
19,2,FESTIVAL_CORRIDOR,199,0.78,0.774,0.472,82.41,0.408,0.804,-0.594,4,11,8,WARNING,1
19,3,MALL_CONCERT_STAGE,199,0.813,0.768,0.554,79.12,0.374,0.808,-1.109,4,12,16,WARNING,1
19,4,MALL_CONCERT_STAGE,207,0.794,0.607,0.415,79.94,0.369,0.71,-0.683,8,12,8,WARNING,1
19,5,FESTIVAL_CORRIDOR,222,0.797,0.687,0.476,80.92,0.425,0.689,-1.289,8,4,4,WARNING,1
19,6,FESTIVAL_CORRIDOR,207,0.783,0.85,0.412,75.72,0.37,0.742,-0.663,5,14,12,WARNING,1
19,7,MALL_CONCERT_STAGE,207,0.811,0.693,0.414,90.83,0.379,0.604,-0.632,7,8,9,WARNING,1
19,8,FESTIVAL_CORRIDOR,208,0.779,0.741,0.468,80.26,0.376,0.88,-0.906,11,17,7,WARNING,1
19,9,MALL_CONCERT_STAGE,194,0.743,0.677,0.389,74.49,0.299,0.762,-0.227,4,11,7,WARNING,1
19,10,EVENT_ATRIUM,198,0.754,0.772,0.439,72.94,0.408,0.754,-0.798,7,9,7,WARNING,1
19,11,EVENT_ATRIUM,189,0.686,0.807,0.416,74.73,0.344,0.751,-1.01,6,5,8,WARNING,1
19,12,MALL_CONCERT_STAGE,189,0.699,1.039,0.381,80.88,0.343,0.635,-0.223,6,8,5,WARNING,1
19,13,FESTIVAL_CORRIDOR,205,0.766,0.73,0.379,86.38,0.362,0.761,-0.529,1,10,8,WARNING,1
19,14,FESTIVAL_CORRIDOR,191,0.769,0.718,0.396,87.43,0.344,0.703,-0.555,4,17,15,WARNING,1
19,15,FESTIVAL_CORRIDOR,196,0.766,0.748,0.45,78.35,0.426,0.821,-1.11,6,15,4,WARNING,1
19,16,FESTIVAL_CORRIDOR,207,0.749,0.81,0.364,71.97,0.338,0.76,-1.264,8,7,8,WARNING,1
19,17,FESTIVAL_CORRIDOR,210,0.829,0.749,0.504,87.84,0.338,0.752,-0.511,5,12,12,WARNING,1
19,18,LIVE_PERFORMANCE_ZONE,209,0.831,0.839,0.43,76.64,0.425,0.734,-0.852,8,6,9,WARNING,1
19,19,FESTIVAL_CORRIDOR,213,0.849,0.569,0.406,83.72,0.403,0.826,-1.301,6,10,12,WARNING,1
19,20,LIVE_PERFORMANCE_ZONE,202,0.752,0.879,0.429,74.62,0.365,0.789,-1.351,8,7,22,WARNING,1
19,21,MALL_CONCERT_STAGE,208,0.771,0.796,0.441,68.53,0.388,0.796,-0.618,6,12,12,WARNING,1
19,22,MALL_CONCERT_STAGE,203,0.805,0.659,0.434,84.76,0.301,0.765,-1.096,11,8,15,WARNING,1
19,23,EVENT_ATRIUM,193,0.728,0.654,0.458,76.13,0.355,0.81,-0.863,4,12,12,WARNING,1
19,24,EVENT_ATRIUM,206,0.772,0.808,0.378,69.45,0.333,0.847,-1.021,1,8,12,WARNING,1
19,25,MALL_CONCERT_STAGE,201,0.746,0.812,0.46,78.68,0.344,0.805,-1.201,8,11,9,WARNING,1
19,26,FESTIVAL_CORRIDOR,237,0.894,0.641,0.542,82.99,0.436,0.935,-1.034,7,9,7,WARNING,1
19,27,LIVE_PERFORMANCE_ZONE,205,0.776,0.78,0.461,71.25,0.413,0.834,-0.921,10,17,7,WARNING,1
19,28,MALL_CONCERT_STAGE,218,0.847,0.573,0.367,84.27,0.371,0.843,-0.726,4,11,9,WARNING,1
19,29,LIVE_PERFORMANCE_ZONE,217,0.803,0.717,0.373,91.04,0.427,0.88,0.087,8,9,9,WARNING,1
19,30,MALL_CONCERT_STAGE,217,0.838,0.687,0.439,92.39,0.357,0.765,-0.481,12,10,6,WARNING,1
19,31,MALL_CONCERT_STAGE,228,0.861,0.739,0.466,77.69,0.418,0.806,-1.238,10,11,4,WARNING,1
19,32,LIVE_PERFORMANCE_ZONE,229,0.78,0.728,0.425,77.48,0.305,0.806,-1.489,3,11,13,WARNING,1
19,33,FESTIVAL_CORRIDOR,214,0.821,0.637,0.387,82.47,0.423,0.894,-0.117,12,9,8,WARNING,1
19,34,EVENT_ATRIUM,240,0.948,0.487,0.585,93.88,0.489,0.887,-0.915,8,8,19,HIGH,2
19,35,MALL_CONCERT_STAGE,245,0.938,0.569,0.5,96.47,0.406,0.878,-1.079,3,7,12,HIGH,2
19,36,EVENT_ATRIUM,238,0.895,0.607,0.456,80.86,0.459,0.689,-1.167,6,14,12,WARNING,1
19,37,MALL_CONCERT_STAGE,234,0.903,0.507,0.567,96.52,0.458,0.819,-0.514,9,8,8,HIGH,2
19,38,MALL_CONCERT_STAGE,224,0.835,0.657,0.466,84.09,0.39,0.781,-0.748,5,8,11,WARNING,1
19,39,MALL_CONCERT_STAGE,255,0.971,0.478,0.633,81.83,0.494,0.981,-1.383,7,9,13,HIGH,2
19,40,FESTIVAL_CORRIDOR,276,1,0.446,0.541,99.93,0.439,0.877,-0.49,5,11,8,HIGH,2
19,41,EVENT_ATRIUM,273,1,0.511,0.596,106.89,0.451,0.965,-1.19,8,10,17,HIGH,2
19,42,MALL_CONCERT_STAGE,259,1,0.408,0.59,90.83,0.545,0.884,-1.056,8,13,10,HIGH,2
19,43,LIVE_PERFORMANCE_ZONE,257,1,0.453,0.525,103.05,0.533,0.881,-0.774,9,14,8,HIGH,2
19,44,EVENT_ATRIUM,261,1,0.463,0.577,111.41,0.43,0.839,-0.568,9,2,7,HIGH,2
19,45,FESTIVAL_CORRIDOR,255,0.99,0.679,0.522,100.48,0.41,0.873,-0.743,8,13,11,HIGH,2
19,46,EVENT_ATRIUM,265,1,0.479,0.474,108.09,0.515,0.914,-0.499,12,12,18,HIGH,2
19,47,LIVE_PERFORMANCE_ZONE,249,1,0.529,0.479,98.14,0.521,0.921,-1.481,9,11,6,HIGH,2
19,48,EVENT_ATRIUM,256,0.985,0.526,0.572,93.32,0.468,0.908,-1.033,7,21,13,HIGH,2
19,49,EVENT_ATRIUM,266,1,0.606,0.457,97.79,0.511,0.797,-0.395,1,8,9,HIGH,2
19,50,FESTIVAL_CORRIDOR,257,0.934,0.575,0.575,93.21,0.477,0.877,-1.147,9,14,14,HIGH,2
19,51,MALL_CONCERT_STAGE,263,1,0.569,0.515,100.29,0.541,0.938,-1.615,5,11,15,HIGH,2
19,52,MALL_CONCERT_STAGE,265,0.986,0.573,0.642,93.46,0.503,0.964,-0.497,9,13,6,HIGH,2
19,53,FESTIVAL_CORRIDOR,250,1,0.567,0.543,105.15,0.525,0.853,-0.842,6,13,13,HIGH,2
19,54,EVENT_ATRIUM,262,1,0.528,0.607,97.32,0.502,0.936,-0.908,6,21,12,HIGH,2
19,55,LIVE_PERFORMANCE_ZONE,251,0.938,0.572,0.494,90.75,0.45,0.896,-0.947,10,12,9,HIGH,2
19,56,EVENT_ATRIUM,252,0.995,0.43,0.621,91.89,0.545,0.921,-0.551,6,12,10,HIGH,2
19,57,MALL_CONCERT_STAGE,246,0.927,0.624,0.47,83.92,0.407,0.781,-1.194,7,4,9,WARNING,1
19,58,EVENT_ATRIUM,248,0.939,0.607,0.425,94.12,0.454,0.821,-1.022,9,7,10,WARNING,1
19,59,LIVE_PERFORMANCE_ZONE,228,0.887,0.692,0.534,92.53,0.399,0.773,-0.28,5,8,11,WARNING,1
19,60,MALL_CONCERT_STAGE,237,0.889,0.755,0.454,84.09,0.411,0.824,-1.04,4,7,9,WARNING,1
19,61,FESTIVAL_CORRIDOR,227,0.864,0.56,0.431,95.32,0.433,0.78,-1.605,7,8,16,WARNING,1
19,62,LIVE_PERFORMANCE_ZONE,240,0.909,0.674,0.499,88.23,0.426,0.791,-1.081,8,12,16,WARNING,1
19,63,LIVE_PERFORMANCE_ZONE,236,0.891,0.626,0.514,97.99,0.452,0.887,-0.761,10,6,15,WARNING,1
19,64,FESTIVAL_CORRIDOR,234,0.877,0.663,0.537,98.68,0.361,0.832,-0.968,6,15,12,WARNING,1
19,65,FESTIVAL_CORRIDOR,229,0.874,0.624,0.456,83.21,0.42,0.943,-1.394,4,10,10,WARNING,1
19,66,LIVE_PERFORMANCE_ZONE,208,0.796,0.737,0.459,83.22,0.317,0.725,-0.618,2,4,6,WARNING,1
19,67,FESTIVAL_CORRIDOR,198,0.717,0.862,0.511,74.93,0.285,0.662,-0.899,4,13,12,WARNING,1
19,68,EVENT_ATRIUM,224,0.82,0.628,0.387,64.8,0.427,0.872,-0.661,13,12,8,WARNING,1
19,69,EVENT_ATRIUM,208,0.805,0.715,0.463,83.21,0.346,0.766,-0.747,8,14,9,WARNING,1
19,70,EVENT_ATRIUM,212,0.845,0.674,0.413,84.98,0.452,0.794,-1.255,7,9,5,WARNING,1
19,71,LIVE_PERFORMANCE_ZONE,184,0.708,0.781,0.43,64.86,0.348,0.77,-0.506,4,8,4,WARNING,1
19,72,MALL_CONCERT_STAGE,199,0.773,0.723,0.443,83.67,0.341,0.766,-0.872,5,15,8,WARNING,1
19,73,LIVE_PERFORMANCE_ZONE,208,0.792,0.739,0.475,79.74,0.331,0.756,-0.338,1,8,6,WARNING,1
19,74,FESTIVAL_CORRIDOR,205,0.77,0.784,0.413,80.93,0.34,0.713,-0.807,4,11,14,WARNING,1
19,75,EVENT_ATRIUM,220,0.863,0.6,0.496,81.94,0.369,0.799,-0.908,3,11,13,WARNING,1
19,76,LIVE_PERFORMANCE_ZONE,198,0.77,0.647,0.371,69.85,0.324,0.742,-0.636,11,9,9,WARNING,1
19,77,FESTIVAL_CORRIDOR,206,0.786,0.684,0.519,76.97,0.355,0.704,-0.216,7,11,13,WARNING,1
19,78,FESTIVAL_CORRIDOR,198,0.729,0.879,0.409,78.24,0.317,0.699,-0.84,6,15,9,WARNING,1
19,79,LIVE_PERFORMANCE_ZONE,201,0.727,0.911,0.372,73.98,0.372,0.837,-0.811,8,14,10,WARNING,1
19,80,MALL_CONCERT_STAGE,185,0.746,0.747,0.402,69.66,0.376,0.817,-0.264,5,7,10,WARNING,1
19,81,MALL_CONCERT_STAGE,197,0.73,0.815,0.393,79.13,0.413,0.785,-0.699,2,10,12,WARNING,1
19,82,LIVE_PERFORMANCE_ZONE,190,0.739,0.793,0.434,60.45,0.326,0.786,-0.178,9,8,6,WARNING,1
19,83,LIVE_PERFORMANCE_ZONE,218,0.861,0.578,0.485,95.92,0.427,0.813,-0.576,9,7,7,WARNING,1
19,84,LIVE_PERFORMANCE_ZONE,207,0.845,0.693,0.409,77.97,0.411,0.833,-0.953,8,11,14,WARNING,1
19,85,EVENT_ATRIUM,208,0.794,0.721,0.397,77.69,0.335,0.821,-0.714,6,10,11,WARNING,1
19,86,EVENT_ATRIUM,217,0.835,0.686,0.5,83.55,0.42,0.781,-1.666,9,10,7,WARNING,1
19,87,FESTIVAL_CORRIDOR,223,0.838,0.853,0.419,83.12,0.435,0.819,-1.578,6,17,11,WARNING,1
19,88,FESTIVAL_CORRIDOR,202,0.767,0.695,0.484,96.11,0.331,0.782,-0.953,8,9,7,WARNING,1
19,89,MALL_CONCERT_STAGE,210,0.773,0.65,0.423,88.24,0.368,0.761,-0.83,7,7,7,WARNING,1
20,0,FESTIVAL_CORRIDOR,102,0.386,1.163,0.211,44.38,0.214,0.609,-0.081,7,5,6,SAFE,0
20,1,EVENT_ATRIUM,136,0.538,1.029,0.268,60.21,0.275,0.708,-1.032,3,11,3,SAFE,0
20,2,LIVE_PERFORMANCE_ZONE,104,0.378,1.217,0.175,43.63,0.186,0.559,-0.658,7,5,4,SAFE,0
20,3,EVENT_ATRIUM,112,0.419,1.15,0.228,56.41,0.193,0.556,-0.46,6,9,5,SAFE,0
20,4,MALL_CONCERT_STAGE,107,0.413,1.265,0.201,48.23,0.144,0.528,-0.386,7,4,2,SAFE,0
20,5,LIVE_PERFORMANCE_ZONE,113,0.443,1.065,0.324,57.57,0.203,0.62,-0.012,6,9,8,SAFE,0
20,6,EVENT_ATRIUM,133,0.511,1.087,0.322,46.19,0.241,0.62,-0.618,3,4,1,SAFE,0
20,7,EVENT_ATRIUM,105,0.413,1.029,0.216,60.32,0.21,0.572,-0.714,3,6,6,SAFE,0
20,8,EVENT_ATRIUM,117,0.353,1.212,0.234,30.31,0.171,0.505,0.057,5,9,6,SAFE,0
20,9,EVENT_ATRIUM,84,0.301,1.304,0.189,45.49,0.18,0.505,-0.798,4,7,3,SAFE,0
20,10,EVENT_ATRIUM,104,0.407,1.141,0.273,41.51,0.2,0.51,-0.609,4,11,4,SAFE,0
20,11,MALL_CONCERT_STAGE,108,0.423,1.149,0.238,47.04,0.147,0.54,-0.248,6,3,4,SAFE,0
20,12,LIVE_PERFORMANCE_ZONE,126,0.493,1.045,0.342,51.86,0.263,0.623,-0.686,7,12,8,SAFE,0
20,13,MALL_CONCERT_STAGE,105,0.407,1.218,0.151,43.78,0.139,0.598,0.02,8,4,6,SAFE,0
20,14,MALL_CONCERT_STAGE,108,0.415,1.14,0.12,39.33,0.108,0.579,-0.164,4,5,3,SAFE,0
20,15,FESTIVAL_CORRIDOR,129,0.496,1.154,0.233,58.02,0.275,0.638,-0.568,5,6,1,SAFE,0
20,16,LIVE_PERFORMANCE_ZONE,121,0.479,1.104,0.233,41.31,0.18,0.676,-0.276,5,6,5,SAFE,0
20,17,EVENT_ATRIUM,118,0.402,0.969,0.216,58.93,0.198,0.592,-0.879,3,8,4,SAFE,0
20,18,FESTIVAL_CORRIDOR,134,0.593,0.933,0.318,69.36,0.273,0.743,-0.816,4,9,3,SAFE,0
20,19,LIVE_PERFORMANCE_ZONE,122,0.456,1.169,0.286,68.12,0.158,0.514,-0.197,6,4,4,SAFE,0
20,20,EVENT_ATRIUM,122,0.445,1.069,0.27,60.74,0.203,0.525,-0.215,7,7,6,SAFE,0
20,21,FESTIVAL_CORRIDOR,110,0.4,1.193,0.306,47.85,0.224,0.604,-0.989,3,7,10,SAFE,0
20,22,EVENT_ATRIUM,133,0.485,1.053,0.244,51.96,0.19,0.612,-0.372,7,10,3,SAFE,0
20,23,EVENT_ATRIUM,145,0.558,0.931,0.333,59.1,0.231,0.661,-0.908,6,13,12,SAFE,0
20,24,MALL_CONCERT_STAGE,151,0.561,0.943,0.298,60.06,0.217,0.65,-0.356,3,8,3,SAFE,0
20,25,EVENT_ATRIUM,156,0.564,0.913,0.342,50.38,0.231,0.7,-1.185,4,11,7,SAFE,0
20,26,LIVE_PERFORMANCE_ZONE,140,0.498,0.912,0.315,69.73,0.243,0.569,-0.252,6,4,4,SAFE,0
20,27,MALL_CONCERT_STAGE,143,0.517,1.103,0.276,66.17,0.209,0.602,-0.919,3,6,8,SAFE,0
20,28,FESTIVAL_CORRIDOR,155,0.572,0.89,0.416,66.5,0.277,0.725,-0.043,2,7,3,WARNING,1
20,29,EVENT_ATRIUM,167,0.637,0.805,0.408,67.1,0.378,0.764,-1.132,7,15,11,WARNING,1
20,30,LIVE_PERFORMANCE_ZONE,159,0.653,0.989,0.479,60.44,0.32,0.704,-1.361,7,11,7,WARNING,1
20,31,LIVE_PERFORMANCE_ZONE,170,0.65,0.985,0.41,66.76,0.275,0.715,-0.875,5,12,5,WARNING,1
20,32,EVENT_ATRIUM,149,0.556,0.843,0.265,71.89,0.273,0.644,-0.952,5,4,7,SAFE,0
20,33,LIVE_PERFORMANCE_ZONE,171,0.61,1.022,0.324,75.4,0.301,0.757,-0.461,9,11,7,WARNING,1
20,34,FESTIVAL_CORRIDOR,156,0.598,0.762,0.376,70.5,0.363,0.631,-0.939,4,5,8,WARNING,1
20,35,LIVE_PERFORMANCE_ZONE,188,0.725,0.73,0.289,71.78,0.346,0.719,-1.412,2,5,5,WARNING,1
20,36,MALL_CONCERT_STAGE,167,0.629,1.012,0.379,65.68,0.324,0.735,-1.355,4,6,9,WARNING,1
20,37,LIVE_PERFORMANCE_ZONE,159,0.599,0.882,0.404,64.4,0.279,0.744,-1.221,5,8,11,WARNING,1
20,38,FESTIVAL_CORRIDOR,169,0.665,0.919,0.378,61.64,0.277,0.641,-0.349,6,10,10,WARNING,1
20,39,FESTIVAL_CORRIDOR,168,0.632,0.932,0.25,62.93,0.273,0.718,-0.725,7,9,7,SAFE,0
20,40,FESTIVAL_CORRIDOR,184,0.768,0.796,0.416,74.35,0.358,0.709,-1.135,12,10,13,WARNING,1
20,41,FESTIVAL_CORRIDOR,162,0.617,0.932,0.347,61.32,0.308,0.671,-0.528,4,14,8,SAFE,0
20,42,EVENT_ATRIUM,164,0.701,0.69,0.411,76.5,0.292,0.698,-0.975,4,5,4,WARNING,1
20,43,EVENT_ATRIUM,168,0.638,0.964,0.397,77.58,0.302,0.728,-0.031,7,12,1,WARNING,1
20,44,FESTIVAL_CORRIDOR,157,0.607,0.919,0.298,66.42,0.361,0.736,-0.55,3,14,5,WARNING,1
20,45,MALL_CONCERT_STAGE,164,0.616,0.94,0.382,76.35,0.272,0.739,-0.341,6,10,8,WARNING,1
20,46,LIVE_PERFORMANCE_ZONE,166,0.631,0.938,0.402,64.99,0.282,0.677,-0.924,6,4,7,WARNING,1
20,47,FESTIVAL_CORRIDOR,170,0.67,0.855,0.32,64.69,0.288,0.76,-0.551,3,9,10,WARNING,1
20,48,FESTIVAL_CORRIDOR,160,0.651,0.768,0.424,66.65,0.341,0.677,-0.131,8,5,10,WARNING,1
20,49,EVENT_ATRIUM,166,0.59,0.948,0.302,75.59,0.353,0.689,-1.132,6,11,11,WARNING,1
20,50,FESTIVAL_CORRIDOR,150,0.547,1.011,0.293,69.87,0.319,0.69,-0.271,4,10,7,SAFE,0
20,51,FESTIVAL_CORRIDOR,151,0.608,1.008,0.313,51.94,0.244,0.588,-0.569,4,9,12,SAFE,0
20,52,MALL_CONCERT_STAGE,153,0.635,0.945,0.333,74.88,0.303,0.68,-0.853,6,3,13,WARNING,1
20,53,MALL_CONCERT_STAGE,138,0.532,1.031,0.24,63.05,0.211,0.735,-0.812,4,5,2,SAFE,0
20,54,FESTIVAL_CORRIDOR,144,0.542,0.835,0.269,52.58,0.25,0.653,-1.198,3,9,5,SAFE,0
20,55,FESTIVAL_CORRIDOR,140,0.548,0.948,0.371,61.2,0.326,0.674,-0.671,5,8,5,SAFE,0
20,56,LIVE_PERFORMANCE_ZONE,131,0.504,1.127,0.304,69.86,0.269,0.64,-0.775,6,6,5,SAFE,0
20,57,MALL_CONCERT_STAGE,156,0.628,0.879,0.43,61.47,0.273,0.71,-0.66,7,9,4,WARNING,1
20,58,FESTIVAL_CORRIDOR,125,0.466,1.088,0.289,75.33,0.294,0.619,-0.752,4,6,6,SAFE,0
20,59,FESTIVAL_CORRIDOR,136,0.492,1.185,0.34,68.41,0.254,0.629,-0.445,9,11,2,SAFE,0
20,60,EVENT_ATRIUM,129,0.469,1.132,0.233,69.67,0.297,0.493,-0.368,5,7,7,SAFE,0
20,61,LIVE_PERFORMANCE_ZONE,125,0.496,1.022,0.123,54.28,0.188,0.618,-1.035,5,4,3,SAFE,0
20,62,FESTIVAL_CORRIDOR,92,0.384,1.071,0.211,45.63,0.159,0.564,-0.194,4,6,2,SAFE,0
20,63,EVENT_ATRIUM,149,0.595,0.86,0.364,68.2,0.271,0.654,-0.736,4,4,8,SAFE,0
20,64,FESTIVAL_CORRIDOR,123,0.484,1.21,0.204,71.93,0.278,0.664,-0.989,6,4,6,SAFE,0
20,65,EVENT_ATRIUM,103,0.392,1.075,0.26,52.78,0.248,0.526,-0.994,4,7,2,SAFE,0
20,66,FESTIVAL_CORRIDOR,130,0.498,1.021,0.256,60.79,0.252,0.709,-0.821,9,3,8,SAFE,0
20,67,FESTIVAL_CORRIDOR,90,0.335,1.106,0.213,46.3,0.191,0.542,-0.331,1,6,2,SAFE,0
20,68,FESTIVAL_CORRIDOR,88,0.337,1.368,0.193,48.4,0.204,0.564,-0.595,9,6,4,SAFE,0
20,69,EVENT_ATRIUM,112,0.444,1.132,0.306,55.57,0.247,0.588,-0.312,5,7,4,SAFE,0
20,70,MALL_CONCERT_STAGE,112,0.359,1.142,0.174,57.37,0.146,0.521,-1.134,8,3,4,SAFE,0
20,71,LIVE_PERFORMANCE_ZONE,100,0.404,1.176,0.29,54.14,0.244,0.659,-0.622,3,3,1,SAFE,0
20,72,LIVE_PERFORMANCE_ZONE,105,0.434,0.971,0.249,43.66,0.167,0.638,-0.932,4,5,4,SAFE,0
20,73,MALL_CONCERT_STAGE,129,0.478,1.246,0.186,50.54,0.237,0.497,-0.995,4,1,4,SAFE,0
20,74,LIVE_PERFORMANCE_ZONE,87,0.356,1.132,0.068,61.57,0.172,0.584,-0.108,2,8,6,SAFE,0
20,75,MALL_CONCERT_STAGE,115,0.395,1.181,0.199,54.62,0.19,0.588,0.434,7,3,8,SAFE,0
20,76,EVENT_ATRIUM,119,0.462,1.063,0.341,46.88,0.202,0.581,-0.465,1,7,9,SAFE,0
20,77,LIVE_PERFORMANCE_ZONE,118,0.392,1.158,0.193,66.64,0.183,0.514,-0.823,4,4,6,SAFE,0
20,78,MALL_CONCERT_STAGE,123,0.452,1.202,0.14,53.54,0.168,0.582,-0.02,4,6,4,SAFE,0
20,79,LIVE_PERFORMANCE_ZONE,103,0.396,1.247,0.131,55.64,0.204,0.589,-0.614,4,5,4,SAFE,0
20,80,MALL_CONCERT_STAGE,94,0.344,1.209,0.199,55.64,0.168,0.555,-0.353,3,3,2,SAFE,0
20,81,FESTIVAL_CORRIDOR,127,0.513,1.032,0.286,69.27,0.266,0.499,0.246,7,7,7,SAFE,0
20,82,EVENT_ATRIUM,118,0.444,1.156,0.294,47.4,0.168,0.668,-0.575,8,5,7,SAFE,0
20,83,LIVE_PERFORMANCE_ZONE,100,0.441,1.224,0.293,47.37,0.206,0.556,-0.851,3,10,4,SAFE,0
20,84,EVENT_ATRIUM,95,0.312,1.234,0.188,35.06,0.171,0.524,-0.222,8,3,5,SAFE,0
20,85,LIVE_PERFORMANCE_ZONE,115,0.409,1.225,0.242,39.29,0.202,0.549,-0.582,3,4,4,SAFE,0
20,86,MALL_CONCERT_STAGE,109,0.403,1.29,0.232,40.17,0.125,0.577,-0.475,5,9,4,SAFE,0
20,87,FESTIVAL_CORRIDOR,97,0.363,1.25,0.217,50.51,0.109,0.584,-0.682,3,5,4,SAFE,0
20,88,FESTIVAL_CORRIDOR,111,0.447,1.232,0.245,54.48,0.28,0.521,-0.91,6,12,2,SAFE,0
20,89,MALL_CONCERT_STAGE,100,0.411,1.109,0.251,44.81,0.203,0.62,-0.257,7,9,6,SAFE,0
21,0,EVENT_ATRIUM,195,0.718,0.786,0.363,75.64,0.386,0.683,-0.413,8,14,10,WARNING,1
21,1,MALL_CONCERT_STAGE,154,0.545,0.927,0.28,70.05,0.263,0.618,-0.734,7,7,3,SAFE,0
21,2,LIVE_PERFORMANCE_ZONE,162,0.66,0.888,0.378,70.19,0.312,0.741,-0.901,6,8,4,WARNING,1
21,3,LIVE_PERFORMANCE_ZONE,186,0.682,0.887,0.393,74.33,0.249,0.783,-0.233,5,11,2,WARNING,1
21,4,LIVE_PERFORMANCE_ZONE,176,0.698,0.847,0.315,84.86,0.287,0.705,-0.924,9,10,8,WARNING,1
21,5,FESTIVAL_CORRIDOR,177,0.67,0.816,0.337,65.54,0.266,0.715,-1.069,6,4,8,WARNING,1
21,6,FESTIVAL_CORRIDOR,180,0.717,0.749,0.355,82.05,0.338,0.773,-1.064,6,6,6,WARNING,1
21,7,EVENT_ATRIUM,159,0.587,0.826,0.32,56.9,0.311,0.59,-0.251,6,13,6,SAFE,0
21,8,MALL_CONCERT_STAGE,176,0.661,0.94,0.393,67.39,0.254,0.7,-0.094,7,11,12,WARNING,1
21,9,EVENT_ATRIUM,180,0.715,0.668,0.323,72.59,0.38,0.732,-0.611,1,11,7,WARNING,1
21,10,MALL_CONCERT_STAGE,184,0.707,0.823,0.323,75.89,0.268,0.745,-0.82,9,5,12,WARNING,1
21,11,LIVE_PERFORMANCE_ZONE,180,0.708,0.868,0.42,70.44,0.354,0.795,-1.424,12,14,7,WARNING,1
21,12,FESTIVAL_CORRIDOR,177,0.685,0.864,0.36,70.52,0.331,0.694,-1.005,5,6,5,WARNING,1
21,13,EVENT_ATRIUM,189,0.704,0.782,0.379,76.22,0.322,0.68,-1.186,7,12,9,WARNING,1
21,14,MALL_CONCERT_STAGE,190,0.774,0.803,0.452,86.25,0.361,0.804,-0.857,10,5,14,WARNING,1
21,15,FESTIVAL_CORRIDOR,203,0.806,0.806,0.459,73.82,0.429,0.741,-1.013,7,8,7,WARNING,1
21,16,EVENT_ATRIUM,212,0.791,0.848,0.451,71.18,0.303,0.786,-1.068,6,14,12,WARNING,1
21,17,LIVE_PERFORMANCE_ZONE,208,0.824,0.687,0.446,81.71,0.375,0.81,-1.497,6,11,7,WARNING,1
21,18,LIVE_PERFORMANCE_ZONE,192,0.72,0.878,0.504,77.22,0.327,0.73,-1.022,9,7,3,WARNING,1
21,19,FESTIVAL_CORRIDOR,221,0.858,0.661,0.518,91.49,0.353,0.813,-1.518,5,16,5,WARNING,1
21,20,MALL_CONCERT_STAGE,197,0.746,0.724,0.404,70.76,0.316,0.752,-0.769,4,9,17,WARNING,1
21,21,EVENT_ATRIUM,212,0.816,0.753,0.42,79.33,0.433,0.732,-0.91,5,12,15,WARNING,1
21,22,LIVE_PERFORMANCE_ZONE,232,0.894,0.589,0.485,86.42,0.348,0.82,-0.918,7,14,11,WARNING,1
21,23,MALL_CONCERT_STAGE,204,0.773,0.864,0.448,85.57,0.424,0.814,-0.876,9,9,6,WARNING,1
21,24,LIVE_PERFORMANCE_ZONE,243,0.954,0.573,0.491,90.82,0.419,0.851,-0.359,8,17,9,WARNING,1
21,25,LIVE_PERFORMANCE_ZONE,241,0.94,0.521,0.467,101.51,0.444,0.822,-0.553,10,11,12,WARNING,1
21,26,MALL_CONCERT_STAGE,213,0.818,0.637,0.43,74.45,0.361,0.801,-1.55,11,13,12,WARNING,1
21,27,MALL_CONCERT_STAGE,238,0.926,0.598,0.597,90.07,0.407,0.863,-0.998,9,18,13,HIGH,2
21,28,EVENT_ATRIUM,237,0.912,0.65,0.531,91.54,0.498,0.772,-1.079,2,9,13,WARNING,1
21,29,LIVE_PERFORMANCE_ZONE,242,0.882,0.737,0.531,94.85,0.371,0.89,-0.56,11,9,11,WARNING,1
21,30,FESTIVAL_CORRIDOR,240,0.91,0.51,0.556,98.69,0.459,0.87,-1.771,9,9,11,HIGH,2
21,31,FESTIVAL_CORRIDOR,218,0.797,0.611,0.454,85.99,0.348,0.731,-0.912,9,12,10,WARNING,1
21,32,FESTIVAL_CORRIDOR,252,0.952,0.375,0.604,106.02,0.451,0.871,-1.137,8,13,12,HIGH,2
21,33,EVENT_ATRIUM,228,0.83,0.668,0.564,87.59,0.386,0.833,-0.371,7,15,11,WARNING,1
21,34,MALL_CONCERT_STAGE,249,1,0.566,0.646,94.5,0.45,0.848,-0.946,6,15,18,HIGH,2
21,35,EVENT_ATRIUM,243,0.935,0.76,0.549,85.7,0.546,0.799,-1.04,10,9,7,HIGH,2
21,36,EVENT_ATRIUM,239,0.92,0.572,0.486,86.64,0.455,0.838,-1.405,7,10,7,WARNING,1
21,37,EVENT_ATRIUM,236,0.933,0.44,0.483,97.89,0.47,0.891,-0.577,5,20,7,HIGH,2
21,38,EVENT_ATRIUM,206,0.844,0.683,0.493,90.1,0.382,0.776,-0.767,3,8,14,WARNING,1
21,39,LIVE_PERFORMANCE_ZONE,182,0.707,0.754,0.375,69.68,0.314,0.731,-0.569,9,5,3,WARNING,1
21,40,FESTIVAL_CORRIDOR,208,0.809,0.854,0.46,85.3,0.45,0.887,-0.845,5,13,12,WARNING,1
21,41,FESTIVAL_CORRIDOR,214,0.814,0.762,0.481,72.63,0.438,0.894,-1.326,3,12,12,WARNING,1
21,42,EVENT_ATRIUM,226,0.87,0.618,0.494,90.2,0.477,0.838,-0.856,12,11,9,WARNING,1
21,43,EVENT_ATRIUM,211,0.838,0.669,0.395,100.75,0.378,0.753,-0.619,6,10,9,WARNING,1
21,44,FESTIVAL_CORRIDOR,196,0.775,0.765,0.473,76.17,0.416,0.808,-0.874,5,12,9,WARNING,1
21,45,MALL_CONCERT_STAGE,207,0.824,0.583,0.478,77.96,0.447,0.755,-0.871,8,14,9,WARNING,1
21,46,MALL_CONCERT_STAGE,206,0.792,0.621,0.409,78.13,0.445,0.781,-0.474,6,3,10,WARNING,1
21,47,LIVE_PERFORMANCE_ZONE,191,0.733,0.842,0.456,84.37,0.373,0.744,-0.549,7,8,9,WARNING,1
21,48,MALL_CONCERT_STAGE,191,0.716,0.868,0.406,70.66,0.375,0.815,-0.361,3,5,9,WARNING,1
21,49,EVENT_ATRIUM,185,0.712,0.742,0.327,66.39,0.366,0.725,-1.227,5,6,4,WARNING,1
21,50,FESTIVAL_CORRIDOR,193,0.743,0.77,0.48,73.61,0.361,0.754,-0.676,7,7,8,WARNING,1
21,51,MALL_CONCERT_STAGE,215,0.805,0.717,0.446,72.86,0.404,0.809,-1.221,6,13,5,WARNING,1
21,52,FESTIVAL_CORRIDOR,170,0.674,0.894,0.375,60.25,0.36,0.708,-0.764,8,11,10,WARNING,1
21,53,EVENT_ATRIUM,193,0.711,0.792,0.381,69.86,0.412,0.765,-0.564,2,6,11,WARNING,1
21,54,EVENT_ATRIUM,187,0.73,0.797,0.461,69.46,0.4,0.742,-0.975,4,10,6,WARNING,1
21,55,FESTIVAL_CORRIDOR,178,0.661,0.816,0.286,63.05,0.339,0.765,-0.727,6,12,9,WARNING,1
21,56,MALL_CONCERT_STAGE,160,0.686,0.739,0.366,53.88,0.335,0.711,-0.756,6,6,9,WARNING,1
21,57,LIVE_PERFORMANCE_ZONE,161,0.652,0.851,0.404,69.63,0.239,0.684,-0.907,3,10,11,WARNING,1
21,58,LIVE_PERFORMANCE_ZONE,156,0.617,0.977,0.315,73.95,0.346,0.665,-1.149,4,11,10,WARNING,1
21,59,MALL_CONCERT_STAGE,183,0.652,0.827,0.336,70.08,0.338,0.655,-0.749,5,7,5,WARNING,1
21,60,LIVE_PERFORMANCE_ZONE,156,0.559,0.984,0.354,68.32,0.32,0.595,-0.187,3,3,8,SAFE,0
21,61,MALL_CONCERT_STAGE,195,0.739,0.709,0.452,79.76,0.34,0.758,-0.924,4,8,10,WARNING,1
21,62,EVENT_ATRIUM,174,0.65,0.916,0.362,80.56,0.31,0.697,-1.011,10,13,3,WARNING,1
21,63,FESTIVAL_CORRIDOR,203,0.786,0.782,0.318,81.67,0.37,0.787,-0.941,6,11,8,WARNING,1
21,64,FESTIVAL_CORRIDOR,178,0.678,0.891,0.397,64.54,0.339,0.753,-0.691,8,9,7,WARNING,1
21,65,FESTIVAL_CORRIDOR,178,0.678,0.925,0.345,79.5,0.303,0.706,-0.061,8,6,8,WARNING,1
21,66,FESTIVAL_CORRIDOR,171,0.659,0.857,0.371,71.82,0.309,0.7,-0.242,5,3,6,WARNING,1
21,67,MALL_CONCERT_STAGE,172,0.686,0.849,0.309,70.39,0.365,0.714,-0.333,5,10,9,WARNING,1
21,68,LIVE_PERFORMANCE_ZONE,187,0.707,0.778,0.413,66.21,0.325,0.705,-0.774,12,9,12,WARNING,1
21,69,MALL_CONCERT_STAGE,176,0.662,0.829,0.295,78.82,0.313,0.786,-0.887,4,6,9,WARNING,1
21,70,EVENT_ATRIUM,162,0.645,0.966,0.393,70.29,0.3,0.696,-0.626,7,6,7,WARNING,1
21,71,MALL_CONCERT_STAGE,176,0.71,0.84,0.363,65.73,0.36,0.702,-0.852,5,15,10,WARNING,1
21,72,LIVE_PERFORMANCE_ZONE,161,0.623,0.757,0.347,66.95,0.327,0.708,-0.607,3,12,5,WARNING,1
21,73,FESTIVAL_CORRIDOR,173,0.692,0.849,0.351,68.79,0.311,0.633,-0.437,5,13,13,WARNING,1
21,74,EVENT_ATRIUM,165,0.65,0.804,0.424,69.18,0.3,0.766,-0.474,6,7,3,WARNING,1
21,75,LIVE_PERFORMANCE_ZONE,165,0.631,0.998,0.38,64.64,0.264,0.796,-0.95,6,7,2,WARNING,1
21,76,FESTIVAL_CORRIDOR,190,0.736,0.785,0.315,79.22,0.328,0.74,-0.479,9,17,8,WARNING,1
21,77,FESTIVAL_CORRIDOR,188,0.673,0.855,0.339,82.53,0.354,0.706,-0.552,5,8,7,WARNING,1
21,78,EVENT_ATRIUM,172,0.678,0.986,0.355,58.34,0.323,0.669,-0.65,6,10,10,WARNING,1
21,79,FESTIVAL_CORRIDOR,167,0.68,0.82,0.325,66.12,0.376,0.755,-0.373,9,9,5,WARNING,1
21,80,LIVE_PERFORMANCE_ZONE,184,0.77,0.838,0.419,75.13,0.292,0.767,-1.178,7,10,3,WARNING,1
21,81,LIVE_PERFORMANCE_ZONE,186,0.732,0.855,0.433,73.95,0.417,0.719,-1.758,5,13,10,WARNING,1
21,82,LIVE_PERFORMANCE_ZONE,154,0.634,0.857,0.395,79.16,0.267,0.657,-0.382,1,14,9,WARNING,1
21,83,FESTIVAL_CORRIDOR,165,0.647,0.965,0.372,66.77,0.279,0.665,-0.439,3,5,6,WARNING,1
21,84,MALL_CONCERT_STAGE,170,0.637,0.928,0.365,91.19,0.309,0.634,-0.77,7,9,4,WARNING,1
21,85,FESTIVAL_CORRIDOR,173,0.649,0.83,0.353,63.77,0.279,0.755,-1.202,6,8,9,WARNING,1
21,86,EVENT_ATRIUM,152,0.584,0.886,0.322,65.7,0.289,0.591,0.171,8,4,10,SAFE,0
21,87,LIVE_PERFORMANCE_ZONE,165,0.638,0.828,0.335,63.73,0.341,0.727,-0.624,7,10,6,WARNING,1
21,88,MALL_CONCERT_STAGE,160,0.624,0.879,0.328,62.86,0.347,0.687,-0.98,1,12,7,WARNING,1
21,89,LIVE_PERFORMANCE_ZONE,174,0.679,0.819,0.443,71.65,0.352,0.586,-0.697,5,6,12,WARNING,1
22,0,MALL_CONCERT_STAGE,225,0.84,0.685,0.523,71.81,0.383,0.818,-0.324,9,7,11,WARNING,1
22,1,MALL_CONCERT_STAGE,229,0.868,0.595,0.483,90.91,0.395,0.87,-1.223,3,11,13,WARNING,1
22,2,LIVE_PERFORMANCE_ZONE,244,0.949,0.581,0.462,95.31,0.411,0.874,-1.079,7,18,8,WARNING,1
22,3,EVENT_ATRIUM,243,0.965,0.371,0.562,92.62,0.477,0.977,-1.26,4,13,7,HIGH,2
22,4,MALL_CONCERT_STAGE,237,0.91,0.611,0.527,94.6,0.434,0.853,-0.951,9,17,9,WARNING,1
22,5,EVENT_ATRIUM,221,0.877,0.691,0.373,94.35,0.498,0.838,-0.452,5,11,7,WARNING,1
22,6,LIVE_PERFORMANCE_ZONE,254,0.975,0.515,0.478,99.57,0.474,0.89,-0.652,7,12,9,HIGH,2
22,7,FESTIVAL_CORRIDOR,230,0.922,0.555,0.45,93.3,0.408,0.9,-1.223,8,10,8,WARNING,1
22,8,FESTIVAL_CORRIDOR,237,0.907,0.548,0.516,96.32,0.385,0.876,-0.935,3,13,10,WARNING,1
22,9,MALL_CONCERT_STAGE,259,1,0.595,0.606,102.28,0.475,0.916,-0.85,9,15,14,HIGH,2
22,10,EVENT_ATRIUM,243,0.971,0.58,0.631,98.62,0.482,0.875,-1.111,7,11,7,HIGH,2
22,11,LIVE_PERFORMANCE_ZONE,253,0.951,0.515,0.592,86.89,0.429,0.808,0.04,8,9,20,HIGH,2
22,12,EVENT_ATRIUM,280,1,0.492,0.554,89.28,0.478,0.938,-0.573,7,13,10,HIGH,2
22,13,EVENT_ATRIUM,251,0.98,0.567,0.521,98.08,0.478,0.912,-1.095,6,18,9,HIGH,2
22,14,MALL_CONCERT_STAGE,250,0.942,0.539,0.509,76.29,0.422,0.84,-0.292,6,10,7,WARNING,1
22,15,LIVE_PERFORMANCE_ZONE,266,1,0.601,0.625,97.26,0.478,0.886,-1.173,9,13,13,HIGH,2
22,16,FESTIVAL_CORRIDOR,265,1,0.456,0.592,106.67,0.436,0.877,-0.536,11,14,19,HIGH,2
22,17,LIVE_PERFORMANCE_ZONE,285,1,0.558,0.57,107.65,0.553,0.867,-1.067,2,15,13,HIGH,2
22,18,EVENT_ATRIUM,267,1,0.388,0.578,96.07,0.492,0.926,-1.606,13,11,15,HIGH,2
22,19,FESTIVAL_CORRIDOR,281,1,0.477,0.54,108.12,0.51,0.919,-1.664,7,12,13,HIGH,2
22,20,FESTIVAL_CORRIDOR,269,1,0.52,0.54,96.51,0.489,0.866,-0.548,8,16,8,HIGH,2
22,21,FESTIVAL_CORRIDOR,294,1,0.515,0.514,110.27,0.439,0.908,-0.543,5,13,12,HIGH,2
22,22,MALL_CONCERT_STAGE,293,1,0.519,0.506,115.02,0.513,0.865,-0.982,6,14,13,HIGH,2
22,23,EVENT_ATRIUM,265,1,0.501,0.588,103.87,0.433,0.904,-1.274,7,14,13,HIGH,2
22,24,FESTIVAL_CORRIDOR,283,1,0.378,0.541,91.56,0.502,0.885,-0.715,8,19,15,HIGH,2
22,25,LIVE_PERFORMANCE_ZONE,273,1,0.483,0.521,100.59,0.394,0.904,-0.389,7,17,19,HIGH,2
22,26,MALL_CONCERT_STAGE,284,1,0.47,0.61,94.18,0.525,0.867,-1.397,4,23,8,HIGH,2
22,27,EVENT_ATRIUM,264,1,0.43,0.533,80.74,0.54,0.881,-1.065,10,16,20,HIGH,2
22,28,FESTIVAL_CORRIDOR,290,1,0.572,0.519,92.92,0.465,0.934,-0.982,8,15,12,HIGH,2
22,29,EVENT_ATRIUM,282,1,0.547,0.52,102.54,0.442,0.919,-1.067,5,12,12,HIGH,2
22,30,FESTIVAL_CORRIDOR,250,0.896,0.591,0.469,93.28,0.403,0.891,-0.688,6,11,8,WARNING,1
22,31,LIVE_PERFORMANCE_ZONE,264,1,0.461,0.574,102.77,0.441,0.887,-1.513,4,11,13,HIGH,2
22,32,MALL_CONCERT_STAGE,251,0.946,0.44,0.562,93.93,0.433,0.863,-0.589,5,9,15,HIGH,2
22,33,MALL_CONCERT_STAGE,264,0.957,0.362,0.552,94.27,0.49,0.861,-1.09,6,13,10,HIGH,2
22,34,MALL_CONCERT_STAGE,267,1,0.494,0.566,103.7,0.561,0.874,-0.523,7,20,9,HIGH,2
22,35,EVENT_ATRIUM,269,1,0.373,0.58,101.14,0.474,0.875,-1.145,8,10,15,HIGH,2
22,36,MALL_CONCERT_STAGE,264,1,0.576,0.532,100.01,0.549,0.895,-0.955,6,12,12,HIGH,2
22,37,MALL_CONCERT_STAGE,247,0.98,0.451,0.457,99.64,0.458,0.837,-1.345,5,14,12,HIGH,2
22,38,LIVE_PERFORMANCE_ZONE,271,1,0.582,0.612,101.49,0.467,0.899,-0.714,9,13,17,HIGH,2
22,39,FESTIVAL_CORRIDOR,242,0.949,0.682,0.575,109.58,0.489,0.78,-0.734,3,8,4,HIGH,2
22,40,FESTIVAL_CORRIDOR,224,0.803,0.6,0.476,81.53,0.321,0.797,-0.956,7,9,11,WARNING,1
22,41,EVENT_ATRIUM,265,1,0.499,0.504,91.19,0.503,0.855,-1.422,9,17,8,HIGH,2
22,42,LIVE_PERFORMANCE_ZONE,229,0.864,0.654,0.577,74.4,0.428,0.847,-1.077,5,14,10,WARNING,1
22,43,LIVE_PERFORMANCE_ZONE,239,0.941,0.592,0.498,107.1,0.448,0.913,-1.03,8,15,7,HIGH,2
22,44,EVENT_ATRIUM,226,0.856,0.731,0.546,85.57,0.435,0.784,-0.918,10,8,9,WARNING,1
22,45,MALL_CONCERT_STAGE,243,0.912,0.667,0.521,84.2,0.42,0.761,-1.532,6,10,10,WARNING,1
22,46,LIVE_PERFORMANCE_ZONE,247,0.937,0.54,0.562,94.45,0.47,0.861,-1.134,7,10,9,HIGH,2
22,47,LIVE_PERFORMANCE_ZONE,238,0.953,0.5,0.483,86.57,0.408,0.896,-0.756,9,9,11,WARNING,1
22,48,LIVE_PERFORMANCE_ZONE,223,0.847,0.756,0.443,89.17,0.418,0.821,-1.275,3,9,13,WARNING,1
22,49,EVENT_ATRIUM,223,0.867,0.809,0.471,80.26,0.437,0.782,-1.162,1,13,15,WARNING,1
22,50,MALL_CONCERT_STAGE,231,0.916,0.542,0.491,91.61,0.512,0.857,-1.276,7,12,10,HIGH,2
22,51,EVENT_ATRIUM,218,0.802,0.534,0.472,78.92,0.354,0.86,-0.558,11,16,6,WARNING,1
22,52,MALL_CONCERT_STAGE,222,0.801,0.545,0.43,91.42,0.434,0.799,-1.099,5,13,8,WARNING,1
22,53,LIVE_PERFORMANCE_ZONE,219,0.803,0.679,0.39,84.42,0.419,0.83,-0.576,9,15,19,WARNING,1
22,54,MALL_CONCERT_STAGE,215,0.768,0.638,0.375,83.75,0.269,0.799,-0.694,6,6,7,WARNING,1
22,55,FESTIVAL_CORRIDOR,215,0.8,0.844,0.418,81.63,0.375,0.886,-1.542,7,6,6,WARNING,1
22,56,EVENT_ATRIUM,205,0.767,0.729,0.359,84.79,0.327,0.804,-0.987,9,6,7,WARNING,1
22,57,EVENT_ATRIUM,218,0.786,0.695,0.496,87.94,0.376,0.699,-0.934,5,10,12,WARNING,1
22,58,EVENT_ATRIUM,217,0.868,0.608,0.475,87.91,0.383,0.769,-1.346,4,12,9,WARNING,1
22,59,MALL_CONCERT_STAGE,227,0.945,0.619,0.468,90.47,0.486,0.823,-1.01,8,13,8,HIGH,2
22,60,FESTIVAL_CORRIDOR,231,0.89,0.64,0.545,95.81,0.467,0.871,-0.439,8,7,14,HIGH,2
22,61,EVENT_ATRIUM,229,0.868,0.508,0.536,79.21,0.37,0.814,-1.098,5,16,17,WARNING,1
22,62,MALL_CONCERT_STAGE,215,0.831,0.757,0.46,75.6,0.382,0.801,-1.441,8,10,10,WARNING,1
22,63,LIVE_PERFORMANCE_ZONE,212,0.831,0.565,0.422,85.05,0.375,0.869,-0.675,5,9,9,WARNING,1
22,64,FESTIVAL_CORRIDOR,231,0.894,0.499,0.439,86.4,0.355,0.786,-0.802,6,13,16,WARNING,1
22,65,EVENT_ATRIUM,204,0.766,0.707,0.365,97.96,0.373,0.715,-1.295,1,15,7,WARNING,1
22,66,LIVE_PERFORMANCE_ZONE,217,0.826,0.719,0.499,76.17,0.465,0.72,-1.12,7,9,11,WARNING,1
22,67,LIVE_PERFORMANCE_ZONE,223,0.871,0.636,0.443,78.88,0.405,0.835,-0.592,5,7,10,WARNING,1
22,68,EVENT_ATRIUM,223,0.824,0.775,0.494,79.37,0.407,0.909,-1.028,6,8,9,WARNING,1
22,69,MALL_CONCERT_STAGE,221,0.884,0.732,0.445,91.51,0.39,0.802,-0.507,9,10,5,WARNING,1
22,70,FESTIVAL_CORRIDOR,244,0.942,0.575,0.463,78.87,0.438,0.942,-0.483,5,8,12,WARNING,1
22,71,EVENT_ATRIUM,225,0.828,0.724,0.381,67.73,0.382,0.853,-0.73,5,11,9,WARNING,1
22,72,LIVE_PERFORMANCE_ZONE,214,0.818,0.659,0.449,84.67,0.371,0.788,-1.017,5,8,14,WARNING,1
22,73,MALL_CONCERT_STAGE,216,0.834,0.701,0.461,96.15,0.435,0.829,-0.566,7,8,9,WARNING,1
22,74,LIVE_PERFORMANCE_ZONE,218,0.876,0.793,0.515,85.39,0.488,0.769,-1.144,7,12,7,WARNING,1
22,75,LIVE_PERFORMANCE_ZONE,210,0.797,0.746,0.462,73.91,0.339,0.83,-0.981,6,14,13,WARNING,1
22,76,LIVE_PERFORMANCE_ZONE,203,0.788,0.732,0.392,85.28,0.432,0.755,-0.794,3,10,9,WARNING,1
22,77,EVENT_ATRIUM,229,0.857,0.747,0.55,80.51,0.445,0.858,-1.562,8,12,12,WARNING,1
22,78,LIVE_PERFORMANCE_ZONE,216,0.821,0.676,0.347,87.04,0.297,0.775,-1.033,5,15,8,WARNING,1
22,79,FESTIVAL_CORRIDOR,242,0.929,0.529,0.592,91.12,0.416,0.912,-1.195,7,14,6,HIGH,2
22,80,FESTIVAL_CORRIDOR,207,0.799,0.833,0.462,79.14,0.343,0.787,-0.94,7,12,7,WARNING,1
22,81,MALL_CONCERT_STAGE,203,0.724,0.738,0.369,69.35,0.32,0.673,-0.912,4,11,9,WARNING,1
22,82,FESTIVAL_CORRIDOR,203,0.774,0.858,0.446,79.23,0.406,0.751,-0.934,4,9,8,WARNING,1
22,83,LIVE_PERFORMANCE_ZONE,211,0.816,0.629,0.443,74.31,0.384,0.823,-0.755,6,9,13,WARNING,1
22,84,FESTIVAL_CORRIDOR,222,0.873,0.494,0.517,86.56,0.373,0.865,-0.614,10,20,15,WARNING,1
22,85,MALL_CONCERT_STAGE,210,0.793,0.681,0.388,75.98,0.321,0.874,-0.767,11,7,9,WARNING,1
22,86,EVENT_ATRIUM,216,0.851,0.709,0.372,78.77,0.453,0.792,-0.544,9,9,6,WARNING,1
22,87,EVENT_ATRIUM,227,0.837,0.717,0.451,83.62,0.388,0.835,-0.981,4,11,10,WARNING,1
22,88,FESTIVAL_CORRIDOR,202,0.742,0.871,0.373,67.66,0.323,0.756,-0.481,8,9,6,WARNING,1
22,89,FESTIVAL_CORRIDOR,225,0.846,0.519,0.451,94.78,0.335,0.764,-0.792,7,9,10,WARNING,1
23,0,MALL_CONCERT_STAGE,95,0.386,1.229,0.235,41.26,0.223,0.58,-1.024,4,5,8,SAFE,0
23,1,EVENT_ATRIUM,101,0.368,1.188,0.181,37.71,0.131,0.455,-0.053,4,5,6,SAFE,0
23,2,MALL_CONCERT_STAGE,79,0.321,1.27,0.13,40.15,0.161,0.553,0.02,2,3,6,SAFE,0
23,3,MALL_CONCERT_STAGE,99,0.375,1.156,0.17,40.63,0.198,0.548,-1.07,3,1,5,SAFE,0
23,4,LIVE_PERFORMANCE_ZONE,103,0.384,1.091,0.238,46.72,0.211,0.536,-0.833,5,4,5,SAFE,0
23,5,FESTIVAL_CORRIDOR,112,0.45,1.137,0.295,56.92,0.242,0.692,-0.542,6,3,5,SAFE,0
23,6,FESTIVAL_CORRIDOR,106,0.417,1.167,0.258,42.16,0.292,0.471,-1.045,6,5,3,SAFE,0
23,7,LIVE_PERFORMANCE_ZONE,97,0.361,1.271,0.201,43.28,0.204,0.568,-1.162,3,6,0,SAFE,0
23,8,EVENT_ATRIUM,85,0.323,1.376,0.302,47.57,0.093,0.644,-1.079,6,7,3,SAFE,0
23,9,LIVE_PERFORMANCE_ZONE,93,0.362,1.283,0.235,59.74,0.185,0.532,-0.794,6,2,4,SAFE,0
23,10,LIVE_PERFORMANCE_ZONE,102,0.368,1.183,0.269,57.89,0.122,0.618,-0.061,4,3,6,SAFE,0
23,11,FESTIVAL_CORRIDOR,93,0.38,0.942,0.289,49.18,0.155,0.539,0.257,5,3,7,SAFE,0
23,12,FESTIVAL_CORRIDOR,81,0.281,1.274,0.245,44.53,0.066,0.515,-0.618,2,4,2,SAFE,0
23,13,MALL_CONCERT_STAGE,91,0.321,1.175,0.181,47.44,0.176,0.558,-0.104,5,4,2,SAFE,0
23,14,MALL_CONCERT_STAGE,85,0.347,1.019,0.244,45.51,0.094,0.571,-0.599,7,2,7,SAFE,0
23,15,EVENT_ATRIUM,94,0.305,1.35,0.126,42.19,0.087,0.477,-0.553,6,4,4,SAFE,0
23,16,MALL_CONCERT_STAGE,104,0.38,1.312,0.269,45.22,0.172,0.67,-0.207,6,4,5,SAFE,0
23,17,FESTIVAL_CORRIDOR,84,0.295,1.277,0.218,38.96,0.104,0.516,-0.201,1,5,4,SAFE,0
23,18,LIVE_PERFORMANCE_ZONE,100,0.398,1.123,0.232,52.37,0.237,0.548,-0.917,5,2,5,SAFE,0
23,19,LIVE_PERFORMANCE_ZONE,86,0.366,1.309,0.137,37.7,0.155,0.579,-0.775,8,2,3,SAFE,0
23,20,EVENT_ATRIUM,94,0.403,1.114,0.251,54.72,0.168,0.664,0.164,4,6,5,SAFE,0
23,21,FESTIVAL_CORRIDOR,97,0.346,1.253,0.118,42.37,0.211,0.512,-0.225,2,4,3,SAFE,0
23,22,MALL_CONCERT_STAGE,122,0.469,1.076,0.214,57.06,0.27,0.495,-0.455,5,6,7,SAFE,0
23,23,MALL_CONCERT_STAGE,103,0.382,1.134,0.152,57.81,0.169,0.524,-0.228,5,7,9,SAFE,0
23,24,LIVE_PERFORMANCE_ZONE,101,0.435,1.027,0.251,50.59,0.227,0.556,-1.101,8,4,13,SAFE,0
23,25,MALL_CONCERT_STAGE,104,0.397,1.063,0.161,60.35,0.206,0.603,-0.379,2,7,4,SAFE,0
23,26,LIVE_PERFORMANCE_ZONE,103,0.384,1.143,0.216,46.76,0.195,0.583,-0.064,5,7,5,SAFE,0
23,27,EVENT_ATRIUM,120,0.5,1.112,0.252,50.72,0.295,0.631,-0.367,4,5,5,SAFE,0
23,28,LIVE_PERFORMANCE_ZONE,120,0.398,1.222,0.182,53.46,0.171,0.55,-0.344,2,6,4,SAFE,0
23,29,FESTIVAL_CORRIDOR,111,0.434,0.984,0.194,52.98,0.2,0.53,-0.828,4,8,7,SAFE,0
23,30,MALL_CONCERT_STAGE,112,0.447,1.071,0.204,52.11,0.2,0.587,-0.833,2,5,8,SAFE,0
23,31,LIVE_PERFORMANCE_ZONE,140,0.511,0.904,0.244,53.91,0.223,0.614,-0.466,5,9,10,SAFE,0
23,32,LIVE_PERFORMANCE_ZONE,146,0.591,1.096,0.427,66.44,0.341,0.696,-0.748,2,8,9,WARNING,1
23,33,EVENT_ATRIUM,131,0.507,1.023,0.289,60.53,0.283,0.602,-0.513,2,4,8,SAFE,0
23,34,FESTIVAL_CORRIDOR,134,0.448,1.024,0.242,62.33,0.237,0.601,-0.69,5,12,5,SAFE,0
23,35,MALL_CONCERT_STAGE,136,0.545,0.89,0.223,70.1,0.277,0.746,-0.591,4,7,0,SAFE,0
23,36,MALL_CONCERT_STAGE,140,0.512,1.101,0.289,57.03,0.24,0.631,-1.113,6,8,11,SAFE,0
23,37,FESTIVAL_CORRIDOR,122,0.402,1.162,0.239,48.96,0.153,0.545,-0.497,5,8,4,SAFE,0
23,38,MALL_CONCERT_STAGE,162,0.598,0.849,0.277,58.8,0.304,0.664,-0.334,3,10,9,SAFE,0
23,39,MALL_CONCERT_STAGE,159,0.614,0.872,0.353,79.73,0.257,0.725,-0.542,3,8,6,WARNING,1
23,40,LIVE_PERFORMANCE_ZONE,152,0.607,0.841,0.286,58.77,0.272,0.701,0.028,4,8,4,SAFE,0
23,41,MALL_CONCERT_STAGE,169,0.63,0.926,0.336,58.67,0.289,0.612,-0.501,4,9,8,SAFE,0
23,42,MALL_CONCERT_STAGE,160,0.626,0.88,0.358,68.34,0.33,0.655,-0.475,6,10,5,WARNING,1
23,43,FESTIVAL_CORRIDOR,161,0.603,0.918,0.339,52.88,0.282,0.698,-0.645,4,8,8,SAFE,0
23,44,FESTIVAL_CORRIDOR,170,0.674,0.751,0.387,60.1,0.351,0.73,-0.949,4,2,6,WARNING,1
23,45,MALL_CONCERT_STAGE,159,0.568,1.088,0.263,58.37,0.249,0.676,-0.551,5,2,8,SAFE,0
23,46,MALL_CONCERT_STAGE,156,0.648,0.903,0.377,73.02,0.287,0.704,-1.449,3,5,11,WARNING,1
23,47,LIVE_PERFORMANCE_ZONE,167,0.614,0.931,0.366,74.63,0.271,0.781,-1.278,2,12,12,WARNING,1
23,48,EVENT_ATRIUM,151,0.558,1.048,0.299,74.04,0.204,0.682,0.245,2,7,5,SAFE,0
23,49,LIVE_PERFORMANCE_ZONE,146,0.592,0.941,0.329,74.68,0.269,0.715,-0.432,13,5,1,SAFE,0
23,50,LIVE_PERFORMANCE_ZONE,150,0.582,0.962,0.372,79.08,0.319,0.704,-0.287,7,10,6,WARNING,1
23,51,FESTIVAL_CORRIDOR,137,0.55,1.064,0.224,55.03,0.322,0.578,-0.452,5,7,7,SAFE,0
23,52,FESTIVAL_CORRIDOR,137,0.539,1.059,0.264,53.58,0.192,0.583,-0.82,5,9,5,SAFE,0
23,53,LIVE_PERFORMANCE_ZONE,114,0.407,1.137,0.231,53.02,0.169,0.589,-0.666,10,6,6,SAFE,0
23,54,EVENT_ATRIUM,134,0.534,0.928,0.335,57.15,0.244,0.67,-1.043,6,6,6,SAFE,0
23,55,EVENT_ATRIUM,154,0.62,0.896,0.349,64.67,0.28,0.737,-0.619,9,6,8,WARNING,1
23,56,EVENT_ATRIUM,112,0.463,1.045,0.246,61.09,0.253,0.628,-0.21,4,7,3,SAFE,0
23,57,EVENT_ATRIUM,121,0.484,1.098,0.296,50.96,0.248,0.528,-0.658,5,10,8,SAFE,0
23,58,EVENT_ATRIUM,130,0.459,1.102,0.221,67.02,0.241,0.602,-0.954,10,9,9,SAFE,0
23,59,EVENT_ATRIUM,120,0.44,1.193,0.259,52.93,0.195,0.546,-0.334,6,15,8,SAFE,0
23,60,FESTIVAL_CORRIDOR,125,0.524,1.262,0.281,70.6,0.291,0.652,-1.393,4,12,2,SAFE,0
23,61,LIVE_PERFORMANCE_ZONE,125,0.422,1.126,0.288,49.28,0.197,0.546,-0.602,5,7,4,SAFE,0
23,62,FESTIVAL_CORRIDOR,92,0.346,1.142,0.214,50.67,0.176,0.5,-0.921,6,3,1,SAFE,0
23,63,MALL_CONCERT_STAGE,129,0.527,1.034,0.286,53.79,0.184,0.639,-0.469,4,7,8,SAFE,0
23,64,EVENT_ATRIUM,104,0.406,1.122,0.187,36.81,0.186,0.587,-0.311,1,8,2,SAFE,0
23,65,LIVE_PERFORMANCE_ZONE,101,0.391,1.213,0.176,43.96,0.269,0.562,-0.626,5,5,7,SAFE,0
23,66,MALL_CONCERT_STAGE,105,0.441,1.131,0.262,67.02,0.165,0.573,-0.95,5,3,4,SAFE,0
23,67,FESTIVAL_CORRIDOR,94,0.367,1.086,0.233,62.66,0.217,0.574,-0.692,4,5,4,SAFE,0
23,68,LIVE_PERFORMANCE_ZONE,81,0.288,1.374,0.184,41.52,0.181,0.517,-0.508,4,1,2,SAFE,0
23,69,FESTIVAL_CORRIDOR,99,0.386,1.054,0.205,44.38,0.181,0.645,0.216,7,6,5,SAFE,0
23,70,EVENT_ATRIUM,100,0.362,1.214,0.148,41.3,0.266,0.591,-0.36,9,3,4,SAFE,0
23,71,EVENT_ATRIUM,115,0.449,1.077,0.214,42.67,0.19,0.536,-0.599,10,4,7,SAFE,0
23,72,MALL_CONCERT_STAGE,91,0.325,1.162,0.189,47.82,0.162,0.576,-0.257,5,3,7,SAFE,0
23,73,FESTIVAL_CORRIDOR,96,0.377,1.258,0.286,52.32,0.195,0.537,-1.02,2,2,2,SAFE,0
23,74,FESTIVAL_CORRIDOR,108,0.387,1.197,0.17,48.5,0.211,0.548,-1.586,4,3,5,SAFE,0
23,75,FESTIVAL_CORRIDOR,109,0.403,1.167,0.181,41.7,0.104,0.482,-0.249,5,1,9,SAFE,0
23,76,EVENT_ATRIUM,94,0.294,1.285,0.128,47.04,0.07,0.553,-0.369,3,1,6,SAFE,0
23,77,FESTIVAL_CORRIDOR,91,0.314,1.384,0.222,34.21,0.161,0.423,-0.562,3,2,8,SAFE,0
23,78,EVENT_ATRIUM,91,0.31,1.218,0.265,44.05,0.16,0.488,-0.586,4,6,1,SAFE,0
23,79,FESTIVAL_CORRIDOR,118,0.467,1.004,0.279,44.42,0.275,0.583,-0.189,8,8,4,SAFE,0
23,80,MALL_CONCERT_STAGE,103,0.383,1.168,0.264,41.89,0.242,0.538,-0.811,3,7,3,SAFE,0
23,81,EVENT_ATRIUM,90,0.392,1.273,0.153,56.06,0.218,0.576,-0.132,4,2,5,SAFE,0
23,82,LIVE_PERFORMANCE_ZONE,104,0.442,1.093,0.254,46.2,0.215,0.599,-0.02,4,7,11,SAFE,0
23,83,LIVE_PERFORMANCE_ZONE,109,0.399,1.101,0.147,43.15,0.224,0.564,-0.293,7,5,3,SAFE,0
23,84,FESTIVAL_CORRIDOR,82,0.305,1.284,0.179,40.21,0.125,0.548,-0.308,2,1,4,SAFE,0
23,85,FESTIVAL_CORRIDOR,74,0.268,1.282,0.155,40.11,0.144,0.365,-0.401,7,3,3,SAFE,0
23,86,FESTIVAL_CORRIDOR,94,0.375,1.259,0.213,50.55,0.187,0.578,-0.507,5,5,2,SAFE,0
23,87,FESTIVAL_CORRIDOR,81,0.276,1.321,0.198,41.08,0.15,0.536,-0.563,4,2,6,SAFE,0
23,88,MALL_CONCERT_STAGE,71,0.214,1.326,0.141,32.5,0.095,0.394,-0.584,2,3,2,SAFE,0
23,89,LIVE_PERFORMANCE_ZONE,89,0.291,1.314,0.112,41.2,0.135,0.491,-0.321,3,2,3,SAFE,0
24,0,FESTIVAL_CORRIDOR,79,0.26,1.253,0.109,33.37,0.117,0.471,-0.882,4,2,6,SAFE,0
24,1,MALL_CONCERT_STAGE,96,0.399,1.075,0.196,59.22,0.144,0.597,-0.823,1,3,5,SAFE,0
24,2,EVENT_ATRIUM,92,0.396,1.228,0.217,57.62,0.291,0.531,-0.352,6,4,6,SAFE,0
24,3,EVENT_ATRIUM,94,0.4,1.127,0.214,41.83,0.218,0.625,-0.249,6,8,4,SAFE,0
24,4,EVENT_ATRIUM,92,0.411,1.093,0.134,51.94,0.223,0.532,-0.264,1,5,5,SAFE,0
24,5,MALL_CONCERT_STAGE,89,0.373,1.105,0.128,50.56,0.199,0.517,-0.653,4,5,2,SAFE,0
24,6,MALL_CONCERT_STAGE,110,0.424,1.191,0.192,49.59,0.203,0.552,-0.102,4,8,5,SAFE,0
24,7,FESTIVAL_CORRIDOR,91,0.332,1.268,0.212,39,0.231,0.53,-0.067,5,7,5,SAFE,0
24,8,MALL_CONCERT_STAGE,100,0.361,1.024,0.211,48.4,0.203,0.548,-0.868,6,5,8,SAFE,0
24,9,EVENT_ATRIUM,106,0.419,1.17,0.215,53.11,0.219,0.51,-0.349,6,4,5,SAFE,0
24,10,EVENT_ATRIUM,99,0.426,1.097,0.244,47.19,0.226,0.598,-0.075,6,5,2,SAFE,0
24,11,LIVE_PERFORMANCE_ZONE,97,0.395,1.142,0.18,40.96,0.177,0.56,-0.637,4,4,3,SAFE,0
24,12,LIVE_PERFORMANCE_ZONE,103,0.378,1.219,0.11,44.47,0.154,0.653,-0.756,2,9,3,SAFE,0
24,13,LIVE_PERFORMANCE_ZONE,111,0.462,1.174,0.247,62.4,0.27,0.612,-1.149,3,6,10,SAFE,0
24,14,FESTIVAL_CORRIDOR,103,0.376,1.378,0.286,46.2,0.164,0.547,0.024,7,7,2,SAFE,0
24,15,FESTIVAL_CORRIDOR,111,0.481,1.038,0.259,61.4,0.212,0.669,-0.405,6,5,2,SAFE,0
24,16,FESTIVAL_CORRIDOR,113,0.406,1.177,0.204,53.92,0.109,0.632,-0.542,5,1,6,SAFE,0
24,17,FESTIVAL_CORRIDOR,89,0.308,1.127,0.135,39.41,0.155,0.416,0.184,5,6,8,SAFE,0
24,18,LIVE_PERFORMANCE_ZONE,119,0.43,1.146,0.174,44.69,0.249,0.569,-0.039,2,11,5,SAFE,0
24,19,LIVE_PERFORMANCE_ZONE,96,0.392,1.145,0.127,50.95,0.242,0.515,-0.663,7,4,8,SAFE,0
24,20,MALL_CONCERT_STAGE,106,0.423,1.175,0.184,53.51,0.255,0.522,-0.475,4,4,6,SAFE,0
24,21,MALL_CONCERT_STAGE,99,0.426,1.212,0.265,47.23,0.232,0.608,-0.998,4,4,4,SAFE,0
24,22,LIVE_PERFORMANCE_ZONE,87,0.365,1.194,0.256,55.31,0.145,0.629,-0.683,6,4,3,SAFE,0
24,23,EVENT_ATRIUM,83,0.271,1.321,0.166,17.94,0.196,0.401,-0.101,3,1,7,SAFE,0
24,24,FESTIVAL_CORRIDOR,99,0.392,1.218,0.155,47.42,0.174,0.599,-0.091,6,3,4,SAFE,0
24,25,FESTIVAL_CORRIDOR,105,0.427,1.182,0.187,47.85,0.187,0.6,-0.467,5,10,5,SAFE,0
24,26,FESTIVAL_CORRIDOR,80,0.369,1.3,0.203,48.41,0.157,0.615,-0.9,4,2,2,SAFE,0
24,27,EVENT_ATRIUM,107,0.437,1.14,0.291,60.19,0.217,0.59,-0.67,9,3,3,SAFE,0
24,28,LIVE_PERFORMANCE_ZONE,79,0.313,1.156,0.169,38.63,0.151,0.542,-0.08,5,5,1,SAFE,0
24,29,MALL_CONCERT_STAGE,112,0.433,1.195,0.177,46.32,0.212,0.552,-0.58,5,1,2,SAFE,0
24,30,FESTIVAL_CORRIDOR,115,0.425,1.211,0.209,56.01,0.126,0.622,-0.851,4,9,8,SAFE,0
24,31,EVENT_ATRIUM,121,0.43,1.192,0.212,54.53,0.203,0.626,-1.253,6,4,5,SAFE,0
24,32,EVENT_ATRIUM,116,0.402,1.224,0.29,54.57,0.259,0.589,-0.394,4,10,3,SAFE,0
24,33,EVENT_ATRIUM,96,0.358,1.204,0.195,38.87,0.176,0.566,-0.343,7,3,4,SAFE,0
24,34,MALL_CONCERT_STAGE,113,0.409,1.234,0.113,53.07,0.134,0.619,-0.62,7,12,4,SAFE,0
24,35,EVENT_ATRIUM,114,0.448,1.1,0.306,61.31,0.23,0.611,-0.312,7,4,6,SAFE,0
24,36,MALL_CONCERT_STAGE,115,0.456,1.068,0.298,54.87,0.214,0.604,-0.754,6,9,1,SAFE,0
24,37,FESTIVAL_CORRIDOR,118,0.434,1.134,0.247,55.76,0.225,0.659,-0.657,7,7,2,SAFE,0
24,38,FESTIVAL_CORRIDOR,116,0.433,1.075,0.22,53.28,0.172,0.63,-0.052,5,5,7,SAFE,0
24,39,EVENT_ATRIUM,108,0.416,1.139,0.234,66.06,0.095,0.559,-0.536,5,3,5,SAFE,0
24,40,EVENT_ATRIUM,111,0.416,1.278,0.257,57.85,0.182,0.495,-0.007,3,6,6,SAFE,0
24,41,MALL_CONCERT_STAGE,146,0.572,0.904,0.288,73.82,0.265,0.703,-0.729,4,4,9,SAFE,0
24,42,LIVE_PERFORMANCE_ZONE,130,0.55,1.016,0.337,80.53,0.308,0.649,-0.461,8,5,6,SAFE,0
24,43,FESTIVAL_CORRIDOR,122,0.475,1.001,0.34,47.13,0.183,0.559,-0.403,5,9,9,SAFE,0
24,44,MALL_CONCERT_STAGE,140,0.566,0.977,0.317,65.26,0.228,0.69,-0.867,9,8,8,SAFE,0
24,45,FESTIVAL_CORRIDOR,147,0.527,1.154,0.342,52.73,0.274,0.593,-1.174,4,8,10,SAFE,0
24,46,MALL_CONCERT_STAGE,144,0.556,1,0.302,51.88,0.205,0.714,0.044,4,9,10,SAFE,0
24,47,LIVE_PERFORMANCE_ZONE,139,0.524,1.147,0.329,67.65,0.327,0.75,0.069,4,9,3,SAFE,0
24,48,FESTIVAL_CORRIDOR,173,0.709,0.781,0.322,85.37,0.356,0.682,-1.086,7,9,8,WARNING,1
24,49,EVENT_ATRIUM,142,0.528,1.031,0.236,63.01,0.309,0.527,-0.435,6,10,7,SAFE,0
24,50,LIVE_PERFORMANCE_ZONE,168,0.649,0.896,0.328,71.24,0.309,0.761,-0.005,6,8,4,WARNING,1
24,51,LIVE_PERFORMANCE_ZONE,155,0.602,1.035,0.319,77.4,0.28,0.722,-0.878,6,16,5,WARNING,1
24,52,LIVE_PERFORMANCE_ZONE,175,0.682,0.876,0.395,63.19,0.373,0.656,-0.569,7,6,6,WARNING,1
24,53,MALL_CONCERT_STAGE,152,0.6,0.913,0.37,62.12,0.228,0.763,-0.546,3,10,14,SAFE,0
24,54,LIVE_PERFORMANCE_ZONE,144,0.554,0.91,0.31,61.05,0.277,0.634,-0.376,4,6,7,SAFE,0
24,55,MALL_CONCERT_STAGE,172,0.732,0.767,0.433,75.78,0.324,0.747,-0.502,8,6,8,WARNING,1
24,56,EVENT_ATRIUM,159,0.575,1.027,0.37,57.51,0.27,0.67,-0.28,7,8,9,SAFE,0
24,57,MALL_CONCERT_STAGE,168,0.675,1.025,0.338,72.46,0.362,0.774,-0.609,6,11,8,WARNING,1
24,58,FESTIVAL_CORRIDOR,151,0.58,1.017,0.286,58.79,0.302,0.627,-0.611,13,9,7,SAFE,0
24,59,MALL_CONCERT_STAGE,153,0.598,1.009,0.357,58.77,0.348,0.661,-0.98,6,11,11,SAFE,0
24,60,FESTIVAL_CORRIDOR,165,0.639,0.836,0.372,71.97,0.326,0.705,-0.597,4,9,6,WARNING,1
24,61,LIVE_PERFORMANCE_ZONE,142,0.558,0.841,0.379,56.3,0.261,0.689,-0.726,5,9,6,SAFE,0
24,62,EVENT_ATRIUM,156,0.572,0.924,0.385,60.39,0.304,0.665,-0.666,8,8,5,SAFE,0
24,63,MALL_CONCERT_STAGE,152,0.57,0.951,0.372,64.7,0.274,0.661,-0.201,5,5,8,SAFE,0
24,64,MALL_CONCERT_STAGE,133,0.459,1.049,0.262,45.9,0.185,0.571,-0.742,4,7,8,SAFE,0
24,65,LIVE_PERFORMANCE_ZONE,155,0.61,0.853,0.263,79.69,0.254,0.672,-0.709,4,13,4,SAFE,0
24,66,FESTIVAL_CORRIDOR,135,0.498,0.911,0.337,43.51,0.233,0.579,-0.111,5,10,5,SAFE,0
24,67,MALL_CONCERT_STAGE,119,0.421,1.167,0.203,59.15,0.186,0.608,-0.335,2,8,2,SAFE,0
24,68,MALL_CONCERT_STAGE,126,0.477,1.057,0.274,52.93,0.271,0.515,-1.361,4,6,8,SAFE,0
24,69,FESTIVAL_CORRIDOR,137,0.492,1.017,0.354,63.47,0.197,0.647,-0.816,8,4,5,SAFE,0
24,70,EVENT_ATRIUM,117,0.47,1.083,0.26,48.38,0.161,0.608,-0.95,6,6,1,SAFE,0
24,71,LIVE_PERFORMANCE_ZONE,104,0.437,1.175,0.206,48.72,0.203,0.697,-0.646,2,6,3,SAFE,0
24,72,MALL_CONCERT_STAGE,101,0.436,1.057,0.2,56.15,0.181,0.525,-0.21,3,4,8,SAFE,0
24,73,FESTIVAL_CORRIDOR,95,0.377,1.276,0.244,66.78,0.199,0.55,0.036,2,7,5,SAFE,0
24,74,EVENT_ATRIUM,95,0.396,1.229,0.178,55.21,0.185,0.64,0.319,6,2,1,SAFE,0
24,75,FESTIVAL_CORRIDOR,129,0.493,1.049,0.22,57.25,0.283,0.65,-0.369,3,6,10,SAFE,0
24,76,FESTIVAL_CORRIDOR,108,0.392,1.262,0.141,45.16,0.184,0.609,-0.821,4,5,7,SAFE,0
24,77,LIVE_PERFORMANCE_ZONE,105,0.387,1.257,0.207,45.65,0.192,0.642,-0.739,8,7,4,SAFE,0
24,78,LIVE_PERFORMANCE_ZONE,101,0.364,1.284,0.173,37.39,0.185,0.55,-0.814,7,5,4,SAFE,0
24,79,MALL_CONCERT_STAGE,127,0.498,0.984,0.296,54.89,0.254,0.625,-0.903,3,6,0,SAFE,0
24,80,EVENT_ATRIUM,119,0.494,1.102,0.218,62.75,0.194,0.575,-0.755,4,5,10,SAFE,0
24,81,EVENT_ATRIUM,101,0.37,1.238,0.151,49.26,0.193,0.549,-0.477,6,7,2,SAFE,0
24,82,MALL_CONCERT_STAGE,100,0.377,1.29,0.196,50.99,0.195,0.565,0.129,5,5,4,SAFE,0
24,83,MALL_CONCERT_STAGE,95,0.381,1.452,0.225,44.66,0.233,0.524,-0.019,7,5,3,SAFE,0
24,84,FESTIVAL_CORRIDOR,117,0.505,1.084,0.248,65.19,0.182,0.593,-0.684,3,4,4,SAFE,0
24,85,MALL_CONCERT_STAGE,102,0.389,1.289,0.2,49.5,0.209,0.612,-0.741,4,4,3,SAFE,0
24,86,EVENT_ATRIUM,108,0.377,1.297,0.27,38.5,0.2,0.53,0.146,5,8,4,SAFE,0
24,87,MALL_CONCERT_STAGE,104,0.415,1.122,0.304,52.04,0.11,0.58,0.237,3,7,6,SAFE,0
24,88,MALL_CONCERT_STAGE,107,0.393,1.18,0.235,47.06,0.217,0.544,-0.184,9,1,6,SAFE,0
24,89,LIVE_PERFORMANCE_ZONE,98,0.403,1.144,0.264,46.64,0.249,0.545,-0.473,5,4,3,SAFE,0
25,0,EVENT_ATRIUM,128,0.517,1.114,0.325,68.94,0.256,0.642,-0.86,4,4,8,SAFE,0
25,1,MALL_CONCERT_STAGE,142,0.495,1.127,0.355,59.43,0.23,0.668,-0.686,4,9,3,SAFE,0
25,2,EVENT_ATRIUM,163,0.64,0.754,0.285,75.45,0.311,0.67,-1.234,7,10,8,WARNING,1
25,3,LIVE_PERFORMANCE_ZONE,119,0.477,1.238,0.305,58.42,0.199,0.529,-0.246,1,4,3,SAFE,0
25,4,EVENT_ATRIUM,134,0.49,1.096,0.268,62.97,0.194,0.628,-0.852,5,10,5,SAFE,0
25,5,MALL_CONCERT_STAGE,130,0.51,1.051,0.311,57.94,0.214,0.582,-0.745,9,5,7,SAFE,0
25,6,MALL_CONCERT_STAGE,147,0.513,1.007,0.239,64.48,0.229,0.693,-0.458,3,3,6,SAFE,0
25,7,LIVE_PERFORMANCE_ZONE,142,0.574,0.882,0.271,67.84,0.303,0.623,-0.696,7,10,1,SAFE,0
25,8,EVENT_ATRIUM,150,0.571,1.037,0.366,62.19,0.298,0.737,-0.3,4,9,6,SAFE,0
25,9,MALL_CONCERT_STAGE,146,0.518,1.069,0.352,60.45,0.284,0.597,-0.275,3,6,8,SAFE,0
25,10,MALL_CONCERT_STAGE,148,0.57,0.863,0.395,59.2,0.318,0.63,-0.639,6,5,4,SAFE,0
25,11,MALL_CONCERT_STAGE,142,0.586,1.101,0.234,64.29,0.288,0.65,-1.202,4,8,7,SAFE,0
25,12,FESTIVAL_CORRIDOR,151,0.55,0.967,0.324,67.92,0.214,0.615,-0.31,5,5,1,SAFE,0
25,13,LIVE_PERFORMANCE_ZONE,151,0.604,1.031,0.354,79.1,0.258,0.668,-0.619,6,4,6,SAFE,0
25,14,MALL_CONCERT_STAGE,162,0.651,0.859,0.427,63.59,0.318,0.701,-0.03,7,16,10,WARNING,1
25,15,EVENT_ATRIUM,127,0.532,0.91,0.206,62.57,0.279,0.59,-1.157,4,12,6,SAFE,0
25,16,LIVE_PERFORMANCE_ZONE,154,0.564,0.923,0.349,58.63,0.253,0.603,-0.429,11,9,7,SAFE,0
25,17,EVENT_ATRIUM,150,0.55,1.048,0.16,48.86,0.218,0.594,-0.363,7,6,7,SAFE,0
25,18,EVENT_ATRIUM,166,0.644,0.9,0.338,80.14,0.399,0.777,-0.708,12,6,12,WARNING,1
25,19,FESTIVAL_CORRIDOR,164,0.679,0.844,0.385,53.94,0.321,0.732,-0.237,5,9,14,WARNING,1
25,20,FESTIVAL_CORRIDOR,158,0.618,0.922,0.36,66.1,0.261,0.683,-0.949,7,10,4,SAFE,0
25,21,FESTIVAL_CORRIDOR,187,0.674,0.898,0.413,71.34,0.366,0.704,-0.715,8,14,9,WARNING,1
25,22,FESTIVAL_CORRIDOR,189,0.776,0.651,0.431,89.89,0.364,0.787,-0.745,10,4,9,WARNING,1
25,23,LIVE_PERFORMANCE_ZONE,181,0.703,0.891,0.409,76.03,0.338,0.721,-0.653,4,1,3,WARNING,1
25,24,LIVE_PERFORMANCE_ZONE,176,0.677,0.985,0.425,79.3,0.403,0.772,-1.172,5,11,6,WARNING,1
25,25,LIVE_PERFORMANCE_ZONE,182,0.669,0.676,0.378,60.2,0.325,0.681,-1.197,6,7,13,WARNING,1
25,26,LIVE_PERFORMANCE_ZONE,178,0.722,0.793,0.375,69.22,0.334,0.765,-1.054,9,12,8,WARNING,1
25,27,FESTIVAL_CORRIDOR,188,0.703,0.948,0.33,59.63,0.275,0.709,-0.666,9,6,13,WARNING,1
25,28,EVENT_ATRIUM,185,0.712,0.691,0.446,76.79,0.332,0.742,-1.08,5,9,7,WARNING,1
25,29,MALL_CONCERT_STAGE,203,0.827,0.679,0.473,88.55,0.351,0.807,-0.704,9,6,6,WARNING,1
25,30,LIVE_PERFORMANCE_ZONE,194,0.761,0.785,0.395,84.42,0.312,0.83,-0.423,3,12,10,WARNING,1
25,31,FESTIVAL_CORRIDOR,200,0.778,0.677,0.472,87.71,0.408,0.74,-0.545,6,11,8,WARNING,1
25,32,FESTIVAL_CORRIDOR,202,0.805,0.888,0.415,76.41,0.369,0.763,-1.503,5,9,10,WARNING,1
25,33,LIVE_PERFORMANCE_ZONE,217,0.881,0.664,0.417,83.59,0.516,0.802,-0.495,4,8,10,WARNING,1
25,34,LIVE_PERFORMANCE_ZONE,185,0.668,0.763,0.299,68.94,0.319,0.64,-0.418,5,5,10,WARNING,1
25,35,FESTIVAL_CORRIDOR,171,0.682,0.796,0.345,77.64,0.337,0.708,-0.696,3,7,7,WARNING,1
25,36,MALL_CONCERT_STAGE,181,0.662,1.018,0.339,67.53,0.291,0.732,-1.22,5,13,5,WARNING,1
25,37,EVENT_ATRIUM,198,0.818,0.724,0.474,89.88,0.401,0.766,-1.121,4,12,9,WARNING,1
25,38,MALL_CONCERT_STAGE,206,0.746,0.766,0.397,75.96,0.411,0.791,-0.754,7,12,13,WARNING,1
25,39,MALL_CONCERT_STAGE,206,0.764,0.824,0.389,65.94,0.337,0.815,-0.707,3,7,10,WARNING,1
25,40,EVENT_ATRIUM,178,0.686,0.937,0.443,72.88,0.372,0.681,-0.552,1,6,7,WARNING,1
25,41,FESTIVAL_CORRIDOR,174,0.666,0.864,0.399,70.51,0.351,0.745,-0.478,6,9,7,WARNING,1
25,42,FESTIVAL_CORRIDOR,158,0.565,0.961,0.322,71.68,0.286,0.739,-0.722,5,5,7,SAFE,0
25,43,EVENT_ATRIUM,151,0.561,0.895,0.371,64.08,0.272,0.623,-1.122,5,6,7,SAFE,0
25,44,FESTIVAL_CORRIDOR,186,0.712,0.754,0.406,78.15,0.223,0.861,0.221,3,4,9,WARNING,1
25,45,FESTIVAL_CORRIDOR,161,0.632,0.852,0.421,53.18,0.281,0.722,-1.165,9,8,5,WARNING,1
25,46,LIVE_PERFORMANCE_ZONE,166,0.612,0.905,0.304,71.57,0.29,0.755,-1.023,3,10,7,WARNING,1
25,47,LIVE_PERFORMANCE_ZONE,140,0.56,1.015,0.314,62.71,0.23,0.616,-0.985,3,9,8,SAFE,0
25,48,LIVE_PERFORMANCE_ZONE,170,0.656,0.869,0.329,66.89,0.362,0.66,-0.706,8,7,4,WARNING,1
25,49,FESTIVAL_CORRIDOR,158,0.636,0.941,0.242,58.42,0.295,0.683,-0.995,6,9,6,SAFE,0
25,50,MALL_CONCERT_STAGE,177,0.632,1.007,0.38,71.98,0.343,0.684,-0.495,4,6,7,WARNING,1
25,51,FESTIVAL_CORRIDOR,144,0.597,0.821,0.338,51.48,0.372,0.617,-0.458,5,3,8,SAFE,0
25,52,EVENT_ATRIUM,153,0.59,1.057,0.376,54.8,0.271,0.619,-1.585,8,8,5,SAFE,0
25,53,LIVE_PERFORMANCE_ZONE,160,0.683,0.873,0.406,68.67,0.408,0.811,-0.453,5,6,8,WARNING,1
25,54,MALL_CONCERT_STAGE,154,0.644,0.883,0.391,60.59,0.284,0.754,-1.193,7,5,6,WARNING,1
25,55,LIVE_PERFORMANCE_ZONE,160,0.623,0.992,0.293,66.99,0.367,0.66,-1.006,6,7,10,WARNING,1
25,56,FESTIVAL_CORRIDOR,130,0.531,0.94,0.311,63.9,0.289,0.578,-1.037,9,5,6,SAFE,0
25,57,FESTIVAL_CORRIDOR,138,0.577,1.223,0.326,69.05,0.303,0.646,-0.937,4,4,3,SAFE,0
25,58,MALL_CONCERT_STAGE,124,0.445,1.061,0.235,46.39,0.189,0.646,-0.906,9,8,4,SAFE,0
25,59,FESTIVAL_CORRIDOR,148,0.587,1.016,0.361,60.73,0.188,0.645,0.176,5,5,12,SAFE,0
25,60,EVENT_ATRIUM,139,0.567,0.899,0.391,55.13,0.254,0.725,0.136,3,6,8,SAFE,0
25,61,FESTIVAL_CORRIDOR,132,0.544,1.013,0.314,68.72,0.215,0.64,-0.259,9,3,7,SAFE,0
25,62,FESTIVAL_CORRIDOR,145,0.569,0.934,0.262,67.17,0.282,0.608,-0.437,6,8,7,SAFE,0
25,63,LIVE_PERFORMANCE_ZONE,127,0.493,1.118,0.24,50.95,0.299,0.642,-0.227,6,4,4,SAFE,0
25,64,FESTIVAL_CORRIDOR,131,0.465,1.234,0.315,63.81,0.265,0.64,-0.684,1,4,8,SAFE,0
25,65,LIVE_PERFORMANCE_ZONE,154,0.664,0.878,0.306,56.38,0.343,0.643,-0.119,2,5,10,WARNING,1
25,66,EVENT_ATRIUM,132,0.497,1.075,0.242,54.2,0.168,0.573,-0.337,4,7,6,SAFE,0
25,67,EVENT_ATRIUM,132,0.554,1.019,0.368,64.91,0.269,0.623,-0.361,3,6,5,SAFE,0
25,68,LIVE_PERFORMANCE_ZONE,131,0.518,1.087,0.3,70.46,0.253,0.55,-1.41,2,4,6,SAFE,0
25,69,EVENT_ATRIUM,134,0.547,0.988,0.217,63.59,0.262,0.67,-0.681,9,4,5,SAFE,0
25,70,LIVE_PERFORMANCE_ZONE,165,0.634,0.714,0.386,76.85,0.333,0.757,-1.324,6,9,11,WARNING,1
25,71,MALL_CONCERT_STAGE,115,0.438,1.065,0.179,62.54,0.219,0.639,-1.092,5,6,4,SAFE,0
25,72,FESTIVAL_CORRIDOR,127,0.515,0.965,0.311,66.75,0.264,0.605,-0.547,4,10,9,SAFE,0
25,73,EVENT_ATRIUM,142,0.565,1.09,0.361,52.49,0.319,0.675,-0.602,7,7,3,SAFE,0
25,74,EVENT_ATRIUM,138,0.529,1.057,0.36,52.35,0.248,0.647,-0.556,7,7,6,SAFE,0
25,75,LIVE_PERFORMANCE_ZONE,127,0.549,1.087,0.411,50.25,0.244,0.669,-0.621,5,11,2,SAFE,0
25,76,MALL_CONCERT_STAGE,138,0.532,1.034,0.337,67.76,0.256,0.593,-0.88,3,4,5,SAFE,0
25,77,LIVE_PERFORMANCE_ZONE,127,0.447,1.044,0.245,55.39,0.295,0.514,-0.467,7,6,4,SAFE,0
25,78,LIVE_PERFORMANCE_ZONE,115,0.444,1.073,0.276,47.24,0.24,0.621,-0.499,5,6,4,SAFE,0
25,79,MALL_CONCERT_STAGE,148,0.58,0.967,0.316,64.09,0.248,0.624,-0.62,9,6,8,SAFE,0
25,80,EVENT_ATRIUM,124,0.497,0.978,0.341,55.78,0.252,0.482,-0.285,4,10,12,SAFE,0
25,81,EVENT_ATRIUM,134,0.472,1.026,0.26,59.03,0.214,0.644,-0.24,6,6,2,SAFE,0
25,82,MALL_CONCERT_STAGE,143,0.557,1.071,0.361,62.43,0.25,0.585,-0.361,3,5,5,SAFE,0
25,83,FESTIVAL_CORRIDOR,116,0.474,1.047,0.245,57.07,0.213,0.564,-0.982,3,6,4,SAFE,0
25,84,FESTIVAL_CORRIDOR,136,0.532,0.959,0.404,50.41,0.154,0.596,-1.308,7,6,7,SAFE,0
25,85,MALL_CONCERT_STAGE,120,0.448,1.094,0.251,49.41,0.191,0.627,-0.685,6,6,6,SAFE,0
25,86,MALL_CONCERT_STAGE,154,0.547,0.99,0.273,71.78,0.275,0.69,-0.618,2,9,12,SAFE,0
25,87,FESTIVAL_CORRIDOR,153,0.589,0.977,0.273,59.8,0.35,0.736,-0.618,6,5,12,SAFE,0
25,88,EVENT_ATRIUM,127,0.568,0.993,0.319,59.31,0.219,0.719,-0.749,6,9,6,SAFE,0
25,89,LIVE_PERFORMANCE_ZONE,156,0.596,0.97,0.312,63.73,0.261,0.612,-0.901,2,9,11,SAFE,0
26,0,MALL_CONCERT_STAGE,169,0.636,0.808,0.27,72.35,0.34,0.728,-0.697,5,9,6,WARNING,1
26,1,EVENT_ATRIUM,174,0.642,0.854,0.302,70.88,0.298,0.723,-0.946,6,12,6,WARNING,1
26,2,MALL_CONCERT_STAGE,167,0.603,0.985,0.342,69.8,0.256,0.686,-0.885,5,5,10,SAFE,0
26,3,MALL_CONCERT_STAGE,179,0.683,0.926,0.402,81.98,0.313,0.794,-1.017,7,18,8,WARNING,1
26,4,FESTIVAL_CORRIDOR,192,0.673,0.766,0.379,73.87,0.319,0.718,-1.186,7,11,6,WARNING,1
26,5,LIVE_PERFORMANCE_ZONE,170,0.659,0.887,0.337,73.08,0.296,0.683,-0.769,6,12,7,WARNING,1
26,6,FESTIVAL_CORRIDOR,185,0.741,0.806,0.397,73.17,0.387,0.666,-0.656,6,9,6,WARNING,1
26,7,EVENT_ATRIUM,159,0.601,0.787,0.369,74.68,0.233,0.698,-0.704,8,8,5,SAFE,0
26,8,MALL_CONCERT_STAGE,158,0.616,1.068,0.305,76.51,0.336,0.692,-0.832,5,8,5,WARNING,1
26,9,FESTIVAL_CORRIDOR,169,0.658,0.906,0.389,62.11,0.29,0.774,-0.885,3,10,8,WARNING,1
26,10,MALL_CONCERT_STAGE,163,0.642,1.018,0.31,67.17,0.213,0.602,-0.515,4,11,7,SAFE,0
26,11,LIVE_PERFORMANCE_ZONE,167,0.654,0.859,0.432,74.43,0.344,0.721,-0.392,6,19,5,WARNING,1
26,12,MALL_CONCERT_STAGE,191,0.707,0.789,0.449,72.47,0.306,0.748,-0.939,4,8,10,WARNING,1
26,13,LIVE_PERFORMANCE_ZONE,178,0.706,0.696,0.386,75.47,0.356,0.756,-0.069,6,8,6,WARNING,1
26,14,LIVE_PERFORMANCE_ZONE,205,0.778,0.696,0.535,86.47,0.421,0.881,-0.664,9,11,12,WARNING,1
26,15,EVENT_ATRIUM,197,0.761,0.796,0.424,73.63,0.276,0.809,-0.812,5,9,11,WARNING,1
26,16,EVENT_ATRIUM,201,0.787,0.767,0.403,84.34,0.372,0.768,-0.585,7,10,5,WARNING,1
26,17,EVENT_ATRIUM,215,0.825,0.798,0.47,72.39,0.371,0.778,-0.987,2,8,12,WARNING,1
26,18,MALL_CONCERT_STAGE,205,0.832,0.689,0.431,84.92,0.311,0.787,-1.589,9,14,15,WARNING,1
26,19,MALL_CONCERT_STAGE,212,0.771,0.789,0.359,82.33,0.37,0.756,-0.955,7,10,6,WARNING,1
26,20,EVENT_ATRIUM,216,0.778,0.73,0.365,85.52,0.404,0.762,-0.659,4,12,5,WARNING,1
26,21,FESTIVAL_CORRIDOR,201,0.79,0.76,0.445,85.84,0.429,0.735,-0.054,6,8,8,WARNING,1
26,22,LIVE_PERFORMANCE_ZONE,231,0.901,0.528,0.465,92.54,0.448,0.801,-0.617,5,18,13,WARNING,1
26,23,LIVE_PERFORMANCE_ZONE,205,0.808,0.844,0.411,88.98,0.371,0.779,-0.714,6,12,9,WARNING,1
26,24,MALL_CONCERT_STAGE,219,0.799,0.725,0.374,81.13,0.407,0.808,-1.193,11,11,8,WARNING,1
26,25,FESTIVAL_CORRIDOR,209,0.777,0.689,0.424,79.98,0.414,0.765,-1.53,7,14,7,WARNING,1
26,26,FESTIVAL_CORRIDOR,237,0.917,0.586,0.556,89.56,0.492,0.894,-1.889,4,9,9,HIGH,2
26,27,MALL_CONCERT_STAGE,232,0.921,0.775,0.419,88.92,0.443,0.82,-0.893,10,11,8,WARNING,1
26,28,FESTIVAL_CORRIDOR,224,0.971,0.389,0.489,87,0.478,0.903,-0.489,3,11,7,HIGH,2
26,29,LIVE_PERFORMANCE_ZONE,243,0.904,0.621,0.411,100.76,0.379,0.903,-1.008,9,13,8,WARNING,1
26,30,FESTIVAL_CORRIDOR,237,0.916,0.483,0.485,96.29,0.462,0.882,-0.888,4,17,13,HIGH,2
26,31,LIVE_PERFORMANCE_ZONE,200,0.79,0.875,0.451,85.08,0.337,0.754,-1.188,5,10,14,WARNING,1
26,32,FESTIVAL_CORRIDOR,202,0.811,0.749,0.378,85.99,0.397,0.797,-1.325,10,8,8,WARNING,1
26,33,FESTIVAL_CORRIDOR,210,0.855,0.662,0.398,101.76,0.388,0.817,-1.124,6,14,2,WARNING,1
26,34,LIVE_PERFORMANCE_ZONE,212,0.82,0.53,0.474,73.95,0.371,0.832,-0.246,5,13,9,WARNING,1
26,35,LIVE_PERFORMANCE_ZONE,196,0.71,0.705,0.468,63.55,0.318,0.72,-1.026,2,9,12,WARNING,1
26,36,EVENT_ATRIUM,225,0.922,0.69,0.481,92.52,0.465,0.873,-1.446,13,7,6,WARNING,1
26,37,MALL_CONCERT_STAGE,221,0.815,0.672,0.449,78.37,0.374,0.73,-0.616,6,12,19,WARNING,1
26,38,MALL_CONCERT_STAGE,208,0.809,0.742,0.476,88.51,0.385,0.822,-0.442,5,11,15,WARNING,1
26,39,EVENT_ATRIUM,196,0.777,0.861,0.401,82.37,0.317,0.868,-0.42,5,9,12,WARNING,1
26,40,MALL_CONCERT_STAGE,220,0.808,0.715,0.445,75.52,0.342,0.768,-0.591,8,13,12,WARNING,1
26,41,MALL_CONCERT_STAGE,190,0.709,0.68,0.472,79.22,0.315,0.775,-0.823,3,14,13,WARNING,1
26,42,MALL_CONCERT_STAGE,202,0.75,0.734,0.41,93.38,0.358,0.778,-0.874,7,8,7,WARNING,1
26,43,EVENT_ATRIUM,191,0.713,0.759,0.384,61.06,0.383,0.753,-1.382,10,9,11,WARNING,1
26,44,EVENT_ATRIUM,178,0.705,0.767,0.354,68.64,0.335,0.754,-0.568,3,7,4,WARNING,1
26,45,FESTIVAL_CORRIDOR,173,0.605,1.006,0.344,60.65,0.355,0.65,-0.156,4,6,7,SAFE,0
26,46,LIVE_PERFORMANCE_ZONE,201,0.839,0.598,0.483,81.18,0.428,0.718,-1.099,6,13,5,WARNING,1
26,47,MALL_CONCERT_STAGE,181,0.679,0.959,0.375,66.16,0.307,0.768,-0.372,9,11,11,WARNING,1
26,48,LIVE_PERFORMANCE_ZONE,179,0.706,0.721,0.404,73.77,0.326,0.747,-0.409,8,10,6,WARNING,1
26,49,LIVE_PERFORMANCE_ZONE,167,0.669,0.87,0.329,74.38,0.313,0.696,-1.329,3,6,5,WARNING,1
26,50,EVENT_ATRIUM,175,0.693,0.715,0.313,69.09,0.313,0.618,-0.764,4,10,1,WARNING,1
26,51,FESTIVAL_CORRIDOR,162,0.612,0.935,0.438,56.2,0.329,0.636,-0.529,7,14,6,WARNING,1
26,52,FESTIVAL_CORRIDOR,158,0.609,0.847,0.297,67.43,0.353,0.635,-1.304,3,7,9,SAFE,0
26,53,EVENT_ATRIUM,187,0.717,0.766,0.331,67.17,0.383,0.703,-0.492,3,11,9,WARNING,1
26,54,FESTIVAL_CORRIDOR,173,0.64,0.955,0.297,69.27,0.326,0.651,-1.24,5,11,8,WARNING,1
26,55,EVENT_ATRIUM,176,0.683,0.98,0.291,71.18,0.35,0.765,-0.465,10,10,5,WARNING,1
26,56,LIVE_PERFORMANCE_ZONE,155,0.578,1.038,0.31,65.98,0.279,0.685,-0.646,4,6,7,SAFE,0
26,57,FESTIVAL_CORRIDOR,176,0.657,0.815,0.274,61.82,0.343,0.734,-0.451,6,9,6,WARNING,1
26,58,MALL_CONCERT_STAGE,155,0.554,0.977,0.322,67.31,0.274,0.751,-0.709,7,8,5,SAFE,0
26,59,LIVE_PERFORMANCE_ZONE,158,0.561,0.93,0.318,53.92,0.242,0.718,-0.078,2,7,5,SAFE,0
26,60,FESTIVAL_CORRIDOR,141,0.524,1.012,0.307,58.96,0.252,0.718,-0.458,3,7,11,SAFE,0
26,61,FESTIVAL_CORRIDOR,184,0.68,0.859,0.415,66.59,0.261,0.765,-0.411,13,10,7,WARNING,1
26,62,MALL_CONCERT_STAGE,166,0.663,0.836,0.296,78.12,0.303,0.772,-0.63,8,10,7,WARNING,1
26,63,MALL_CONCERT_STAGE,157,0.628,0.868,0.317,68.28,0.338,0.707,-0.828,3,3,5,WARNING,1
26,64,LIVE_PERFORMANCE_ZONE,168,0.659,0.898,0.4,73.36,0.302,0.68,-0.746,8,5,4,WARNING,1
26,65,EVENT_ATRIUM,173,0.651,0.888,0.351,86,0.282,0.689,-1.056,8,13,4,WARNING,1
26,66,MALL_CONCERT_STAGE,150,0.55,0.945,0.255,58.82,0.293,0.638,0.476,4,7,8,SAFE,0
26,67,LIVE_PERFORMANCE_ZONE,150,0.529,1.153,0.286,55.6,0.215,0.614,-1.275,8,8,8,SAFE,0
26,68,EVENT_ATRIUM,156,0.612,0.937,0.329,72.43,0.291,0.716,-0.363,3,17,8,WARNING,1
26,69,LIVE_PERFORMANCE_ZONE,147,0.545,1.023,0.284,65.58,0.266,0.583,-0.202,3,6,5,SAFE,0
26,70,EVENT_ATRIUM,154,0.592,0.833,0.44,57.8,0.305,0.671,-0.672,4,6,9,WARNING,1
26,71,MALL_CONCERT_STAGE,160,0.647,0.737,0.432,76.03,0.309,0.702,-0.493,4,10,10,WARNING,1
26,72,FESTIVAL_CORRIDOR,144,0.613,0.98,0.273,68.34,0.278,0.625,-0.872,7,4,3,SAFE,0
26,73,EVENT_ATRIUM,166,0.664,0.959,0.429,74.75,0.281,0.703,-0.766,3,8,7,WARNING,1
26,74,FESTIVAL_CORRIDOR,160,0.605,1.007,0.318,70.47,0.226,0.742,-0.489,4,7,5,SAFE,0
26,75,LIVE_PERFORMANCE_ZONE,164,0.645,0.897,0.322,72.3,0.384,0.679,-0.412,4,7,8,WARNING,1
26,76,FESTIVAL_CORRIDOR,153,0.587,0.992,0.418,72.09,0.328,0.658,-1.275,2,6,4,WARNING,1
26,77,LIVE_PERFORMANCE_ZONE,130,0.508,1.094,0.315,54.34,0.295,0.709,-0.839,6,7,5,SAFE,0
26,78,EVENT_ATRIUM,150,0.558,1.151,0.335,56.84,0.277,0.655,-0.366,6,4,6,SAFE,0
26,79,LIVE_PERFORMANCE_ZONE,159,0.633,0.854,0.377,66.16,0.317,0.716,-0.846,5,10,3,WARNING,1
26,80,FESTIVAL_CORRIDOR,146,0.547,0.928,0.26,59.04,0.245,0.704,-0.624,6,9,3,SAFE,0
26,81,FESTIVAL_CORRIDOR,164,0.616,0.935,0.257,74.52,0.255,0.644,-1.507,4,6,8,SAFE,0
26,82,FESTIVAL_CORRIDOR,153,0.6,0.914,0.407,72.12,0.308,0.72,-1.098,2,5,6,WARNING,1
26,83,LIVE_PERFORMANCE_ZONE,151,0.615,0.901,0.364,61.07,0.315,0.725,-1.083,5,16,7,WARNING,1
26,84,MALL_CONCERT_STAGE,165,0.658,0.891,0.352,71.99,0.373,0.666,-0.612,4,8,10,WARNING,1
26,85,LIVE_PERFORMANCE_ZONE,136,0.522,1.032,0.287,52.7,0.211,0.583,-0.766,4,5,5,SAFE,0
26,86,EVENT_ATRIUM,171,0.639,0.804,0.442,57.72,0.298,0.71,0.407,5,10,9,WARNING,1
26,87,MALL_CONCERT_STAGE,163,0.616,0.966,0.305,75.27,0.287,0.761,-0.616,6,11,7,WARNING,1
26,88,EVENT_ATRIUM,176,0.684,0.803,0.461,69.83,0.335,0.634,-1.393,6,10,5,WARNING,1
26,89,EVENT_ATRIUM,166,0.634,0.938,0.359,86.13,0.3,0.568,0.059,3,9,12,WARNING,1
27,0,MALL_CONCERT_STAGE,166,0.621,0.808,0.313,70.2,0.288,0.751,-1.023,10,5,3,WARNING,1
27,1,MALL_CONCERT_STAGE,170,0.652,0.909,0.339,73.13,0.34,0.675,-0.091,6,9,8,WARNING,1
27,2,EVENT_ATRIUM,173,0.668,0.922,0.364,81.68,0.291,0.76,-0.537,3,14,8,WARNING,1
27,3,FESTIVAL_CORRIDOR,180,0.688,0.858,0.382,71.46,0.379,0.633,-1.346,5,10,9,WARNING,1
27,4,MALL_CONCERT_STAGE,175,0.674,0.82,0.35,69.84,0.369,0.708,-0.339,3,5,8,WARNING,1
27,5,MALL_CONCERT_STAGE,153,0.557,0.974,0.303,78.57,0.299,0.635,-0.773,3,15,8,SAFE,0
27,6,LIVE_PERFORMANCE_ZONE,177,0.65,0.874,0.361,68.15,0.342,0.668,-0.545,7,16,9,WARNING,1
27,7,MALL_CONCERT_STAGE,179,0.666,0.926,0.427,77.11,0.233,0.728,-0.481,3,8,8,WARNING,1
27,8,LIVE_PERFORMANCE_ZONE,188,0.718,0.928,0.414,77.64,0.358,0.66,-1.217,4,11,8,WARNING,1
27,9,FESTIVAL_CORRIDOR,174,0.618,0.864,0.255,77.93,0.296,0.698,-0.418,4,6,5,SAFE,0
27,10,EVENT_ATRIUM,163,0.62,0.88,0.292,62.79,0.316,0.735,-1.104,4,2,7,WARNING,1
27,11,FESTIVAL_CORRIDOR,176,0.701,0.838,0.386,72.48,0.374,0.695,-0.45,1,9,9,WARNING,1
27,12,MALL_CONCERT_STAGE,168,0.625,0.772,0.353,63.32,0.319,0.698,-0.832,5,6,8,WARNING,1
27,13,FESTIVAL_CORRIDOR,172,0.674,0.841,0.335,68.27,0.319,0.708,-1.066,6,13,8,WARNING,1
27,14,FESTIVAL_CORRIDOR,173,0.725,0.9,0.326,90.77,0.368,0.755,-0.599,3,6,10,WARNING,1
27,15,FESTIVAL_CORRIDOR,187,0.713,0.823,0.477,75.85,0.353,0.77,-1.201,9,13,9,WARNING,1
27,16,FESTIVAL_CORRIDOR,191,0.734,0.741,0.466,74.92,0.264,0.72,-0.762,3,8,9,WARNING,1
27,17,FESTIVAL_CORRIDOR,196,0.722,0.718,0.331,77.24,0.341,0.686,-0.718,6,6,7,WARNING,1
27,18,MALL_CONCERT_STAGE,193,0.674,0.726,0.336,75.99,0.352,0.575,-1.077,5,9,14,WARNING,1
27,19,MALL_CONCERT_STAGE,183,0.68,0.818,0.417,71.95,0.284,0.761,-1.005,6,8,7,WARNING,1
27,20,EVENT_ATRIUM,194,0.773,0.749,0.434,65.54,0.426,0.792,-0.616,11,7,8,WARNING,1
27,21,MALL_CONCERT_STAGE,198,0.728,0.669,0.438,76.72,0.323,0.768,-0.423,5,8,15,WARNING,1
27,22,MALL_CONCERT_STAGE,211,0.818,0.629,0.429,77.12,0.303,0.76,-0.632,7,10,11,WARNING,1
27,23,LIVE_PERFORMANCE_ZONE,207,0.738,0.709,0.376,74.66,0.382,0.757,-0.908,8,10,7,WARNING,1
27,24,EVENT_ATRIUM,182,0.685,0.977,0.34,67.24,0.307,0.755,-0.626,4,5,10,WARNING,1
27,25,EVENT_ATRIUM,208,0.824,0.656,0.484,73.59,0.392,0.9,-1.156,9,9,12,WARNING,1
27,26,FESTIVAL_CORRIDOR,178,0.698,0.733,0.416,74.66,0.29,0.674,-0.784,11,12,12,WARNING,1
27,27,EVENT_ATRIUM,210,0.83,0.632,0.48,81.28,0.381,0.787,-1.342,4,14,8,WARNING,1
27,28,MALL_CONCERT_STAGE,212,0.824,0.567,0.37,87.03,0.373,0.78,-0.763,2,12,13,WARNING,1
27,29,MALL_CONCERT_STAGE,243,0.927,0.466,0.582,98.02,0.507,0.793,-1.257,9,7,13,HIGH,2
27,30,MALL_CONCERT_STAGE,208,0.79,0.703,0.401,92.8,0.344,0.809,-0.661,5,7,5,WARNING,1
27,31,FESTIVAL_CORRIDOR,218,0.842,0.7,0.46,80.68,0.403,0.783,-0.944,6,13,11,WARNING,1
27,32,FESTIVAL_CORRIDOR,237,0.93,0.549,0.453,88.8,0.473,0.826,-0.483,7,11,10,WARNING,1
27,33,LIVE_PERFORMANCE_ZONE,202,0.765,0.714,0.386,87.46,0.366,0.743,-1.238,4,11,11,WARNING,1
27,34,EVENT_ATRIUM,228,0.884,0.754,0.549,99.84,0.344,0.825,-1.219,5,8,7,WARNING,1
27,35,MALL_CONCERT_STAGE,229,0.843,0.703,0.487,89.12,0.391,0.803,-1.058,5,13,13,WARNING,1
27,36,MALL_CONCERT_STAGE,212,0.875,0.693,0.45,90.63,0.38,0.754,-0.593,2,15,8,WARNING,1
27,37,FESTIVAL_CORRIDOR,242,0.933,0.576,0.464,83.45,0.349,0.868,-0.64,7,16,11,WARNING,1
27,38,EVENT_ATRIUM,230,0.927,0.572,0.474,82.07,0.422,0.802,-1.109,9,13,10,WARNING,1
27,39,MALL_CONCERT_STAGE,221,0.842,0.568,0.439,76.78,0.343,0.845,-0.517,7,10,6,WARNING,1
27,40,MALL_CONCERT_STAGE,235,0.928,0.383,0.533,80.88,0.403,0.915,-1.376,8,10,13,WARNING,1
27,41,LIVE_PERFORMANCE_ZONE,227,0.91,0.557,0.505,86.93,0.46,0.887,-0.512,7,9,10,WARNING,1
27,42,MALL_CONCERT_STAGE,227,0.884,0.551,0.465,95.84,0.419,0.895,-0.619,6,17,7,WARNING,1
27,43,MALL_CONCERT_STAGE,223,0.928,0.631,0.498,99.11,0.475,0.872,-0.855,10,8,11,HIGH,2
27,44,MALL_CONCERT_STAGE,244,0.904,0.573,0.52,95.21,0.412,0.825,-1.157,8,10,11,WARNING,1
27,45,FESTIVAL_CORRIDOR,240,0.904,0.618,0.479,100.04,0.514,0.811,-0.876,8,7,7,HIGH,2
27,46,FESTIVAL_CORRIDOR,242,0.922,0.665,0.55,94.29,0.457,0.848,-0.922,7,12,14,HIGH,2
27,47,LIVE_PERFORMANCE_ZONE,230,0.864,0.811,0.45,84.83,0.426,0.95,-1.332,9,10,6,WARNING,1
27,48,EVENT_ATRIUM,209,0.813,0.797,0.422,80.3,0.369,0.74,-0.803,8,14,6,WARNING,1
27,49,FESTIVAL_CORRIDOR,212,0.793,0.601,0.399,88.87,0.386,0.805,-0.35,8,11,5,WARNING,1
27,50,MALL_CONCERT_STAGE,186,0.665,0.869,0.448,68.18,0.345,0.72,-0.529,10,10,9,WARNING,1
27,51,FESTIVAL_CORRIDOR,201,0.796,0.812,0.382,85.21,0.437,0.818,-1.633,9,14,10,WARNING,1
27,52,EVENT_ATRIUM,205,0.803,0.753,0.411,81.57,0.362,0.75,-1.201,4,15,10,WARNING,1
27,53,FESTIVAL_CORRIDOR,218,0.875,0.643,0.423,75.08,0.416,0.876,-1.177,7,7,15,WARNING,1
27,54,LIVE_PERFORMANCE_ZONE,196,0.778,0.758,0.467,89.07,0.375,0.795,-0.597,7,6,10,WARNING,1
27,55,MALL_CONCERT_STAGE,188,0.71,0.719,0.309,70.58,0.343,0.865,-0.679,4,8,10,WARNING,1
27,56,EVENT_ATRIUM,187,0.73,0.891,0.337,67.85,0.378,0.724,-1.067,5,5,4,WARNING,1
27,57,LIVE_PERFORMANCE_ZONE,204,0.779,0.767,0.469,87.16,0.353,0.744,-0.976,5,8,10,WARNING,1
27,58,MALL_CONCERT_STAGE,186,0.742,0.626,0.424,73.53,0.421,0.775,-1.069,3,10,5,WARNING,1
27,59,LIVE_PERFORMANCE_ZONE,192,0.793,0.709,0.35,71.18,0.4,0.773,-0.453,7,7,8,WARNING,1
27,60,EVENT_ATRIUM,181,0.679,0.805,0.407,72.95,0.362,0.751,-0.598,5,12,8,WARNING,1
27,61,EVENT_ATRIUM,173,0.614,0.954,0.387,74.7,0.352,0.735,-0.87,4,10,8,WARNING,1
27,62,EVENT_ATRIUM,176,0.691,0.9,0.476,71.23,0.315,0.783,-0.835,6,7,11,WARNING,1
27,63,FESTIVAL_CORRIDOR,169,0.67,0.915,0.265,77,0.3,0.735,-0.822,8,7,5,WARNING,1
27,64,FESTIVAL_CORRIDOR,168,0.731,0.758,0.399,72.51,0.382,0.741,-1.128,3,6,8,WARNING,1
27,65,LIVE_PERFORMANCE_ZONE,182,0.697,0.754,0.404,74.3,0.305,0.736,-0.883,6,9,6,WARNING,1
27,66,EVENT_ATRIUM,159,0.624,0.849,0.322,61.79,0.215,0.67,-1.128,3,10,4,SAFE,0
27,67,LIVE_PERFORMANCE_ZONE,177,0.664,1.01,0.404,76.79,0.371,0.764,-0.896,6,8,5,WARNING,1
27,68,MALL_CONCERT_STAGE,165,0.56,1.073,0.292,60.51,0.26,0.718,-0.083,4,4,7,SAFE,0
27,69,LIVE_PERFORMANCE_ZONE,174,0.64,0.659,0.376,80.58,0.328,0.701,-0.307,3,7,9,WARNING,1
27,70,EVENT_ATRIUM,164,0.682,0.728,0.329,82.55,0.361,0.707,-0.859,5,11,6,WARNING,1
27,71,MALL_CONCERT_STAGE,176,0.662,0.945,0.436,73.48,0.339,0.689,-0.964,5,12,7,WARNING,1
27,72,LIVE_PERFORMANCE_ZONE,182,0.655,0.909,0.378,69.46,0.291,0.707,-0.423,4,4,10,WARNING,1
27,73,MALL_CONCERT_STAGE,153,0.546,1.103,0.231,49.4,0.229,0.551,-0.274,2,10,4,SAFE,0
27,74,EVENT_ATRIUM,168,0.655,0.822,0.407,70.85,0.24,0.664,-0.815,6,9,9,WARNING,1
27,75,LIVE_PERFORMANCE_ZONE,170,0.673,0.745,0.368,71.29,0.354,0.713,-1.116,7,5,10,WARNING,1
27,76,LIVE_PERFORMANCE_ZONE,165,0.606,0.964,0.353,67.47,0.237,0.551,-0.665,4,8,7,SAFE,0
27,77,EVENT_ATRIUM,186,0.673,0.807,0.307,68.1,0.346,0.73,-0.296,9,9,6,WARNING,1
27,78,FESTIVAL_CORRIDOR,181,0.663,0.842,0.362,71.05,0.344,0.668,-0.511,7,13,10,WARNING,1
27,79,LIVE_PERFORMANCE_ZONE,181,0.731,0.811,0.426,80.44,0.321,0.687,-1.049,4,7,8,WARNING,1
27,80,FESTIVAL_CORRIDOR,189,0.736,0.813,0.396,66.78,0.357,0.792,-0.842,9,7,7,WARNING,1
27,81,EVENT_ATRIUM,153,0.545,1.039,0.298,67.88,0.274,0.616,-1,3,7,11,SAFE,0
27,82,FESTIVAL_CORRIDOR,183,0.678,0.764,0.343,70.12,0.294,0.658,-0.479,9,6,13,WARNING,1
27,83,MALL_CONCERT_STAGE,157,0.6,0.883,0.279,69.3,0.253,0.653,-0.675,5,9,6,SAFE,0
27,84,FESTIVAL_CORRIDOR,148,0.592,0.864,0.261,58.52,0.22,0.686,-0.9,3,11,5,SAFE,0
27,85,LIVE_PERFORMANCE_ZONE,174,0.641,0.82,0.392,68.9,0.245,0.655,-1.26,3,8,8,WARNING,1
27,86,EVENT_ATRIUM,161,0.632,1.005,0.35,77.6,0.296,0.641,-0.446,4,10,7,WARNING,1
27,87,MALL_CONCERT_STAGE,190,0.687,0.83,0.447,73.6,0.294,0.731,-0.778,2,9,10,WARNING,1
27,88,EVENT_ATRIUM,179,0.754,0.834,0.394,73.11,0.35,0.713,-1.204,5,7,12,WARNING,1
27,89,MALL_CONCERT_STAGE,197,0.743,0.781,0.424,82.2,0.406,0.719,-1.207,9,8,9,WARNING,1
28,0,EVENT_ATRIUM,182,0.682,0.802,0.387,69.91,0.258,0.748,-0.54,5,16,6,WARNING,1
28,1,FESTIVAL_CORRIDOR,232,0.822,0.626,0.52,83.76,0.393,0.852,-1.715,6,12,9,WARNING,1
28,2,EVENT_ATRIUM,220,0.851,0.729,0.499,78.5,0.387,0.801,-0.919,11,9,12,WARNING,1
28,3,MALL_CONCERT_STAGE,227,0.917,0.504,0.411,84,0.459,0.875,-1.133,3,12,10,WARNING,1
28,4,LIVE_PERFORMANCE_ZONE,205,0.746,0.732,0.397,85.77,0.337,0.785,-0.2,9,9,8,WARNING,1
28,5,EVENT_ATRIUM,185,0.722,0.946,0.399,68.47,0.306,0.737,-0.541,6,5,5,WARNING,1
28,6,EVENT_ATRIUM,212,0.794,0.702,0.477,85.15,0.36,0.736,-1.301,4,8,15,WARNING,1
28,7,MALL_CONCERT_STAGE,227,0.837,0.722,0.521,95.07,0.353,0.809,-1.251,7,8,12,WARNING,1
28,8,FESTIVAL_CORRIDOR,214,0.756,0.77,0.34,84.52,0.383,0.693,-0.664,3,13,10,WARNING,1
28,9,LIVE_PERFORMANCE_ZONE,223,0.86,0.48,0.491,91.71,0.449,0.813,-0.66,8,9,12,WARNING,1
28,10,FESTIVAL_CORRIDOR,233,0.844,0.812,0.473,87.72,0.424,0.825,-0.634,9,12,12,WARNING,1
28,11,FESTIVAL_CORRIDOR,225,0.87,0.578,0.539,93.06,0.401,0.871,-0.857,7,11,8,WARNING,1
28,12,EVENT_ATRIUM,222,0.871,0.599,0.503,78,0.384,0.877,-0.788,5,8,8,WARNING,1
28,13,LIVE_PERFORMANCE_ZONE,208,0.784,0.848,0.447,81.53,0.387,0.778,-1.565,6,7,10,WARNING,1
28,14,EVENT_ATRIUM,223,0.782,0.821,0.376,86.9,0.444,0.82,-0.736,4,11,5,WARNING,1
28,15,LIVE_PERFORMANCE_ZONE,242,0.919,0.822,0.544,83.44,0.452,0.861,-0.782,7,5,7,WARNING,1
28,16,LIVE_PERFORMANCE_ZONE,219,0.865,0.817,0.48,71.97,0.353,0.817,-0.23,8,9,9,WARNING,1
28,17,EVENT_ATRIUM,198,0.752,0.767,0.518,62.58,0.36,0.732,-1.027,6,6,11,WARNING,1
28,18,LIVE_PERFORMANCE_ZONE,222,0.864,0.691,0.53,102.28,0.432,0.793,-1.635,6,9,6,WARNING,1
28,19,MALL_CONCERT_STAGE,208,0.826,0.69,0.399,79.95,0.37,0.817,-0.065,2,13,7,WARNING,1
28,20,EVENT_ATRIUM,215,0.829,0.771,0.4,96.31,0.385,0.888,-1.671,8,8,8,WARNING,1
28,21,LIVE_PERFORMANCE_ZONE,221,0.873,0.669,0.466,84.8,0.47,0.861,-0.55,6,12,15,WARNING,1
28,22,FESTIVAL_CORRIDOR,228,0.846,0.571,0.514,76.4,0.381,0.806,-0.862,6,9,14,WARNING,1
28,23,FESTIVAL_CORRIDOR,206,0.818,0.667,0.483,81.6,0.387,0.781,-0.944,5,13,8,WARNING,1
28,24,EVENT_ATRIUM,218,0.815,0.661,0.466,72.75,0.384,0.739,-0.364,6,12,7,WARNING,1
28,25,LIVE_PERFORMANCE_ZONE,255,0.984,0.591,0.574,104.26,0.514,0.865,-0.294,9,13,15,HIGH,2
28,26,LIVE_PERFORMANCE_ZONE,213,0.788,0.656,0.405,74.82,0.368,0.74,-1.022,5,4,6,WARNING,1
28,27,MALL_CONCERT_STAGE,221,0.842,0.653,0.477,84.77,0.388,0.772,-1.125,5,11,11,WARNING,1
28,28,EVENT_ATRIUM,210,0.84,0.755,0.481,107.18,0.393,0.781,-0.022,8,10,10,WARNING,1
28,29,EVENT_ATRIUM,203,0.737,0.788,0.378,73.45,0.324,0.714,-0.659,4,17,10,WARNING,1
28,30,MALL_CONCERT_STAGE,214,0.792,0.763,0.41,87.49,0.386,0.796,-0.476,5,7,9,WARNING,1
28,31,EVENT_ATRIUM,235,0.877,0.81,0.514,87.93,0.424,0.763,-1.321,10,13,15,WARNING,1
28,32,FESTIVAL_CORRIDOR,245,0.922,0.478,0.507,83.56,0.42,0.793,-0.428,5,11,14,WARNING,1
28,33,EVENT_ATRIUM,242,0.921,0.655,0.462,89.48,0.383,0.896,-0.508,3,8,9,WARNING,1
28,34,MALL_CONCERT_STAGE,232,0.876,0.548,0.534,100.44,0.417,0.864,-0.822,8,11,6,WARNING,1
28,35,FESTIVAL_CORRIDOR,222,0.876,0.637,0.451,92.58,0.387,0.86,-0.475,5,11,12,WARNING,1
28,36,MALL_CONCERT_STAGE,235,0.9,0.645,0.516,109.14,0.45,0.825,-1.152,6,15,11,HIGH,2
28,37,EVENT_ATRIUM,235,0.96,0.526,0.522,109.42,0.493,0.876,-0.885,7,9,11,HIGH,2
28,38,MALL_CONCERT_STAGE,233,0.892,0.679,0.624,95.84,0.482,0.873,-1.308,5,16,5,HIGH,2
28,39,MALL_CONCERT_STAGE,255,1,0.4,0.663,88.1,0.464,0.857,-0.981,8,9,6,HIGH,2
28,40,MALL_CONCERT_STAGE,262,1,0.429,0.525,92.43,0.506,0.941,-1.862,6,13,13,HIGH,2
28,41,MALL_CONCERT_STAGE,245,0.931,0.657,0.621,89.28,0.376,0.899,-0.461,6,16,11,HIGH,2
28,42,LIVE_PERFORMANCE_ZONE,270,1,0.556,0.48,94.46,0.594,0.968,-0.171,5,16,14,HIGH,2
28,43,FESTIVAL_CORRIDOR,265,1,0.532,0.491,86.95,0.518,0.855,-0.904,5,19,10,HIGH,2
28,44,EVENT_ATRIUM,273,1,0.423,0.55,105.26,0.489,0.852,-0.888,3,15,10,HIGH,2
28,45,LIVE_PERFORMANCE_ZONE,262,1,0.531,0.582,100.33,0.557,0.91,-0.213,11,13,13,HIGH,2
28,46,FESTIVAL_CORRIDOR,264,1,0.479,0.49,87.61,0.528,0.809,-0.999,7,15,12,HIGH,2
28,47,MALL_CONCERT_STAGE,276,1,0.446,0.501,90.21,0.385,0.865,-1.162,10,9,9,HIGH,2
28,48,FESTIVAL_CORRIDOR,273,1,0.665,0.547,96.08,0.4,0.933,-1.085,8,18,8,HIGH,2
28,49,EVENT_ATRIUM,280,1,0.609,0.491,97.53,0.438,0.827,-1.664,7,15,9,HIGH,2
28,50,FESTIVAL_CORRIDOR,273,1,0.585,0.597,101.75,0.407,0.864,-0.856,6,11,12,HIGH,2
28,51,EVENT_ATRIUM,279,1,0.474,0.522,101.61,0.447,0.856,-0.866,9,7,13,HIGH,2
28,52,EVENT_ATRIUM,288,1,0.582,0.543,85.39,0.48,0.946,-0.73,9,18,12,HIGH,2
28,53,FESTIVAL_CORRIDOR,284,1,0.415,0.572,88.49,0.496,0.92,-1.45,9,7,13,HIGH,2
28,54,EVENT_ATRIUM,286,1,0.603,0.492,98.62,0.44,0.899,-0.526,6,16,9,HIGH,2
28,55,LIVE_PERFORMANCE_ZONE,260,1,0.639,0.59,89.68,0.379,0.917,-0.798,7,11,15,HIGH,2
28,56,FESTIVAL_CORRIDOR,265,1,0.501,0.568,101.73,0.506,0.825,-0.93,8,8,7,HIGH,2
28,57,EVENT_ATRIUM,274,1,0.638,0.526,84.03,0.501,0.849,-0.979,6,18,9,HIGH,2
28,58,EVENT_ATRIUM,271,1,0.538,0.513,107.91,0.432,0.908,-0.923,8,7,11,HIGH,2
28,59,EVENT_ATRIUM,272,1,0.412,0.686,91.44,0.512,0.853,-1.539,4,15,14,HIGH,2
28,60,LIVE_PERFORMANCE_ZONE,279,1,0.57,0.609,106.74,0.516,0.862,-0.931,5,15,18,HIGH,2
28,61,LIVE_PERFORMANCE_ZONE,269,1,0.471,0.657,90.58,0.47,0.861,-0.978,9,15,15,HIGH,2
28,62,FESTIVAL_CORRIDOR,237,0.922,0.556,0.48,103.53,0.487,0.885,-1.164,11,10,14,HIGH,2
28,63,LIVE_PERFORMANCE_ZONE,277,1,0.477,0.539,96.88,0.504,0.846,-1.335,7,11,10,HIGH,2
28,64,LIVE_PERFORMANCE_ZONE,254,0.949,0.556,0.452,84.86,0.485,0.864,-1.389,6,13,17,WARNING,1
28,65,MALL_CONCERT_STAGE,253,0.974,0.626,0.524,85.84,0.473,0.932,-0.8,8,12,8,HIGH,2
28,66,MALL_CONCERT_STAGE,228,0.913,0.689,0.494,90.88,0.465,0.873,-0.296,7,13,12,WARNING,1
28,67,FESTIVAL_CORRIDOR,242,0.914,0.585,0.55,81.42,0.452,0.778,-1.907,3,8,12,WARNING,1
28,68,MALL_CONCERT_STAGE,234,0.875,0.675,0.461,84.78,0.471,0.728,-1.382,8,8,11,WARNING,1
28,69,EVENT_ATRIUM,236,0.922,0.691,0.448,90.76,0.391,0.859,-1.018,9,12,10,WARNING,1
28,70,EVENT_ATRIUM,233,0.875,0.625,0.483,86.26,0.419,0.787,-0.584,7,19,8,WARNING,1
28,71,MALL_CONCERT_STAGE,245,0.968,0.63,0.517,97.74,0.448,0.998,-1.238,5,12,14,HIGH,2
28,72,MALL_CONCERT_STAGE,226,0.855,0.668,0.512,75.12,0.487,0.866,-0.662,6,9,7,WARNING,1
28,73,MALL_CONCERT_STAGE,236,0.889,0.486,0.485,87.94,0.492,0.854,-0.714,6,15,11,WARNING,1
28,74,EVENT_ATRIUM,233,0.919,0.579,0.557,86.09,0.476,0.835,-0.68,5,14,15,HIGH,2
28,75,LIVE_PERFORMANCE_ZONE,232,0.859,0.603,0.405,93.24,0.439,0.866,-1.053,5,10,10,WARNING,1
28,76,LIVE_PERFORMANCE_ZONE,234,0.925,0.49,0.561,96.31,0.492,0.899,-0.548,11,12,16,HIGH,2
28,77,EVENT_ATRIUM,210,0.795,0.67,0.391,83.35,0.456,0.71,-0.533,6,12,6,WARNING,1
28,78,MALL_CONCERT_STAGE,208,0.872,0.602,0.51,88.77,0.425,0.874,-0.521,3,18,11,WARNING,1
28,79,LIVE_PERFORMANCE_ZONE,228,0.848,0.658,0.418,86.36,0.427,0.861,-0.355,7,14,12,WARNING,1
28,80,EVENT_ATRIUM,231,0.885,0.813,0.52,87.27,0.363,0.8,-0.47,3,13,11,WARNING,1
28,81,MALL_CONCERT_STAGE,208,0.824,0.729,0.47,79.21,0.394,0.791,-0.264,5,10,8,WARNING,1
28,82,LIVE_PERFORMANCE_ZONE,215,0.841,0.879,0.43,79.89,0.41,0.761,-0.683,5,18,8,WARNING,1
28,83,EVENT_ATRIUM,233,0.886,0.588,0.458,84.4,0.415,0.802,-1.906,6,10,8,WARNING,1
28,84,LIVE_PERFORMANCE_ZONE,211,0.799,0.643,0.378,78.3,0.448,0.755,-0.923,4,18,11,WARNING,1
28,85,MALL_CONCERT_STAGE,227,0.835,0.636,0.451,86.52,0.412,0.826,-1.556,6,14,9,WARNING,1
28,86,FESTIVAL_CORRIDOR,210,0.834,0.807,0.52,94.85,0.438,0.843,-0.601,14,11,8,WARNING,1
28,87,MALL_CONCERT_STAGE,223,0.866,0.681,0.489,97.68,0.46,0.804,0.066,6,11,12,WARNING,1
28,88,EVENT_ATRIUM,216,0.874,0.59,0.459,88.49,0.452,0.845,-0.952,8,8,10,WARNING,1
28,89,MALL_CONCERT_STAGE,222,0.852,0.732,0.483,82.73,0.343,0.787,-1,9,16,10,WARNING,1
29,0,FESTIVAL_CORRIDOR,210,0.83,0.56,0.494,86.11,0.38,0.832,-0.649,2,14,9,WARNING,1
29,1,LIVE_PERFORMANCE_ZONE,205,0.808,0.766,0.395,73.56,0.416,0.813,-1.037,6,12,6,WARNING,1
29,2,EVENT_ATRIUM,203,0.867,0.59,0.395,81.39,0.407,0.955,-0.625,8,11,8,WARNING,1
29,3,FESTIVAL_CORRIDOR,206,0.755,0.708,0.366,79.58,0.386,0.796,-1.007,5,7,5,WARNING,1
29,4,EVENT_ATRIUM,229,0.834,0.726,0.485,86.47,0.365,0.759,-0.421,7,16,15,WARNING,1
29,5,EVENT_ATRIUM,196,0.721,0.693,0.438,74.59,0.307,0.795,-0.522,5,12,8,WARNING,1
29,6,EVENT_ATRIUM,208,0.818,0.596,0.421,88.1,0.294,0.748,-1.065,3,9,7,WARNING,1
29,7,MALL_CONCERT_STAGE,194,0.718,0.884,0.445,76.7,0.305,0.751,-0.989,7,12,6,WARNING,1
29,8,EVENT_ATRIUM,218,0.778,0.71,0.418,79.38,0.474,0.765,-0.13,2,7,15,WARNING,1
29,9,FESTIVAL_CORRIDOR,187,0.739,0.764,0.451,85.97,0.316,0.798,-0.305,5,10,7,WARNING,1
29,10,LIVE_PERFORMANCE_ZONE,186,0.714,0.842,0.439,79.15,0.303,0.755,-1.199,2,10,11,WARNING,1
29,11,LIVE_PERFORMANCE_ZONE,207,0.804,0.758,0.452,95.04,0.384,0.834,-0.113,6,15,4,WARNING,1
29,12,EVENT_ATRIUM,186,0.651,0.833,0.34,77.1,0.328,0.671,-0.609,7,8,7,WARNING,1
29,13,MALL_CONCERT_STAGE,200,0.829,0.573,0.399,89.4,0.458,0.8,-0.903,3,8,9,WARNING,1
29,14,EVENT_ATRIUM,214,0.793,0.784,0.5,80.29,0.488,0.733,-0.948,7,13,10,WARNING,1
29,15,FESTIVAL_CORRIDOR,216,0.836,0.667,0.369,86.22,0.401,0.742,-1.142,6,10,9,WARNING,1
29,16,EVENT_ATRIUM,183,0.723,0.772,0.457,80.19,0.361,0.844,-0.978,6,12,6,WARNING,1
29,17,MALL_CONCERT_STAGE,195,0.726,0.868,0.441,75.27,0.297,0.824,-0.317,5,7,11,WARNING,1
29,18,LIVE_PERFORMANCE_ZONE,184,0.705,0.815,0.318,71.63,0.418,0.76,-0.799,8,8,7,WARNING,1
29,19,LIVE_PERFORMANCE_ZONE,191,0.732,0.707,0.503,81.15,0.351,0.823,-0.857,3,9,8,WARNING,1
29,20,MALL_CONCERT_STAGE,198,0.777,0.749,0.403,77.17,0.411,0.739,-0.923,1,10,8,WARNING,1
29,21,LIVE_PERFORMANCE_ZONE,211,0.783,0.66,0.45,87.04,0.404,0.746,-0.524,3,9,10,WARNING,1
29,22,LIVE_PERFORMANCE_ZONE,182,0.704,0.929,0.456,60.86,0.359,0.74,-1.43,6,8,6,WARNING,1
29,23,MALL_CONCERT_STAGE,189,0.65,0.797,0.333,71.96,0.319,0.745,-1.295,7,10,6,WARNING,1
29,24,MALL_CONCERT_STAGE,176,0.653,0.917,0.378,73.03,0.357,0.657,-1.057,6,10,16,WARNING,1
29,25,LIVE_PERFORMANCE_ZONE,202,0.817,0.665,0.534,78.3,0.36,0.776,-1.115,8,5,12,WARNING,1
29,26,FESTIVAL_CORRIDOR,197,0.766,0.812,0.499,72.53,0.341,0.784,-0.279,4,14,9,WARNING,1
29,27,FESTIVAL_CORRIDOR,200,0.724,0.749,0.352,79.5,0.384,0.735,-0.729,8,11,7,WARNING,1
29,28,EVENT_ATRIUM,195,0.787,0.722,0.441,86,0.483,0.771,-0.96,7,12,8,WARNING,1
29,29,MALL_CONCERT_STAGE,189,0.795,0.736,0.422,75.77,0.355,0.79,-0.434,8,2,10,WARNING,1
29,30,EVENT_ATRIUM,234,0.913,0.775,0.39,94.87,0.463,0.797,-0.816,3,10,13,WARNING,1
29,31,LIVE_PERFORMANCE_ZONE,238,0.953,0.537,0.514,95.46,0.434,0.895,-1.474,5,7,10,HIGH,2
29,32,MALL_CONCERT_STAGE,200,0.738,0.93,0.382,82.34,0.334,0.76,-0.552,7,11,6,WARNING,1
29,33,MALL_CONCERT_STAGE,176,0.681,0.792,0.334,84.47,0.358,0.759,-0.762,4,14,7,WARNING,1
29,34,FESTIVAL_CORRIDOR,185,0.694,0.802,0.334,73.68,0.363,0.756,-0.908,4,7,5,WARNING,1
29,35,LIVE_PERFORMANCE_ZONE,217,0.853,0.686,0.464,89.28,0.396,0.886,-0.635,8,8,17,WARNING,1
29,36,MALL_CONCERT_STAGE,222,0.879,0.535,0.447,74.5,0.395,0.74,-0.606,6,8,10,WARNING,1
29,37,MALL_CONCERT_STAGE,217,0.886,0.755,0.511,83.43,0.376,0.849,-1.26,10,13,12,WARNING,1
29,38,FESTIVAL_CORRIDOR,205,0.812,0.596,0.448,93.55,0.376,0.82,-0.842,8,14,10,WARNING,1
29,39,FESTIVAL_CORRIDOR,218,0.881,0.566,0.43,95.12,0.434,0.851,-0.661,7,16,5,WARNING,1
29,40,FESTIVAL_CORRIDOR,213,0.837,0.62,0.446,77.11,0.4,0.768,-1.468,6,14,7,WARNING,1
29,41,LIVE_PERFORMANCE_ZONE,219,0.855,0.576,0.496,84.68,0.388,0.869,-1.211,3,12,8,WARNING,1
29,42,LIVE_PERFORMANCE_ZONE,207,0.815,0.711,0.491,92.99,0.362,0.855,-1.196,9,15,9,WARNING,1
29,43,EVENT_ATRIUM,226,0.854,0.646,0.478,79.3,0.451,0.696,-1.29,7,13,12,WARNING,1
29,44,LIVE_PERFORMANCE_ZONE,214,0.815,0.657,0.444,75.31,0.424,0.79,-1.112,6,13,10,WARNING,1
29,45,MALL_CONCERT_STAGE,206,0.789,0.762,0.474,90.05,0.383,0.781,-0.71,6,14,9,WARNING,1
29,46,MALL_CONCERT_STAGE,203,0.742,0.802,0.438,81.37,0.355,0.737,-1.155,11,7,8,WARNING,1
29,47,EVENT_ATRIUM,220,0.881,0.56,0.501,88.53,0.453,0.836,-1.057,4,11,5,WARNING,1
29,48,LIVE_PERFORMANCE_ZONE,214,0.783,0.754,0.545,76.68,0.401,0.735,-1.05,5,7,6,WARNING,1
29,49,EVENT_ATRIUM,214,0.821,0.671,0.506,83.16,0.323,0.781,-0.665,10,14,14,WARNING,1
29,50,LIVE_PERFORMANCE_ZONE,241,0.938,0.49,0.564,100.67,0.38,0.791,-0.871,7,14,8,WARNING,1
29,51,MALL_CONCERT_STAGE,271,1,0.558,0.541,100.49,0.479,0.879,-1.071,8,19,16,HIGH,2
29,52,MALL_CONCERT_STAGE,249,0.949,0.609,0.531,94.05,0.534,0.886,-1.005,11,15,11,HIGH,2
29,53,FESTIVAL_CORRIDOR,243,0.937,0.473,0.418,80.88,0.392,0.805,-0.979,6,10,9,WARNING,1
29,54,MALL_CONCERT_STAGE,258,1,0.514,0.545,90.88,0.498,0.87,-0.928,5,9,13,HIGH,2
29,55,FESTIVAL_CORRIDOR,242,0.933,0.634,0.558,102.22,0.458,0.877,-1.074,6,20,8,HIGH,2
29,56,FESTIVAL_CORRIDOR,254,0.977,0.462,0.583,89.69,0.499,0.881,-0.965,6,13,16,HIGH,2
29,57,LIVE_PERFORMANCE_ZONE,251,0.995,0.527,0.622,89.33,0.473,0.873,-0.854,6,10,13,HIGH,2
29,58,EVENT_ATRIUM,251,0.983,0.608,0.539,102.72,0.459,0.956,-1.427,7,16,11,HIGH,2
29,59,EVENT_ATRIUM,255,0.941,0.533,0.498,97.89,0.428,0.872,-0.887,4,12,12,HIGH,2
29,60,LIVE_PERFORMANCE_ZONE,247,0.945,0.517,0.631,82.39,0.48,0.838,-1.24,6,9,9,HIGH,2
29,61,MALL_CONCERT_STAGE,265,0.994,0.549,0.585,104.07,0.474,0.947,-1.208,7,15,19,HIGH,2
29,62,MALL_CONCERT_STAGE,265,1,0.517,0.505,120.14,0.483,0.891,-1.126,13,11,8,HIGH,2
29,63,EVENT_ATRIUM,262,1,0.579,0.578,96.87,0.448,0.938,-1.422,9,13,12,HIGH,2
29,64,MALL_CONCERT_STAGE,259,0.98,0.369,0.541,97.04,0.545,0.843,-0.994,14,11,13,HIGH,2
29,65,MALL_CONCERT_STAGE,261,1,0.583,0.504,92.15,0.515,0.808,-0.784,3,14,12,HIGH,2
29,66,EVENT_ATRIUM,242,0.872,0.605,0.441,94.67,0.376,0.854,-1.118,6,21,11,WARNING,1
29,67,MALL_CONCERT_STAGE,248,0.954,0.592,0.508,104.73,0.419,0.846,-0.145,5,6,12,HIGH,2
29,68,LIVE_PERFORMANCE_ZONE,250,0.922,0.767,0.505,84.87,0.428,0.85,-1.323,7,18,8,WARNING,1
29,69,LIVE_PERFORMANCE_ZONE,236,0.919,0.563,0.482,101.48,0.473,0.74,-0.859,8,14,12,WARNING,1
29,70,MALL_CONCERT_STAGE,256,0.984,0.669,0.428,95.82,0.428,0.833,-1.218,5,22,7,HIGH,2
29,71,MALL_CONCERT_STAGE,232,0.896,0.538,0.504,94.96,0.351,0.879,-1.048,8,16,10,WARNING,1
29,72,LIVE_PERFORMANCE_ZONE,237,0.932,0.605,0.553,90.37,0.454,0.82,-1.057,10,14,9,HIGH,2
29,73,FESTIVAL_CORRIDOR,241,0.887,0.618,0.523,79.07,0.462,0.859,-0.481,7,5,11,WARNING,1
29,74,LIVE_PERFORMANCE_ZONE,231,0.899,0.53,0.464,81.21,0.433,0.863,-1.044,9,12,5,WARNING,1
29,75,EVENT_ATRIUM,239,0.922,0.616,0.489,106.58,0.437,0.833,-1.031,8,10,9,HIGH,2
29,76,FESTIVAL_CORRIDOR,236,0.912,0.471,0.488,97.59,0.415,0.752,-1.104,7,12,13,WARNING,1
29,77,FESTIVAL_CORRIDOR,228,0.864,0.564,0.511,97.88,0.34,0.84,0,2,11,11,WARNING,1
29,78,MALL_CONCERT_STAGE,241,0.963,0.488,0.491,84.89,0.608,0.848,-0.967,9,13,9,HIGH,2
29,79,EVENT_ATRIUM,206,0.769,0.686,0.424,69.06,0.428,0.794,-0.61,2,12,6,WARNING,1
29,80,MALL_CONCERT_STAGE,213,0.847,0.509,0.496,79.13,0.462,0.905,-0.974,7,11,13,WARNING,1
29,81,EVENT_ATRIUM,221,0.856,0.612,0.413,75.97,0.396,0.786,-1.093,7,12,14,WARNING,1
29,82,EVENT_ATRIUM,208,0.795,0.671,0.473,72.12,0.367,0.843,-0.471,6,12,11,WARNING,1
29,83,FESTIVAL_CORRIDOR,200,0.77,0.671,0.48,75.56,0.336,0.886,-0.361,5,13,9,WARNING,1
29,84,LIVE_PERFORMANCE_ZONE,216,0.827,0.866,0.36,87.76,0.294,0.801,-0.701,9,7,11,WARNING,1
29,85,MALL_CONCERT_STAGE,197,0.718,0.769,0.455,74.4,0.391,0.831,-0.091,5,8,9,WARNING,1
29,86,FESTIVAL_CORRIDOR,215,0.806,0.708,0.369,73.87,0.367,0.803,-0.829,8,12,8,WARNING,1
29,87,MALL_CONCERT_STAGE,182,0.716,0.644,0.402,68.66,0.342,0.736,-0.672,5,10,11,WARNING,1
29,88,LIVE_PERFORMANCE_ZONE,197,0.788,0.708,0.391,77.32,0.407,0.785,-0.83,8,11,8,WARNING,1
29,89,LIVE_PERFORMANCE_ZONE,197,0.742,0.825,0.405,77.3,0.404,0.802,-0.894,5,7,9,WARNING,1
30,0,EVENT_ATRIUM,208,0.805,0.829,0.51,80.93,0.398,0.881,-1.038,7,9,4,WARNING,1
30,1,EVENT_ATRIUM,190,0.683,0.85,0.372,73.06,0.389,0.65,-1.137,5,13,12,WARNING,1
30,2,LIVE_PERFORMANCE_ZONE,191,0.722,0.881,0.338,77.46,0.323,0.717,-0.765,5,11,3,WARNING,1
30,3,LIVE_PERFORMANCE_ZONE,213,0.826,0.59,0.48,97.93,0.389,0.724,-0.606,6,9,9,WARNING,1
30,4,EVENT_ATRIUM,204,0.822,0.704,0.488,87.86,0.382,0.788,-0.709,3,11,11,WARNING,1
30,5,LIVE_PERFORMANCE_ZONE,202,0.744,0.818,0.32,76.87,0.377,0.707,-0.691,5,10,9,WARNING,1
30,6,LIVE_PERFORMANCE_ZONE,198,0.739,0.761,0.358,66.16,0.346,0.773,-0.6,2,11,4,WARNING,1
30,7,EVENT_ATRIUM,209,0.843,0.721,0.37,89.33,0.358,0.767,-0.702,6,7,7,WARNING,1
30,8,FESTIVAL_CORRIDOR,198,0.82,0.717,0.421,86.05,0.327,0.821,-0.961,10,7,9,WARNING,1
30,9,EVENT_ATRIUM,204,0.809,0.757,0.446,76.53,0.406,0.726,-0.674,4,10,6,WARNING,1
30,10,MALL_CONCERT_STAGE,194,0.746,0.741,0.4,76.36,0.369,0.836,-0.281,7,9,7,WARNING,1
30,11,MALL_CONCERT_STAGE,210,0.846,0.704,0.483,96.33,0.459,0.912,-0.92,7,7,13,WARNING,1
30,12,EVENT_ATRIUM,216,0.835,0.681,0.431,76.21,0.437,0.87,-1.28,6,10,14,WARNING,1
30,13,LIVE_PERFORMANCE_ZONE,202,0.794,0.704,0.482,74.79,0.368,0.793,-0.768,5,11,6,WARNING,1
30,14,EVENT_ATRIUM,194,0.765,0.924,0.454,83.82,0.37,0.809,-1.112,2,7,10,WARNING,1
30,15,EVENT_ATRIUM,197,0.759,0.716,0.463,85.23,0.325,0.78,-1.615,6,13,9,WARNING,1
30,16,MALL_CONCERT_STAGE,215,0.834,0.923,0.472,96.71,0.363,0.81,-0.467,3,11,16,WARNING,1
30,17,LIVE_PERFORMANCE_ZONE,217,0.875,0.739,0.423,89.95,0.364,0.805,-1.068,5,11,10,WARNING,1
30,18,LIVE_PERFORMANCE_ZONE,192,0.725,0.775,0.378,77.11,0.394,0.768,-1.137,2,11,9,WARNING,1
30,19,FESTIVAL_CORRIDOR,195,0.773,0.646,0.44,78.77,0.415,0.747,-0.881,10,14,9,WARNING,1
30,20,MALL_CONCERT_STAGE,210,0.856,0.699,0.516,83.97,0.329,0.791,-0.898,5,8,10,WARNING,1
30,21,MALL_CONCERT_STAGE,186,0.748,0.761,0.354,85.23,0.361,0.808,-0.883,4,8,9,WARNING,1
30,22,FESTIVAL_CORRIDOR,207,0.808,0.743,0.456,74.35,0.43,0.792,-1.383,4,7,14,WARNING,1
30,23,FESTIVAL_CORRIDOR,213,0.878,0.771,0.498,85.33,0.437,0.817,-1.127,6,10,14,WARNING,1
30,24,LIVE_PERFORMANCE_ZONE,228,0.888,0.703,0.415,92.18,0.416,0.852,-0.976,7,11,10,WARNING,1
30,25,FESTIVAL_CORRIDOR,224,0.869,0.623,0.501,97.67,0.419,0.938,-0.754,12,13,11,WARNING,1
30,26,MALL_CONCERT_STAGE,208,0.791,0.776,0.44,91.6,0.337,0.719,-0.9,3,9,9,WARNING,1
30,27,EVENT_ATRIUM,215,0.858,0.554,0.443,83.21,0.457,0.836,-0.018,5,6,11,WARNING,1
30,28,MALL_CONCERT_STAGE,184,0.66,0.904,0.384,81.5,0.319,0.716,-0.973,3,7,7,WARNING,1
30,29,FESTIVAL_CORRIDOR,200,0.761,0.699,0.528,79.52,0.427,0.781,-0.692,2,9,9,WARNING,1
30,30,MALL_CONCERT_STAGE,229,0.824,0.637,0.501,79.18,0.438,0.804,-0.823,6,8,13,WARNING,1
30,31,FESTIVAL_CORRIDOR,215,0.848,0.595,0.46,90.46,0.44,0.882,-0.738,4,9,10,WARNING,1
30,32,FESTIVAL_CORRIDOR,217,0.833,0.722,0.492,85.51,0.408,0.804,-0.54,9,15,6,WARNING,1
30,33,EVENT_ATRIUM,226,0.855,0.587,0.554,79.95,0.387,0.823,-0.755,2,12,11,WARNING,1
30,34,EVENT_ATRIUM,237,0.901,0.638,0.461,82.33,0.468,0.809,-0.449,11,10,11,WARNING,1
30,35,EVENT_ATRIUM,223,0.852,0.741,0.517,90.69,0.433,0.819,-0.784,7,12,11,WARNING,1
30,36,EVENT_ATRIUM,243,0.923,0.543,0.5,91.24,0.474,0.855,-0.982,7,14,11,HIGH,2
30,37,MALL_CONCERT_STAGE,240,0.923,0.616,0.502,92.32,0.495,0.911,-0.689,10,9,20,HIGH,2
30,38,EVENT_ATRIUM,251,0.931,0.68,0.522,90.41,0.451,0.819,-1.22,6,15,9,WARNING,1
30,39,LIVE_PERFORMANCE_ZONE,245,0.964,0.6,0.535,101.28,0.484,0.908,-0.498,7,14,16,HIGH,2
30,40,MALL_CONCERT_STAGE,250,0.888,0.646,0.436,91.57,0.427,0.833,-0.539,4,7,14,WARNING,1
30,41,LIVE_PERFORMANCE_ZONE,228,0.923,0.543,0.567,87.2,0.463,0.884,-0.991,8,14,8,HIGH,2
30,42,EVENT_ATRIUM,231,0.911,0.616,0.509,89.44,0.415,0.871,-0.511,5,10,15,WARNING,1
30,43,EVENT_ATRIUM,247,0.934,0.675,0.582,86.96,0.481,0.845,-1.421,8,7,10,HIGH,2
30,44,MALL_CONCERT_STAGE,243,0.92,0.617,0.462,86.44,0.395,0.849,-1.245,9,12,18,WARNING,1
30,45,EVENT_ATRIUM,267,1,0.491,0.54,92.8,0.543,0.865,-1.107,5,9,8,HIGH,2
30,46,FESTIVAL_CORRIDOR,272,1,0.41,0.489,98.15,0.502,0.802,-0.648,6,18,8,HIGH,2
30,47,MALL_CONCERT_STAGE,278,1,0.434,0.497,101.43,0.504,0.906,-1.406,7,18,16,HIGH,2
30,48,EVENT_ATRIUM,268,1,0.511,0.515,103.28,0.512,0.994,-0.076,5,23,10,HIGH,2
30,49,FESTIVAL_CORRIDOR,260,1,0.507,0.58,91.54,0.513,0.874,-0.279,5,13,13,HIGH,2
30,50,FESTIVAL_CORRIDOR,255,0.948,0.441,0.551,86.52,0.437,0.906,-0.49,6,11,9,HIGH,2
30,51,FESTIVAL_CORRIDOR,263,1,0.53,0.595,91.51,0.501,0.94,-1.381,6,12,12,HIGH,2
30,52,MALL_CONCERT_STAGE,242,0.934,0.568,0.576,95.3,0.461,0.869,-1.309,3,10,10,HIGH,2
30,53,LIVE_PERFORMANCE_ZONE,267,1,0.322,0.507,89.56,0.431,0.925,-0.291,13,11,8,HIGH,2
30,54,LIVE_PERFORMANCE_ZONE,241,0.937,0.499,0.514,103.31,0.445,0.941,-1.108,6,12,13,HIGH,2
30,55,MALL_CONCERT_STAGE,279,1,0.522,0.652,93.27,0.44,0.915,-0.592,5,11,11,HIGH,2
30,56,MALL_CONCERT_STAGE,268,1,0.619,0.459,103.34,0.481,0.892,-1.372,4,9,11,HIGH,2
30,57,FESTIVAL_CORRIDOR,281,1,0.398,0.538,98.66,0.484,0.946,-0.845,8,13,9,HIGH,2
30,58,LIVE_PERFORMANCE_ZONE,254,1,0.519,0.449,103.16,0.538,0.948,-0.562,8,18,10,HIGH,2
30,59,LIVE_PERFORMANCE_ZONE,237,0.921,0.658,0.525,93.96,0.469,0.861,-0.795,7,12,8,HIGH,2
30,60,MALL_CONCERT_STAGE,241,0.927,0.668,0.45,95.65,0.461,0.776,-1.426,11,8,10,WARNING,1
30,61,MALL_CONCERT_STAGE,254,0.95,0.519,0.484,101.21,0.549,0.906,-0.373,8,10,14,HIGH,2
30,62,LIVE_PERFORMANCE_ZONE,247,0.918,0.651,0.514,96.24,0.469,0.816,-1.063,6,18,11,HIGH,2
30,63,FESTIVAL_CORRIDOR,236,0.946,0.507,0.468,106.94,0.396,0.941,-0.944,5,10,8,HIGH,2
30,64,EVENT_ATRIUM,231,0.849,0.639,0.502,90.43,0.405,0.817,-1.503,6,12,13,WARNING,1
30,65,EVENT_ATRIUM,243,0.964,0.466,0.463,98.96,0.401,0.895,-1.24,8,9,16,HIGH,2
30,66,FESTIVAL_CORRIDOR,235,0.921,0.543,0.465,80.78,0.459,0.87,-1.154,1,12,6,WARNING,1
30,67,EVENT_ATRIUM,230,0.905,0.569,0.451,91.73,0.436,0.902,-0.482,8,10,14,WARNING,1
30,68,MALL_CONCERT_STAGE,217,0.803,0.756,0.455,95.15,0.396,0.828,-0.786,5,8,7,WARNING,1
30,69,EVENT_ATRIUM,222,0.877,0.707,0.449,85.21,0.354,0.838,-0.031,6,10,6,WARNING,1
30,70,LIVE_PERFORMANCE_ZONE,218,0.881,0.628,0.524,92.1,0.469,0.916,-1.627,4,12,5,HIGH,2
30,71,EVENT_ATRIUM,209,0.802,0.705,0.433,72.19,0.462,0.819,-1.109,6,13,12,WARNING,1
30,72,LIVE_PERFORMANCE_ZONE,211,0.847,0.727,0.443,96.7,0.407,0.817,-0.764,9,7,9,WARNING,1
30,73,MALL_CONCERT_STAGE,206,0.743,0.837,0.505,87.63,0.358,0.783,-0.708,3,3,5,WARNING,1
30,74,EVENT_ATRIUM,189,0.69,0.784,0.341,63.25,0.331,0.826,-0.448,6,14,11,WARNING,1
30,75,MALL_CONCERT_STAGE,223,0.809,0.724,0.451,77.61,0.436,0.806,-0.234,5,10,8,WARNING,1
30,76,FESTIVAL_CORRIDOR,211,0.827,0.57,0.492,78.76,0.38,0.802,-0.411,5,13,7,WARNING,1
30,77,EVENT_ATRIUM,212,0.856,0.538,0.459,87.32,0.433,0.778,-0.739,7,8,13,WARNING,1
30,78,MALL_CONCERT_STAGE,195,0.723,0.721,0.364,71.29,0.292,0.836,-0.722,2,15,9,WARNING,1
30,79,MALL_CONCERT_STAGE,196,0.758,0.654,0.402,81.66,0.357,0.73,-0.776,8,3,8,WARNING,1
30,80,FESTIVAL_CORRIDOR,203,0.779,0.666,0.471,82.2,0.31,0.807,-0.773,4,14,11,WARNING,1
30,81,LIVE_PERFORMANCE_ZONE,226,0.857,0.554,0.493,80.82,0.411,0.83,-0.236,10,11,13,WARNING,1
30,82,FESTIVAL_CORRIDOR,206,0.845,0.701,0.369,83.57,0.494,0.831,-1.027,7,14,10,WARNING,1
30,83,FESTIVAL_CORRIDOR,214,0.806,0.845,0.502,82.78,0.339,0.758,-0.911,5,9,11,WARNING,1
30,84,FESTIVAL_CORRIDOR,205,0.815,0.694,0.482,99.89,0.317,0.776,-0.617,8,12,13,WARNING,1
30,85,MALL_CONCERT_STAGE,205,0.717,0.783,0.337,67.96,0.354,0.789,-0.305,12,8,11,WARNING,1
30,86,EVENT_ATRIUM,194,0.76,0.749,0.386,73.99,0.328,0.784,-0.815,6,8,10,WARNING,1
30,87,FESTIVAL_CORRIDOR,197,0.737,0.818,0.326,74.18,0.3,0.781,-1.136,6,10,11,WARNING,1
30,88,FESTIVAL_CORRIDOR,224,0.872,0.498,0.467,72.89,0.418,0.806,-1.528,4,10,13,WARNING,1
30,89,EVENT_ATRIUM,216,0.804,0.689,0.4,75.36,0.349,0.762,-0.128,11,8,12,WARNING,1
31,0,EVENT_ATRIUM,92,0.366,1.383,0.216,56.14,0.167,0.499,-0.626,6,6,6,SAFE,0
31,1,EVENT_ATRIUM,110,0.368,1.111,0.22,41.66,0.172,0.615,-0.871,6,4,6,SAFE,0
31,2,FESTIVAL_CORRIDOR,118,0.421,1.188,0.154,40.51,0.236,0.533,-0.474,2,7,4,SAFE,0
31,3,LIVE_PERFORMANCE_ZONE,98,0.352,1.109,0.157,60.78,0.154,0.529,-0.517,4,5,5,SAFE,0
31,4,FESTIVAL_CORRIDOR,102,0.414,1.138,0.271,59.18,0.135,0.596,0.109,4,2,9,SAFE,0
31,5,EVENT_ATRIUM,102,0.394,1.314,0.247,46.62,0.247,0.527,-0.307,2,5,4,SAFE,0
31,6,MALL_CONCERT_STAGE,90,0.298,1.324,0.212,39.75,0.113,0.504,-0.327,3,7,2,SAFE,0
31,7,LIVE_PERFORMANCE_ZONE,100,0.386,1.19,0.182,51.14,0.133,0.496,-0.577,5,3,3,SAFE,0
31,8,MALL_CONCERT_STAGE,107,0.418,1.104,0.202,47.62,0.134,0.67,-0.289,2,4,4,SAFE,0
31,9,MALL_CONCERT_STAGE,100,0.38,1.256,0.222,44.69,0.162,0.562,-0.506,1,6,4,SAFE,0
31,10,LIVE_PERFORMANCE_ZONE,110,0.44,1.243,0.281,54.3,0.274,0.543,-0.645,5,9,8,SAFE,0
31,11,MALL_CONCERT_STAGE,96,0.371,1.141,0.225,54.4,0.161,0.568,-0.546,6,8,4,SAFE,0
31,12,MALL_CONCERT_STAGE,89,0.356,1.191,0.196,44.67,0.26,0.547,-0.549,9,4,4,SAFE,0
31,13,LIVE_PERFORMANCE_ZONE,97,0.372,1.269,0.235,39.05,0.215,0.54,-0.227,5,7,6,SAFE,0
31,14,EVENT_ATRIUM,117,0.435,1.118,0.221,57.62,0.204,0.632,-0.203,5,9,6,SAFE,0
31,15,MALL_CONCERT_STAGE,102,0.367,1.166,0.192,55.54,0.203,0.488,-0.138,4,4,1,SAFE,0
31,16,LIVE_PERFORMANCE_ZONE,118,0.437,1.017,0.241,41.78,0.212,0.592,-0.672,3,3,6,SAFE,0
31,17,FESTIVAL_CORRIDOR,116,0.464,1.054,0.268,46.69,0.137,0.641,-0.718,3,9,1,SAFE,0
31,18,FESTIVAL_CORRIDOR,94,0.326,1.108,0.197,33.37,0.186,0.495,-0.642,4,6,7,SAFE,0
31,19,MALL_CONCERT_STAGE,118,0.456,1.056,0.362,44.59,0.226,0.585,-0.361,5,6,2,SAFE,0
31,20,LIVE_PERFORMANCE_ZONE,118,0.525,1.029,0.332,60.15,0.317,0.618,-0.505,10,8,1,SAFE,0
31,21,FESTIVAL_CORRIDOR,105,0.423,1.02,0.278,51.73,0.208,0.598,-0.992,3,4,3,SAFE,0
31,22,EVENT_ATRIUM,107,0.444,1.036,0.241,45.82,0.246,0.583,-0.588,1,7,2,SAFE,0
31,23,EVENT_ATRIUM,115,0.453,0.962,0.223,51.96,0.172,0.578,-1.175,2,5,4,SAFE,0
31,24,FESTIVAL_CORRIDOR,96,0.363,1.257,0.211,53.15,0.246,0.551,-0.405,6,7,6,SAFE,0
31,25,LIVE_PERFORMANCE_ZONE,103,0.417,1.078,0.186,44.43,0.16,0.613,-0.702,7,5,4,SAFE,0
31,26,FESTIVAL_CORRIDOR,74,0.256,1.364,0.065,32.92,0.095,0.518,-0.352,3,4,4,SAFE,0
31,27,FESTIVAL_CORRIDOR,95,0.361,1.115,0.24,40.31,0.195,0.584,-0.549,3,4,3,SAFE,0
31,28,MALL_CONCERT_STAGE,98,0.345,1.094,0.127,36.41,0.191,0.413,-0.425,9,4,4,SAFE,0
31,29,EVENT_ATRIUM,102,0.389,1.161,0.127,36.61,0.145,0.548,-0.705,7,9,2,SAFE,0
31,30,LIVE_PERFORMANCE_ZONE,126,0.472,1.079,0.346,50.93,0.234,0.644,-0.749,8,7,4,SAFE,0
31,31,MALL_CONCERT_STAGE,97,0.346,1.096,0.225,28.3,0.059,0.553,-0.406,9,3,7,SAFE,0
31,32,EVENT_ATRIUM,104,0.36,1.2,0.212,56.84,0.176,0.507,-1.148,6,5,7,SAFE,0
31,33,MALL_CONCERT_STAGE,127,0.465,1.099,0.349,45.64,0.232,0.567,-0.537,7,3,7,SAFE,0
31,34,MALL_CONCERT_STAGE,103,0.393,1.232,0.318,60.16,0.196,0.525,-1.051,5,4,3,SAFE,0
31,35,FESTIVAL_CORRIDOR,110,0.429,1.207,0.166,43.3,0.214,0.554,-0.654,8,6,6,SAFE,0
31,36,MALL_CONCERT_STAGE,102,0.383,1.273,0.147,41.63,0.1,0.62,-0.4,5,1,9,SAFE,0
31,37,FESTIVAL_CORRIDOR,119,0.508,1.072,0.256,63.12,0.252,0.715,-1.344,3,7,5,SAFE,0
31,38,FESTIVAL_CORRIDOR,99,0.4,1.198,0.307,59.52,0.173,0.518,-1.016,6,8,3,SAFE,0
31,39,LIVE_PERFORMANCE_ZONE,117,0.412,1.259,0.313,38.74,0.208,0.552,-0.964,6,5,6,SAFE,0
31,40,FESTIVAL_CORRIDOR,124,0.478,1.063,0.325,64.78,0.237,0.617,-0.354,6,6,12,SAFE,0
31,41,EVENT_ATRIUM,89,0.395,1.116,0.18,51.77,0.181,0.555,-0.316,5,3,4,SAFE,0
31,42,MALL_CONCERT_STAGE,91,0.382,1.266,0.174,53.53,0.218,0.559,-0.172,1,6,3,SAFE,0
31,43,EVENT_ATRIUM,135,0.494,1.078,0.303,52.12,0.228,0.629,-0.995,5,11,7,SAFE,0
31,44,MALL_CONCERT_STAGE,126,0.478,1.085,0.214,60.77,0.224,0.597,-0.089,4,7,6,SAFE,0
31,45,MALL_CONCERT_STAGE,113,0.448,0.991,0.18,51.98,0.251,0.562,-0.283,6,5,4,SAFE,0
31,46,MALL_CONCERT_STAGE,114,0.415,1.065,0.255,53.67,0.178,0.62,-0.607,10,3,6,SAFE,0
31,47,MALL_CONCERT_STAGE,138,0.578,0.977,0.437,57.89,0.28,0.742,-0.698,7,8,10,WARNING,1
31,48,FESTIVAL_CORRIDOR,123,0.504,0.906,0.204,68.04,0.175,0.673,-0.137,5,3,4,SAFE,0
31,49,LIVE_PERFORMANCE_ZONE,119,0.473,0.951,0.256,53.04,0.259,0.637,-0.412,6,2,2,SAFE,0
31,50,MALL_CONCERT_STAGE,130,0.485,0.985,0.373,60.89,0.25,0.568,-0.964,5,3,5,SAFE,0
31,51,FESTIVAL_CORRIDOR,123,0.457,1.113,0.249,51.34,0.264,0.538,-1.202,7,6,3,SAFE,0
31,52,MALL_CONCERT_STAGE,117,0.427,1.216,0.323,52.21,0.215,0.555,-0.632,4,11,5,SAFE,0
31,53,LIVE_PERFORMANCE_ZONE,155,0.553,0.878,0.29,67.01,0.242,0.674,-0.57,8,7,2,SAFE,0
31,54,LIVE_PERFORMANCE_ZONE,141,0.575,0.918,0.367,62.34,0.292,0.682,-1.297,3,4,4,SAFE,0
31,55,FESTIVAL_CORRIDOR,140,0.516,0.96,0.278,60.42,0.233,0.552,-1.108,3,4,4,SAFE,0
31,56,MALL_CONCERT_STAGE,136,0.561,1.023,0.344,60.28,0.301,0.674,-0.575,4,4,0,SAFE,0
31,57,FESTIVAL_CORRIDOR,134,0.465,1.052,0.305,53.99,0.231,0.558,-0.526,3,7,5,SAFE,0
31,58,EVENT_ATRIUM,167,0.586,1.066,0.264,66.99,0.306,0.753,-0.505,4,14,7,SAFE,0
31,59,LIVE_PERFORMANCE_ZONE,155,0.585,1.077,0.358,64.64,0.268,0.634,-0.835,5,7,3,SAFE,0
31,60,FESTIVAL_CORRIDOR,158,0.613,1.026,0.363,79.31,0.285,0.65,-0.529,7,6,11,WARNING,1
31,61,EVENT_ATRIUM,145,0.524,1.003,0.316,51.84,0.234,0.611,-0.58,6,7,7,SAFE,0
31,62,LIVE_PERFORMANCE_ZONE,151,0.588,0.859,0.366,74.73,0.326,0.707,-0.523,6,9,2,WARNING,1
31,63,LIVE_PERFORMANCE_ZONE,149,0.546,0.869,0.269,61.81,0.237,0.637,-1.227,8,5,8,SAFE,0
31,64,FESTIVAL_CORRIDOR,167,0.691,0.839,0.343,86.5,0.341,0.729,-0.825,4,7,6,WARNING,1
31,65,FESTIVAL_CORRIDOR,140,0.545,0.878,0.337,59.56,0.243,0.626,-0.408,3,10,6,SAFE,0
31,66,LIVE_PERFORMANCE_ZONE,154,0.591,1.037,0.28,58.88,0.293,0.607,-0.908,6,9,6,SAFE,0
31,67,EVENT_ATRIUM,165,0.659,0.885,0.366,73.41,0.403,0.785,-0.575,2,5,7,WARNING,1
31,68,MALL_CONCERT_STAGE,168,0.63,0.944,0.364,53.92,0.304,0.767,-0.18,3,17,13,WARNING,1
31,69,EVENT_ATRIUM,166,0.681,0.864,0.382,78.55,0.269,0.717,-0.867,5,5,9,WARNING,1
31,70,FESTIVAL_CORRIDOR,172,0.648,0.964,0.419,64.87,0.35,0.664,-0.752,6,8,8,WARNING,1
31,71,EVENT_ATRIUM,163,0.62,0.899,0.238,73.12,0.276,0.676,-0.702,5,10,8,SAFE,0
31,72,MALL_CONCERT_STAGE,169,0.642,0.874,0.424,80.97,0.33,0.673,-0.133,2,6,10,WARNING,1
31,73,FESTIVAL_CORRIDOR,158,0.573,0.863,0.175,57.49,0.271,0.672,-0.585,5,6,11,SAFE,0
31,74,FESTIVAL_CORRIDOR,177,0.711,0.709,0.386,72.01,0.339,0.795,-0.902,5,18,12,WARNING,1
31,75,MALL_CONCERT_STAGE,180,0.711,0.692,0.393,76.08,0.422,0.75,-1.345,4,9,5,WARNING,1
31,76,FESTIVAL_CORRIDOR,150,0.589,0.992,0.262,71.56,0.337,0.617,-0.661,5,6,7,SAFE,0
31,77,FESTIVAL_CORRIDOR,146,0.557,0.994,0.291,60.55,0.257,0.594,-0.876,4,7,8,SAFE,0
31,78,LIVE_PERFORMANCE_ZONE,151,0.595,0.974,0.356,68.09,0.272,0.678,-0.906,5,5,10,SAFE,0
31,79,FESTIVAL_CORRIDOR,133,0.468,0.939,0.273,69.41,0.269,0.595,-0.53,4,6,6,SAFE,0
31,80,FESTIVAL_CORRIDOR,137,0.49,1.004,0.36,49.42,0.199,0.626,-0.96,2,11,8,SAFE,0
31,81,FESTIVAL_CORRIDOR,136,0.504,1.081,0.308,57.12,0.217,0.635,-0.631,3,9,6,SAFE,0
31,82,FESTIVAL_CORRIDOR,152,0.519,1.039,0.279,53.06,0.256,0.676,-0.584,6,10,8,SAFE,0
31,83,FESTIVAL_CORRIDOR,164,0.619,0.836,0.309,60.45,0.264,0.767,-0.842,8,7,9,SAFE,0
31,84,MALL_CONCERT_STAGE,144,0.574,1.042,0.326,58.82,0.308,0.647,-0.416,5,5,5,SAFE,0
31,85,MALL_CONCERT_STAGE,128,0.521,0.993,0.321,66.49,0.28,0.693,-0.617,6,5,5,SAFE,0
31,86,FESTIVAL_CORRIDOR,118,0.444,1.142,0.249,54.91,0.204,0.552,-0.663,2,6,3,SAFE,0
31,87,FESTIVAL_CORRIDOR,136,0.479,1.075,0.247,56.93,0.223,0.628,-1.193,6,4,7,SAFE,0
31,88,EVENT_ATRIUM,117,0.433,1.067,0.194,52.29,0.195,0.586,-0.403,2,8,5,SAFE,0
31,89,MALL_CONCERT_STAGE,121,0.475,1.001,0.3,60.43,0.268,0.608,-1.175,5,6,6,SAFE,0
32,0,EVENT_ATRIUM,123,0.462,1.085,0.215,59.27,0.258,0.556,-0.487,5,9,8,SAFE,0
32,1,EVENT_ATRIUM,139,0.501,0.977,0.313,44.69,0.284,0.545,-0.509,2,6,5,SAFE,0
32,2,LIVE_PERFORMANCE_ZONE,133,0.531,0.985,0.337,57.33,0.295,0.608,0.195,8,9,4,SAFE,0
32,3,MALL_CONCERT_STAGE,133,0.535,1.005,0.259,53.7,0.272,0.673,-0.918,6,9,5,SAFE,0
32,4,EVENT_ATRIUM,118,0.472,1.16,0.326,46.73,0.275,0.546,-0.428,5,7,4,SAFE,0
32,5,FESTIVAL_CORRIDOR,111,0.393,1.322,0.203,34.44,0.199,0.508,-0.08,4,9,4,SAFE,0
32,6,FESTIVAL_CORRIDOR,149,0.556,0.98,0.432,49.89,0.233,0.71,-0.604,4,8,9,SAFE,0
32,7,FESTIVAL_CORRIDOR,129,0.465,1.251,0.309,56.19,0.257,0.599,0.042,8,7,10,SAFE,0
32,8,MALL_CONCERT_STAGE,134,0.508,0.949,0.302,64.19,0.23,0.522,-0.037,5,4,5,SAFE,0
32,9,FESTIVAL_CORRIDOR,129,0.508,0.976,0.326,55.36,0.191,0.624,-0.69,3,8,6,SAFE,0
32,10,EVENT_ATRIUM,137,0.526,1.063,0.252,69.6,0.301,0.581,-0.842,8,9,7,SAFE,0
32,11,MALL_CONCERT_STAGE,119,0.457,1.143,0.271,64.22,0.242,0.615,-0.634,3,10,5,SAFE,0
32,12,EVENT_ATRIUM,131,0.511,1.083,0.292,61.41,0.274,0.606,-0.222,2,7,6,SAFE,0
32,13,LIVE_PERFORMANCE_ZONE,131,0.484,1.06,0.312,63.5,0.139,0.659,-1.162,5,7,5,SAFE,0
32,14,EVENT_ATRIUM,126,0.491,1.071,0.242,51.24,0.242,0.55,-0.967,5,7,9,SAFE,0
32,15,MALL_CONCERT_STAGE,119,0.457,1.092,0.266,48.31,0.253,0.676,-0.583,4,4,6,SAFE,0
32,16,LIVE_PERFORMANCE_ZONE,141,0.56,1.134,0.309,68.71,0.251,0.672,-0.77,10,11,7,SAFE,0
32,17,MALL_CONCERT_STAGE,164,0.654,0.934,0.273,67.13,0.324,0.687,-1.044,2,6,6,WARNING,1
32,18,FESTIVAL_CORRIDOR,143,0.627,0.766,0.296,71.09,0.262,0.803,-1.076,2,7,7,WARNING,1
32,19,FESTIVAL_CORRIDOR,151,0.629,0.783,0.4,76.32,0.27,0.726,-1.239,5,8,10,WARNING,1
32,20,FESTIVAL_CORRIDOR,146,0.559,1.056,0.245,63.69,0.309,0.589,-0.792,5,10,8,SAFE,0
32,21,MALL_CONCERT_STAGE,151,0.543,0.97,0.306,56.51,0.248,0.729,-0.839,7,11,8,SAFE,0
32,22,EVENT_ATRIUM,133,0.496,1.111,0.263,52.68,0.293,0.651,-0.678,7,10,4,SAFE,0
32,23,LIVE_PERFORMANCE_ZONE,161,0.677,1.051,0.504,71.83,0.348,0.717,-0.849,6,8,7,WARNING,1
32,24,FESTIVAL_CORRIDOR,157,0.592,0.996,0.35,62.67,0.199,0.636,-0.553,6,5,9,SAFE,0
32,25,FESTIVAL_CORRIDOR,169,0.664,0.946,0.412,63.46,0.326,0.709,-0.626,8,9,3,WARNING,1
32,26,EVENT_ATRIUM,160,0.655,0.935,0.234,91.58,0.334,0.774,-0.549,5,9,10,WARNING,1
32,27,FESTIVAL_CORRIDOR,158,0.61,1.03,0.311,58.45,0.263,0.733,-0.23,4,3,6,SAFE,0
32,28,LIVE_PERFORMANCE_ZONE,172,0.642,0.803,0.344,74.84,0.327,0.653,-0.863,4,11,10,WARNING,1
32,29,LIVE_PERFORMANCE_ZONE,167,0.676,0.789,0.362,70.03,0.372,0.621,-1.263,6,8,6,WARNING,1
32,30,LIVE_PERFORMANCE_ZONE,150,0.611,0.967,0.276,74.9,0.214,0.732,-0.296,6,4,9,SAFE,0
32,31,EVENT_ATRIUM,176,0.648,0.956,0.28,77.35,0.282,0.719,-0.732,6,9,8,WARNING,1
32,32,EVENT_ATRIUM,171,0.665,0.791,0.387,57.78,0.352,0.708,-0.489,7,4,12,WARNING,1
32,33,EVENT_ATRIUM,166,0.626,0.923,0.346,69.01,0.251,0.655,-0.71,4,7,16,SAFE,0
32,34,LIVE_PERFORMANCE_ZONE,169,0.664,0.887,0.326,76.39,0.306,0.722,-0.686,3,9,11,WARNING,1
32,35,FESTIVAL_CORRIDOR,185,0.714,0.888,0.407,69.96,0.374,0.774,-0.272,4,3,10,WARNING,1
32,36,FESTIVAL_CORRIDOR,171,0.63,1.016,0.323,68.89,0.326,0.675,-0.882,6,13,4,WARNING,1
32,37,LIVE_PERFORMANCE_ZONE,189,0.767,0.702,0.442,74.13,0.393,0.767,-0.752,7,6,10,WARNING,1
32,38,EVENT_ATRIUM,186,0.736,0.764,0.474,71.73,0.395,0.693,-0.953,10,6,8,WARNING,1
32,39,EVENT_ATRIUM,188,0.72,0.875,0.407,74.85,0.363,0.707,-0.547,9,9,7,WARNING,1
32,40,FESTIVAL_CORRIDOR,203,0.773,0.524,0.481,75.95,0.364,0.775,-0.925,8,7,8,WARNING,1
32,41,EVENT_ATRIUM,195,0.759,0.817,0.396,81.83,0.332,0.777,-0.938,5,12,13,WARNING,1
32,42,LIVE_PERFORMANCE_ZONE,184,0.707,0.926,0.368,81.29,0.339,0.752,-0.268,4,8,8,WARNING,1
32,43,FESTIVAL_CORRIDOR,205,0.802,0.543,0.383,78.47,0.355,0.747,-0.912,8,10,12,WARNING,1
32,44,EVENT_ATRIUM,187,0.693,0.829,0.331,66.97,0.295,0.788,-0.816,5,8,4,WARNING,1
32,45,EVENT_ATRIUM,192,0.732,0.682,0.403,78.26,0.24,0.73,-0.756,12,10,5,WARNING,1
32,46,LIVE_PERFORMANCE_ZONE,216,0.776,0.671,0.411,87.39,0.352,0.825,-1.424,7,14,9,WARNING,1
32,47,LIVE_PERFORMANCE_ZONE,178,0.688,0.874,0.388,78.71,0.335,0.695,-0.904,2,10,4,WARNING,1
32,48,MALL_CONCERT_STAGE,187,0.721,0.787,0.391,67.97,0.317,0.8,-0.948,8,9,8,WARNING,1
32,49,MALL_CONCERT_STAGE,173,0.625,1.042,0.321,59.64,0.302,0.691,-0.355,10,8,4,SAFE,0
32,50,EVENT_ATRIUM,190,0.697,0.8,0.441,69.87,0.347,0.794,-1.156,7,8,6,WARNING,1
32,51,LIVE_PERFORMANCE_ZONE,190,0.702,0.931,0.371,64.29,0.361,0.672,-1.094,3,17,8,WARNING,1
32,52,MALL_CONCERT_STAGE,183,0.701,0.83,0.308,81.4,0.388,0.697,-0.981,4,8,13,WARNING,1
32,53,EVENT_ATRIUM,171,0.697,0.826,0.344,75.21,0.418,0.75,-0.035,6,10,9,WARNING,1
32,54,LIVE_PERFORMANCE_ZONE,157,0.636,0.96,0.258,73.43,0.341,0.662,-0.422,6,9,4,WARNING,1
32,55,EVENT_ATRIUM,184,0.716,0.892,0.431,88.75,0.338,0.785,-0.898,5,5,10,WARNING,1
32,56,LIVE_PERFORMANCE_ZONE,179,0.704,0.798,0.352,81.43,0.325,0.731,-0.027,5,11,11,WARNING,1
32,57,MALL_CONCERT_STAGE,156,0.645,0.877,0.351,69.02,0.305,0.757,-0.441,7,5,9,WARNING,1
32,58,FESTIVAL_CORRIDOR,155,0.6,0.989,0.391,60.78,0.28,0.736,-0.562,5,11,10,WARNING,1
32,59,FESTIVAL_CORRIDOR,149,0.58,1.026,0.344,64.55,0.266,0.648,-1.213,5,7,2,SAFE,0
32,60,FESTIVAL_CORRIDOR,144,0.543,0.907,0.328,68.67,0.235,0.659,-1.158,7,4,6,SAFE,0
32,61,FESTIVAL_CORRIDOR,150,0.553,0.895,0.259,58.49,0.23,0.69,-0.091,3,10,8,SAFE,0
32,62,MALL_CONCERT_STAGE,153,0.616,0.917,0.403,71.55,0.32,0.675,-0.582,6,9,6,WARNING,1
32,63,EVENT_ATRIUM,148,0.534,0.979,0.274,51.83,0.268,0.688,-0.485,8,5,6,SAFE,0
32,64,MALL_CONCERT_STAGE,133,0.565,1.06,0.21,58.35,0.264,0.663,-0.849,7,7,8,SAFE,0
32,65,LIVE_PERFORMANCE_ZONE,163,0.622,0.996,0.276,66.63,0.343,0.739,-0.548,3,3,9,WARNING,1
32,66,LIVE_PERFORMANCE_ZONE,141,0.545,0.85,0.323,71.31,0.297,0.715,-0.391,4,5,6,SAFE,0
32,67,EVENT_ATRIUM,136,0.495,1.061,0.265,57.99,0.247,0.681,-0.837,5,7,8,SAFE,0
32,68,EVENT_ATRIUM,134,0.494,1.082,0.259,58.35,0.19,0.625,-1.221,3,8,7,SAFE,0
32,69,LIVE_PERFORMANCE_ZONE,132,0.521,0.987,0.309,59.22,0.275,0.643,-0.764,3,12,9,SAFE,0
32,70,FESTIVAL_CORRIDOR,125,0.442,1.14,0.27,64.15,0.269,0.514,-1.253,8,4,4,SAFE,0
32,71,EVENT_ATRIUM,130,0.496,0.991,0.375,61.55,0.271,0.566,-0.678,7,6,9,SAFE,0
32,72,EVENT_ATRIUM,142,0.595,0.933,0.437,67.58,0.193,0.789,-1.08,3,4,5,WARNING,1
32,73,EVENT_ATRIUM,129,0.485,0.92,0.253,59.01,0.23,0.59,-0.449,8,5,9,SAFE,0
32,74,FESTIVAL_CORRIDOR,126,0.47,1.043,0.206,67.2,0.133,0.547,-0.412,4,8,8,SAFE,0
32,75,LIVE_PERFORMANCE_ZONE,132,0.456,1.003,0.209,47.29,0.219,0.544,-0.205,5,10,5,SAFE,0
32,76,LIVE_PERFORMANCE_ZONE,136,0.535,1.113,0.326,55.47,0.278,0.75,0.03,4,3,1,SAFE,0
32,77,FESTIVAL_CORRIDOR,114,0.424,1.123,0.115,40.47,0.231,0.622,-0.39,3,7,1,SAFE,0
32,78,EVENT_ATRIUM,122,0.497,1.141,0.38,50.62,0.241,0.771,-0.804,5,7,6,SAFE,0
32,79,LIVE_PERFORMANCE_ZONE,109,0.413,1.143,0.193,50.66,0.241,0.543,-0.741,5,8,5,SAFE,0
32,80,EVENT_ATRIUM,143,0.501,1.11,0.277,54.95,0.243,0.61,-0.556,4,5,5,SAFE,0
32,81,EVENT_ATRIUM,140,0.541,1.081,0.311,69.45,0.292,0.644,-1.167,4,11,7,SAFE,0
32,82,LIVE_PERFORMANCE_ZONE,125,0.453,1.2,0.265,54.45,0.24,0.554,-0.625,7,9,1,SAFE,0
32,83,FESTIVAL_CORRIDOR,125,0.52,1.002,0.196,67.45,0.207,0.68,-1.137,6,9,5,SAFE,0
32,84,MALL_CONCERT_STAGE,141,0.527,0.976,0.169,50.26,0.322,0.645,-0.773,6,5,6,SAFE,0
32,85,FESTIVAL_CORRIDOR,132,0.565,1.101,0.327,66.13,0.247,0.723,-0.846,5,8,6,SAFE,0
32,86,FESTIVAL_CORRIDOR,120,0.466,1.056,0.277,62.26,0.175,0.624,-0.855,7,6,4,SAFE,0
32,87,FESTIVAL_CORRIDOR,131,0.466,1.11,0.279,53.59,0.212,0.702,-0.701,2,4,6,SAFE,0
32,88,MALL_CONCERT_STAGE,134,0.519,1.073,0.277,55.74,0.289,0.575,-1.096,3,6,5,SAFE,0
32,89,LIVE_PERFORMANCE_ZONE,122,0.497,1.014,0.23,49.42,0.236,0.624,-0.922,8,4,6,SAFE,0
33,0,FESTIVAL_CORRIDOR,227,0.854,0.745,0.441,94.06,0.442,0.709,-0.601,7,14,15,WARNING,1
33,1,EVENT_ATRIUM,196,0.804,0.767,0.434,74.66,0.3,0.783,-1.041,2,15,7,WARNING,1
33,2,EVENT_ATRIUM,217,0.828,0.693,0.492,80.38,0.286,0.758,-0.816,9,12,7,WARNING,1
33,3,MALL_CONCERT_STAGE,222,0.868,0.544,0.585,76.23,0.331,0.884,-0.479,8,13,10,WARNING,1
33,4,EVENT_ATRIUM,245,0.931,0.515,0.535,93.21,0.515,0.88,-0.449,5,9,8,HIGH,2
33,5,LIVE_PERFORMANCE_ZONE,230,0.863,0.682,0.367,82.62,0.358,0.814,-0.407,5,9,11,WARNING,1
33,6,FESTIVAL_CORRIDOR,245,0.952,0.575,0.534,90.96,0.434,0.953,-0.743,3,11,8,HIGH,2
33,7,EVENT_ATRIUM,247,0.938,0.657,0.537,100.28,0.368,0.858,-0.587,7,13,10,HIGH,2
33,8,EVENT_ATRIUM,232,0.885,0.685,0.479,101.33,0.378,0.91,-1.158,8,10,17,WARNING,1
33,9,EVENT_ATRIUM,225,0.821,0.579,0.45,84.91,0.351,0.898,-1.036,8,12,12,WARNING,1
33,10,EVENT_ATRIUM,249,0.943,0.499,0.511,89.35,0.443,0.845,-0.408,5,15,13,HIGH,2
33,11,FESTIVAL_CORRIDOR,230,0.885,0.758,0.425,72.01,0.425,0.936,-1.205,11,12,7,WARNING,1
33,12,EVENT_ATRIUM,267,1,0.605,0.453,115.42,0.471,0.914,-1.426,5,14,16,HIGH,2
33,13,EVENT_ATRIUM,238,0.913,0.563,0.485,82.6,0.424,0.814,-1.077,3,11,14,WARNING,1
33,14,EVENT_ATRIUM,253,0.94,0.54,0.552,78.71,0.409,0.937,-1.241,7,17,12,HIGH,2
33,15,EVENT_ATRIUM,266,1,0.401,0.535,112.14,0.51,0.86,-1.392,7,13,17,HIGH,2
33,16,EVENT_ATRIUM,273,1,0.503,0.565,106.69,0.436,0.953,-0.935,6,10,6,HIGH,2
33,17,EVENT_ATRIUM,248,0.994,0.54,0.515,96.76,0.479,0.817,-0.749,8,11,16,HIGH,2
33,18,MALL_CONCERT_STAGE,302,1,0.545,0.508,92.71,0.439,0.967,-0.754,10,14,14,HIGH,2
33,19,MALL_CONCERT_STAGE,251,1,0.662,0.469,98.63,0.509,0.854,-0.791,10,10,12,HIGH,2
33,20,EVENT_ATRIUM,257,0.981,0.533,0.617,84.61,0.504,0.988,-1.683,5,7,13,HIGH,2
33,21,MALL_CONCERT_STAGE,282,1,0.575,0.546,102.25,0.469,0.905,-1.159,8,9,7,HIGH,2
33,22,MALL_CONCERT_STAGE,266,1,0.561,0.578,91.94,0.497,0.861,-0.447,4,14,10,HIGH,2
33,23,EVENT_ATRIUM,266,1,0.53,0.603,92.74,0.557,0.903,-1.181,2,19,15,HIGH,2
33,24,MALL_CONCERT_STAGE,260,0.989,0.438,0.575,104.2,0.499,0.836,-0.808,9,13,10,HIGH,2
33,25,MALL_CONCERT_STAGE,273,1,0.454,0.509,100.74,0.485,0.878,-0.773,6,9,5,HIGH,2
33,26,LIVE_PERFORMANCE_ZONE,258,0.997,0.447,0.63,113.51,0.501,0.942,-0.519,6,9,10,HIGH,2
33,27,MALL_CONCERT_STAGE,277,1,0.62,0.488,97.9,0.492,0.795,-0.658,6,13,10,HIGH,2
33,28,MALL_CONCERT_STAGE,265,1,0.597,0.566,102.62,0.525,0.931,-1.19,9,12,11,HIGH,2
33,29,LIVE_PERFORMANCE_ZONE,288,1,0.405,0.576,89.52,0.515,0.835,-0.396,8,11,18,HIGH,2
33,30,MALL_CONCERT_STAGE,267,1,0.541,0.556,99.16,0.523,0.867,-0.807,8,15,7,HIGH,2
33,31,EVENT_ATRIUM,283,1,0.443,0.492,99.43,0.503,0.928,-0.713,9,9,14,HIGH,2
33,32,MALL_CONCERT_STAGE,255,0.991,0.582,0.516,98.25,0.46,0.829,-1.464,11,21,12,HIGH,2
33,33,FESTIVAL_CORRIDOR,255,1,0.515,0.516,96.77,0.517,0.913,-1.327,10,8,11,HIGH,2
33,34,EVENT_ATRIUM,246,0.898,0.635,0.562,82.84,0.42,0.885,-1.19,6,12,10,WARNING,1
33,35,FESTIVAL_CORRIDOR,244,0.911,0.586,0.488,95.12,0.44,0.843,-1.296,9,12,12,WARNING,1
33,36,EVENT_ATRIUM,257,0.962,0.475,0.496,106.87,0.444,0.862,-1.459,7,15,9,HIGH,2
33,37,EVENT_ATRIUM,240,0.898,0.632,0.538,87.4,0.448,0.818,-0.75,8,19,16,WARNING,1
33,38,MALL_CONCERT_STAGE,243,0.935,0.719,0.552,97,0.453,0.842,-0.573,8,10,14,HIGH,2
33,39,MALL_CONCERT_STAGE,272,1,0.412,0.498,112.85,0.442,0.899,-0.823,10,16,15,HIGH,2
33,40,FESTIVAL_CORRIDOR,231,0.87,0.661,0.484,87.98,0.379,0.777,-1.124,11,12,16,WARNING,1
33,41,EVENT_ATRIUM,225,0.949,0.606,0.524,98.31,0.412,0.972,-1.057,10,12,13,HIGH,2
33,42,EVENT_ATRIUM,223,0.835,0.728,0.508,83.22,0.421,0.914,-1.162,6,11,15,WARNING,1
33,43,EVENT_ATRIUM,227,0.871,0.513,0.577,89.5,0.421,0.845,-1.53,4,18,9,WARNING,1
33,44,EVENT_ATRIUM,246,0.905,0.547,0.492,95.25,0.471,0.849,-0.749,6,13,9,WARNING,1
33,45,MALL_CONCERT_STAGE,222,0.869,0.57,0.478,82.88,0.408,0.815,-1.131,7,11,12,WARNING,1
33,46,LIVE_PERFORMANCE_ZONE,236,0.89,0.644,0.486,90.78,0.431,0.847,-1.012,5,12,8,WARNING,1
33,47,EVENT_ATRIUM,214,0.821,0.545,0.414,88.94,0.431,0.767,-0.995,4,12,11,WARNING,1
33,48,MALL_CONCERT_STAGE,226,0.882,0.676,0.43,81.31,0.393,0.865,-0.814,3,10,7,WARNING,1
33,49,FESTIVAL_CORRIDOR,210,0.815,0.632,0.43,87.3,0.36,0.796,-0.322,4,11,11,WARNING,1
33,50,MALL_CONCERT_STAGE,213,0.772,0.926,0.471,84.8,0.335,0.732,-1.313,9,9,9,WARNING,1
33,51,LIVE_PERFORMANCE_ZONE,219,0.897,0.665,0.45,82.39,0.445,0.812,-1.282,7,16,14,WARNING,1
33,52,FESTIVAL_CORRIDOR,205,0.804,0.74,0.509,70.01,0.427,0.777,-1.469,5,6,4,WARNING,1
33,53,FESTIVAL_CORRIDOR,204,0.747,0.7,0.408,76.2,0.332,0.752,-0.538,5,7,8,WARNING,1
33,54,LIVE_PERFORMANCE_ZONE,210,0.802,0.686,0.435,84.4,0.432,0.682,-1.009,6,5,11,WARNING,1
33,55,LIVE_PERFORMANCE_ZONE,231,0.862,0.638,0.465,102.77,0.459,0.815,-1.169,7,9,13,WARNING,1
33,56,LIVE_PERFORMANCE_ZONE,208,0.751,0.66,0.402,81.36,0.414,0.759,-1.214,4,8,8,WARNING,1
33,57,FESTIVAL_CORRIDOR,224,0.833,0.781,0.505,73.7,0.42,0.727,-1.207,12,15,9,WARNING,1
33,58,EVENT_ATRIUM,197,0.796,0.65,0.458,69.3,0.377,0.64,-1.118,12,11,14,WARNING,1
33,59,LIVE_PERFORMANCE_ZONE,211,0.773,0.714,0.432,86.43,0.318,0.742,-0.933,8,13,3,WARNING,1
33,60,LIVE_PERFORMANCE_ZONE,229,0.868,0.781,0.493,88.83,0.444,0.8,-1.034,1,8,8,WARNING,1
33,61,MALL_CONCERT_STAGE,195,0.698,0.914,0.366,83.82,0.27,0.854,-1.06,5,11,5,WARNING,1
33,62,LIVE_PERFORMANCE_ZONE,204,0.796,0.728,0.527,81.31,0.397,0.793,-0.589,4,6,5,WARNING,1
33,63,MALL_CONCERT_STAGE,205,0.82,0.834,0.463,85.36,0.386,0.806,-0.502,5,7,13,WARNING,1
33,64,MALL_CONCERT_STAGE,201,0.813,0.68,0.442,83.23,0.357,0.763,-1.327,6,8,10,WARNING,1
33,65,LIVE_PERFORMANCE_ZONE,220,0.838,0.612,0.495,92.54,0.417,0.794,-0.646,5,14,10,WARNING,1
33,66,EVENT_ATRIUM,203,0.77,0.754,0.489,82.86,0.42,0.757,-0.433,8,13,14,WARNING,1
33,67,FESTIVAL_CORRIDOR,217,0.783,0.656,0.439,76.76,0.426,0.681,-0.466,5,14,8,WARNING,1
33,68,LIVE_PERFORMANCE_ZONE,195,0.779,0.78,0.434,81.42,0.386,0.804,-1.027,6,7,10,WARNING,1
33,69,MALL_CONCERT_STAGE,219,0.862,0.594,0.509,86.57,0.379,0.879,-0.732,7,6,9,WARNING,1
33,70,EVENT_ATRIUM,226,0.939,0.552,0.503,99.67,0.519,0.805,-0.719,10,14,5,HIGH,2
33,71,LIVE_PERFORMANCE_ZONE,209,0.78,0.767,0.424,74.01,0.348,0.756,-0.697,5,5,19,WARNING,1
33,72,LIVE_PERFORMANCE_ZONE,217,0.85,0.695,0.526,83.3,0.388,0.813,-1.87,6,15,5,WARNING,1
33,73,FESTIVAL_CORRIDOR,249,0.97,0.439,0.565,84.91,0.471,0.974,-1.4,6,12,11,HIGH,2
33,74,EVENT_ATRIUM,209,0.822,0.859,0.373,74.44,0.349,0.742,-1.521,7,20,3,WARNING,1
33,75,FESTIVAL_CORRIDOR,225,0.889,0.614,0.441,78.03,0.422,0.846,-0.415,7,12,6,WARNING,1
33,76,EVENT_ATRIUM,215,0.833,0.777,0.483,91.98,0.416,0.805,-0.686,3,7,6,WARNING,1
33,77,MALL_CONCERT_STAGE,207,0.815,0.669,0.435,75.25,0.407,0.777,-0.602,6,6,13,WARNING,1
33,78,LIVE_PERFORMANCE_ZONE,225,0.878,0.691,0.396,90.84,0.384,0.875,-1.181,8,8,11,WARNING,1
33,79,LIVE_PERFORMANCE_ZONE,212,0.825,0.683,0.437,84.05,0.375,0.779,-0.605,7,17,10,WARNING,1
33,80,FESTIVAL_CORRIDOR,206,0.756,0.692,0.451,75.39,0.298,0.775,-0.917,6,7,9,WARNING,1
33,81,MALL_CONCERT_STAGE,200,0.796,0.787,0.465,79.14,0.368,0.752,-0.652,1,14,6,WARNING,1
33,82,FESTIVAL_CORRIDOR,197,0.73,0.846,0.389,75.18,0.337,0.708,-0.506,5,8,7,WARNING,1
33,83,EVENT_ATRIUM,224,0.861,0.554,0.47,85.94,0.439,0.815,-1.639,9,13,9,WARNING,1
33,84,FESTIVAL_CORRIDOR,219,0.86,0.694,0.489,81.04,0.434,0.798,-0.941,9,12,16,WARNING,1
33,85,EVENT_ATRIUM,190,0.775,0.672,0.462,80.36,0.303,0.734,-0.689,7,6,9,WARNING,1
33,86,LIVE_PERFORMANCE_ZONE,211,0.78,0.614,0.391,81.97,0.319,0.833,-1.192,6,10,8,WARNING,1
33,87,FESTIVAL_CORRIDOR,222,0.821,0.861,0.407,87.44,0.34,0.842,-1.21,3,17,10,WARNING,1
33,88,FESTIVAL_CORRIDOR,216,0.811,0.725,0.465,83.13,0.331,0.841,-0.632,5,11,9,WARNING,1
33,89,FESTIVAL_CORRIDOR,225,0.831,0.686,0.455,72.65,0.416,0.873,-0.147,4,13,10,WARNING,1
34,0,MALL_CONCERT_STAGE,223,0.884,0.583,0.479,95.06,0.404,0.844,-1.212,11,19,6,WARNING,1
34,1,EVENT_ATRIUM,218,0.789,0.769,0.455,77.4,0.37,0.847,-0.929,1,9,9,WARNING,1
34,2,LIVE_PERFORMANCE_ZONE,226,0.858,0.67,0.443,85.42,0.428,0.751,-0.73,4,9,12,WARNING,1
34,3,FESTIVAL_CORRIDOR,223,0.873,0.656,0.39,93.2,0.442,0.777,-1.351,13,9,13,WARNING,1
34,4,LIVE_PERFORMANCE_ZONE,223,0.851,0.567,0.541,87.95,0.374,0.862,-0.909,2,16,8,WARNING,1
34,5,FESTIVAL_CORRIDOR,186,0.716,0.697,0.452,65.16,0.348,0.65,-0.511,2,18,10,WARNING,1
34,6,MALL_CONCERT_STAGE,212,0.832,0.62,0.53,82.5,0.433,0.774,-1.077,6,10,8,WARNING,1
34,7,EVENT_ATRIUM,240,0.935,0.616,0.595,92.71,0.513,0.758,-1.016,7,15,13,HIGH,2
34,8,FESTIVAL_CORRIDOR,225,0.85,0.627,0.46,82.09,0.437,0.785,-0.578,7,9,11,WARNING,1
34,9,EVENT_ATRIUM,246,0.951,0.531,0.453,98.5,0.393,0.945,-0.859,6,14,12,HIGH,2
34,10,MALL_CONCERT_STAGE,235,0.896,0.802,0.553,74.97,0.484,0.923,-0.498,10,18,9,HIGH,2
34,11,EVENT_ATRIUM,258,0.993,0.552,0.571,99.11,0.452,0.848,-0.662,10,17,10,HIGH,2
34,12,LIVE_PERFORMANCE_ZONE,251,0.987,0.47,0.538,113.02,0.528,0.782,-1.106,13,18,9,HIGH,2
34,13,EVENT_ATRIUM,222,0.809,0.838,0.426,78.03,0.376,0.896,-0.465,7,12,12,WARNING,1
34,14,LIVE_PERFORMANCE_ZONE,224,0.915,0.625,0.517,92.57,0.509,0.791,-0.723,10,21,12,HIGH,2
34,15,FESTIVAL_CORRIDOR,229,0.893,0.623,0.425,96.38,0.38,0.804,-1.101,5,8,9,WARNING,1
34,16,EVENT_ATRIUM,254,0.97,0.657,0.506,107.35,0.487,0.913,-0.559,9,17,12,HIGH,2
34,17,MALL_CONCERT_STAGE,255,0.998,0.425,0.549,91.42,0.484,0.95,-0.563,12,19,12,HIGH,2
34,18,MALL_CONCERT_STAGE,248,0.976,0.662,0.61,85.84,0.515,0.889,-1.178,8,8,5,HIGH,2
34,19,FESTIVAL_CORRIDOR,235,0.835,0.712,0.488,88.3,0.451,0.752,-1.044,7,19,15,WARNING,1
34,20,EVENT_ATRIUM,267,1,0.501,0.531,98.66,0.48,0.871,-1.215,9,16,10,HIGH,2
34,21,LIVE_PERFORMANCE_ZONE,270,1,0.488,0.598,106.46,0.441,0.838,-1.748,10,9,18,HIGH,2
34,22,FESTIVAL_CORRIDOR,273,1,0.459,0.57,102.09,0.51,0.973,-0.863,7,12,16,HIGH,2
34,23,FESTIVAL_CORRIDOR,279,1,0.551,0.479,108.47,0.493,0.887,-1.317,11,15,11,HIGH,2
34,24,LIVE_PERFORMANCE_ZONE,272,1,0.476,0.474,91.88,0.467,0.922,-1.612,4,16,10,HIGH,2
34,25,FESTIVAL_CORRIDOR,284,1,0.532,0.475,79.19,0.495,0.91,-0.644,9,16,10,HIGH,2
34,26,EVENT_ATRIUM,277,1,0.707,0.569,109,0.539,0.921,-1.014,7,13,12,HIGH,2
34,27,MALL_CONCERT_STAGE,276,1,0.522,0.471,101.46,0.517,0.818,-0.98,3,9,9,HIGH,2
34,28,EVENT_ATRIUM,264,1,0.441,0.673,95.16,0.488,0.859,-0.672,9,18,14,HIGH,2
34,29,MALL_CONCERT_STAGE,277,1,0.597,0.566,86.36,0.489,0.922,-0.605,11,14,16,HIGH,2
34,30,FESTIVAL_CORRIDOR,284,1,0.382,0.525,107.69,0.458,0.955,-0.957,8,17,11,HIGH,2
34,31,LIVE_PERFORMANCE_ZONE,288,1,0.522,0.553,97.5,0.5,0.918,-1.488,5,8,10,HIGH,2
34,32,EVENT_ATRIUM,266,1,0.578,0.499,100.06,0.506,0.863,-0.729,4,14,12,HIGH,2
34,33,EVENT_ATRIUM,263,0.991,0.564,0.57,96.05,0.528,0.881,-1.281,12,11,14,HIGH,2
34,34,LIVE_PERFORMANCE_ZONE,274,1,0.396,0.535,102.97,0.447,0.842,-0.71,8,16,10,HIGH,2
34,35,MALL_CONCERT_STAGE,272,1,0.376,0.555,109.97,0.517,0.863,-0.644,7,12,14,HIGH,2
34,36,LIVE_PERFORMANCE_ZONE,265,1,0.529,0.572,106.78,0.502,0.945,-1.033,5,15,17,HIGH,2
34,37,FESTIVAL_CORRIDOR,260,0.985,0.577,0.548,107.35,0.546,0.933,-0.752,12,12,8,HIGH,2
34,38,LIVE_PERFORMANCE_ZONE,259,0.934,0.616,0.648,86.46,0.386,0.958,-1.223,4,14,12,HIGH,2
34,39,MALL_CONCERT_STAGE,244,0.906,0.673,0.531,80.01,0.479,0.816,-1.445,6,5,10,WARNING,1
34,40,MALL_CONCERT_STAGE,284,1,0.468,0.621,86.97,0.49,0.779,-1.483,7,17,13,HIGH,2
34,41,FESTIVAL_CORRIDOR,252,1,0.506,0.506,83.38,0.51,0.851,-1.038,10,15,7,HIGH,2
34,42,FESTIVAL_CORRIDOR,257,0.99,0.527,0.5,104.8,0.501,0.867,-0.998,4,13,9,HIGH,2
34,43,MALL_CONCERT_STAGE,235,0.907,0.514,0.499,79.47,0.471,0.82,-0.986,9,12,11,WARNING,1
34,44,LIVE_PERFORMANCE_ZONE,247,1,0.643,0.558,91.42,0.39,0.964,-0.608,6,17,7,HIGH,2
34,45,LIVE_PERFORMANCE_ZONE,240,0.959,0.553,0.535,97.67,0.451,0.886,-0.981,10,10,9,HIGH,2
34,46,MALL_CONCERT_STAGE,225,0.805,0.811,0.368,76.33,0.368,0.822,-1.811,7,14,6,WARNING,1
34,47,LIVE_PERFORMANCE_ZONE,232,0.861,0.625,0.467,83.29,0.385,0.851,-1.376,8,6,5,WARNING,1
34,48,MALL_CONCERT_STAGE,223,0.866,0.681,0.505,88.74,0.413,0.8,-0.626,5,8,11,WARNING,1
34,49,MALL_CONCERT_STAGE,232,0.84,0.734,0.5,93.7,0.403,0.786,-0.125,5,12,6,WARNING,1
34,50,MALL_CONCERT_STAGE,235,0.935,0.686,0.507,84.21,0.404,0.951,-0.383,10,8,10,HIGH,2
34,51,FESTIVAL_CORRIDOR,213,0.827,0.695,0.46,86.97,0.468,0.719,-0.143,2,7,14,WARNING,1
34,52,LIVE_PERFORMANCE_ZONE,221,0.86,0.583,0.438,72.53,0.504,0.865,-1.22,8,13,10,WARNING,1
34,53,MALL_CONCERT_STAGE,245,0.905,0.703,0.47,85.24,0.494,0.828,-1.927,4,12,13,WARNING,1
34,54,MALL_CONCERT_STAGE,234,0.978,0.628,0.582,98.29,0.52,0.851,-0.778,6,10,13,HIGH,2
34,55,EVENT_ATRIUM,236,0.911,0.649,0.551,91.59,0.46,0.848,-0.602,8,11,8,HIGH,2
34,56,MALL_CONCERT_STAGE,226,0.902,0.585,0.555,78.32,0.501,0.876,-1.363,7,10,13,HIGH,2
34,57,EVENT_ATRIUM,195,0.808,0.846,0.472,79.1,0.377,0.804,-0.026,5,11,4,WARNING,1
34,58,EVENT_ATRIUM,221,0.923,0.47,0.512,86.42,0.465,0.89,-1.313,7,8,12,HIGH,2
34,59,FESTIVAL_CORRIDOR,223,0.829,0.725,0.489,87.4,0.363,0.838,-0.09,5,13,6,WARNING,1
34,60,EVENT_ATRIUM,217,0.816,0.638,0.564,84.45,0.435,0.82,-0.373,7,8,8,WARNING,1
34,61,MALL_CONCERT_STAGE,230,0.887,0.74,0.472,87.3,0.399,0.793,-0.945,8,15,7,WARNING,1
34,62,EVENT_ATRIUM,216,0.834,0.654,0.429,82.63,0.383,0.816,-0.226,3,7,13,WARNING,1
34,63,MALL_CONCERT_STAGE,214,0.759,0.747,0.476,88.04,0.382,0.727,-0.762,4,11,10,WARNING,1
34,64,EVENT_ATRIUM,213,0.793,0.786,0.469,92.44,0.439,0.778,-1.19,7,11,7,WARNING,1
34,65,EVENT_ATRIUM,220,0.818,0.837,0.419,82.86,0.305,0.773,-1.013,7,10,9,WARNING,1
34,66,LIVE_PERFORMANCE_ZONE,206,0.802,0.749,0.451,76.8,0.44,0.762,-0.648,10,8,11,WARNING,1
34,67,LIVE_PERFORMANCE_ZONE,220,0.793,0.802,0.449,79.07,0.339,0.73,-1.127,8,6,10,WARNING,1
34,68,MALL_CONCERT_STAGE,223,0.909,0.5,0.53,79.99,0.454,0.791,-1.399,8,18,11,WARNING,1
34,69,MALL_CONCERT_STAGE,215,0.803,0.782,0.457,75.77,0.349,0.77,-0.358,3,12,6,WARNING,1
34,70,LIVE_PERFORMANCE_ZONE,201,0.773,0.787,0.344,89.12,0.413,0.736,-0.582,2,8,19,WARNING,1
34,71,FESTIVAL_CORRIDOR,222,0.848,0.68,0.389,90.93,0.396,0.679,-0.476,6,6,10,WARNING,1
34,72,MALL_CONCERT_STAGE,212,0.749,0.621,0.443,78.4,0.415,0.787,-0.985,6,10,8,WARNING,1
34,73,MALL_CONCERT_STAGE,231,0.872,0.572,0.483,77.43,0.39,0.792,-0.982,8,11,10,WARNING,1
34,74,EVENT_ATRIUM,220,0.775,0.683,0.474,94.28,0.341,0.731,-1.072,10,15,10,WARNING,1
34,75,EVENT_ATRIUM,197,0.702,0.717,0.481,71.22,0.341,0.811,-1.149,6,9,7,WARNING,1
34,76,FESTIVAL_CORRIDOR,217,0.801,0.73,0.444,93.73,0.42,0.831,-0.757,3,8,9,WARNING,1
34,77,MALL_CONCERT_STAGE,222,0.903,0.533,0.409,96.47,0.467,0.851,-0.581,8,14,7,WARNING,1
34,78,MALL_CONCERT_STAGE,228,0.868,0.689,0.48,76.44,0.39,0.808,-0.802,6,8,13,WARNING,1
34,79,EVENT_ATRIUM,218,0.801,0.869,0.491,84.16,0.359,0.874,-1.351,6,9,6,WARNING,1
34,80,MALL_CONCERT_STAGE,227,0.865,0.702,0.38,88.31,0.482,0.806,-1.274,6,11,15,WARNING,1
34,81,FESTIVAL_CORRIDOR,218,0.838,0.616,0.425,83.85,0.374,0.845,-1.049,5,7,13,WARNING,1
34,82,EVENT_ATRIUM,206,0.762,0.741,0.442,87.75,0.31,0.82,-0.746,7,12,11,WARNING,1
34,83,FESTIVAL_CORRIDOR,213,0.782,0.849,0.367,82.72,0.307,0.788,-1.276,6,5,9,WARNING,1
34,84,FESTIVAL_CORRIDOR,197,0.757,0.736,0.404,81.81,0.353,0.835,-1.307,7,10,11,WARNING,1
34,85,LIVE_PERFORMANCE_ZONE,202,0.758,0.798,0.402,75.08,0.411,0.794,-0.708,13,10,11,WARNING,1
34,86,FESTIVAL_CORRIDOR,212,0.808,0.619,0.487,83.02,0.437,0.714,-0.509,8,16,4,WARNING,1
34,87,FESTIVAL_CORRIDOR,210,0.841,0.475,0.415,89.47,0.446,0.879,-0.553,8,7,9,WARNING,1
34,88,FESTIVAL_CORRIDOR,200,0.759,0.83,0.48,69.47,0.321,0.757,-0.592,1,13,16,WARNING,1
34,89,EVENT_ATRIUM,215,0.816,0.669,0.472,81.28,0.379,0.785,-0.922,2,10,7,WARNING,1
35,0,EVENT_ATRIUM,110,0.37,1.284,0.189,40.22,0.186,0.482,-0.735,3,3,3,SAFE,0
35,1,MALL_CONCERT_STAGE,73,0.279,1.25,0.272,32.08,0.231,0.561,-0.984,4,2,4,SAFE,0
35,2,MALL_CONCERT_STAGE,120,0.477,1.072,0.303,65.1,0.222,0.604,-1.068,6,7,4,SAFE,0
35,3,FESTIVAL_CORRIDOR,111,0.48,1.038,0.306,61.07,0.24,0.61,-1.36,5,6,4,SAFE,0
35,4,MALL_CONCERT_STAGE,91,0.338,1.306,0.185,41.81,0.161,0.475,-1.068,4,5,2,SAFE,0
35,5,MALL_CONCERT_STAGE,103,0.369,1.072,0.229,37.8,0.222,0.502,-0.33,4,5,4,SAFE,0
35,6,EVENT_ATRIUM,77,0.3,1.319,0.119,36.04,0.04,0.538,-0.037,2,4,4,SAFE,0
35,7,MALL_CONCERT_STAGE,79,0.307,1.306,0.216,37.23,0.087,0.423,-0.264,4,5,8,SAFE,0
35,8,FESTIVAL_CORRIDOR,113,0.416,1.186,0.336,52.41,0.226,0.59,-0.445,3,7,5,SAFE,0
35,9,MALL_CONCERT_STAGE,110,0.408,1.077,0.293,55.67,0.117,0.58,-0.504,1,2,5,SAFE,0
35,10,EVENT_ATRIUM,103,0.328,1.275,0.145,45.95,0.175,0.513,-0.755,6,2,5,SAFE,0
35,11,FESTIVAL_CORRIDOR,107,0.48,1.178,0.26,54.33,0.18,0.69,0.173,5,5,2,SAFE,0
35,12,MALL_CONCERT_STAGE,112,0.449,1.017,0.178,58.71,0.257,0.634,0.144,5,6,6,SAFE,0
35,13,EVENT_ATRIUM,98,0.371,1.2,0.141,54.36,0.156,0.625,-0.234,3,5,4,SAFE,0
35,14,MALL_CONCERT_STAGE,86,0.358,1.186,0.276,47.68,0.17,0.536,-0.396,4,11,7,SAFE,0
35,15,EVENT_ATRIUM,100,0.36,1.3,0.228,38.94,0.269,0.488,-0.735,6,5,7,SAFE,0
35,16,MALL_CONCERT_STAGE,122,0.453,1.033,0.293,51.55,0.19,0.584,-0.988,7,2,3,SAFE,0
35,17,EVENT_ATRIUM,95,0.362,1.08,0.229,54.71,0.205,0.525,-1.101,9,2,4,SAFE,0
35,18,FESTIVAL_CORRIDOR,117,0.413,1.253,0.2,70.65,0.146,0.524,-0.596,2,6,8,SAFE,0
35,19,LIVE_PERFORMANCE_ZONE,88,0.345,1.322,0.241,60.35,0.167,0.567,-0.386,3,4,5,SAFE,0
35,20,MALL_CONCERT_STAGE,109,0.426,1.166,0.236,51.79,0.173,0.593,-0.142,6,4,7,SAFE,0
35,21,MALL_CONCERT_STAGE,102,0.425,1.09,0.217,55.52,0.228,0.533,-0.567,5,6,4,SAFE,0
35,22,EVENT_ATRIUM,104,0.408,1.166,0.212,57.29,0.208,0.605,-1.169,2,4,6,SAFE,0
35,23,EVENT_ATRIUM,99,0.398,1.208,0.201,54,0.143,0.59,-0.778,3,5,4,SAFE,0
35,24,EVENT_ATRIUM,115,0.432,1.141,0.233,57.58,0.267,0.632,-0.07,3,3,10,SAFE,0
35,25,MALL_CONCERT_STAGE,123,0.408,1.147,0.25,54.6,0.179,0.583,-0.362,6,6,5,SAFE,0
35,26,FESTIVAL_CORRIDOR,117,0.451,1.113,0.306,70.52,0.198,0.509,-0.919,1,5,7,SAFE,0
35,27,EVENT_ATRIUM,108,0.381,1.137,0.107,55.3,0.168,0.631,-0.432,5,7,4,SAFE,0
35,28,MALL_CONCERT_STAGE,95,0.35,1.372,0.198,44.86,0.222,0.505,-0.713,5,5,5,SAFE,0
35,29,MALL_CONCERT_STAGE,98,0.417,1.057,0.204,55.76,0.158,0.61,-0.537,7,7,2,SAFE,0
35,30,MALL_CONCERT_STAGE,98,0.404,1.183,0.136,56.01,0.141,0.628,-1.071,2,2,2,SAFE,0
35,31,MALL_CONCERT_STAGE,99,0.381,1.213,0.237,46.4,0.227,0.492,-0.102,4,9,3,SAFE,0
35,32,EVENT_ATRIUM,109,0.431,1.114,0.301,56.04,0.207,0.571,-0.264,2,6,7,SAFE,0
35,33,LIVE_PERFORMANCE_ZONE,115,0.454,1.133,0.286,51.97,0.261,0.534,-0.013,5,4,5,SAFE,0
35,34,FESTIVAL_CORRIDOR,131,0.468,1.091,0.293,59.24,0.24,0.654,-0.07,4,8,4,SAFE,0
35,35,LIVE_PERFORMANCE_ZONE,127,0.473,1.061,0.387,57.71,0.278,0.595,-0.906,6,7,8,SAFE,0
35,36,FESTIVAL_CORRIDOR,129,0.475,1.034,0.259,52.97,0.229,0.604,-0.546,6,6,3,SAFE,0
35,37,LIVE_PERFORMANCE_ZONE,114,0.455,0.993,0.197,49.38,0.279,0.676,-0.509,6,3,3,SAFE,0
35,38,EVENT_ATRIUM,122,0.5,1.11,0.24,55.39,0.209,0.562,-0.451,7,7,8,SAFE,0
35,39,MALL_CONCERT_STAGE,138,0.571,1.091,0.375,50.86,0.222,0.592,-0.752,6,7,6,SAFE,0
35,40,FESTIVAL_CORRIDOR,130,0.554,1.059,0.237,55.38,0.281,0.687,-0.375,4,4,2,SAFE,0
35,41,EVENT_ATRIUM,109,0.451,0.95,0.153,57.22,0.25,0.605,-1.211,4,1,7,SAFE,0
35,42,LIVE_PERFORMANCE_ZONE,105,0.44,1.061,0.207,45.35,0.259,0.553,-0.522,4,8,3,SAFE,0
35,43,FESTIVAL_CORRIDOR,141,0.542,0.811,0.248,57.22,0.237,0.582,-1.185,7,10,6,SAFE,0
35,44,FESTIVAL_CORRIDOR,155,0.534,0.953,0.37,52.57,0.213,0.618,-0.183,2,5,9,SAFE,0
35,45,LIVE_PERFORMANCE_ZONE,134,0.473,1.057,0.306,58.93,0.23,0.658,-0.352,7,10,8,SAFE,0
35,46,FESTIVAL_CORRIDOR,154,0.562,0.902,0.29,65.47,0.239,0.713,-0.687,10,7,9,SAFE,0
35,47,FESTIVAL_CORRIDOR,147,0.554,1.07,0.342,66.45,0.216,0.689,-0.326,9,9,5,SAFE,0
35,48,EVENT_ATRIUM,142,0.564,1.044,0.335,69.11,0.302,0.596,-0.129,4,6,6,SAFE,0
35,49,MALL_CONCERT_STAGE,164,0.637,0.914,0.278,66.49,0.296,0.728,-0.239,4,8,4,WARNING,1
35,50,MALL_CONCERT_STAGE,161,0.577,1.039,0.485,65.49,0.203,0.627,-0.116,6,5,9,SAFE,0
35,51,EVENT_ATRIUM,165,0.674,0.901,0.437,80.12,0.322,0.701,-0.321,4,11,7,WARNING,1
35,52,LIVE_PERFORMANCE_ZONE,149,0.617,1.026,0.394,63.57,0.281,0.611,-0.796,6,7,4,SAFE,0
35,53,LIVE_PERFORMANCE_ZONE,152,0.593,1.058,0.344,58.87,0.261,0.696,-1.014,3,8,6,SAFE,0
35,54,MALL_CONCERT_STAGE,164,0.645,0.783,0.386,65.57,0.244,0.74,-0.525,5,7,6,WARNING,1
35,55,MALL_CONCERT_STAGE,158,0.617,0.799,0.343,65.61,0.288,0.645,-0.581,7,7,3,SAFE,0
35,56,FESTIVAL_CORRIDOR,175,0.651,0.722,0.369,72.44,0.351,0.642,-1.506,3,5,7,WARNING,1
35,57,EVENT_ATRIUM,173,0.672,0.906,0.274,60.55,0.34,0.65,-1.184,6,5,5,WARNING,1
35,58,FESTIVAL_CORRIDOR,154,0.571,0.996,0.354,64.4,0.271,0.702,-1.075,4,5,7,SAFE,0
35,59,MALL_CONCERT_STAGE,149,0.571,0.899,0.308,61.97,0.224,0.681,-0.922,7,7,5,SAFE,0
35,60,MALL_CONCERT_STAGE,163,0.633,1.011,0.353,67.57,0.26,0.694,-0.943,3,6,4,WARNING,1
35,61,MALL_CONCERT_STAGE,161,0.628,0.843,0.33,74.78,0.355,0.697,-0.241,6,13,2,WARNING,1
35,62,FESTIVAL_CORRIDOR,160,0.683,0.856,0.398,75.29,0.35,0.668,-0.03,10,6,12,WARNING,1
35,63,FESTIVAL_CORRIDOR,146,0.539,1.004,0.291,51.86,0.236,0.693,-0.498,6,8,7,SAFE,0
35,64,MALL_CONCERT_STAGE,152,0.566,0.924,0.355,56.36,0.217,0.623,-0.35,5,8,6,SAFE,0
35,65,FESTIVAL_CORRIDOR,145,0.592,0.985,0.244,67.08,0.319,0.776,-1.144,4,8,3,SAFE,0
35,66,EVENT_ATRIUM,147,0.504,1.039,0.264,49.95,0.24,0.567,-0.724,6,0,4,SAFE,0
35,67,FESTIVAL_CORRIDOR,146,0.608,1.026,0.28,63.94,0.251,0.658,-1.092,4,7,6,SAFE,0
35,68,EVENT_ATRIUM,149,0.612,1.029,0.389,71.74,0.289,0.725,-0.78,4,4,9,WARNING,1
35,69,LIVE_PERFORMANCE_ZONE,151,0.594,0.998,0.358,59.32,0.243,0.687,-0.435,6,6,10,SAFE,0
35,70,LIVE_PERFORMANCE_ZONE,140,0.574,0.985,0.366,66.01,0.284,0.64,-0.236,5,4,7,SAFE,0
35,71,MALL_CONCERT_STAGE,146,0.551,1.143,0.261,60.97,0.3,0.675,-0.601,7,6,6,SAFE,0
35,72,MALL_CONCERT_STAGE,124,0.459,1.17,0.179,48.28,0.19,0.617,-0.462,3,7,7,SAFE,0
35,73,MALL_CONCERT_STAGE,118,0.41,1.069,0.246,46.51,0.148,0.577,-0.495,7,10,5,SAFE,0
35,74,LIVE_PERFORMANCE_ZONE,128,0.491,0.886,0.31,48.64,0.243,0.66,-0.199,9,7,5,SAFE,0
35,75,MALL_CONCERT_STAGE,106,0.377,1.158,0.209,55.15,0.15,0.542,-0.148,2,9,4,SAFE,0
35,76,LIVE_PERFORMANCE_ZONE,112,0.439,1.072,0.288,58.53,0.233,0.56,-0.35,3,4,3,SAFE,0
35,77,LIVE_PERFORMANCE_ZONE,111,0.459,1.113,0.23,51.17,0.228,0.63,-0.393,8,7,3,SAFE,0
35,78,FESTIVAL_CORRIDOR,92,0.4,1.021,0.182,33.55,0.266,0.539,-0.495,1,7,4,SAFE,0
35,79,EVENT_ATRIUM,120,0.505,0.953,0.231,60.49,0.202,0.662,-0.562,7,11,8,SAFE,0
35,80,FESTIVAL_CORRIDOR,58,0.205,1.348,0.066,33.74,0.072,0.376,-0.148,2,3,6,SAFE,0
35,81,MALL_CONCERT_STAGE,111,0.45,1.157,0.295,53.63,0.217,0.664,-1.05,4,3,2,SAFE,0
35,82,EVENT_ATRIUM,103,0.316,1.339,0.074,47.21,0.192,0.539,-0.111,2,7,2,SAFE,0
35,83,EVENT_ATRIUM,107,0.418,1.155,0.261,58.02,0.178,0.6,-0.737,3,3,7,SAFE,0
35,84,LIVE_PERFORMANCE_ZONE,113,0.411,1.158,0.265,67.99,0.245,0.587,-0.429,4,4,6,SAFE,0
35,85,FESTIVAL_CORRIDOR,96,0.37,1.287,0.16,50.47,0.133,0.619,-1.037,5,6,5,SAFE,0
35,86,EVENT_ATRIUM,125,0.499,0.988,0.293,66.74,0.212,0.6,-0.483,7,3,6,SAFE,0
35,87,LIVE_PERFORMANCE_ZONE,91,0.367,1.227,0.155,43.19,0.23,0.571,-0.112,5,3,3,SAFE,0
35,88,LIVE_PERFORMANCE_ZONE,128,0.499,0.983,0.225,66.97,0.21,0.545,-0.25,8,6,6,SAFE,0
35,89,MALL_CONCERT_STAGE,108,0.427,1.08,0.175,45.02,0.197,0.628,-0.868,4,6,2,SAFE,0
36,0,EVENT_ATRIUM,101,0.43,0.967,0.171,65.07,0.19,0.601,-0.105,5,6,7,SAFE,0
36,1,EVENT_ATRIUM,81,0.331,1.19,0.14,51.51,0.144,0.541,-1.043,4,5,1,SAFE,0
36,2,FESTIVAL_CORRIDOR,130,0.529,1.092,0.303,62.73,0.238,0.662,-0.506,8,10,7,SAFE,0
36,3,EVENT_ATRIUM,106,0.322,1.373,0.154,53.84,0.153,0.499,-0.478,4,4,8,SAFE,0
36,4,EVENT_ATRIUM,99,0.345,1.303,0.168,38.1,0.152,0.454,-0.467,4,5,11,SAFE,0
36,5,MALL_CONCERT_STAGE,101,0.389,1,0.207,42.44,0.097,0.561,-0.977,3,5,5,SAFE,0
36,6,MALL_CONCERT_STAGE,96,0.348,1.182,0.232,57.25,0.151,0.545,-0.853,2,8,3,SAFE,0
36,7,LIVE_PERFORMANCE_ZONE,98,0.346,1.144,0.189,51.66,0.161,0.458,-0.193,4,5,8,SAFE,0
36,8,FESTIVAL_CORRIDOR,80,0.337,1.272,0.174,41.43,0.242,0.496,-0.348,3,7,7,SAFE,0
36,9,LIVE_PERFORMANCE_ZONE,99,0.407,1.15,0.232,34.41,0.147,0.615,-0.495,3,2,8,SAFE,0
36,10,FESTIVAL_CORRIDOR,105,0.407,1.149,0.218,49.73,0.187,0.475,0.125,8,8,7,SAFE,0
36,11,EVENT_ATRIUM,116,0.395,1.14,0.269,48.45,0.202,0.598,-0.086,8,3,0,SAFE,0
36,12,FESTIVAL_CORRIDOR,95,0.386,1.182,0.213,56.98,0.123,0.641,0.069,2,1,7,SAFE,0
36,13,MALL_CONCERT_STAGE,86,0.328,1.248,0.256,49.89,0.179,0.503,0.059,5,4,9,SAFE,0
36,14,MALL_CONCERT_STAGE,123,0.442,1.138,0.22,49.59,0.195,0.562,-0.437,6,9,14,SAFE,0
36,15,EVENT_ATRIUM,94,0.298,1.207,0.183,49.36,0.153,0.485,-0.318,8,3,3,SAFE,0
36,16,FESTIVAL_CORRIDOR,88,0.302,1.277,0.187,44.82,0.117,0.456,-0.285,4,5,5,SAFE,0
36,17,MALL_CONCERT_STAGE,93,0.355,1.233,0.267,47.76,0.197,0.498,-1.134,6,8,7,SAFE,0
36,18,LIVE_PERFORMANCE_ZONE,85,0.348,1.199,0.1,48.23,0.137,0.531,-0.114,2,7,1,SAFE,0
36,19,LIVE_PERFORMANCE_ZONE,81,0.282,1.181,0.18,38.87,0.126,0.545,-0.57,7,4,4,SAFE,0
36,20,LIVE_PERFORMANCE_ZONE,92,0.357,1.275,0.207,51.16,0.181,0.617,-0.264,3,8,3,SAFE,0
36,21,LIVE_PERFORMANCE_ZONE,109,0.373,1.249,0.169,44.96,0.194,0.55,-0.764,3,5,4,SAFE,0
36,22,EVENT_ATRIUM,107,0.368,1.261,0.219,43.02,0.222,0.534,-0.611,8,2,5,SAFE,0
36,23,FESTIVAL_CORRIDOR,78,0.329,1.237,0.237,52.92,0.08,0.525,-0.37,4,6,2,SAFE,0
36,24,LIVE_PERFORMANCE_ZONE,83,0.297,1.231,0.12,57.86,0.135,0.58,-0.238,2,3,5,SAFE,0
36,25,FESTIVAL_CORRIDOR,111,0.433,1.204,0.248,51.13,0.204,0.52,-0.648,8,10,4,SAFE,0
36,26,EVENT_ATRIUM,92,0.356,1.319,0.238,55.06,0.177,0.422,-0.047,2,3,3,SAFE,0
36,27,LIVE_PERFORMANCE_ZONE,108,0.44,1.258,0.198,53.5,0.234,0.53,-0.415,6,6,7,SAFE,0
36,28,EVENT_ATRIUM,119,0.46,1.121,0.224,50.57,0.2,0.604,-1.128,3,5,3,SAFE,0
36,29,FESTIVAL_CORRIDOR,93,0.375,0.982,0.198,47.31,0.19,0.567,0.232,6,7,3,SAFE,0
36,30,FESTIVAL_CORRIDOR,126,0.498,0.903,0.383,62.77,0.181,0.597,-0.337,7,5,6,SAFE,0
36,31,LIVE_PERFORMANCE_ZONE,103,0.389,1.202,0.162,46.06,0.165,0.596,-0.49,4,8,8,SAFE,0
36,32,LIVE_PERFORMANCE_ZONE,120,0.501,1.013,0.312,59.18,0.225,0.659,-0.129,3,6,3,SAFE,0
36,33,EVENT_ATRIUM,104,0.423,1.098,0.153,48.96,0.207,0.557,-0.755,5,6,3,SAFE,0
36,34,EVENT_ATRIUM,121,0.461,1.081,0.289,67.8,0.225,0.543,-0.546,7,8,4,SAFE,0
36,35,MALL_CONCERT_STAGE,128,0.465,1.026,0.313,55.22,0.252,0.61,-0.206,1,6,5,SAFE,0
36,36,FESTIVAL_CORRIDOR,120,0.486,1.126,0.306,54.34,0.237,0.54,-0.952,1,11,3,SAFE,0
36,37,LIVE_PERFORMANCE_ZONE,107,0.377,1.078,0.323,46.7,0.167,0.6,-0.274,8,6,5,SAFE,0
36,38,FESTIVAL_CORRIDOR,101,0.393,1.137,0.226,56.29,0.135,0.555,-0.572,9,4,5,SAFE,0
36,39,FESTIVAL_CORRIDOR,124,0.494,1.199,0.272,53.97,0.261,0.674,-0.414,12,13,9,SAFE,0
36,40,LIVE_PERFORMANCE_ZONE,134,0.474,1.092,0.298,65.34,0.118,0.539,-0.742,7,12,5,SAFE,0
36,41,MALL_CONCERT_STAGE,124,0.436,1.162,0.232,55.05,0.223,0.566,-0.845,2,6,7,SAFE,0
36,42,EVENT_ATRIUM,122,0.548,0.991,0.276,60.61,0.194,0.645,-0.324,5,3,3,SAFE,0
36,43,FESTIVAL_CORRIDOR,140,0.528,1.001,0.29,54.68,0.261,0.655,-0.806,3,5,3,SAFE,0
36,44,LIVE_PERFORMANCE_ZONE,119,0.402,1.259,0.22,47.57,0.167,0.574,-0.201,1,4,8,SAFE,0
36,45,FESTIVAL_CORRIDOR,143,0.573,0.954,0.264,60.14,0.369,0.714,-0.857,6,10,9,SAFE,0
36,46,FESTIVAL_CORRIDOR,156,0.556,1.037,0.253,53.48,0.232,0.761,-0.371,6,4,6,SAFE,0
36,47,LIVE_PERFORMANCE_ZONE,159,0.584,0.92,0.288,63.36,0.324,0.625,-0.87,6,8,7,SAFE,0
36,48,MALL_CONCERT_STAGE,151,0.57,0.929,0.303,67.8,0.309,0.614,-0.967,6,7,7,SAFE,0
36,49,MALL_CONCERT_STAGE,168,0.685,0.803,0.369,68.77,0.341,0.704,-0.7,5,8,9,WARNING,1
36,50,FESTIVAL_CORRIDOR,154,0.51,1.061,0.206,63.53,0.225,0.626,-0.153,4,7,8,SAFE,0
36,51,FESTIVAL_CORRIDOR,170,0.667,1.017,0.326,69.16,0.247,0.691,-0.951,11,7,10,WARNING,1
36,52,EVENT_ATRIUM,175,0.697,0.796,0.412,80.81,0.302,0.751,-0.346,6,5,6,WARNING,1
36,53,EVENT_ATRIUM,147,0.549,0.969,0.319,55.57,0.26,0.691,-0.675,10,5,6,SAFE,0
36,54,FESTIVAL_CORRIDOR,149,0.566,0.866,0.341,77.14,0.293,0.564,-0.616,2,6,5,SAFE,0
36,55,EVENT_ATRIUM,154,0.571,1.011,0.421,59.64,0.257,0.649,-0.612,4,6,8,SAFE,0
36,56,LIVE_PERFORMANCE_ZONE,168,0.624,0.913,0.375,54.51,0.342,0.795,-1.02,8,7,7,WARNING,1
36,57,MALL_CONCERT_STAGE,155,0.556,0.859,0.248,71.21,0.257,0.727,-1.087,10,7,7,SAFE,0
36,58,EVENT_ATRIUM,173,0.65,0.854,0.323,60.32,0.337,0.711,-0.518,4,12,10,WARNING,1
36,59,FESTIVAL_CORRIDOR,158,0.635,0.921,0.331,62.59,0.197,0.756,-0.572,3,4,2,SAFE,0
36,60,MALL_CONCERT_STAGE,139,0.552,1.053,0.292,68.64,0.216,0.609,-0.794,8,4,6,SAFE,0
36,61,LIVE_PERFORMANCE_ZONE,157,0.572,1.035,0.348,68.54,0.239,0.695,-1.319,7,5,11,SAFE,0
36,62,LIVE_PERFORMANCE_ZONE,137,0.553,0.991,0.302,54.87,0.236,0.548,-0.649,4,8,9,SAFE,0
36,63,FESTIVAL_CORRIDOR,157,0.533,0.875,0.183,51.39,0.231,0.655,-0.592,5,10,8,SAFE,0
36,64,LIVE_PERFORMANCE_ZONE,152,0.577,0.849,0.335,70.1,0.237,0.716,-0.87,4,6,10,SAFE,0
36,65,MALL_CONCERT_STAGE,140,0.565,0.981,0.241,70.08,0.267,0.592,-0.598,5,9,1,SAFE,0
36,66,EVENT_ATRIUM,125,0.439,1.207,0.288,51.19,0.284,0.613,-0.477,4,8,8,SAFE,0
36,67,MALL_CONCERT_STAGE,138,0.474,0.983,0.296,65.25,0.259,0.565,-0.903,3,11,6,SAFE,0
36,68,LIVE_PERFORMANCE_ZONE,164,0.681,0.764,0.361,68.27,0.305,0.764,-0.579,4,5,9,WARNING,1
36,69,FESTIVAL_CORRIDOR,116,0.465,1.173,0.323,44.65,0.28,0.612,-0.432,3,6,7,SAFE,0
36,70,FESTIVAL_CORRIDOR,154,0.646,0.956,0.383,63.62,0.354,0.724,-0.94,6,6,8,WARNING,1
36,71,FESTIVAL_CORRIDOR,136,0.532,0.992,0.321,62.56,0.267,0.592,-0.346,8,5,1,SAFE,0
36,72,LIVE_PERFORMANCE_ZONE,127,0.46,1.044,0.191,59.54,0.268,0.662,-0.94,4,8,7,SAFE,0
36,73,LIVE_PERFORMANCE_ZONE,117,0.496,1.117,0.399,45.32,0.249,0.654,-1.02,4,5,6,SAFE,0
36,74,FESTIVAL_CORRIDOR,132,0.543,0.978,0.331,75.28,0.234,0.707,-0.549,5,8,9,SAFE,0
36,75,FESTIVAL_CORRIDOR,126,0.545,0.994,0.3,71.84,0.247,0.661,-0.591,5,8,3,SAFE,0
36,76,EVENT_ATRIUM,123,0.458,1.024,0.304,50.3,0.261,0.565,-0.624,9,5,4,SAFE,0
36,77,MALL_CONCERT_STAGE,109,0.363,1.308,0.255,44.09,0.22,0.592,0.038,8,3,2,SAFE,0
36,78,EVENT_ATRIUM,105,0.466,1.125,0.241,63.15,0.227,0.698,-0.969,6,6,2,SAFE,0
36,79,MALL_CONCERT_STAGE,122,0.471,1.122,0.202,55.93,0.194,0.568,-0.959,4,11,6,SAFE,0
36,80,EVENT_ATRIUM,105,0.397,1.211,0.225,46.87,0.178,0.502,-0.466,2,5,5,SAFE,0
36,81,EVENT_ATRIUM,117,0.468,1.115,0.273,62.42,0.221,0.597,-0.793,5,9,2,SAFE,0
36,82,FESTIVAL_CORRIDOR,114,0.426,1.174,0.185,66.3,0.2,0.561,-0.194,4,7,3,SAFE,0
36,83,EVENT_ATRIUM,112,0.402,1.195,0.242,53.88,0.2,0.478,-1.028,1,11,8,SAFE,0
36,84,EVENT_ATRIUM,117,0.458,1.033,0.29,62.11,0.223,0.598,-0.165,3,7,7,SAFE,0
36,85,FESTIVAL_CORRIDOR,84,0.326,1.234,0.199,42.54,0.189,0.529,-0.509,4,4,2,SAFE,0
36,86,LIVE_PERFORMANCE_ZONE,103,0.409,1.145,0.231,52.72,0.164,0.596,-0.205,7,2,3,SAFE,0
36,87,MALL_CONCERT_STAGE,111,0.433,1.182,0.184,44.17,0.149,0.492,-0.495,3,7,4,SAFE,0
36,88,MALL_CONCERT_STAGE,106,0.444,1.113,0.268,50.33,0.159,0.639,-0.891,5,7,3,SAFE,0
36,89,LIVE_PERFORMANCE_ZONE,107,0.417,1.31,0.229,39.76,0.189,0.517,0.166,4,4,3,SAFE,0
37,0,EVENT_ATRIUM,174,0.694,0.916,0.423,74.05,0.362,0.794,-0.711,7,4,7,WARNING,1
37,1,EVENT_ATRIUM,167,0.663,0.965,0.355,79.83,0.363,0.762,-0.81,5,7,10,WARNING,1
37,2,LIVE_PERFORMANCE_ZONE,146,0.609,0.951,0.265,65,0.287,0.612,-0.314,4,6,8,SAFE,0
37,3,EVENT_ATRIUM,158,0.612,0.978,0.298,72.05,0.261,0.663,-0.496,4,9,3,SAFE,0
37,4,MALL_CONCERT_STAGE,142,0.502,0.971,0.286,54.64,0.314,0.628,-1.036,5,12,7,SAFE,0
37,5,FESTIVAL_CORRIDOR,141,0.514,1.017,0.277,50.42,0.247,0.634,-0.602,7,3,7,SAFE,0
37,6,FESTIVAL_CORRIDOR,156,0.598,0.872,0.334,69.76,0.31,0.732,-0.692,4,7,9,WARNING,1
37,7,LIVE_PERFORMANCE_ZONE,159,0.653,0.876,0.4,90.61,0.314,0.592,-0.65,3,11,8,WARNING,1
37,8,LIVE_PERFORMANCE_ZONE,166,0.608,0.878,0.24,73.06,0.307,0.662,-0.803,5,8,9,SAFE,0
37,9,LIVE_PERFORMANCE_ZONE,166,0.665,0.88,0.328,67.88,0.339,0.68,-0.155,5,9,7,WARNING,1
37,10,EVENT_ATRIUM,139,0.56,1.021,0.323,64.52,0.275,0.741,-1.12,7,13,5,SAFE,0
37,11,LIVE_PERFORMANCE_ZONE,146,0.592,0.98,0.336,62.75,0.232,0.605,-1.37,4,7,10,SAFE,0
37,12,EVENT_ATRIUM,175,0.683,0.935,0.295,71.26,0.288,0.7,-1.015,8,11,10,WARNING,1
37,13,FESTIVAL_CORRIDOR,139,0.518,0.926,0.278,63,0.27,0.705,-0.903,4,6,11,SAFE,0
37,14,FESTIVAL_CORRIDOR,155,0.579,1.048,0.335,63.12,0.23,0.728,-0.694,5,6,4,SAFE,0
37,15,EVENT_ATRIUM,165,0.628,0.843,0.438,56.29,0.341,0.727,-0.394,2,9,12,WARNING,1
37,16,MALL_CONCERT_STAGE,141,0.527,0.946,0.264,58.4,0.298,0.61,-0.311,5,9,4,SAFE,0
37,17,FESTIVAL_CORRIDOR,154,0.588,0.93,0.38,67.77,0.242,0.674,-0.342,8,7,8,SAFE,0
37,18,FESTIVAL_CORRIDOR,160,0.608,0.89,0.287,58.39,0.308,0.752,-0.354,5,6,6,SAFE,0
37,19,EVENT_ATRIUM,159,0.603,1.003,0.406,60.94,0.322,0.695,-1.667,5,8,7,WARNING,1
37,20,MALL_CONCERT_STAGE,169,0.64,0.852,0.409,66.4,0.318,0.694,-0.67,4,9,8,WARNING,1
37,21,LIVE_PERFORMANCE_ZONE,179,0.68,0.807,0.352,78.95,0.368,0.736,-0.84,6,12,6,WARNING,1
37,22,LIVE_PERFORMANCE_ZONE,161,0.582,1.05,0.313,65.92,0.219,0.652,-0.364,6,12,8,SAFE,0
37,23,MALL_CONCERT_STAGE,153,0.653,0.843,0.393,67.88,0.275,0.736,-1.233,5,11,9,WARNING,1
37,24,EVENT_ATRIUM,151,0.578,0.802,0.431,57.38,0.279,0.751,-0.727,3,10,8,WARNING,1
37,25,FESTIVAL_CORRIDOR,150,0.609,0.81,0.362,55.25,0.324,0.708,-0.872,6,5,4,WARNING,1
37,26,EVENT_ATRIUM,160,0.551,0.929,0.313,63.27,0.254,0.653,-0.51,9,10,12,SAFE,0
37,27,FESTIVAL_CORRIDOR,161,0.61,0.819,0.353,64.79,0.283,0.691,-0.425,5,7,8,SAFE,0
37,28,LIVE_PERFORMANCE_ZONE,180,0.674,0.801,0.406,62.95,0.303,0.686,-0.782,6,9,6,WARNING,1
37,29,FESTIVAL_CORRIDOR,163,0.615,0.954,0.461,53.69,0.293,0.677,-0.853,9,6,4,WARNING,1
37,30,FESTIVAL_CORRIDOR,181,0.689,0.879,0.343,72.65,0.297,0.718,-0.709,6,14,10,WARNING,1
37,31,EVENT_ATRIUM,148,0.537,1.004,0.238,57.96,0.271,0.643,-0.436,4,9,7,SAFE,0
37,32,EVENT_ATRIUM,182,0.706,0.851,0.424,52.55,0.257,0.745,-0.748,4,10,8,WARNING,1
37,33,LIVE_PERFORMANCE_ZONE,181,0.748,0.844,0.463,77.23,0.365,0.759,-0.277,1,7,5,WARNING,1
37,34,FESTIVAL_CORRIDOR,171,0.659,0.971,0.365,73.03,0.342,0.771,-0.481,4,9,7,WARNING,1
37,35,LIVE_PERFORMANCE_ZONE,192,0.682,0.745,0.364,83.77,0.27,0.717,-1.023,4,6,9,WARNING,1
37,36,EVENT_ATRIUM,186,0.731,0.711,0.403,80.94,0.429,0.743,-0.614,3,11,3,WARNING,1
37,37,MALL_CONCERT_STAGE,201,0.772,0.677,0.414,78.3,0.357,0.735,-0.625,7,10,6,WARNING,1
37,38,FESTIVAL_CORRIDOR,198,0.723,0.789,0.399,69.41,0.352,0.713,-0.445,4,10,11,WARNING,1
37,39,FESTIVAL_CORRIDOR,200,0.803,0.735,0.502,90.77,0.336,0.836,-0.21,5,10,18,WARNING,1
37,40,FESTIVAL_CORRIDOR,190,0.726,0.865,0.371,72.15,0.287,0.68,-0.48,7,9,16,WARNING,1
37,41,LIVE_PERFORMANCE_ZONE,198,0.722,0.744,0.42,75.41,0.28,0.775,-0.15,4,9,12,WARNING,1
37,42,LIVE_PERFORMANCE_ZONE,191,0.727,0.824,0.433,76.86,0.357,0.79,-0.565,5,12,9,WARNING,1
37,43,FESTIVAL_CORRIDOR,188,0.709,0.848,0.36,75.46,0.364,0.778,-0.688,8,6,3,WARNING,1
37,44,MALL_CONCERT_STAGE,202,0.76,0.944,0.449,73.16,0.354,0.723,-1.112,5,6,13,WARNING,1
37,45,EVENT_ATRIUM,216,0.879,0.569,0.431,84.82,0.45,0.801,-0.498,3,13,11,WARNING,1
37,46,FESTIVAL_CORRIDOR,223,0.829,0.661,0.407,96.16,0.377,0.889,-0.872,6,10,11,WARNING,1
37,47,MALL_CONCERT_STAGE,208,0.85,0.777,0.475,86.2,0.439,0.821,-0.198,7,9,9,WARNING,1
37,48,FESTIVAL_CORRIDOR,193,0.789,0.631,0.478,89.75,0.366,0.828,-0.493,6,9,5,WARNING,1
37,49,EVENT_ATRIUM,202,0.806,0.623,0.482,78.1,0.387,0.847,-1.082,4,5,9,WARNING,1
37,50,MALL_CONCERT_STAGE,201,0.766,0.831,0.371,64.38,0.266,0.773,-1.008,6,10,11,WARNING,1
37,51,LIVE_PERFORMANCE_ZONE,237,0.879,0.502,0.415,91.42,0.392,0.803,-1.516,8,8,5,WARNING,1
37,52,MALL_CONCERT_STAGE,217,0.804,0.668,0.376,84.2,0.37,0.855,-0.761,8,14,12,WARNING,1
37,53,EVENT_ATRIUM,224,0.828,0.666,0.391,81.19,0.367,0.85,-0.755,9,13,11,WARNING,1
37,54,MALL_CONCERT_STAGE,201,0.74,0.866,0.439,65.41,0.38,0.686,-0.662,6,13,6,WARNING,1
37,55,LIVE_PERFORMANCE_ZONE,202,0.772,0.663,0.411,77.09,0.464,0.741,-0.145,7,21,12,WARNING,1
37,56,MALL_CONCERT_STAGE,192,0.71,0.685,0.377,76.54,0.305,0.803,-0.475,5,6,10,WARNING,1
37,57,MALL_CONCERT_STAGE,206,0.784,0.597,0.423,85.3,0.393,0.848,-1.208,2,13,8,WARNING,1
37,58,MALL_CONCERT_STAGE,212,0.854,0.723,0.477,77.71,0.472,0.809,-1.095,6,10,6,WARNING,1
37,59,FESTIVAL_CORRIDOR,211,0.816,0.712,0.345,85.41,0.35,0.812,-0.701,10,16,3,WARNING,1
37,60,MALL_CONCERT_STAGE,207,0.851,0.727,0.489,79.62,0.421,0.794,-0.59,8,15,14,WARNING,1
37,61,MALL_CONCERT_STAGE,206,0.786,0.789,0.423,80.33,0.361,0.702,-1.693,5,10,6,WARNING,1
37,62,EVENT_ATRIUM,169,0.695,0.795,0.348,86.05,0.282,0.804,-0.834,4,6,4,WARNING,1
37,63,FESTIVAL_CORRIDOR,180,0.696,0.847,0.404,74.27,0.288,0.758,-0.517,4,3,15,WARNING,1
37,64,LIVE_PERFORMANCE_ZONE,180,0.688,0.957,0.408,73.68,0.346,0.764,-0.781,8,12,9,WARNING,1
37,65,EVENT_ATRIUM,188,0.771,0.719,0.417,86.54,0.35,0.711,-0.597,10,11,9,WARNING,1
37,66,EVENT_ATRIUM,192,0.682,0.756,0.44,58.98,0.283,0.752,-0.657,4,15,10,WARNING,1
37,67,EVENT_ATRIUM,171,0.651,0.871,0.448,62.14,0.306,0.702,-0.735,5,8,8,WARNING,1
37,68,FESTIVAL_CORRIDOR,164,0.606,0.959,0.287,62.6,0.368,0.675,-0.448,7,4,7,SAFE,0
37,69,EVENT_ATRIUM,159,0.624,0.966,0.315,64.91,0.312,0.738,-0.121,10,6,4,WARNING,1
37,70,LIVE_PERFORMANCE_ZONE,167,0.696,0.876,0.313,73.15,0.316,0.645,-0.362,5,9,7,WARNING,1
37,71,MALL_CONCERT_STAGE,156,0.639,0.829,0.384,78.59,0.309,0.716,-1.206,4,5,8,WARNING,1
37,72,LIVE_PERFORMANCE_ZONE,172,0.643,0.729,0.386,63.92,0.257,0.751,-1.189,7,12,14,WARNING,1
37,73,EVENT_ATRIUM,153,0.563,0.962,0.358,59.45,0.284,0.685,-0.493,2,11,5,SAFE,0
37,74,EVENT_ATRIUM,163,0.634,1.094,0.294,65.07,0.328,0.756,-0.694,3,8,2,WARNING,1
37,75,EVENT_ATRIUM,160,0.616,0.933,0.332,73.19,0.326,0.713,-0.92,3,5,9,WARNING,1
37,76,MALL_CONCERT_STAGE,176,0.632,0.795,0.327,70.25,0.253,0.788,-0.393,3,13,5,WARNING,1
37,77,LIVE_PERFORMANCE_ZONE,171,0.69,0.777,0.401,84.85,0.361,0.668,-0.599,3,8,10,WARNING,1
37,78,FESTIVAL_CORRIDOR,145,0.539,1.183,0.253,49.82,0.278,0.659,0.144,4,4,4,SAFE,0
37,79,MALL_CONCERT_STAGE,148,0.562,1.046,0.213,66.4,0.262,0.705,-1.11,6,2,7,SAFE,0
37,80,EVENT_ATRIUM,144,0.554,0.87,0.288,63.82,0.184,0.657,-0.605,4,6,8,SAFE,0
37,81,EVENT_ATRIUM,168,0.592,0.976,0.39,67.18,0.307,0.605,-0.585,4,9,8,SAFE,0
37,82,EVENT_ATRIUM,142,0.599,0.837,0.319,60.82,0.253,0.7,-0.391,2,2,5,SAFE,0
37,83,FESTIVAL_CORRIDOR,162,0.598,0.969,0.334,64.16,0.282,0.663,-1.12,3,13,3,SAFE,0
37,84,FESTIVAL_CORRIDOR,172,0.669,0.917,0.41,65.9,0.35,0.738,-0.489,3,12,11,WARNING,1
37,85,EVENT_ATRIUM,169,0.598,0.912,0.287,59.06,0.303,0.694,-0.813,9,5,6,SAFE,0
37,86,MALL_CONCERT_STAGE,146,0.587,1.049,0.387,63.5,0.273,0.573,-0.9,3,7,7,SAFE,0
37,87,EVENT_ATRIUM,169,0.658,0.801,0.425,65.76,0.315,0.701,-0.39,4,18,10,WARNING,1
37,88,LIVE_PERFORMANCE_ZONE,158,0.631,0.699,0.403,57.11,0.221,0.68,-1.077,8,4,6,SAFE,0
37,89,EVENT_ATRIUM,158,0.59,0.956,0.302,72.11,0.304,0.758,-0.236,2,6,5,WARNING,1
38,0,EVENT_ATRIUM,129,0.472,1.171,0.313,58.98,0.221,0.527,-1.06,5,7,2,SAFE,0
38,1,EVENT_ATRIUM,125,0.542,0.758,0.287,72.32,0.238,0.578,-0.425,6,6,5,SAFE,0
38,2,FESTIVAL_CORRIDOR,143,0.575,1.19,0.325,62.43,0.337,0.626,-0.655,3,7,6,SAFE,0
38,3,LIVE_PERFORMANCE_ZONE,147,0.589,0.869,0.309,79.12,0.275,0.728,-0.767,7,5,10,SAFE,0
38,4,LIVE_PERFORMANCE_ZONE,146,0.575,0.986,0.338,61.69,0.243,0.649,-0.09,8,6,6,SAFE,0
38,5,EVENT_ATRIUM,147,0.529,1.07,0.338,53.25,0.246,0.635,-0.502,4,6,7,SAFE,0
38,6,EVENT_ATRIUM,128,0.438,1.177,0.215,56.97,0.173,0.582,-0.412,2,8,5,SAFE,0
38,7,FESTIVAL_CORRIDOR,143,0.533,1.074,0.366,56.2,0.254,0.676,-0.441,5,8,6,SAFE,0
38,8,MALL_CONCERT_STAGE,149,0.54,1.069,0.259,71.52,0.319,0.659,-0.423,3,10,8,SAFE,0
38,9,FESTIVAL_CORRIDOR,147,0.578,0.886,0.295,69.56,0.275,0.567,-0.391,4,10,5,SAFE,0
38,10,MALL_CONCERT_STAGE,133,0.493,1.011,0.344,60.97,0.262,0.659,-0.364,7,5,5,SAFE,0
38,11,EVENT_ATRIUM,163,0.633,0.768,0.406,67.28,0.326,0.696,-1.276,6,12,4,WARNING,1
38,12,LIVE_PERFORMANCE_ZONE,156,0.596,1.099,0.317,78.12,0.289,0.6,-0.36,8,11,3,SAFE,0
38,13,LIVE_PERFORMANCE_ZONE,141,0.549,0.999,0.303,68.9,0.27,0.686,-0.483,4,11,6,SAFE,0
38,14,FESTIVAL_CORRIDOR,141,0.561,1.013,0.344,67.52,0.249,0.672,-0.82,5,13,5,SAFE,0
38,15,FESTIVAL_CORRIDOR,139,0.512,1.001,0.249,59.56,0.31,0.597,-0.884,7,6,3,SAFE,0
38,16,EVENT_ATRIUM,172,0.62,0.857,0.308,51.89,0.303,0.703,-0.152,4,11,5,SAFE,0
38,17,LIVE_PERFORMANCE_ZONE,149,0.497,1.175,0.239,58,0.256,0.544,0.254,3,8,5,SAFE,0
38,18,MALL_CONCERT_STAGE,159,0.565,0.86,0.342,62.95,0.335,0.65,-0.398,10,4,6,SAFE,0
38,19,MALL_CONCERT_STAGE,132,0.521,1.073,0.216,54.58,0.263,0.637,-0.182,3,2,5,SAFE,0
38,20,EVENT_ATRIUM,165,0.571,0.945,0.28,59.34,0.27,0.721,-1.175,4,7,9,SAFE,0
38,21,FESTIVAL_CORRIDOR,145,0.518,1.074,0.301,51.5,0.309,0.597,-0.406,7,9,9,SAFE,0
38,22,MALL_CONCERT_STAGE,130,0.566,0.937,0.312,58.28,0.251,0.75,-1.191,8,4,14,SAFE,0
38,23,FESTIVAL_CORRIDOR,120,0.432,1.186,0.209,53.62,0.216,0.624,0.035,6,7,5,SAFE,0
38,24,MALL_CONCERT_STAGE,154,0.622,0.772,0.333,60.2,0.297,0.691,-1.012,7,9,11,SAFE,0
38,25,LIVE_PERFORMANCE_ZONE,127,0.486,1.068,0.212,53.18,0.187,0.539,-0.07,8,11,7,SAFE,0
38,26,LIVE_PERFORMANCE_ZONE,131,0.537,1.025,0.319,62.59,0.308,0.668,-1.031,4,7,5,SAFE,0
38,27,FESTIVAL_CORRIDOR,149,0.587,0.976,0.404,70.02,0.329,0.636,-0.423,7,3,3,WARNING,1
38,28,FESTIVAL_CORRIDOR,147,0.55,1.046,0.246,60.63,0.227,0.677,-0.984,2,2,2,SAFE,0
38,29,FESTIVAL_CORRIDOR,143,0.563,1.042,0.337,58.11,0.272,0.712,-0.795,2,10,6,SAFE,0
38,30,MALL_CONCERT_STAGE,157,0.561,1.015,0.251,70.88,0.272,0.569,-0.759,6,5,10,SAFE,0
38,31,EVENT_ATRIUM,147,0.531,0.949,0.289,61.04,0.21,0.683,-0.457,7,6,7,SAFE,0
38,32,MALL_CONCERT_STAGE,149,0.593,1.043,0.341,62.88,0.32,0.73,-0.1,5,4,7,WARNING,1
38,33,EVENT_ATRIUM,183,0.673,0.935,0.469,74.62,0.31,0.748,-0.911,7,5,6,WARNING,1
38,34,EVENT_ATRIUM,142,0.537,0.992,0.282,63.99,0.285,0.63,-0.459,4,8,6,SAFE,0
38,35,MALL_CONCERT_STAGE,158,0.654,0.701,0.334,75.82,0.338,0.66,-0.193,6,5,6,WARNING,1
38,36,FESTIVAL_CORRIDOR,169,0.652,0.948,0.351,70.73,0.326,0.786,-0.687,2,9,6,WARNING,1
38,37,LIVE_PERFORMANCE_ZONE,174,0.702,0.888,0.443,72.85,0.428,0.659,-0.858,8,12,11,WARNING,1
38,38,MALL_CONCERT_STAGE,177,0.666,0.765,0.31,65.44,0.254,0.689,-0.475,6,7,8,WARNING,1
38,39,EVENT_ATRIUM,160,0.634,0.891,0.385,74.44,0.326,0.696,-0.492,6,12,4,WARNING,1
38,40,MALL_CONCERT_STAGE,173,0.681,0.866,0.45,71.51,0.289,0.69,-1.038,10,9,5,WARNING,1
38,41,MALL_CONCERT_STAGE,175,0.685,0.801,0.425,81.19,0.413,0.68,-0.648,6,8,8,WARNING,1
38,42,MALL_CONCERT_STAGE,162,0.663,0.867,0.429,77.69,0.296,0.759,-1.059,6,6,6,WARNING,1
38,43,EVENT_ATRIUM,180,0.678,0.91,0.361,67.54,0.326,0.685,-0.993,6,6,7,WARNING,1
38,44,EVENT_ATRIUM,194,0.743,0.781,0.428,80.44,0.333,0.692,-1.207,4,10,7,WARNING,1
38,45,MALL_CONCERT_STAGE,187,0.728,0.77,0.399,58.53,0.379,0.765,-0.287,11,15,7,WARNING,1
38,46,EVENT_ATRIUM,201,0.764,0.825,0.421,87.92,0.382,0.726,-0.849,5,12,12,WARNING,1
38,47,FESTIVAL_CORRIDOR,189,0.701,0.754,0.409,73.37,0.341,0.771,-0.696,2,11,8,WARNING,1
38,48,FESTIVAL_CORRIDOR,176,0.706,0.675,0.393,87.19,0.357,0.779,-1.181,2,12,7,WARNING,1
38,49,MALL_CONCERT_STAGE,168,0.636,0.815,0.376,65.87,0.351,0.75,-1.01,3,6,6,WARNING,1
38,50,EVENT_ATRIUM,219,0.844,0.618,0.391,87.85,0.41,0.798,-1.025,3,8,8,WARNING,1
38,51,LIVE_PERFORMANCE_ZONE,196,0.781,0.659,0.47,83.86,0.355,0.796,-0.984,6,13,8,WARNING,1
38,52,LIVE_PERFORMANCE_ZONE,202,0.792,0.732,0.481,83.26,0.415,0.82,-0.723,5,13,10,WARNING,1
38,53,MALL_CONCERT_STAGE,214,0.827,0.727,0.414,76.47,0.392,0.807,-0.943,11,10,19,WARNING,1
38,54,EVENT_ATRIUM,196,0.755,0.778,0.487,67.02,0.405,0.778,-0.609,9,8,3,WARNING,1
38,55,EVENT_ATRIUM,190,0.765,0.857,0.472,82.29,0.314,0.721,0.06,5,12,13,WARNING,1
38,56,LIVE_PERFORMANCE_ZONE,203,0.774,0.799,0.39,78.76,0.376,0.874,-0.773,8,13,13,WARNING,1
38,57,FESTIVAL_CORRIDOR,190,0.723,0.803,0.454,65.28,0.332,0.762,-0.237,5,8,8,WARNING,1
38,58,MALL_CONCERT_STAGE,196,0.746,0.779,0.406,77.34,0.384,0.771,-0.492,10,9,9,WARNING,1
38,59,EVENT_ATRIUM,198,0.773,0.644,0.447,71.95,0.411,0.816,-1.567,6,12,5,WARNING,1
38,60,LIVE_PERFORMANCE_ZONE,232,0.864,0.691,0.45,96.94,0.307,0.909,-1.412,7,9,14,WARNING,1
38,61,LIVE_PERFORMANCE_ZONE,196,0.745,0.861,0.39,72.2,0.312,0.757,-0.78,4,14,4,WARNING,1
38,62,FESTIVAL_CORRIDOR,209,0.789,0.846,0.545,81.77,0.341,0.792,-0.536,11,11,10,WARNING,1
38,63,EVENT_ATRIUM,196,0.736,0.797,0.431,81.22,0.331,0.723,-0.842,6,18,13,WARNING,1
38,64,FESTIVAL_CORRIDOR,196,0.791,0.793,0.478,84.07,0.355,0.76,-0.255,6,10,6,WARNING,1
38,65,MALL_CONCERT_STAGE,185,0.695,0.963,0.42,71.8,0.314,0.81,-0.742,9,9,9,WARNING,1
38,66,LIVE_PERFORMANCE_ZONE,189,0.731,0.791,0.471,79.33,0.336,0.776,-0.788,10,12,15,WARNING,1
38,67,FESTIVAL_CORRIDOR,178,0.716,0.687,0.444,79.23,0.344,0.809,-0.527,9,8,11,WARNING,1
38,68,FESTIVAL_CORRIDOR,186,0.776,0.649,0.464,72.03,0.372,0.796,-1.065,7,7,9,WARNING,1
38,69,MALL_CONCERT_STAGE,188,0.742,0.739,0.371,76.1,0.35,0.804,-0.683,9,7,5,WARNING,1
38,70,FESTIVAL_CORRIDOR,174,0.693,1.052,0.345,75.09,0.404,0.761,-0.427,7,9,7,WARNING,1
38,71,LIVE_PERFORMANCE_ZONE,164,0.596,1.056,0.305,79.61,0.271,0.642,-0.466,4,11,6,SAFE,0
38,72,LIVE_PERFORMANCE_ZONE,165,0.579,0.977,0.397,54.47,0.334,0.652,-0.34,10,4,9,SAFE,0
38,73,MALL_CONCERT_STAGE,161,0.603,1.014,0.347,64.97,0.332,0.728,-0.496,6,8,6,WARNING,1
38,74,LIVE_PERFORMANCE_ZONE,156,0.614,0.98,0.378,74.12,0.287,0.677,0.533,1,7,12,WARNING,1
38,75,EVENT_ATRIUM,171,0.645,0.962,0.302,62.67,0.333,0.765,-0.648,3,8,2,WARNING,1
38,76,EVENT_ATRIUM,153,0.623,0.832,0.45,73.19,0.249,0.704,-0.071,4,5,5,WARNING,1
38,77,FESTIVAL_CORRIDOR,155,0.533,1.162,0.322,58.07,0.276,0.595,-0.69,5,9,6,SAFE,0
38,78,FESTIVAL_CORRIDOR,165,0.549,1.042,0.253,62.78,0.232,0.585,-0.766,5,8,9,SAFE,0
38,79,EVENT_ATRIUM,163,0.617,0.893,0.357,69.31,0.271,0.619,-0.878,5,7,5,SAFE,0
38,80,LIVE_PERFORMANCE_ZONE,140,0.553,0.996,0.244,57.56,0.289,0.627,-0.272,5,8,7,SAFE,0
38,81,FESTIVAL_CORRIDOR,156,0.654,0.848,0.381,67.78,0.365,0.666,-1.029,14,12,9,WARNING,1
38,82,LIVE_PERFORMANCE_ZONE,147,0.57,0.941,0.301,57.12,0.274,0.634,-0.344,6,7,1,SAFE,0
38,83,MALL_CONCERT_STAGE,151,0.587,0.914,0.367,64.94,0.366,0.651,-0.616,6,7,7,WARNING,1
38,84,LIVE_PERFORMANCE_ZONE,146,0.611,0.93,0.339,87,0.279,0.755,-1.118,3,8,5,WARNING,1
38,85,LIVE_PERFORMANCE_ZONE,141,0.523,0.852,0.31,58.37,0.259,0.789,-0.775,2,6,3,SAFE,0
38,86,LIVE_PERFORMANCE_ZONE,132,0.551,0.926,0.303,63.18,0.265,0.709,-0.429,4,4,3,SAFE,0
38,87,MALL_CONCERT_STAGE,146,0.591,0.877,0.311,65.13,0.313,0.635,-0.502,10,7,14,SAFE,0
38,88,MALL_CONCERT_STAGE,145,0.598,0.896,0.314,49.05,0.288,0.651,-0.81,9,3,3,SAFE,0
38,89,FESTIVAL_CORRIDOR,133,0.528,1.035,0.273,61.72,0.33,0.628,-0.794,3,10,7,SAFE,0
39,0,FESTIVAL_CORRIDOR,211,0.812,0.705,0.475,88.67,0.359,0.816,-0.988,6,8,9,WARNING,1
39,1,MALL_CONCERT_STAGE,181,0.66,0.918,0.393,66.59,0.385,0.718,-1.026,5,13,10,WARNING,1
39,2,EVENT_ATRIUM,217,0.874,0.53,0.479,91.51,0.448,0.861,-0.957,3,10,9,WARNING,1
39,3,LIVE_PERFORMANCE_ZONE,187,0.713,0.871,0.428,79.15,0.298,0.75,-1.051,5,13,6,WARNING,1
39,4,MALL_CONCERT_STAGE,188,0.74,0.799,0.416,79.15,0.348,0.782,-0.694,5,10,5,WARNING,1
39,5,LIVE_PERFORMANCE_ZONE,185,0.749,0.701,0.439,86.97,0.294,0.746,-0.657,10,13,11,WARNING,1
39,6,FESTIVAL_CORRIDOR,198,0.731,0.771,0.298,82.58,0.332,0.705,-0.837,8,13,8,WARNING,1
39,7,EVENT_ATRIUM,192,0.758,0.739,0.441,83.3,0.43,0.807,-1.041,6,16,12,WARNING,1
39,8,FESTIVAL_CORRIDOR,193,0.714,0.799,0.378,79.37,0.35,0.734,-1.15,4,7,11,WARNING,1
39,9,MALL_CONCERT_STAGE,211,0.833,0.665,0.457,82.88,0.417,0.866,-0.989,8,6,8,WARNING,1
39,10,LIVE_PERFORMANCE_ZONE,193,0.727,0.748,0.385,92.13,0.344,0.67,-0.556,2,15,5,WARNING,1
39,11,LIVE_PERFORMANCE_ZONE,199,0.763,0.725,0.375,88.63,0.46,0.78,-0.968,4,10,5,WARNING,1
39,12,LIVE_PERFORMANCE_ZONE,211,0.839,0.675,0.496,85.32,0.445,0.875,-0.784,11,7,13,WARNING,1
39,13,EVENT_ATRIUM,206,0.78,0.904,0.485,82.74,0.298,0.724,-0.951,6,9,8,WARNING,1
39,14,LIVE_PERFORMANCE_ZONE,193,0.697,0.875,0.335,59.44,0.387,0.702,-0.672,7,8,7,WARNING,1
39,15,LIVE_PERFORMANCE_ZONE,214,0.811,0.661,0.415,79.92,0.401,0.851,-0.73,6,16,5,WARNING,1
39,16,EVENT_ATRIUM,187,0.676,0.907,0.397,77.23,0.319,0.808,-0.677,11,12,6,WARNING,1
39,17,LIVE_PERFORMANCE_ZONE,215,0.874,0.598,0.432,71.9,0.441,0.75,-0.274,6,9,10,WARNING,1
39,18,EVENT_ATRIUM,178,0.657,0.842,0.407,63.69,0.313,0.835,-0.644,9,10,11,WARNING,1
39,19,EVENT_ATRIUM,183,0.681,0.846,0.329,83.99,0.253,0.667,-1.502,7,10,10,WARNING,1
39,20,EVENT_ATRIUM,181,0.714,0.638,0.349,77.57,0.292,0.722,-1.231,7,11,11,WARNING,1
39,21,LIVE_PERFORMANCE_ZONE,204,0.807,0.834,0.496,98.84,0.409,0.808,-0.641,5,11,10,WARNING,1
39,22,MALL_CONCERT_STAGE,190,0.746,0.835,0.456,80.35,0.344,0.79,-1.152,4,10,6,WARNING,1
39,23,MALL_CONCERT_STAGE,218,0.88,0.632,0.417,99.38,0.439,0.87,-0.923,6,10,10,WARNING,1
39,24,MALL_CONCERT_STAGE,187,0.718,0.923,0.343,74.58,0.278,0.814,-1.058,6,7,5,WARNING,1
39,25,MALL_CONCERT_STAGE,191,0.702,0.829,0.414,68.96,0.369,0.82,-1.232,9,9,10,WARNING,1
39,26,FESTIVAL_CORRIDOR,228,0.883,0.663,0.551,87.13,0.486,0.843,-0.054,4,11,13,WARNING,1
39,27,LIVE_PERFORMANCE_ZONE,204,0.752,0.871,0.428,84.6,0.379,0.711,-0.72,10,12,15,WARNING,1
39,28,LIVE_PERFORMANCE_ZONE,218,0.868,0.551,0.513,77.65,0.476,0.78,-0.616,7,14,10,WARNING,1
39,29,MALL_CONCERT_STAGE,190,0.703,0.845,0.398,73.55,0.371,0.779,-0.607,1,11,8,WARNING,1
39,30,LIVE_PERFORMANCE_ZONE,208,0.735,0.81,0.433,73.7,0.339,0.737,-0.573,6,9,12,WARNING,1
39,31,LIVE_PERFORMANCE_ZONE,189,0.758,0.865,0.42,68.22,0.433,0.87,-0.391,5,10,4,WARNING,1
39,32,MALL_CONCERT_STAGE,192,0.729,0.871,0.493,90.01,0.302,0.755,-0.611,10,11,7,WARNING,1
39,33,EVENT_ATRIUM,215,0.829,0.635,0.373,86.7,0.362,0.815,-1.443,9,5,12,WARNING,1
39,34,MALL_CONCERT_STAGE,232,0.857,0.777,0.462,86.34,0.416,0.816,-1.654,3,11,6,WARNING,1
39,35,EVENT_ATRIUM,220,0.895,0.597,0.508,82.09,0.382,0.86,-0.775,8,7,7,WARNING,1
39,36,LIVE_PERFORMANCE_ZONE,217,0.796,0.67,0.319,82.86,0.368,0.756,-0.45,8,15,8,WARNING,1
39,37,MALL_CONCERT_STAGE,217,0.834,0.668,0.468,80.4,0.433,0.719,-0.724,9,8,14,WARNING,1
39,38,MALL_CONCERT_STAGE,212,0.783,0.695,0.415,70.64,0.33,0.738,-1.319,6,16,11,WARNING,1
39,39,EVENT_ATRIUM,213,0.796,0.695,0.419,80.81,0.402,0.783,-0.926,4,8,9,WARNING,1
39,40,EVENT_ATRIUM,215,0.815,0.706,0.446,85.56,0.413,0.757,-1.507,6,8,17,WARNING,1
39,41,MALL_CONCERT_STAGE,208,0.808,0.679,0.521,77.13,0.321,0.696,-1.252,4,10,5,WARNING,1
39,42,FESTIVAL_CORRIDOR,224,0.913,0.506,0.506,85.01,0.493,0.897,-1.557,2,15,13,HIGH,2
39,43,LIVE_PERFORMANCE_ZONE,220,0.889,0.672,0.425,95.79,0.393,0.883,-0.925,7,8,5,WARNING,1
39,44,LIVE_PERFORMANCE_ZONE,241,0.922,0.572,0.56,97.22,0.372,0.822,-0.726,9,12,17,WARNING,1
39,45,EVENT_ATRIUM,243,0.919,0.554,0.547,84.17,0.365,0.89,-1.132,4,19,9,WARNING,1
39,46,EVENT_ATRIUM,243,0.88,0.524,0.535,103.59,0.453,0.868,-0.838,7,9,12,HIGH,2
39,47,MALL_CONCERT_STAGE,236,0.915,0.539,0.51,104.57,0.42,0.854,-1.185,5,13,10,HIGH,2
39,48,LIVE_PERFORMANCE_ZONE,252,0.992,0.535,0.484,100.57,0.451,0.86,-1.372,3,8,10,HIGH,2
39,49,FESTIVAL_CORRIDOR,247,1,0.547,0.552,99.59,0.48,0.94,-0.952,6,12,14,HIGH,2
39,50,EVENT_ATRIUM,251,0.963,0.607,0.482,91.35,0.521,0.878,-1.252,7,13,13,HIGH,2
39,51,LIVE_PERFORMANCE_ZONE,249,0.987,0.545,0.479,105.2,0.455,0.87,-0.878,11,10,10,HIGH,2
39,52,LIVE_PERFORMANCE_ZONE,271,0.987,0.441,0.515,94.6,0.46,0.912,-1.086,1,16,7,HIGH,2
39,53,EVENT_ATRIUM,249,0.916,0.653,0.49,87.14,0.463,0.847,-0.78,7,14,9,WARNING,1
39,54,LIVE_PERFORMANCE_ZONE,258,0.999,0.515,0.551,90.21,0.497,0.911,-0.521,9,16,15,HIGH,2
39,55,LIVE_PERFORMANCE_ZONE,256,0.966,0.629,0.581,82.27,0.45,0.865,-1.244,6,10,21,HIGH,2
39,56,LIVE_PERFORMANCE_ZONE,263,1,0.275,0.523,97.83,0.536,0.877,-1.575,6,17,15,HIGH,2
39,57,EVENT_ATRIUM,233,0.857,0.605,0.407,93.21,0.454,0.78,-0.874,4,15,12,WARNING,1
39,58,EVENT_ATRIUM,286,1,0.41,0.498,106.68,0.535,0.891,-0.723,9,19,12,HIGH,2
39,59,LIVE_PERFORMANCE_ZONE,253,0.941,0.554,0.47,84.1,0.422,0.84,-0.969,7,14,8,WARNING,1
39,60,EVENT_ATRIUM,260,0.996,0.449,0.58,111.66,0.497,0.938,-0.944,5,11,12,HIGH,2
39,61,MALL_CONCERT_STAGE,262,1,0.502,0.577,88.82,0.469,0.835,-0.58,4,10,13,HIGH,2
39,62,EVENT_ATRIUM,248,0.938,0.483,0.519,91.01,0.51,0.848,-0.108,6,12,11,HIGH,2
39,63,EVENT_ATRIUM,249,0.941,0.593,0.5,91.1,0.438,0.847,-0.871,12,12,8,WARNING,1
39,64,MALL_CONCERT_STAGE,255,0.991,0.416,0.558,96.75,0.452,0.935,-1.255,7,16,15,HIGH,2
39,65,MALL_CONCERT_STAGE,233,0.932,0.717,0.599,95.93,0.421,0.811,-0.902,11,16,12,HIGH,2
39,66,LIVE_PERFORMANCE_ZONE,233,0.846,0.634,0.454,90.93,0.398,0.835,-1.13,5,10,5,WARNING,1
39,67,MALL_CONCERT_STAGE,232,0.886,0.652,0.547,86.75,0.378,0.791,-0.592,7,17,11,WARNING,1
39,68,LIVE_PERFORMANCE_ZONE,212,0.795,0.712,0.466,87.61,0.3,0.765,-0.52,5,10,9,WARNING,1
39,69,EVENT_ATRIUM,246,0.977,0.468,0.455,95.3,0.416,0.747,-1.227,6,10,5,WARNING,1
39,70,LIVE_PERFORMANCE_ZONE,249,0.961,0.647,0.519,94.39,0.529,0.99,-0.89,6,13,10,HIGH,2
39,71,LIVE_PERFORMANCE_ZONE,232,0.896,0.716,0.542,99.19,0.441,0.889,-1.195,9,14,9,HIGH,2
39,72,MALL_CONCERT_STAGE,227,0.831,0.826,0.393,86.17,0.398,0.842,-0.616,13,15,12,WARNING,1
39,73,FESTIVAL_CORRIDOR,218,0.867,0.657,0.451,86.55,0.415,0.819,-1.305,3,16,10,WARNING,1
39,74,FESTIVAL_CORRIDOR,224,0.829,0.906,0.52,92.43,0.381,0.817,-1.353,2,10,11,WARNING,1
39,75,FESTIVAL_CORRIDOR,233,0.902,0.563,0.485,87.68,0.401,0.862,-1.327,3,13,12,WARNING,1
39,76,LIVE_PERFORMANCE_ZONE,218,0.858,0.698,0.396,92.87,0.386,0.797,-1.086,8,8,8,WARNING,1
39,77,EVENT_ATRIUM,216,0.869,0.645,0.4,85.94,0.473,0.815,-0.681,10,12,8,WARNING,1
39,78,LIVE_PERFORMANCE_ZONE,212,0.806,0.679,0.425,82.43,0.371,0.821,-0.331,6,15,10,WARNING,1
39,79,EVENT_ATRIUM,204,0.821,0.68,0.374,79.42,0.337,0.748,-0.697,7,9,8,WARNING,1
39,80,LIVE_PERFORMANCE_ZONE,217,0.837,0.694,0.479,72.75,0.397,0.822,-0.885,7,9,7,WARNING,1
39,81,LIVE_PERFORMANCE_ZONE,209,0.763,0.776,0.411,87.6,0.399,0.794,-0.638,3,11,11,WARNING,1
39,82,FESTIVAL_CORRIDOR,212,0.844,0.659,0.405,91.03,0.389,0.812,-1.498,6,11,8,WARNING,1
39,83,MALL_CONCERT_STAGE,217,0.826,0.664,0.503,91.24,0.387,0.688,-0.525,8,15,9,WARNING,1
39,84,LIVE_PERFORMANCE_ZONE,206,0.799,0.717,0.37,87.02,0.478,0.853,-0.45,8,11,10,WARNING,1
39,85,FESTIVAL_CORRIDOR,199,0.81,0.69,0.46,72.61,0.337,0.781,0.018,10,6,6,WARNING,1
39,86,MALL_CONCERT_STAGE,204,0.783,0.568,0.54,66.61,0.382,0.766,-0.916,4,17,13,WARNING,1
39,87,FESTIVAL_CORRIDOR,192,0.76,0.76,0.418,78.39,0.366,0.809,-1.725,9,8,2,WARNING,1
39,88,FESTIVAL_CORRIDOR,195,0.79,0.665,0.372,94.64,0.375,0.845,-0.318,7,5,2,WARNING,1
39,89,LIVE_PERFORMANCE_ZONE,206,0.785,0.764,0.423,93.44,0.369,0.83,-1.196,7,8,7,WARNING,1
40,0,FESTIVAL_CORRIDOR,169,0.669,0.787,0.416,75.21,0.289,0.725,-1.001,3,10,7,WARNING,1
40,1,LIVE_PERFORMANCE_ZONE,182,0.689,0.798,0.425,67.67,0.397,0.738,-1.367,9,8,13,WARNING,1
40,2,EVENT_ATRIUM,177,0.661,0.887,0.294,79.11,0.279,0.769,-0.354,9,7,6,WARNING,1
40,3,EVENT_ATRIUM,184,0.734,0.74,0.327,87.26,0.369,0.71,-1.374,3,4,9,WARNING,1
40,4,EVENT_ATRIUM,174,0.691,0.883,0.43,68.88,0.401,0.669,-0.505,8,9,13,WARNING,1
40,5,LIVE_PERFORMANCE_ZONE,164,0.63,0.795,0.295,73.93,0.333,0.715,-0.726,4,7,7,WARNING,1
40,6,LIVE_PERFORMANCE_ZONE,178,0.687,0.904,0.341,78.1,0.379,0.74,-0.398,8,13,9,WARNING,1
40,7,EVENT_ATRIUM,150,0.577,0.842,0.287,60.01,0.308,0.638,-0.62,7,6,12,SAFE,0
40,8,LIVE_PERFORMANCE_ZONE,148,0.562,1.011,0.28,62.69,0.337,0.619,-0.369,1,4,8,SAFE,0
40,9,MALL_CONCERT_STAGE,155,0.619,0.901,0.21,66.02,0.375,0.614,0.049,2,6,4,SAFE,0
40,10,MALL_CONCERT_STAGE,168,0.613,1.062,0.349,54.74,0.403,0.691,-0.354,8,4,4,WARNING,1
40,11,LIVE_PERFORMANCE_ZONE,163,0.563,1.038,0.278,73.27,0.263,0.648,-0.842,5,10,8,SAFE,0
40,12,LIVE_PERFORMANCE_ZONE,180,0.641,0.906,0.437,60.49,0.328,0.667,-0.161,2,5,15,WARNING,1
40,13,FESTIVAL_CORRIDOR,172,0.686,0.912,0.474,56.93,0.327,0.754,-0.342,2,8,8,WARNING,1
40,14,FESTIVAL_CORRIDOR,157,0.611,0.878,0.391,68.7,0.274,0.736,-0.84,10,13,8,WARNING,1
40,15,EVENT_ATRIUM,169,0.654,0.985,0.413,71.11,0.347,0.745,-0.766,3,10,11,WARNING,1
40,16,EVENT_ATRIUM,165,0.617,1,0.383,77.85,0.317,0.649,-1.6,7,11,5,WARNING,1
40,17,EVENT_ATRIUM,150,0.531,0.979,0.264,67.33,0.215,0.574,-0.764,3,9,10,SAFE,0
40,18,MALL_CONCERT_STAGE,152,0.579,1.149,0.313,62.12,0.265,0.645,-1.145,7,11,11,SAFE,0
40,19,FESTIVAL_CORRIDOR,161,0.607,0.979,0.396,63.76,0.221,0.649,-1.04,7,5,7,SAFE,0
40,20,EVENT_ATRIUM,157,0.614,0.895,0.288,54.74,0.259,0.704,-0.656,5,9,5,SAFE,0
40,21,LIVE_PERFORMANCE_ZONE,176,0.689,0.752,0.347,87.44,0.279,0.656,-0.645,5,8,11,WARNING,1
40,22,LIVE_PERFORMANCE_ZONE,166,0.654,0.783,0.312,73.64,0.349,0.732,-0.853,5,9,4,WARNING,1
40,23,MALL_CONCERT_STAGE,161,0.61,0.951,0.267,69.81,0.235,0.754,-0.058,5,7,3,SAFE,0
40,24,MALL_CONCERT_STAGE,160,0.621,1.062,0.366,59.45,0.348,0.634,-0.26,8,7,6,WARNING,1
40,25,EVENT_ATRIUM,152,0.552,0.999,0.265,72.25,0.327,0.626,-0.698,4,10,7,SAFE,0
40,26,FESTIVAL_CORRIDOR,157,0.603,0.865,0.442,60.82,0.297,0.708,-0.351,6,5,6,WARNING,1
40,27,MALL_CONCERT_STAGE,166,0.586,0.863,0.263,65.51,0.28,0.677,-0.168,7,8,10,SAFE,0
40,28,MALL_CONCERT_STAGE,194,0.742,0.841,0.373,75.19,0.399,0.772,-0.143,4,6,8,WARNING,1
40,29,FESTIVAL_CORRIDOR,155,0.619,0.8,0.361,65,0.292,0.667,-0.329,2,6,2,WARNING,1
40,30,LIVE_PERFORMANCE_ZONE,164,0.632,0.912,0.31,63.53,0.3,0.688,-0.506,6,7,7,SAFE,0
40,31,MALL_CONCERT_STAGE,175,0.65,0.933,0.387,69.84,0.42,0.703,-0.816,9,8,4,WARNING,1
40,32,EVENT_ATRIUM,162,0.608,0.902,0.359,56.55,0.303,0.638,0.098,7,13,8,SAFE,0
40,33,EVENT_ATRIUM,162,0.64,0.879,0.375,60.33,0.313,0.649,-0.58,4,1,14,WARNING,1
40,34,LIVE_PERFORMANCE_ZONE,160,0.592,1.083,0.38,68.79,0.268,0.672,-0.121,5,3,8,SAFE,0
40,35,LIVE_PERFORMANCE_ZONE,165,0.645,1.075,0.457,71.91,0.272,0.633,-1.19,13,17,8,WARNING,1
40,36,LIVE_PERFORMANCE_ZONE,160,0.622,0.93,0.434,64.27,0.33,0.634,-0.642,4,7,3,WARNING,1
40,37,MALL_CONCERT_STAGE,153,0.654,0.836,0.413,77.43,0.201,0.772,-0.914,7,7,7,WARNING,1
40,38,LIVE_PERFORMANCE_ZONE,180,0.692,0.865,0.404,75.99,0.327,0.746,-1.278,6,8,5,WARNING,1
40,39,FESTIVAL_CORRIDOR,185,0.677,0.852,0.455,57.91,0.306,0.734,-0.083,4,10,9,WARNING,1
40,40,EVENT_ATRIUM,165,0.564,0.932,0.335,56.77,0.242,0.584,-0.55,2,11,8,SAFE,0
40,41,FESTIVAL_CORRIDOR,165,0.652,0.794,0.33,68.95,0.348,0.685,-1.497,9,11,7,WARNING,1
40,42,FESTIVAL_CORRIDOR,152,0.556,1.002,0.33,57.11,0.312,0.65,-0.278,5,8,4,SAFE,0
40,43,MALL_CONCERT_STAGE,178,0.674,0.966,0.345,72.45,0.339,0.666,-0.193,6,10,6,WARNING,1
40,44,EVENT_ATRIUM,172,0.649,0.902,0.435,68.09,0.279,0.761,-1.075,3,5,5,WARNING,1
40,45,FESTIVAL_CORRIDOR,183,0.716,0.841,0.425,78.42,0.381,0.777,-0.284,4,10,9,WARNING,1
40,46,MALL_CONCERT_STAGE,181,0.728,0.65,0.393,68.27,0.366,0.71,0.298,6,10,11,WARNING,1
40,47,FESTIVAL_CORRIDOR,194,0.748,0.854,0.388,87.14,0.285,0.634,-0.601,5,10,12,WARNING,1
40,48,EVENT_ATRIUM,178,0.69,0.774,0.413,56.73,0.311,0.745,-0.998,3,7,4,WARNING,1
40,49,MALL_CONCERT_STAGE,170,0.621,0.968,0.329,59.63,0.285,0.711,-0.697,6,9,7,SAFE,0
40,50,EVENT_ATRIUM,169,0.609,0.939,0.318,63.96,0.256,0.641,-1.08,8,7,6,SAFE,0
40,51,LIVE_PERFORMANCE_ZONE,170,0.681,0.917,0.448,75.65,0.258,0.811,-1.013,1,12,9,WARNING,1
40,52,EVENT_ATRIUM,183,0.674,0.899,0.381,65.66,0.277,0.764,-0.912,4,6,9,WARNING,1
40,53,LIVE_PERFORMANCE_ZONE,185,0.694,0.879,0.338,68,0.397,0.678,-1.112,4,6,10,WARNING,1
40,54,EVENT_ATRIUM,186,0.706,0.896,0.423,81.88,0.31,0.731,-1.079,8,12,8,WARNING,1
40,55,LIVE_PERFORMANCE_ZONE,174,0.73,0.785,0.359,72.17,0.363,0.754,-0.945,5,9,9,WARNING,1
40,56,EVENT_ATRIUM,221,0.779,0.785,0.341,83.06,0.352,0.803,-0.672,8,8,3,WARNING,1
40,57,EVENT_ATRIUM,192,0.72,0.768,0.403,77.91,0.396,0.738,-0.715,3,11,10,WARNING,1
40,58,EVENT_ATRIUM,209,0.802,0.663,0.342,86.23,0.337,0.765,-0.557,5,8,10,WARNING,1
40,59,EVENT_ATRIUM,204,0.822,0.762,0.519,84.59,0.453,0.774,-1.158,5,13,12,WARNING,1
40,60,MALL_CONCERT_STAGE,238,0.906,0.61,0.592,83.42,0.468,0.811,-1.006,6,8,14,HIGH,2
40,61,EVENT_ATRIUM,207,0.779,0.769,0.369,73.96,0.381,0.82,-0.948,7,6,10,WARNING,1
40,62,MALL_CONCERT_STAGE,206,0.759,0.83,0.449,88.21,0.305,0.801,-0.643,12,8,6,WARNING,1
40,63,EVENT_ATRIUM,218,0.806,0.733,0.453,83.6,0.386,0.792,-0.812,5,18,5,WARNING,1
40,64,EVENT_ATRIUM,243,0.908,0.662,0.498,90.2,0.39,0.87,-0.723,7,13,11,WARNING,1
40,65,EVENT_ATRIUM,237,0.891,0.697,0.463,85.45,0.426,0.768,-0.634,7,10,7,WARNING,1
40,66,LIVE_PERFORMANCE_ZONE,241,0.883,0.681,0.528,76.86,0.501,0.864,-0.896,11,9,6,WARNING,1
40,67,LIVE_PERFORMANCE_ZONE,225,0.909,0.597,0.4,99.88,0.477,0.829,-0.947,9,15,11,WARNING,1
40,68,EVENT_ATRIUM,232,0.894,0.662,0.517,87.44,0.487,0.867,-0.502,5,10,14,WARNING,1
40,69,FESTIVAL_CORRIDOR,221,0.897,0.57,0.527,94.73,0.458,0.912,-0.74,11,10,9,HIGH,2
40,70,EVENT_ATRIUM,244,0.951,0.512,0.558,92.57,0.531,0.87,-1.377,8,12,9,HIGH,2
40,71,FESTIVAL_CORRIDOR,240,0.908,0.517,0.402,89.52,0.444,0.868,-1.063,3,14,16,WARNING,1
40,72,LIVE_PERFORMANCE_ZONE,235,0.885,0.492,0.446,90.04,0.519,0.834,-0.628,9,11,4,WARNING,1
40,73,MALL_CONCERT_STAGE,240,0.914,0.692,0.586,95.24,0.465,0.821,-1.335,7,10,8,HIGH,2
40,74,MALL_CONCERT_STAGE,208,0.782,0.731,0.405,85.81,0.407,0.806,-1.183,7,7,10,WARNING,1
40,75,MALL_CONCERT_STAGE,228,0.894,0.663,0.566,88.94,0.388,0.844,-1.219,3,8,11,WARNING,1
40,76,LIVE_PERFORMANCE_ZONE,206,0.831,0.802,0.526,83.29,0.406,0.79,-0.605,6,15,7,WARNING,1
40,77,LIVE_PERFORMANCE_ZONE,221,0.898,0.524,0.52,85.82,0.431,0.886,-1.043,5,14,13,WARNING,1
40,78,FESTIVAL_CORRIDOR,212,0.8,0.839,0.425,80.23,0.321,0.796,-0.333,9,11,10,WARNING,1
40,79,MALL_CONCERT_STAGE,226,0.914,0.567,0.43,86.18,0.464,0.792,-0.211,6,14,7,WARNING,1
40,80,LIVE_PERFORMANCE_ZONE,214,0.813,0.781,0.434,83.87,0.385,0.767,-1.543,12,12,8,WARNING,1
40,81,LIVE_PERFORMANCE_ZONE,194,0.763,0.818,0.421,88.8,0.355,0.798,-0.416,9,10,4,WARNING,1
40,82,MALL_CONCERT_STAGE,198,0.796,0.679,0.462,87.88,0.358,0.827,-0.327,3,6,11,WARNING,1
40,83,MALL_CONCERT_STAGE,200,0.777,0.737,0.336,80.66,0.447,0.673,-0.838,6,8,8,WARNING,1
40,84,EVENT_ATRIUM,185,0.72,0.872,0.333,68.39,0.336,0.77,-1.054,11,9,8,WARNING,1
40,85,MALL_CONCERT_STAGE,187,0.705,0.788,0.369,69.8,0.346,0.807,-1.166,9,6,3,WARNING,1
40,86,LIVE_PERFORMANCE_ZONE,202,0.796,0.615,0.492,87.58,0.38,0.769,-0.491,7,12,9,WARNING,1
40,87,LIVE_PERFORMANCE_ZONE,187,0.689,0.97,0.394,62.15,0.395,0.732,-0.77,4,8,2,WARNING,1
40,88,EVENT_ATRIUM,178,0.726,0.812,0.432,66.13,0.291,0.717,-0.506,5,8,11,WARNING,1
40,89,EVENT_ATRIUM,203,0.83,0.752,0.457,84.58,0.444,0.864,-0.401,10,8,8,WARNING,1
41,0,MALL_CONCERT_STAGE,111,0.384,1.134,0.176,48.5,0.16,0.472,-0.21,7,7,4,SAFE,0
41,1,EVENT_ATRIUM,128,0.498,1.113,0.207,56.07,0.197,0.645,-0.79,3,4,3,SAFE,0
41,2,FESTIVAL_CORRIDOR,113,0.446,1.06,0.284,58.52,0.227,0.671,-0.249,2,3,7,SAFE,0
41,3,LIVE_PERFORMANCE_ZONE,108,0.441,1.075,0.222,60.93,0.308,0.574,-0.963,4,8,3,SAFE,0
41,4,EVENT_ATRIUM,112,0.417,1.084,0.233,42.13,0.182,0.543,-0.437,7,7,7,SAFE,0
41,5,FESTIVAL_CORRIDOR,111,0.4,1.217,0.342,48.46,0.19,0.603,-0.823,4,3,4,SAFE,0
41,6,MALL_CONCERT_STAGE,107,0.385,1.115,0.238,55.94,0.146,0.589,-0.553,3,5,5,SAFE,0
41,7,MALL_CONCERT_STAGE,121,0.445,1.063,0.265,64.03,0.214,0.585,-0.602,4,7,6,SAFE,0
41,8,LIVE_PERFORMANCE_ZONE,112,0.39,1.29,0.247,49.49,0.145,0.514,-0.453,1,4,5,SAFE,0
41,9,EVENT_ATRIUM,132,0.516,0.946,0.156,41.65,0.26,0.54,-0.626,2,7,4,SAFE,0
41,10,FESTIVAL_CORRIDOR,96,0.324,1.298,0.276,46.2,0.145,0.577,0.003,2,5,5,SAFE,0
41,11,MALL_CONCERT_STAGE,118,0.432,0.96,0.28,62.14,0.275,0.583,-0.687,7,6,5,SAFE,0
41,12,FESTIVAL_CORRIDOR,120,0.458,1.148,0.192,57.15,0.165,0.576,-0.765,5,6,7,SAFE,0
41,13,EVENT_ATRIUM,138,0.541,1.028,0.237,52.16,0.223,0.658,-0.144,8,7,5,SAFE,0
41,14,EVENT_ATRIUM,132,0.487,0.985,0.304,78.88,0.187,0.649,-0.349,3,6,7,SAFE,0
41,15,FESTIVAL_CORRIDOR,143,0.616,0.96,0.301,66.27,0.349,0.74,-1.481,5,6,8,WARNING,1
41,16,LIVE_PERFORMANCE_ZONE,133,0.562,0.996,0.296,56.66,0.288,0.732,-0.673,4,8,7,SAFE,0
41,17,MALL_CONCERT_STAGE,136,0.533,0.908,0.308,65.69,0.28,0.688,-0.513,4,7,8,SAFE,0
41,18,MALL_CONCERT_STAGE,117,0.463,1.138,0.242,58.94,0.147,0.668,-0.968,4,6,4,SAFE,0
41,19,EVENT_ATRIUM,141,0.612,0.917,0.306,65.23,0.247,0.69,-0.651,14,4,3,SAFE,0
41,20,FESTIVAL_CORRIDOR,139,0.563,1.141,0.285,69.13,0.22,0.647,-1.037,6,9,5,SAFE,0
41,21,MALL_CONCERT_STAGE,130,0.502,1.067,0.297,61.04,0.257,0.464,-0.427,8,13,6,SAFE,0
41,22,FESTIVAL_CORRIDOR,151,0.55,0.985,0.232,60.55,0.361,0.741,-0.523,2,8,5,SAFE,0
41,23,FESTIVAL_CORRIDOR,170,0.65,0.677,0.457,73.39,0.285,0.772,-0.965,6,10,7,WARNING,1
41,24,LIVE_PERFORMANCE_ZONE,170,0.687,0.862,0.356,68.07,0.26,0.755,-0.705,8,7,1,WARNING,1
41,25,EVENT_ATRIUM,148,0.595,0.904,0.382,71.31,0.264,0.762,-1.078,5,7,4,WARNING,1
41,26,EVENT_ATRIUM,155,0.61,0.914,0.248,69.22,0.318,0.636,-0.201,6,10,7,SAFE,0
41,27,MALL_CONCERT_STAGE,176,0.7,0.719,0.448,75.14,0.411,0.686,-0.517,7,6,5,WARNING,1
41,28,MALL_CONCERT_STAGE,158,0.591,1.062,0.376,64.52,0.276,0.693,-0.901,6,13,4,SAFE,0
41,29,FESTIVAL_CORRIDOR,173,0.654,0.963,0.351,71.62,0.32,0.754,-1.302,6,11,10,WARNING,1
41,30,EVENT_ATRIUM,176,0.718,0.759,0.352,83.76,0.336,0.7,-0.948,8,9,7,WARNING,1
41,31,EVENT_ATRIUM,144,0.555,0.981,0.316,75.29,0.235,0.699,-0.624,4,3,5,SAFE,0
41,32,LIVE_PERFORMANCE_ZONE,165,0.616,0.957,0.34,50.59,0.28,0.61,-0.655,7,9,11,SAFE,0
41,33,EVENT_ATRIUM,156,0.561,1.009,0.335,56.81,0.282,0.668,-0.852,5,7,5,SAFE,0
41,34,FESTIVAL_CORRIDOR,196,0.793,0.809,0.406,82.65,0.391,0.772,-0.829,8,12,9,WARNING,1
41,35,FESTIVAL_CORRIDOR,167,0.643,0.884,0.377,67.42,0.35,0.64,-0.123,7,11,8,WARNING,1
41,36,EVENT_ATRIUM,176,0.659,0.968,0.318,72.38,0.337,0.751,-1.085,8,8,9,WARNING,1
41,37,MALL_CONCERT_STAGE,175,0.698,0.89,0.453,79.6,0.253,0.785,-0.979,7,15,8,WARNING,1
41,38,EVENT_ATRIUM,159,0.584,0.938,0.279,71.73,0.258,0.737,-0.433,5,11,5,SAFE,0
41,39,FESTIVAL_CORRIDOR,170,0.681,0.789,0.307,62.19,0.33,0.694,-0.411,10,8,4,WARNING,1
41,40,FESTIVAL_CORRIDOR,182,0.689,0.78,0.372,73.87,0.259,0.678,-1.278,7,12,8,WARNING,1
41,41,MALL_CONCERT_STAGE,151,0.585,1.04,0.276,62.04,0.217,0.644,-0.773,4,11,5,SAFE,0
41,42,MALL_CONCERT_STAGE,162,0.621,0.789,0.404,66.42,0.317,0.722,-0.989,7,5,4,WARNING,1
41,43,MALL_CONCERT_STAGE,152,0.556,0.946,0.338,47.5,0.316,0.638,-0.61,6,10,7,SAFE,0
41,44,FESTIVAL_CORRIDOR,155,0.568,0.965,0.242,73.88,0.245,0.624,-0.015,5,17,3,SAFE,0
41,45,MALL_CONCERT_STAGE,158,0.579,0.926,0.296,78.43,0.293,0.693,-0.677,8,6,4,SAFE,0
41,46,EVENT_ATRIUM,124,0.466,1.216,0.286,58.63,0.197,0.645,-0.844,7,5,7,SAFE,0
41,47,FESTIVAL_CORRIDOR,136,0.538,1.031,0.338,61.05,0.25,0.544,0.134,4,7,5,SAFE,0
41,48,EVENT_ATRIUM,141,0.547,0.91,0.284,47.22,0.328,0.483,-0.343,4,9,2,SAFE,0
41,49,LIVE_PERFORMANCE_ZONE,122,0.456,1.237,0.24,44.52,0.213,0.589,-0.385,6,8,4,SAFE,0
41,50,EVENT_ATRIUM,132,0.528,0.922,0.259,58.84,0.305,0.704,-0.345,6,8,3,SAFE,0
41,51,EVENT_ATRIUM,126,0.487,1.1,0.191,57.84,0.233,0.572,-0.337,2,8,11,SAFE,0
41,52,EVENT_ATRIUM,141,0.552,0.939,0.392,61.48,0.321,0.585,-0.222,3,6,4,SAFE,0
41,53,FESTIVAL_CORRIDOR,125,0.546,0.981,0.294,58.01,0.25,0.669,0.21,7,8,6,SAFE,0
41,54,EVENT_ATRIUM,123,0.476,1.047,0.315,51.11,0.257,0.576,-0.117,2,5,4,SAFE,0
41,55,MALL_CONCERT_STAGE,116,0.459,1.184,0.234,59.6,0.257,0.59,-1.224,9,5,10,SAFE,0
41,56,MALL_CONCERT_STAGE,115,0.438,1.221,0.161,65.55,0.201,0.574,-0.834,3,2,3,SAFE,0
41,57,EVENT_ATRIUM,122,0.486,1.035,0.298,59.47,0.232,0.529,-0.4,9,13,6,SAFE,0
41,58,MALL_CONCERT_STAGE,122,0.472,1.186,0.219,69.96,0.289,0.668,-0.66,5,4,2,SAFE,0
41,59,FESTIVAL_CORRIDOR,119,0.431,1.133,0.245,60.94,0.17,0.684,-0.714,6,8,3,SAFE,0
41,60,FESTIVAL_CORRIDOR,88,0.358,1.301,0.192,51.01,0.174,0.498,-0.533,1,6,5,SAFE,0
41,61,FESTIVAL_CORRIDOR,121,0.466,1.101,0.254,68.28,0.223,0.62,-0.781,3,5,7,SAFE,0
41,62,FESTIVAL_CORRIDOR,125,0.484,1.018,0.209,59.2,0.163,0.573,0.028,4,9,2,SAFE,0
41,63,MALL_CONCERT_STAGE,115,0.437,0.949,0.283,47.98,0.203,0.68,-0.57,7,7,1,SAFE,0
41,64,MALL_CONCERT_STAGE,118,0.441,1.199,0.149,52.91,0.223,0.622,-0.842,7,5,5,SAFE,0
41,65,EVENT_ATRIUM,107,0.438,1.243,0.259,36.57,0.269,0.654,-0.565,4,5,6,SAFE,0
41,66,MALL_CONCERT_STAGE,116,0.457,1.083,0.297,59.29,0.203,0.484,-0.81,6,7,4,SAFE,0
41,67,FESTIVAL_CORRIDOR,136,0.52,0.935,0.218,47.81,0.283,0.686,-0.832,1,5,7,SAFE,0
41,68,LIVE_PERFORMANCE_ZONE,109,0.441,1.162,0.198,55.1,0.214,0.563,-0.053,2,5,3,SAFE,0
41,69,LIVE_PERFORMANCE_ZONE,103,0.387,1.259,0.223,52.97,0.117,0.503,-0.042,7,3,4,SAFE,0
41,70,FESTIVAL_CORRIDOR,131,0.473,1.186,0.268,58.26,0.266,0.512,-0.341,4,8,7,SAFE,0
41,71,EVENT_ATRIUM,115,0.455,1.205,0.367,47.4,0.209,0.527,-0.192,3,4,3,SAFE,0
41,72,MALL_CONCERT_STAGE,100,0.469,1.152,0.227,47.64,0.203,0.691,-0.819,3,6,4,SAFE,0
41,73,MALL_CONCERT_STAGE,95,0.359,1.251,0.133,57.67,0.195,0.499,-0.203,4,3,3,SAFE,0
41,74,FESTIVAL_CORRIDOR,112,0.441,1.068,0.195,58.63,0.258,0.552,-0.467,3,8,7,SAFE,0
41,75,FESTIVAL_CORRIDOR,102,0.376,1.186,0.26,45.71,0.17,0.577,-0.452,6,6,3,SAFE,0
41,76,EVENT_ATRIUM,85,0.362,1.253,0.274,44.38,0.16,0.563,-0.644,4,2,3,SAFE,0
41,77,MALL_CONCERT_STAGE,116,0.443,1.091,0.227,39.41,0.168,0.587,-1.1,3,6,3,SAFE,0
41,78,FESTIVAL_CORRIDOR,104,0.366,1.15,0.163,58.28,0.141,0.578,-0.294,2,6,8,SAFE,0
41,79,LIVE_PERFORMANCE_ZONE,101,0.341,1.258,0.133,39.8,0.122,0.512,-0.327,3,4,2,SAFE,0
41,80,FESTIVAL_CORRIDOR,116,0.499,1.028,0.251,58.41,0.191,0.596,-0.098,3,2,5,SAFE,0
41,81,FESTIVAL_CORRIDOR,124,0.453,1.067,0.271,54.32,0.128,0.508,-0.068,4,8,8,SAFE,0
41,82,EVENT_ATRIUM,109,0.427,1.007,0.274,58.04,0.261,0.58,-0.451,7,6,5,SAFE,0
41,83,EVENT_ATRIUM,118,0.41,1.123,0.233,59.16,0.266,0.515,-0.647,5,1,4,SAFE,0
41,84,EVENT_ATRIUM,104,0.399,1.077,0.25,52.72,0.19,0.52,-0.164,7,5,2,SAFE,0
41,85,MALL_CONCERT_STAGE,125,0.495,1.063,0.22,55.7,0.225,0.58,-0.602,3,12,3,SAFE,0
41,86,FESTIVAL_CORRIDOR,109,0.442,1.104,0.291,53.86,0.185,0.596,-0.298,2,6,7,SAFE,0
41,87,MALL_CONCERT_STAGE,122,0.502,1.164,0.289,55.85,0.252,0.639,-0.234,5,9,6,SAFE,0
41,88,EVENT_ATRIUM,106,0.406,1.219,0.212,59.68,0.209,0.641,-0.926,3,4,7,SAFE,0
41,89,FESTIVAL_CORRIDOR,110,0.42,1.018,0.231,54.03,0.183,0.574,-0.708,5,8,5,SAFE,0
42,0,LIVE_PERFORMANCE_ZONE,100,0.358,1.2,0.221,50.07,0.181,0.548,-0.562,6,4,6,SAFE,0
42,1,LIVE_PERFORMANCE_ZONE,136,0.549,1.1,0.301,69.89,0.291,0.614,-0.531,2,5,7,SAFE,0
42,2,EVENT_ATRIUM,108,0.425,1.106,0.278,57.11,0.124,0.644,-0.373,4,5,6,SAFE,0
42,3,MALL_CONCERT_STAGE,111,0.483,1.118,0.295,55.56,0.249,0.724,-0.736,3,5,1,SAFE,0
42,4,EVENT_ATRIUM,134,0.525,1.021,0.298,51.01,0.263,0.582,-0.751,2,12,1,SAFE,0
42,5,EVENT_ATRIUM,122,0.486,0.994,0.299,59.18,0.245,0.632,-1.269,5,15,5,SAFE,0
42,6,EVENT_ATRIUM,112,0.428,1.068,0.233,47.7,0.286,0.621,-0.623,4,3,4,SAFE,0
42,7,FESTIVAL_CORRIDOR,118,0.433,1.018,0.2,58.04,0.169,0.637,-0.026,4,2,6,SAFE,0
42,8,MALL_CONCERT_STAGE,131,0.474,0.967,0.278,61.9,0.333,0.526,-0.892,4,9,5,SAFE,0
42,9,FESTIVAL_CORRIDOR,129,0.521,1.182,0.285,65.74,0.195,0.566,-0.572,8,5,10,SAFE,0
42,10,EVENT_ATRIUM,135,0.537,0.913,0.218,55.18,0.234,0.602,-1.646,6,8,11,SAFE,0
42,11,LIVE_PERFORMANCE_ZONE,133,0.491,1.103,0.25,53.58,0.294,0.676,-0.412,1,8,7,SAFE,0
42,12,MALL_CONCERT_STAGE,118,0.441,1.056,0.173,54.58,0.187,0.548,-0.84,2,7,4,SAFE,0
42,13,FESTIVAL_CORRIDOR,98,0.416,1.16,0.224,42.47,0.226,0.635,-1.035,1,6,1,SAFE,0
42,14,FESTIVAL_CORRIDOR,130,0.567,0.981,0.285,70.1,0.272,0.654,-0.028,5,8,6,SAFE,0
42,15,FESTIVAL_CORRIDOR,124,0.503,1.231,0.207,60.19,0.242,0.568,-0.594,5,6,4,SAFE,0
42,16,MALL_CONCERT_STAGE,139,0.557,1.001,0.397,66.12,0.229,0.588,-1.461,4,7,4,SAFE,0
42,17,MALL_CONCERT_STAGE,141,0.533,1.026,0.295,57.8,0.266,0.567,-1.005,5,11,13,SAFE,0
42,18,LIVE_PERFORMANCE_ZONE,125,0.49,0.974,0.31,61.05,0.214,0.678,-1.002,4,15,4,SAFE,0
42,19,LIVE_PERFORMANCE_ZONE,123,0.483,1.159,0.215,52.58,0.187,0.584,-0.655,4,3,7,SAFE,0
42,20,LIVE_PERFORMANCE_ZONE,123,0.465,1.132,0.295,59.77,0.191,0.605,-0.718,4,9,9,SAFE,0
42,21,EVENT_ATRIUM,108,0.41,1.13,0.175,47.4,0.131,0.57,-0.607,2,4,6,SAFE,0
42,22,EVENT_ATRIUM,133,0.575,0.871,0.332,64.49,0.343,0.672,-0.709,2,4,5,SAFE,0
42,23,LIVE_PERFORMANCE_ZONE,127,0.505,1.182,0.301,47.64,0.315,0.66,-0.696,9,4,6,SAFE,0
42,24,EVENT_ATRIUM,128,0.509,0.943,0.296,64.58,0.238,0.6,-0.788,3,5,12,SAFE,0
42,25,EVENT_ATRIUM,136,0.445,1.013,0.289,53.61,0.213,0.583,-0.49,5,9,6,SAFE,0
42,26,EVENT_ATRIUM,156,0.602,0.956,0.265,52.97,0.264,0.676,-0.731,9,13,4,SAFE,0
42,27,EVENT_ATRIUM,131,0.46,1.136,0.273,62.61,0.224,0.623,-0.273,4,9,5,SAFE,0
42,28,LIVE_PERFORMANCE_ZONE,147,0.538,1.18,0.373,62.76,0.282,0.609,-0.557,7,10,1,SAFE,0
42,29,MALL_CONCERT_STAGE,155,0.579,1.137,0.333,79.55,0.286,0.558,-0.995,2,6,11,SAFE,0
42,30,EVENT_ATRIUM,162,0.577,0.901,0.233,76.84,0.327,0.559,-0.535,7,9,7,SAFE,0
42,31,EVENT_ATRIUM,145,0.479,1.009,0.166,60.24,0.23,0.686,-0.785,3,8,5,SAFE,0
42,32,EVENT_ATRIUM,171,0.644,0.913,0.285,72.24,0.257,0.738,-0.377,6,13,10,WARNING,1
42,33,LIVE_PERFORMANCE_ZONE,167,0.656,0.952,0.346,59.77,0.327,0.745,0.101,10,5,11,WARNING,1
42,34,LIVE_PERFORMANCE_ZONE,163,0.643,0.832,0.47,69.42,0.312,0.654,-0.494,5,9,11,WARNING,1
42,35,LIVE_PERFORMANCE_ZONE,168,0.677,0.909,0.434,61.42,0.367,0.659,-0.976,4,9,15,WARNING,1
42,36,MALL_CONCERT_STAGE,168,0.584,1.044,0.381,69.52,0.336,0.665,-0.512,1,3,3,WARNING,1
42,37,LIVE_PERFORMANCE_ZONE,189,0.789,0.742,0.467,84.97,0.385,0.726,-0.547,6,11,10,WARNING,1
42,38,EVENT_ATRIUM,182,0.722,0.783,0.396,59.2,0.362,0.69,-0.667,9,8,10,WARNING,1
42,39,FESTIVAL_CORRIDOR,187,0.719,0.911,0.371,74.5,0.317,0.723,-1.044,6,10,9,WARNING,1
42,40,EVENT_ATRIUM,194,0.734,0.805,0.385,76.39,0.357,0.652,-0.342,5,8,7,WARNING,1
42,41,LIVE_PERFORMANCE_ZONE,176,0.664,1.003,0.408,65.11,0.339,0.699,-0.658,5,9,9,WARNING,1
42,42,EVENT_ATRIUM,190,0.697,0.741,0.352,73.55,0.329,0.764,-0.304,6,15,9,WARNING,1
42,43,EVENT_ATRIUM,178,0.731,0.765,0.464,70.59,0.376,0.762,-0.974,6,9,11,WARNING,1
42,44,EVENT_ATRIUM,183,0.747,0.738,0.356,76.18,0.342,0.727,-1.102,5,8,12,WARNING,1
42,45,LIVE_PERFORMANCE_ZONE,190,0.752,0.743,0.459,85,0.456,0.679,-1.153,1,8,11,WARNING,1
42,46,FESTIVAL_CORRIDOR,184,0.705,0.826,0.32,70.82,0.309,0.672,-0.737,6,13,3,WARNING,1
42,47,LIVE_PERFORMANCE_ZONE,191,0.783,0.592,0.447,76.98,0.472,0.864,-1.244,3,14,12,WARNING,1
42,48,FESTIVAL_CORRIDOR,164,0.601,0.76,0.358,64.94,0.337,0.713,-0.654,2,8,10,WARNING,1
42,49,MALL_CONCERT_STAGE,175,0.668,0.92,0.359,69.47,0.321,0.68,-0.18,9,8,8,WARNING,1
42,50,FESTIVAL_CORRIDOR,173,0.634,0.908,0.283,69.15,0.296,0.743,-0.957,12,9,9,WARNING,1
42,51,FESTIVAL_CORRIDOR,175,0.652,0.913,0.35,71.81,0.289,0.846,-0.15,7,11,13,WARNING,1
42,52,LIVE_PERFORMANCE_ZONE,153,0.639,0.827,0.338,67.38,0.274,0.792,-1.038,5,5,9,WARNING,1
42,53,FESTIVAL_CORRIDOR,171,0.694,0.831,0.376,66.89,0.326,0.713,-0.792,5,9,10,WARNING,1
42,54,FESTIVAL_CORRIDOR,154,0.618,0.953,0.385,62.68,0.305,0.575,-0.838,3,9,10,SAFE,0
42,55,MALL_CONCERT_STAGE,159,0.604,0.825,0.409,80.21,0.305,0.71,-1.029,5,10,8,WARNING,1
42,56,LIVE_PERFORMANCE_ZONE,145,0.564,1.027,0.294,61.63,0.255,0.679,-0.65,3,12,11,SAFE,0
42,57,MALL_CONCERT_STAGE,144,0.551,1.124,0.335,48.5,0.23,0.544,-0.713,4,4,7,SAFE,0
42,58,LIVE_PERFORMANCE_ZONE,147,0.608,1.001,0.341,55.42,0.307,0.643,-1.687,6,6,3,SAFE,0
42,59,MALL_CONCERT_STAGE,131,0.506,1.148,0.276,56.53,0.242,0.695,-0.592,4,4,6,SAFE,0
42,60,FESTIVAL_CORRIDOR,156,0.606,0.992,0.346,71.19,0.326,0.705,-0.126,5,6,3,WARNING,1
42,61,FESTIVAL_CORRIDOR,131,0.515,1.004,0.264,55.95,0.332,0.615,-0.825,6,9,0,SAFE,0
42,62,MALL_CONCERT_STAGE,125,0.547,1.004,0.294,54.92,0.294,0.606,-0.37,5,12,3,SAFE,0
42,63,MALL_CONCERT_STAGE,131,0.456,1.183,0.398,50,0.235,0.568,0.274,7,4,4,SAFE,0
42,64,LIVE_PERFORMANCE_ZONE,126,0.443,1.176,0.277,59.84,0.215,0.6,-0.927,4,10,5,SAFE,0
42,65,LIVE_PERFORMANCE_ZONE,142,0.558,0.957,0.306,69.27,0.217,0.73,-1.459,3,10,10,SAFE,0
42,66,FESTIVAL_CORRIDOR,117,0.481,0.939,0.287,60.12,0.234,0.757,0.411,2,8,3,SAFE,0
42,67,LIVE_PERFORMANCE_ZONE,139,0.556,0.981,0.343,63.98,0.218,0.731,-0.688,5,10,7,SAFE,0
42,68,LIVE_PERFORMANCE_ZONE,129,0.47,1.007,0.289,56.28,0.287,0.536,-1.047,5,5,9,SAFE,0
42,69,EVENT_ATRIUM,131,0.547,1.112,0.24,65.31,0.252,0.62,-0.186,4,9,3,SAFE,0
42,70,LIVE_PERFORMANCE_ZONE,131,0.473,0.971,0.2,54.96,0.207,0.605,-0.658,3,9,7,SAFE,0
42,71,FESTIVAL_CORRIDOR,126,0.465,1.129,0.256,57.99,0.235,0.606,0.002,3,7,10,SAFE,0
42,72,MALL_CONCERT_STAGE,119,0.425,1.029,0.273,42.49,0.23,0.61,-0.562,8,7,9,SAFE,0
42,73,LIVE_PERFORMANCE_ZONE,136,0.551,0.91,0.273,57.94,0.283,0.716,-1.325,7,3,9,SAFE,0
42,74,MALL_CONCERT_STAGE,131,0.52,1.064,0.283,52.79,0.285,0.666,-0.473,5,4,5,SAFE,0
42,75,EVENT_ATRIUM,120,0.441,1.202,0.244,51.86,0.177,0.697,-0.496,2,5,8,SAFE,0
42,76,LIVE_PERFORMANCE_ZONE,129,0.53,1.071,0.242,63.98,0.282,0.643,-0.676,4,5,2,SAFE,0
42,77,MALL_CONCERT_STAGE,134,0.472,1.123,0.274,59.76,0.233,0.656,-0.344,5,12,7,SAFE,0
42,78,EVENT_ATRIUM,126,0.461,1.062,0.249,51.58,0.263,0.646,-0.43,1,6,8,SAFE,0
42,79,EVENT_ATRIUM,125,0.439,1.061,0.28,50.35,0.163,0.543,-0.304,4,9,6,SAFE,0
42,80,LIVE_PERFORMANCE_ZONE,112,0.389,1.004,0.18,41.17,0.199,0.561,-0.738,8,5,5,SAFE,0
42,81,EVENT_ATRIUM,110,0.452,1.059,0.192,59.32,0.178,0.581,-0.093,3,5,2,SAFE,0
42,82,MALL_CONCERT_STAGE,122,0.447,0.943,0.26,61.46,0.27,0.57,-0.473,6,3,6,SAFE,0
42,83,MALL_CONCERT_STAGE,107,0.433,1.198,0.225,60.71,0.209,0.698,-0.223,2,9,7,SAFE,0
42,84,LIVE_PERFORMANCE_ZONE,123,0.451,1.043,0.349,63.04,0.217,0.642,-0.697,2,6,4,SAFE,0
42,85,LIVE_PERFORMANCE_ZONE,121,0.454,1.069,0.256,62.12,0.189,0.599,-0.97,4,5,6,SAFE,0
42,86,FESTIVAL_CORRIDOR,129,0.455,1.051,0.179,48.45,0.177,0.617,-1.3,9,3,10,SAFE,0
42,87,MALL_CONCERT_STAGE,113,0.431,1.105,0.17,44.38,0.251,0.615,-0.695,2,2,5,SAFE,0
42,88,MALL_CONCERT_STAGE,128,0.507,1.209,0.248,60.38,0.203,0.618,-0.503,6,6,7,SAFE,0
42,89,MALL_CONCERT_STAGE,109,0.381,0.942,0.208,47.83,0.159,0.704,-0.696,9,3,3,SAFE,0
43,0,MALL_CONCERT_STAGE,154,0.586,0.884,0.344,76.07,0.258,0.719,-0.281,4,5,7,SAFE,0
43,1,EVENT_ATRIUM,141,0.542,0.999,0.279,63.84,0.257,0.639,-0.801,11,7,6,SAFE,0
43,2,LIVE_PERFORMANCE_ZONE,157,0.575,0.833,0.307,68.15,0.247,0.574,-0.669,5,10,7,SAFE,0
43,3,MALL_CONCERT_STAGE,141,0.562,0.925,0.251,67.52,0.274,0.752,-0.334,4,11,5,SAFE,0
43,4,FESTIVAL_CORRIDOR,154,0.608,0.808,0.343,69.98,0.304,0.755,-1.032,4,4,9,WARNING,1
43,5,FESTIVAL_CORRIDOR,158,0.592,0.981,0.333,51.23,0.332,0.715,-0.098,4,5,6,SAFE,0
43,6,FESTIVAL_CORRIDOR,140,0.503,0.945,0.319,63.52,0.26,0.574,-0.265,4,4,8,SAFE,0
43,7,LIVE_PERFORMANCE_ZONE,140,0.515,0.993,0.345,42.3,0.24,0.625,-0.314,6,8,5,SAFE,0
43,8,FESTIVAL_CORRIDOR,125,0.489,1.117,0.329,53.31,0.193,0.599,-1.013,6,8,5,SAFE,0
43,9,LIVE_PERFORMANCE_ZONE,168,0.68,0.896,0.451,81.42,0.328,0.714,-0.104,5,7,8,WARNING,1
43,10,MALL_CONCERT_STAGE,161,0.632,0.813,0.43,70.23,0.336,0.715,-0.526,9,7,11,WARNING,1
43,11,LIVE_PERFORMANCE_ZONE,158,0.568,1.103,0.242,54.01,0.22,0.61,-0.046,7,9,8,SAFE,0
43,12,LIVE_PERFORMANCE_ZONE,155,0.608,1.042,0.315,68.84,0.227,0.691,-0.758,8,8,8,SAFE,0
43,13,LIVE_PERFORMANCE_ZONE,136,0.561,1.037,0.343,62.8,0.263,0.66,-0.989,2,17,5,SAFE,0
43,14,MALL_CONCERT_STAGE,142,0.539,0.948,0.385,55.75,0.208,0.622,-1.084,3,7,7,SAFE,0
43,15,MALL_CONCERT_STAGE,131,0.466,1.093,0.325,61,0.2,0.628,-0.566,2,5,4,SAFE,0
43,16,FESTIVAL_CORRIDOR,158,0.577,0.886,0.286,63.96,0.258,0.619,-0.63,5,5,5,SAFE,0
43,17,MALL_CONCERT_STAGE,147,0.565,0.988,0.333,69.13,0.263,0.681,-1.221,4,8,9,SAFE,0
43,18,EVENT_ATRIUM,152,0.568,0.946,0.363,65.76,0.321,0.628,-1.202,6,7,12,SAFE,0
43,19,EVENT_ATRIUM,150,0.583,1.025,0.32,68.8,0.253,0.678,-0.647,3,5,7,SAFE,0
43,20,FESTIVAL_CORRIDOR,163,0.637,0.801,0.393,66.39,0.327,0.622,-0.507,7,11,10,WARNING,1
43,21,EVENT_ATRIUM,150,0.591,0.998,0.299,61.56,0.388,0.661,-0.419,7,8,13,SAFE,0
43,22,FESTIVAL_CORRIDOR,160,0.646,1.011,0.301,74.28,0.396,0.687,-0.536,3,12,13,WARNING,1
43,23,MALL_CONCERT_STAGE,150,0.566,1.045,0.349,74.19,0.361,0.676,-0.125,3,7,9,WARNING,1
43,24,EVENT_ATRIUM,158,0.648,0.769,0.283,73.47,0.293,0.726,-0.575,10,7,4,WARNING,1
43,25,EVENT_ATRIUM,165,0.658,0.821,0.35,61.43,0.357,0.761,-0.652,6,11,9,WARNING,1
43,26,FESTIVAL_CORRIDOR,160,0.567,1.036,0.279,61.31,0.21,0.625,-0.7,6,7,11,SAFE,0
43,27,LIVE_PERFORMANCE_ZONE,153,0.569,0.874,0.245,78.27,0.286,0.743,-0.674,5,12,8,SAFE,0
43,28,FESTIVAL_CORRIDOR,172,0.72,0.66,0.489,74.2,0.386,0.793,-1.367,6,8,6,WARNING,1
43,29,EVENT_ATRIUM,148,0.495,0.923,0.244,68.48,0.165,0.638,-0.925,3,6,7,SAFE,0
43,30,FESTIVAL_CORRIDOR,182,0.683,0.691,0.387,73.53,0.303,0.684,-0.754,3,10,7,WARNING,1
43,31,LIVE_PERFORMANCE_ZONE,144,0.539,0.902,0.179,51.34,0.29,0.668,-0.679,5,15,9,SAFE,0
43,32,FESTIVAL_CORRIDOR,147,0.568,1.046,0.398,58,0.237,0.692,-0.747,4,7,4,SAFE,0
43,33,EVENT_ATRIUM,170,0.606,0.933,0.318,57.52,0.331,0.664,-0.457,4,8,8,SAFE,0
43,34,EVENT_ATRIUM,170,0.622,0.956,0.318,49.02,0.364,0.67,-0.697,4,9,6,SAFE,0
43,35,MALL_CONCERT_STAGE,175,0.671,0.925,0.373,68.01,0.369,0.781,-0.407,6,10,8,WARNING,1
43,36,LIVE_PERFORMANCE_ZONE,169,0.655,0.874,0.277,64.31,0.364,0.684,-1.085,3,9,5,WARNING,1
43,37,MALL_CONCERT_STAGE,168,0.637,0.833,0.335,69.94,0.35,0.755,-0.481,5,8,11,WARNING,1
43,38,MALL_CONCERT_STAGE,187,0.733,0.832,0.375,79.24,0.373,0.781,-0.42,11,9,12,WARNING,1
43,39,MALL_CONCERT_STAGE,166,0.642,0.891,0.366,66.22,0.356,0.778,-1.111,8,5,6,WARNING,1
43,40,EVENT_ATRIUM,167,0.634,0.952,0.367,66.11,0.328,0.723,-0.825,6,10,9,WARNING,1
43,41,EVENT_ATRIUM,183,0.709,0.917,0.439,69.77,0.371,0.758,-0.682,4,14,10,WARNING,1
43,42,EVENT_ATRIUM,170,0.621,0.905,0.37,64.7,0.26,0.697,-0.846,6,6,9,WARNING,1
43,43,MALL_CONCERT_STAGE,169,0.623,0.784,0.334,66.92,0.183,0.706,-0.783,10,9,7,SAFE,0
43,44,LIVE_PERFORMANCE_ZONE,173,0.701,0.878,0.422,65.78,0.354,0.584,-0.622,4,4,7,WARNING,1
43,45,EVENT_ATRIUM,187,0.69,0.809,0.481,80.54,0.386,0.69,-0.145,4,14,8,WARNING,1
43,46,MALL_CONCERT_STAGE,200,0.772,0.855,0.453,77.02,0.386,0.775,-1.351,8,15,11,WARNING,1
43,47,LIVE_PERFORMANCE_ZONE,213,0.786,0.847,0.357,89.78,0.416,0.669,-0.668,5,6,14,WARNING,1
43,48,MALL_CONCERT_STAGE,187,0.721,0.71,0.456,77.05,0.346,0.787,-0.975,11,6,16,WARNING,1
43,49,FESTIVAL_CORRIDOR,188,0.798,0.675,0.414,74.57,0.366,0.743,-1.012,5,17,10,WARNING,1
43,50,EVENT_ATRIUM,202,0.802,0.799,0.44,83.25,0.36,0.688,-0.402,10,4,5,WARNING,1
43,51,FESTIVAL_CORRIDOR,207,0.791,0.664,0.415,89.12,0.408,0.79,-0.86,4,7,6,WARNING,1
43,52,EVENT_ATRIUM,217,0.786,0.695,0.38,77.92,0.341,0.743,-0.335,7,7,8,WARNING,1
43,53,MALL_CONCERT_STAGE,179,0.677,0.821,0.485,67.68,0.361,0.616,-0.996,6,6,5,WARNING,1
43,54,LIVE_PERFORMANCE_ZONE,230,0.88,0.477,0.489,88.76,0.377,0.853,-1.32,5,9,11,WARNING,1
43,55,LIVE_PERFORMANCE_ZONE,212,0.83,0.554,0.367,71.55,0.44,0.931,-0.787,6,13,8,WARNING,1
43,56,LIVE_PERFORMANCE_ZONE,206,0.777,0.78,0.336,68.33,0.397,0.787,-1.077,5,9,12,WARNING,1
43,57,MALL_CONCERT_STAGE,205,0.823,0.767,0.49,96.53,0.414,0.81,-1.176,6,5,8,WARNING,1
43,58,FESTIVAL_CORRIDOR,204,0.818,0.828,0.441,86.49,0.427,0.81,-0.611,12,11,5,WARNING,1
43,59,EVENT_ATRIUM,225,0.879,0.577,0.528,94.84,0.478,0.799,-0.289,5,13,7,WARNING,1
43,60,EVENT_ATRIUM,212,0.811,0.618,0.414,80.73,0.395,0.677,-0.948,7,6,12,WARNING,1
43,61,LIVE_PERFORMANCE_ZONE,197,0.788,0.72,0.475,88.53,0.303,0.783,-0.409,12,5,7,WARNING,1
43,62,MALL_CONCERT_STAGE,220,0.927,0.588,0.558,97.07,0.462,0.842,-1.211,3,7,16,HIGH,2
43,63,MALL_CONCERT_STAGE,179,0.706,0.754,0.429,76.3,0.457,0.791,-0.858,5,10,14,WARNING,1
43,64,FESTIVAL_CORRIDOR,197,0.736,0.821,0.471,79.94,0.346,0.843,-1.027,6,9,6,WARNING,1
43,65,EVENT_ATRIUM,189,0.686,0.699,0.336,85.57,0.384,0.731,-0.952,5,6,5,WARNING,1
43,66,MALL_CONCERT_STAGE,204,0.767,0.67,0.453,67.18,0.403,0.85,-0.437,5,9,9,WARNING,1
43,67,MALL_CONCERT_STAGE,198,0.778,0.723,0.378,76.89,0.334,0.715,-0.601,9,12,10,WARNING,1
43,68,LIVE_PERFORMANCE_ZONE,198,0.781,0.734,0.4,79.36,0.359,0.791,-1.204,5,7,10,WARNING,1
43,69,MALL_CONCERT_STAGE,175,0.7,0.801,0.398,70.15,0.312,0.811,-0.373,3,7,8,WARNING,1
43,70,LIVE_PERFORMANCE_ZONE,176,0.65,0.861,0.307,74.92,0.4,0.706,-0.903,7,13,5,WARNING,1
43,71,LIVE_PERFORMANCE_ZONE,208,0.788,0.653,0.446,76.44,0.357,0.829,-0.7,8,12,5,WARNING,1
43,72,MALL_CONCERT_STAGE,174,0.693,0.939,0.301,71.29,0.318,0.73,-0.599,6,10,9,WARNING,1
43,73,MALL_CONCERT_STAGE,180,0.665,0.737,0.405,80.27,0.29,0.634,-0.653,8,9,7,WARNING,1
43,74,LIVE_PERFORMANCE_ZONE,159,0.605,1.027,0.341,72.78,0.301,0.712,-0.282,4,7,6,WARNING,1
43,75,EVENT_ATRIUM,148,0.592,0.861,0.385,55.85,0.317,0.585,-0.791,6,7,7,SAFE,0
43,76,FESTIVAL_CORRIDOR,172,0.664,0.871,0.416,72.75,0.301,0.733,-0.454,7,9,8,WARNING,1
43,77,LIVE_PERFORMANCE_ZONE,191,0.713,0.898,0.479,67.2,0.348,0.729,-0.912,6,11,10,WARNING,1
43,78,MALL_CONCERT_STAGE,180,0.704,0.835,0.35,73.96,0.345,0.78,-0.533,8,7,8,WARNING,1
43,79,FESTIVAL_CORRIDOR,166,0.663,0.877,0.337,69.84,0.261,0.81,-0.45,8,4,7,WARNING,1
43,80,MALL_CONCERT_STAGE,172,0.613,1.131,0.433,77.82,0.233,0.752,-0.274,5,6,7,WARNING,1
43,81,MALL_CONCERT_STAGE,160,0.599,0.98,0.375,52.07,0.317,0.69,-0.922,8,15,4,SAFE,0
43,82,MALL_CONCERT_STAGE,150,0.58,0.879,0.303,61.27,0.327,0.68,-0.896,5,4,6,SAFE,0
43,83,EVENT_ATRIUM,149,0.569,0.874,0.329,59.92,0.278,0.646,-0.896,10,14,8,SAFE,0
43,84,MALL_CONCERT_STAGE,170,0.654,0.953,0.355,75.34,0.364,0.781,-0.457,6,8,8,WARNING,1
43,85,FESTIVAL_CORRIDOR,159,0.621,0.918,0.35,54.47,0.284,0.697,-0.832,9,6,10,SAFE,0
43,86,LIVE_PERFORMANCE_ZONE,162,0.616,0.941,0.286,65.7,0.289,0.698,-0.795,11,8,10,SAFE,0
43,87,FESTIVAL_CORRIDOR,168,0.614,1.024,0.466,61.9,0.322,0.628,-0.53,5,9,11,WARNING,1
43,88,EVENT_ATRIUM,136,0.56,0.97,0.345,61.68,0.288,0.619,-1.283,9,7,2,SAFE,0
43,89,MALL_CONCERT_STAGE,153,0.598,0.871,0.397,71.7,0.218,0.692,-0.325,7,9,6,SAFE,0
44,0,FESTIVAL_CORRIDOR,129,0.487,1.091,0.269,63.56,0.312,0.612,-0.598,5,5,5,SAFE,0
44,1,MALL_CONCERT_STAGE,122,0.472,0.875,0.22,54.48,0.244,0.723,-0.347,3,3,2,SAFE,0
44,2,MALL_CONCERT_STAGE,109,0.404,1.188,0.18,34.37,0.283,0.505,-0.818,6,8,6,SAFE,0
44,3,EVENT_ATRIUM,137,0.564,1.033,0.27,50.37,0.287,0.63,-0.9,5,5,9,SAFE,0
44,4,LIVE_PERFORMANCE_ZONE,111,0.422,1.168,0.21,38.82,0.217,0.603,-0.572,4,6,4,SAFE,0
44,5,LIVE_PERFORMANCE_ZONE,108,0.451,1.047,0.178,51.77,0.233,0.571,-0.153,3,7,7,SAFE,0
44,6,FESTIVAL_CORRIDOR,137,0.522,0.898,0.236,55.69,0.249,0.533,-0.387,2,6,4,SAFE,0
44,7,FESTIVAL_CORRIDOR,128,0.492,1.054,0.243,54.85,0.18,0.611,-0.659,3,12,4,SAFE,0
44,8,LIVE_PERFORMANCE_ZONE,108,0.387,1.192,0.138,56.13,0.147,0.568,-1.08,3,7,3,SAFE,0
44,9,LIVE_PERFORMANCE_ZONE,139,0.513,0.945,0.261,69.08,0.202,0.618,-0.815,8,6,5,SAFE,0
44,10,MALL_CONCERT_STAGE,136,0.51,0.903,0.29,59.43,0.227,0.631,-0.352,5,10,8,SAFE,0
44,11,EVENT_ATRIUM,113,0.448,1.141,0.183,54.46,0.25,0.653,-0.594,2,2,4,SAFE,0
44,12,EVENT_ATRIUM,133,0.495,0.986,0.25,51.48,0.231,0.566,-0.477,5,4,6,SAFE,0
44,13,LIVE_PERFORMANCE_ZONE,99,0.366,1.185,0.228,43.35,0.157,0.504,0.341,5,2,11,SAFE,0
44,14,FESTIVAL_CORRIDOR,138,0.541,1.092,0.3,66.5,0.253,0.661,-0.338,6,11,8,SAFE,0
44,15,MALL_CONCERT_STAGE,115,0.497,1.167,0.394,57.52,0.224,0.619,-0.376,3,9,7,SAFE,0
44,16,MALL_CONCERT_STAGE,130,0.464,1.121,0.271,54.03,0.151,0.527,-1.619,7,7,6,SAFE,0
44,17,FESTIVAL_CORRIDOR,143,0.527,1.043,0.261,45.37,0.209,0.585,-0.53,3,7,9,SAFE,0
44,18,LIVE_PERFORMANCE_ZONE,121,0.466,1.116,0.281,60.81,0.199,0.595,-0.161,4,9,7,SAFE,0
44,19,LIVE_PERFORMANCE_ZONE,126,0.46,1.056,0.225,47.03,0.109,0.597,-0.625,5,5,6,SAFE,0
44,20,FESTIVAL_CORRIDOR,138,0.513,1.069,0.311,55.8,0.268,0.627,-0.049,2,10,5,SAFE,0
44,21,FESTIVAL_CORRIDOR,112,0.432,1.092,0.164,46.05,0.24,0.52,-0.254,6,5,4,SAFE,0
44,22,MALL_CONCERT_STAGE,128,0.481,1.098,0.284,62.53,0.203,0.578,-0.661,3,7,7,SAFE,0
44,23,LIVE_PERFORMANCE_ZONE,127,0.54,0.866,0.206,57.73,0.283,0.683,-0.716,6,3,3,SAFE,0
44,24,EVENT_ATRIUM,129,0.467,1.228,0.242,52.56,0.209,0.639,-0.816,5,4,5,SAFE,0
44,25,EVENT_ATRIUM,131,0.516,1.009,0.397,61.48,0.276,0.626,0.029,1,8,7,SAFE,0
44,26,FESTIVAL_CORRIDOR,136,0.523,0.984,0.299,56.98,0.273,0.542,-0.575,4,11,11,SAFE,0
44,27,EVENT_ATRIUM,134,0.55,0.918,0.292,75.28,0.325,0.682,-0.567,4,6,5,SAFE,0
44,28,EVENT_ATRIUM,122,0.409,1.087,0.282,44.4,0.167,0.558,-0.558,7,6,3,SAFE,0
44,29,FESTIVAL_CORRIDOR,135,0.544,1.035,0.349,54.54,0.323,0.555,-0.335,6,7,9,SAFE,0
44,30,EVENT_ATRIUM,117,0.458,1.162,0.184,49.14,0.18,0.52,-1.171,3,1,7,SAFE,0
44,31,FESTIVAL_CORRIDOR,141,0.495,1.091,0.23,59.49,0.233,0.705,-0.108,3,5,7,SAFE,0
44,32,EVENT_ATRIUM,108,0.451,1.238,0.206,59.9,0.164,0.546,-0.708,8,5,3,SAFE,0
44,33,LIVE_PERFORMANCE_ZONE,115,0.451,1.194,0.185,45.35,0.24,0.605,-0.262,6,8,5,SAFE,0
44,34,LIVE_PERFORMANCE_ZONE,108,0.407,1.109,0.216,45.24,0.208,0.555,-1.43,2,9,7,SAFE,0
44,35,FESTIVAL_CORRIDOR,164,0.642,0.828,0.348,57.45,0.275,0.747,-1.146,10,8,6,WARNING,1
44,36,FESTIVAL_CORRIDOR,150,0.616,0.839,0.291,73.41,0.23,0.719,-0.99,2,5,4,SAFE,0
44,37,EVENT_ATRIUM,142,0.578,0.96,0.372,58.48,0.306,0.631,-0.908,7,6,3,SAFE,0
44,38,LIVE_PERFORMANCE_ZONE,135,0.518,1.128,0.258,66.93,0.273,0.633,-0.632,5,10,10,SAFE,0
44,39,MALL_CONCERT_STAGE,134,0.548,0.882,0.334,59.3,0.286,0.584,-0.174,6,11,7,SAFE,0
44,40,FESTIVAL_CORRIDOR,130,0.494,1.089,0.309,54.03,0.261,0.614,-0.679,9,8,7,SAFE,0
44,41,MALL_CONCERT_STAGE,142,0.521,0.991,0.358,60.93,0.243,0.643,-0.173,7,4,10,SAFE,0
44,42,EVENT_ATRIUM,151,0.539,0.921,0.368,68.49,0.243,0.728,-0.656,3,8,9,SAFE,0
44,43,EVENT_ATRIUM,136,0.549,0.989,0.256,78.16,0.249,0.689,-0.182,4,9,9,SAFE,0
44,44,EVENT_ATRIUM,156,0.6,1.023,0.289,63.81,0.26,0.599,-0.672,8,12,4,SAFE,0
44,45,FESTIVAL_CORRIDOR,170,0.68,0.977,0.392,62.82,0.262,0.696,-0.991,7,8,12,WARNING,1
44,46,EVENT_ATRIUM,165,0.578,0.979,0.296,76.52,0.327,0.759,-0.505,7,8,3,WARNING,1
44,47,LIVE_PERFORMANCE_ZONE,156,0.638,0.883,0.315,56.49,0.302,0.665,-0.849,3,11,3,SAFE,0
44,48,LIVE_PERFORMANCE_ZONE,161,0.657,0.849,0.322,74.25,0.32,0.716,-0.785,3,4,7,WARNING,1
44,49,LIVE_PERFORMANCE_ZONE,160,0.584,0.75,0.334,64.5,0.34,0.664,-1.345,10,7,2,SAFE,0
44,50,MALL_CONCERT_STAGE,158,0.598,1.009,0.391,69.41,0.291,0.638,-0.8,6,11,15,SAFE,0
44,51,EVENT_ATRIUM,185,0.723,0.757,0.518,77.47,0.338,0.779,-1.142,3,13,5,WARNING,1
44,52,FESTIVAL_CORRIDOR,185,0.74,0.708,0.451,72.9,0.292,0.706,0.05,8,8,11,WARNING,1
44,53,FESTIVAL_CORRIDOR,155,0.6,0.919,0.277,60.2,0.317,0.691,-0.312,4,3,7,SAFE,0
44,54,LIVE_PERFORMANCE_ZONE,164,0.639,1.014,0.316,74.16,0.282,0.797,-0.839,10,8,6,WARNING,1
44,55,EVENT_ATRIUM,198,0.753,0.801,0.425,68.4,0.373,0.766,-0.255,2,8,13,WARNING,1
44,56,LIVE_PERFORMANCE_ZONE,200,0.798,0.81,0.381,81.77,0.306,0.847,-0.052,7,13,11,WARNING,1
44,57,EVENT_ATRIUM,177,0.697,0.811,0.322,64.79,0.335,0.723,-0.338,4,12,5,WARNING,1
44,58,MALL_CONCERT_STAGE,166,0.593,0.988,0.252,66.16,0.265,0.768,-0.481,5,9,8,SAFE,0
44,59,LIVE_PERFORMANCE_ZONE,200,0.766,0.749,0.377,76.81,0.324,0.759,-0.916,4,14,11,WARNING,1
44,60,MALL_CONCERT_STAGE,198,0.762,0.694,0.463,81.91,0.41,0.827,-1.022,13,8,5,WARNING,1
44,61,EVENT_ATRIUM,174,0.683,0.806,0.456,67.78,0.323,0.694,-0.425,6,8,7,WARNING,1
44,62,LIVE_PERFORMANCE_ZONE,187,0.724,0.878,0.371,77.8,0.346,0.707,-0.979,5,11,4,WARNING,1
44,63,EVENT_ATRIUM,192,0.744,0.824,0.402,76.56,0.489,0.729,-1.236,3,8,5,WARNING,1
44,64,MALL_CONCERT_STAGE,180,0.715,0.838,0.39,79.51,0.314,0.706,-0.61,9,10,10,WARNING,1
44,65,MALL_CONCERT_STAGE,192,0.744,0.762,0.467,82.96,0.364,0.651,-0.907,9,9,9,WARNING,1
44,66,EVENT_ATRIUM,174,0.685,0.841,0.371,72.54,0.316,0.668,-0.259,4,10,10,WARNING,1
44,67,LIVE_PERFORMANCE_ZONE,182,0.692,0.833,0.458,74.14,0.392,0.72,-0.608,2,6,14,WARNING,1
44,68,EVENT_ATRIUM,185,0.747,0.635,0.513,82.89,0.377,0.787,-0.864,5,10,5,WARNING,1
44,69,LIVE_PERFORMANCE_ZONE,181,0.69,0.898,0.405,72.46,0.37,0.768,-0.12,3,8,7,WARNING,1
44,70,EVENT_ATRIUM,155,0.634,0.962,0.362,64.72,0.251,0.713,-1.017,4,9,3,WARNING,1
44,71,FESTIVAL_CORRIDOR,169,0.631,0.822,0.452,79.16,0.298,0.666,-0.142,4,15,7,WARNING,1
44,72,EVENT_ATRIUM,155,0.649,1.004,0.411,69.06,0.327,0.69,-0.813,1,5,6,WARNING,1
44,73,LIVE_PERFORMANCE_ZONE,153,0.59,0.819,0.355,66.33,0.339,0.596,-0.71,7,9,6,SAFE,0
44,74,MALL_CONCERT_STAGE,161,0.591,0.943,0.3,59.65,0.304,0.681,0.279,10,8,9,SAFE,0
44,75,FESTIVAL_CORRIDOR,140,0.496,0.897,0.202,61.44,0.308,0.558,-0.582,8,8,4,SAFE,0
44,76,LIVE_PERFORMANCE_ZONE,159,0.607,0.971,0.259,69.91,0.281,0.633,-0.226,7,9,14,SAFE,0
44,77,LIVE_PERFORMANCE_ZONE,159,0.605,0.959,0.361,66.73,0.237,0.569,-0.968,4,8,5,SAFE,0
44,78,LIVE_PERFORMANCE_ZONE,157,0.583,0.924,0.314,63.31,0.3,0.706,-0.712,7,5,6,SAFE,0
44,79,EVENT_ATRIUM,140,0.57,1.006,0.264,71.73,0.332,0.678,-0.768,6,5,2,SAFE,0
44,80,MALL_CONCERT_STAGE,154,0.583,0.91,0.366,63.75,0.258,0.66,-0.787,3,8,6,SAFE,0
44,81,LIVE_PERFORMANCE_ZONE,141,0.517,1.153,0.318,67.98,0.144,0.645,-0.984,4,6,13,SAFE,0
44,82,FESTIVAL_CORRIDOR,128,0.495,0.965,0.247,55.1,0.261,0.686,-0.305,3,7,11,SAFE,0
44,83,LIVE_PERFORMANCE_ZONE,123,0.4,1.11,0.239,47.11,0.178,0.698,-0.731,7,5,8,SAFE,0
44,84,LIVE_PERFORMANCE_ZONE,122,0.448,1.094,0.28,54.77,0.232,0.516,-0.06,3,7,6,SAFE,0
44,85,LIVE_PERFORMANCE_ZONE,103,0.428,1.045,0.239,53.59,0.29,0.512,-0.275,4,3,5,SAFE,0
44,86,MALL_CONCERT_STAGE,125,0.5,1.026,0.278,63.24,0.245,0.629,-0.792,3,5,2,SAFE,0
44,87,MALL_CONCERT_STAGE,125,0.456,1.128,0.336,50.96,0.237,0.667,-0.801,4,5,2,SAFE,0
44,88,EVENT_ATRIUM,138,0.528,0.955,0.327,61.85,0.263,0.548,-0.91,5,8,5,SAFE,0
44,89,FESTIVAL_CORRIDOR,113,0.439,1.16,0.284,48.35,0.361,0.645,-0.111,5,3,7,SAFE,0
45,0,FESTIVAL_CORRIDOR,137,0.483,1.05,0.222,60.45,0.226,0.611,-1.025,7,2,5,SAFE,0
45,1,MALL_CONCERT_STAGE,154,0.597,0.855,0.325,58.51,0.284,0.655,-0.53,7,4,6,SAFE,0
45,2,LIVE_PERFORMANCE_ZONE,128,0.503,0.998,0.309,42.52,0.216,0.703,0.126,4,1,6,SAFE,0
45,3,MALL_CONCERT_STAGE,128,0.452,1.09,0.232,49.88,0.164,0.515,-0.96,6,4,5,SAFE,0
45,4,MALL_CONCERT_STAGE,137,0.466,1.099,0.313,63.32,0.197,0.616,-0.748,1,3,3,SAFE,0
45,5,MALL_CONCERT_STAGE,140,0.525,0.944,0.275,71.37,0.287,0.556,-0.593,3,8,6,SAFE,0
45,6,LIVE_PERFORMANCE_ZONE,147,0.53,1.138,0.291,62.27,0.239,0.586,-0.69,8,9,3,SAFE,0
45,7,FESTIVAL_CORRIDOR,151,0.557,0.825,0.33,56.64,0.277,0.645,-0.199,7,5,3,SAFE,0
45,8,LIVE_PERFORMANCE_ZONE,138,0.536,1.071,0.299,47.81,0.25,0.645,-0.559,4,8,6,SAFE,0
45,9,LIVE_PERFORMANCE_ZONE,147,0.578,0.982,0.284,60.72,0.347,0.663,-0.894,8,5,4,SAFE,0
45,10,MALL_CONCERT_STAGE,125,0.493,1.103,0.331,51.75,0.239,0.647,-0.815,4,6,6,SAFE,0
45,11,MALL_CONCERT_STAGE,149,0.508,1.171,0.182,50.91,0.301,0.676,-0.764,8,9,4,SAFE,0
45,12,EVENT_ATRIUM,150,0.564,1.206,0.355,58.37,0.25,0.585,-1.032,5,10,5,SAFE,0
45,13,MALL_CONCERT_STAGE,141,0.567,1.01,0.208,57.18,0.239,0.622,-1.031,8,6,6,SAFE,0
45,14,EVENT_ATRIUM,151,0.577,1.089,0.296,64.07,0.343,0.628,0.016,6,6,6,SAFE,0
45,15,LIVE_PERFORMANCE_ZONE,128,0.529,0.977,0.28,61.89,0.277,0.684,-0.256,3,10,8,SAFE,0
45,16,MALL_CONCERT_STAGE,150,0.548,1.071,0.248,68.73,0.242,0.623,-0.438,6,8,5,SAFE,0
45,17,LIVE_PERFORMANCE_ZONE,145,0.529,0.969,0.293,57.24,0.237,0.588,-0.492,2,5,13,SAFE,0
45,18,FESTIVAL_CORRIDOR,137,0.551,1.086,0.223,55.62,0.206,0.608,-0.873,3,6,4,SAFE,0
45,19,LIVE_PERFORMANCE_ZONE,128,0.461,1.121,0.258,51.08,0.198,0.538,-0.201,3,7,8,SAFE,0
45,20,LIVE_PERFORMANCE_ZONE,126,0.521,0.981,0.212,49.66,0.272,0.634,-0.888,4,7,5,SAFE,0
45,21,LIVE_PERFORMANCE_ZONE,133,0.498,0.996,0.203,64.58,0.28,0.5,-0.484,7,4,11,SAFE,0
45,22,FESTIVAL_CORRIDOR,139,0.498,1.024,0.324,48.95,0.263,0.601,-0.602,6,7,4,SAFE,0
45,23,LIVE_PERFORMANCE_ZONE,136,0.509,0.984,0.422,65.65,0.224,0.635,-0.005,4,4,6,SAFE,0
45,24,LIVE_PERFORMANCE_ZONE,134,0.571,0.884,0.331,69.02,0.23,0.731,-0.869,8,3,10,SAFE,0
45,25,MALL_CONCERT_STAGE,133,0.485,1.089,0.278,39.45,0.295,0.594,-0.807,3,6,5,SAFE,0
45,26,EVENT_ATRIUM,143,0.584,0.934,0.349,70.7,0.255,0.664,-0.697,5,6,5,SAFE,0
45,27,FESTIVAL_CORRIDOR,119,0.481,0.942,0.294,50.75,0.321,0.611,-1.341,3,8,2,SAFE,0
45,28,EVENT_ATRIUM,136,0.54,1.086,0.277,57.55,0.261,0.682,-0.089,2,5,11,SAFE,0
45,29,MALL_CONCERT_STAGE,139,0.517,0.996,0.264,64.49,0.261,0.601,-0.285,3,4,8,SAFE,0
45,30,LIVE_PERFORMANCE_ZONE,131,0.475,0.958,0.294,73.28,0.206,0.616,-0.471,4,9,6,SAFE,0
45,31,MALL_CONCERT_STAGE,136,0.51,1.09,0.255,65.33,0.245,0.666,-1.125,8,5,4,SAFE,0
45,32,MALL_CONCERT_STAGE,130,0.485,1.128,0.204,55.95,0.214,0.68,-0.637,4,7,7,SAFE,0
45,33,EVENT_ATRIUM,133,0.475,1.098,0.315,66.07,0.246,0.635,-0.74,2,6,5,SAFE,0
45,34,FESTIVAL_CORRIDOR,136,0.518,1.043,0.294,49.64,0.248,0.586,-1.009,3,8,10,SAFE,0
45,35,MALL_CONCERT_STAGE,136,0.534,0.963,0.251,68.73,0.289,0.685,-0.182,1,12,5,SAFE,0
45,36,MALL_CONCERT_STAGE,146,0.526,0.988,0.337,59.32,0.239,0.653,-0.316,5,10,9,SAFE,0
45,37,FESTIVAL_CORRIDOR,137,0.529,1.037,0.24,67.39,0.229,0.671,-0.415,3,5,9,SAFE,0
45,38,FESTIVAL_CORRIDOR,138,0.489,1.131,0.2,51.56,0.204,0.647,-0.332,4,9,7,SAFE,0
45,39,MALL_CONCERT_STAGE,147,0.603,0.915,0.352,58.4,0.302,0.633,-0.593,6,12,7,SAFE,0
45,40,MALL_CONCERT_STAGE,147,0.615,0.818,0.368,64.22,0.304,0.645,-0.677,4,7,5,SAFE,0
45,41,MALL_CONCERT_STAGE,151,0.562,0.968,0.278,65.91,0.302,0.711,-0.633,6,10,7,SAFE,0
45,42,EVENT_ATRIUM,128,0.502,1.231,0.302,71.48,0.28,0.645,-1.443,6,6,9,SAFE,0
45,43,EVENT_ATRIUM,148,0.585,0.955,0.274,72.95,0.274,0.702,-0.443,9,3,6,SAFE,0
45,44,FESTIVAL_CORRIDOR,168,0.635,0.726,0.48,75.31,0.33,0.749,-0.572,5,12,4,WARNING,1
45,45,MALL_CONCERT_STAGE,148,0.511,0.988,0.353,72.32,0.236,0.667,-0.753,6,9,7,SAFE,0
45,46,MALL_CONCERT_STAGE,157,0.62,0.823,0.328,60.27,0.305,0.738,-0.2,5,8,7,WARNING,1
45,47,LIVE_PERFORMANCE_ZONE,156,0.653,0.922,0.338,61.02,0.365,0.719,-0.642,1,10,10,WARNING,1
45,48,FESTIVAL_CORRIDOR,154,0.627,0.945,0.251,57.81,0.317,0.73,-1.124,6,10,8,SAFE,0
45,49,EVENT_ATRIUM,170,0.615,0.922,0.338,69,0.237,0.739,-0.85,4,8,10,SAFE,0
45,50,FESTIVAL_CORRIDOR,172,0.725,0.792,0.339,65.31,0.328,0.774,-0.432,9,7,9,WARNING,1
45,51,EVENT_ATRIUM,165,0.61,0.923,0.306,72.68,0.321,0.62,-1.223,7,14,15,SAFE,0
45,52,EVENT_ATRIUM,199,0.763,0.688,0.378,79.2,0.406,0.728,-0.862,3,18,5,WARNING,1
45,53,LIVE_PERFORMANCE_ZONE,207,0.817,0.815,0.417,74.01,0.345,0.856,-0.978,3,9,10,WARNING,1
45,54,FESTIVAL_CORRIDOR,203,0.752,0.721,0.378,89.47,0.394,0.784,-1.262,4,6,5,WARNING,1
45,55,LIVE_PERFORMANCE_ZONE,191,0.783,0.757,0.429,78.84,0.306,0.718,-1.394,1,7,11,WARNING,1
45,56,EVENT_ATRIUM,181,0.674,0.871,0.407,74.41,0.414,0.698,-0.928,2,9,12,WARNING,1
45,57,EVENT_ATRIUM,194,0.738,0.839,0.406,82.18,0.334,0.735,-1.01,4,7,10,WARNING,1
45,58,LIVE_PERFORMANCE_ZONE,184,0.752,0.796,0.35,89.16,0.396,0.741,-0.478,4,10,4,WARNING,1
45,59,EVENT_ATRIUM,196,0.753,0.665,0.505,79.34,0.412,0.765,-0.346,5,16,5,WARNING,1
45,60,FESTIVAL_CORRIDOR,196,0.706,0.745,0.497,71.88,0.27,0.676,-0.138,7,6,7,WARNING,1
45,61,EVENT_ATRIUM,185,0.655,0.817,0.38,66.03,0.356,0.678,-0.791,4,15,9,WARNING,1
45,62,MALL_CONCERT_STAGE,205,0.787,0.727,0.407,96.21,0.404,0.845,-0.962,2,13,13,WARNING,1
45,63,EVENT_ATRIUM,186,0.717,0.858,0.41,74.88,0.403,0.743,-0.852,3,9,8,WARNING,1
45,64,EVENT_ATRIUM,199,0.755,0.757,0.414,74.38,0.402,0.765,-1.289,4,9,13,WARNING,1
45,65,FESTIVAL_CORRIDOR,221,0.875,0.661,0.404,90.17,0.434,0.809,-1.313,11,13,8,WARNING,1
45,66,FESTIVAL_CORRIDOR,177,0.662,0.91,0.391,72.98,0.332,0.615,-0.68,5,9,9,WARNING,1
45,67,MALL_CONCERT_STAGE,202,0.782,0.688,0.4,87.92,0.433,0.788,-0.38,3,7,9,WARNING,1
45,68,LIVE_PERFORMANCE_ZONE,190,0.701,0.935,0.473,87.13,0.315,0.727,-0.8,4,12,6,WARNING,1
45,69,EVENT_ATRIUM,200,0.801,0.761,0.388,82.56,0.401,0.815,-0.627,7,8,9,WARNING,1
45,70,EVENT_ATRIUM,167,0.626,0.886,0.305,59.58,0.354,0.694,-1.018,6,12,10,WARNING,1
45,71,MALL_CONCERT_STAGE,175,0.676,0.827,0.416,81.57,0.281,0.742,-0.596,7,10,12,WARNING,1
45,72,LIVE_PERFORMANCE_ZONE,198,0.773,0.684,0.413,82.55,0.358,0.755,-0.971,5,4,12,WARNING,1
45,73,EVENT_ATRIUM,199,0.785,0.645,0.488,66.88,0.38,0.727,-0.955,4,9,7,WARNING,1
45,74,FESTIVAL_CORRIDOR,219,0.863,0.541,0.52,93.17,0.445,0.837,-1.308,7,12,11,WARNING,1
45,75,EVENT_ATRIUM,162,0.648,1.034,0.252,75.46,0.288,0.748,-0.915,5,7,9,WARNING,1
45,76,FESTIVAL_CORRIDOR,188,0.715,0.776,0.333,77.53,0.34,0.823,-0.091,2,7,7,WARNING,1
45,77,MALL_CONCERT_STAGE,195,0.778,0.697,0.425,69.74,0.369,0.742,-0.8,4,7,10,WARNING,1
45,78,MALL_CONCERT_STAGE,177,0.671,0.84,0.433,72.52,0.323,0.638,-1.031,6,10,5,WARNING,1
45,79,LIVE_PERFORMANCE_ZONE,182,0.72,0.891,0.278,74.69,0.318,0.667,-1.288,3,4,9,WARNING,1
45,80,MALL_CONCERT_STAGE,167,0.643,0.856,0.292,66.63,0.341,0.742,-0.466,5,8,3,WARNING,1
45,81,LIVE_PERFORMANCE_ZONE,167,0.616,0.981,0.415,57.68,0.25,0.705,-0.94,9,13,12,WARNING,1
45,82,FESTIVAL_CORRIDOR,156,0.596,1.023,0.308,73.89,0.309,0.729,-0.474,7,7,7,WARNING,1
45,83,MALL_CONCERT_STAGE,162,0.628,1.092,0.333,55.5,0.289,0.663,-0.197,10,12,9,SAFE,0
45,84,MALL_CONCERT_STAGE,147,0.554,0.932,0.327,70.64,0.328,0.576,-0.444,6,6,4,SAFE,0
45,85,MALL_CONCERT_STAGE,147,0.566,0.84,0.224,66.36,0.285,0.681,-0.954,5,16,8,SAFE,0
45,86,MALL_CONCERT_STAGE,131,0.538,1.092,0.251,67.14,0.303,0.645,-0.224,6,7,4,SAFE,0
45,87,MALL_CONCERT_STAGE,144,0.568,0.939,0.332,68.91,0.244,0.644,-0.619,4,7,10,SAFE,0
45,88,MALL_CONCERT_STAGE,155,0.605,0.909,0.366,77.46,0.286,0.707,-0.397,6,8,1,WARNING,1
45,89,MALL_CONCERT_STAGE,144,0.548,1.015,0.321,65.8,0.271,0.609,-0.131,1,12,5,SAFE,0
46,0,EVENT_ATRIUM,200,0.788,0.765,0.479,70.22,0.33,0.774,-1.226,5,9,9,WARNING,1
46,1,FESTIVAL_CORRIDOR,197,0.757,0.803,0.469,81.55,0.347,0.725,-0.7,3,9,11,WARNING,1
46,2,MALL_CONCERT_STAGE,194,0.786,0.74,0.517,75.29,0.304,0.728,-0.519,7,9,8,WARNING,1
46,3,FESTIVAL_CORRIDOR,171,0.646,0.924,0.352,72.27,0.21,0.654,-0.938,5,7,7,SAFE,0
46,4,MALL_CONCERT_STAGE,176,0.726,0.842,0.422,75.44,0.375,0.735,-0.958,5,6,4,WARNING,1
46,5,EVENT_ATRIUM,178,0.717,0.665,0.377,69.45,0.392,0.704,-0.254,8,13,8,WARNING,1
46,6,FESTIVAL_CORRIDOR,196,0.703,0.895,0.381,72.92,0.351,0.745,-0.909,3,5,11,WARNING,1
46,7,LIVE_PERFORMANCE_ZONE,215,0.816,0.626,0.435,83.69,0.373,0.766,-1.293,7,11,8,WARNING,1
46,8,EVENT_ATRIUM,202,0.777,0.915,0.476,79.37,0.357,0.761,-1.48,5,9,11,WARNING,1
46,9,MALL_CONCERT_STAGE,203,0.737,0.813,0.522,83.65,0.369,0.744,-1.054,3,12,7,WARNING,1
46,10,FESTIVAL_CORRIDOR,212,0.854,0.593,0.484,79.74,0.399,0.866,-0.823,11,8,5,WARNING,1
46,11,FESTIVAL_CORRIDOR,210,0.797,0.834,0.398,88.37,0.37,0.687,-0.876,9,9,7,WARNING,1
46,12,EVENT_ATRIUM,205,0.816,0.656,0.45,84.96,0.365,0.88,-0.881,6,6,9,WARNING,1
46,13,MALL_CONCERT_STAGE,226,0.847,0.762,0.535,92.98,0.396,0.832,-0.375,7,4,9,WARNING,1
46,14,LIVE_PERFORMANCE_ZONE,221,0.946,0.631,0.51,95.7,0.514,0.832,-1.199,4,20,4,HIGH,2
46,15,MALL_CONCERT_STAGE,223,0.867,0.691,0.426,105.38,0.547,0.796,-0.939,9,7,15,WARNING,1
46,16,FESTIVAL_CORRIDOR,221,0.867,0.706,0.47,90.34,0.4,0.873,-0.702,5,14,8,WARNING,1
46,17,EVENT_ATRIUM,211,0.754,0.751,0.416,74.28,0.398,0.763,-0.789,6,14,8,WARNING,1
46,18,FESTIVAL_CORRIDOR,214,0.821,0.801,0.463,81.47,0.372,0.793,-0.88,5,11,8,WARNING,1
46,19,EVENT_ATRIUM,223,0.846,0.722,0.423,78.66,0.427,0.855,-1.158,10,7,11,WARNING,1
46,20,EVENT_ATRIUM,229,0.865,0.693,0.418,89.48,0.466,0.833,-0.385,7,10,12,WARNING,1
46,21,EVENT_ATRIUM,249,0.984,0.555,0.572,97.08,0.502,0.929,-0.778,10,10,15,HIGH,2
46,22,LIVE_PERFORMANCE_ZONE,246,0.975,0.47,0.476,104.05,0.458,0.92,-0.851,6,11,12,HIGH,2
46,23,FESTIVAL_CORRIDOR,229,0.891,0.617,0.489,99.39,0.459,0.796,-1.138,6,10,13,WARNING,1
46,24,EVENT_ATRIUM,258,0.983,0.435,0.572,80.73,0.417,0.828,-0.819,4,8,15,HIGH,2
46,25,MALL_CONCERT_STAGE,234,0.882,0.779,0.553,82.34,0.42,0.879,-0.62,4,14,8,WARNING,1
46,26,MALL_CONCERT_STAGE,243,0.894,0.583,0.391,87.67,0.43,0.874,-0.641,5,18,10,WARNING,1
46,27,LIVE_PERFORMANCE_ZONE,249,0.903,0.414,0.468,95.03,0.47,0.802,-1.143,3,15,13,WARNING,1
46,28,FESTIVAL_CORRIDOR,238,0.941,0.692,0.542,95.13,0.415,0.784,-0.952,13,14,18,WARNING,1
46,29,FESTIVAL_CORRIDOR,244,0.927,0.636,0.458,90.57,0.494,0.805,-1.771,9,11,7,WARNING,1
46,30,FESTIVAL_CORRIDOR,263,1,0.605,0.529,104.3,0.461,0.896,-0.933,11,13,12,HIGH,2
46,31,LIVE_PERFORMANCE_ZONE,239,0.96,0.658,0.53,96.96,0.427,0.801,-0.988,4,11,11,HIGH,2
46,32,EVENT_ATRIUM,247,1,0.428,0.583,105.14,0.427,0.958,-0.716,6,17,11,HIGH,2
46,33,MALL_CONCERT_STAGE,250,0.906,0.661,0.567,88.84,0.436,0.784,-0.835,5,12,12,WARNING,1
46,34,FESTIVAL_CORRIDOR,255,1,0.561,0.481,85.76,0.473,0.882,-0.692,3,13,12,HIGH,2
46,35,FESTIVAL_CORRIDOR,244,0.948,0.473,0.522,105.08,0.536,0.919,-0.525,8,13,16,HIGH,2
46,36,FESTIVAL_CORRIDOR,235,0.932,0.508,0.542,98.26,0.439,0.889,-0.8,3,6,17,HIGH,2
46,37,EVENT_ATRIUM,246,0.958,0.66,0.591,106.09,0.456,0.862,-1.234,5,12,9,HIGH,2
46,38,EVENT_ATRIUM,241,0.95,0.558,0.485,91.36,0.458,0.87,-1.084,6,9,13,HIGH,2
46,39,MALL_CONCERT_STAGE,236,0.922,0.559,0.617,93.04,0.377,0.833,-1.252,7,13,8,HIGH,2
46,40,LIVE_PERFORMANCE_ZONE,260,0.994,0.361,0.52,104.09,0.471,0.885,-1.279,9,18,7,HIGH,2
46,41,EVENT_ATRIUM,242,0.942,0.664,0.515,89.57,0.492,0.875,-1.187,6,13,10,HIGH,2
46,42,FESTIVAL_CORRIDOR,253,0.967,0.537,0.52,97.57,0.502,0.916,-0.819,7,17,16,HIGH,2
46,43,LIVE_PERFORMANCE_ZONE,256,0.966,0.512,0.557,93.69,0.502,0.92,-1.628,6,13,11,HIGH,2
46,44,EVENT_ATRIUM,230,0.823,0.674,0.396,78.87,0.374,0.761,-1.876,7,14,4,WARNING,1
46,45,EVENT_ATRIUM,230,0.889,0.646,0.568,79.58,0.399,0.909,-0.958,4,7,9,WARNING,1
46,46,MALL_CONCERT_STAGE,213,0.768,0.774,0.407,68,0.379,0.865,-0.915,3,10,8,WARNING,1
46,47,MALL_CONCERT_STAGE,213,0.772,0.732,0.39,78.32,0.368,0.788,-0.869,3,12,9,WARNING,1
46,48,EVENT_ATRIUM,249,0.952,0.537,0.586,88.17,0.413,0.899,-1.205,6,12,12,HIGH,2
46,49,LIVE_PERFORMANCE_ZONE,200,0.774,0.789,0.32,79.62,0.397,0.718,-0.943,9,7,3,WARNING,1
46,50,MALL_CONCERT_STAGE,190,0.768,0.831,0.444,72.98,0.381,0.716,0.001,13,10,5,WARNING,1
46,51,MALL_CONCERT_STAGE,215,0.837,0.7,0.467,84.46,0.407,0.718,0.199,11,9,15,WARNING,1
46,52,EVENT_ATRIUM,195,0.73,0.854,0.344,72.49,0.338,0.746,-1.077,6,6,5,WARNING,1
46,53,LIVE_PERFORMANCE_ZONE,218,0.838,0.694,0.464,89.32,0.307,0.882,-1.307,9,14,12,WARNING,1
46,54,FESTIVAL_CORRIDOR,204,0.808,0.654,0.391,94.01,0.367,0.83,-1.323,9,9,9,WARNING,1
46,55,EVENT_ATRIUM,205,0.826,0.813,0.454,89.96,0.444,0.781,-0.67,7,10,7,WARNING,1
46,56,EVENT_ATRIUM,207,0.793,0.814,0.364,79.02,0.374,0.775,-0.426,3,12,7,WARNING,1
46,57,MALL_CONCERT_STAGE,197,0.733,0.962,0.399,75.06,0.372,0.789,-1.276,4,12,13,WARNING,1
46,58,EVENT_ATRIUM,216,0.807,0.755,0.461,77.78,0.435,0.779,-0.644,9,6,13,WARNING,1
46,59,EVENT_ATRIUM,196,0.744,0.72,0.455,65.07,0.318,0.782,-0.353,2,13,16,WARNING,1
46,60,LIVE_PERFORMANCE_ZONE,200,0.777,0.73,0.446,87.95,0.365,0.692,-1.101,7,10,9,WARNING,1
46,61,FESTIVAL_CORRIDOR,207,0.783,0.823,0.444,74.72,0.409,0.694,-0.948,7,11,15,WARNING,1
46,62,FESTIVAL_CORRIDOR,194,0.71,0.904,0.462,77.76,0.391,0.806,-0.929,10,12,9,WARNING,1
46,63,FESTIVAL_CORRIDOR,183,0.7,0.823,0.459,78.74,0.367,0.819,-0.573,8,7,7,WARNING,1
46,64,FESTIVAL_CORRIDOR,188,0.708,0.886,0.437,74.46,0.321,0.722,-0.921,10,12,10,WARNING,1
46,65,MALL_CONCERT_STAGE,195,0.79,0.623,0.405,82.75,0.338,0.761,-0.781,5,8,4,WARNING,1
46,66,LIVE_PERFORMANCE_ZONE,183,0.648,0.826,0.426,69.42,0.363,0.761,-0.905,2,15,5,WARNING,1
46,67,MALL_CONCERT_STAGE,188,0.728,0.862,0.419,76.29,0.405,0.887,-0.778,7,11,9,WARNING,1
46,68,MALL_CONCERT_STAGE,185,0.713,0.842,0.369,62.54,0.36,0.748,-1.466,5,13,8,WARNING,1
46,69,EVENT_ATRIUM,197,0.751,0.778,0.406,73.16,0.306,0.696,-1.041,4,10,9,WARNING,1
46,70,LIVE_PERFORMANCE_ZONE,201,0.783,0.7,0.388,86.16,0.337,0.801,-0.489,7,15,14,WARNING,1
46,71,LIVE_PERFORMANCE_ZONE,180,0.696,0.879,0.413,65.73,0.383,0.705,-0.714,4,13,12,WARNING,1
46,72,EVENT_ATRIUM,193,0.768,0.652,0.444,81.81,0.413,0.849,-0.209,8,13,7,WARNING,1
46,73,MALL_CONCERT_STAGE,180,0.685,0.767,0.363,65.6,0.32,0.776,-0.247,6,14,3,WARNING,1
46,74,LIVE_PERFORMANCE_ZONE,193,0.75,0.659,0.394,72.64,0.345,0.782,-0.773,6,4,8,WARNING,1
46,75,MALL_CONCERT_STAGE,184,0.769,0.827,0.457,72.8,0.428,0.893,-1.17,3,8,12,WARNING,1
46,76,EVENT_ATRIUM,186,0.715,0.895,0.372,75.42,0.289,0.817,-0.793,4,6,10,WARNING,1
46,77,LIVE_PERFORMANCE_ZONE,200,0.788,0.722,0.322,78.3,0.377,0.792,-1.069,3,10,10,WARNING,1
46,78,EVENT_ATRIUM,171,0.709,0.76,0.282,70.89,0.287,0.655,-1.296,2,9,7,WARNING,1
46,79,FESTIVAL_CORRIDOR,190,0.765,0.759,0.372,75.94,0.348,0.763,-0.77,5,7,4,WARNING,1
46,80,FESTIVAL_CORRIDOR,163,0.652,0.796,0.385,76.42,0.268,0.747,-0.822,4,9,10,WARNING,1
46,81,LIVE_PERFORMANCE_ZONE,205,0.814,0.806,0.421,84.01,0.396,0.753,-0.929,11,11,7,WARNING,1
46,82,MALL_CONCERT_STAGE,196,0.763,0.843,0.372,80.25,0.324,0.705,-0.938,7,9,16,WARNING,1
46,83,FESTIVAL_CORRIDOR,201,0.781,0.744,0.406,74.73,0.35,0.821,-1.025,8,12,6,WARNING,1
46,84,FESTIVAL_CORRIDOR,193,0.78,0.787,0.438,80.94,0.436,0.862,-1.258,5,5,5,WARNING,1
46,85,LIVE_PERFORMANCE_ZONE,203,0.807,0.731,0.492,77.67,0.276,0.77,-1.272,11,6,4,WARNING,1
46,86,FESTIVAL_CORRIDOR,171,0.672,0.85,0.333,74.43,0.343,0.64,0.046,5,7,10,WARNING,1
46,87,LIVE_PERFORMANCE_ZONE,198,0.75,0.794,0.428,71.07,0.324,0.791,-1.675,7,18,7,WARNING,1
46,88,EVENT_ATRIUM,209,0.756,0.811,0.411,79.3,0.382,0.764,-0.879,5,11,7,WARNING,1
46,89,EVENT_ATRIUM,186,0.721,0.856,0.297,76.42,0.337,0.753,-0.408,6,12,10,WARNING,1
47,0,FESTIVAL_CORRIDOR,132,0.501,0.846,0.261,60.36,0.24,0.574,-0.484,5,7,8,SAFE,0
47,1,LIVE_PERFORMANCE_ZONE,118,0.445,1.109,0.253,38.36,0.201,0.622,-1.141,5,8,6,SAFE,0
47,2,LIVE_PERFORMANCE_ZONE,138,0.481,1.148,0.217,52.84,0.25,0.617,-0.39,6,6,5,SAFE,0
47,3,MALL_CONCERT_STAGE,122,0.51,0.895,0.336,79.02,0.313,0.615,-0.07,5,8,6,SAFE,0
47,4,MALL_CONCERT_STAGE,183,0.689,0.93,0.368,75.13,0.341,0.695,-0.723,9,12,11,WARNING,1
47,5,MALL_CONCERT_STAGE,154,0.595,1.018,0.358,61.11,0.23,0.565,-0.531,12,6,6,SAFE,0
47,6,MALL_CONCERT_STAGE,154,0.63,0.942,0.353,70.68,0.29,0.691,-0.128,3,12,6,WARNING,1
47,7,LIVE_PERFORMANCE_ZONE,143,0.564,0.822,0.293,52.9,0.356,0.587,-0.684,6,6,13,SAFE,0
47,8,LIVE_PERFORMANCE_ZONE,164,0.638,0.977,0.326,66.29,0.247,0.694,-1.017,4,11,10,SAFE,0
47,9,EVENT_ATRIUM,153,0.602,0.816,0.339,62.91,0.313,0.708,-0.69,5,10,9,SAFE,0
47,10,LIVE_PERFORMANCE_ZONE,160,0.604,0.952,0.306,65.37,0.246,0.707,-1.058,6,10,2,SAFE,0
47,11,LIVE_PERFORMANCE_ZONE,167,0.624,0.908,0.413,69.38,0.307,0.722,-0.452,4,8,8,WARNING,1
47,12,LIVE_PERFORMANCE_ZONE,156,0.577,0.851,0.305,62.3,0.25,0.647,-0.831,4,9,6,SAFE,0
47,13,LIVE_PERFORMANCE_ZONE,182,0.668,0.904,0.36,63.22,0.285,0.698,-0.645,8,14,13,WARNING,1
47,14,LIVE_PERFORMANCE_ZONE,184,0.76,0.75,0.417,85.09,0.367,0.76,-0.82,12,7,6,WARNING,1
47,15,LIVE_PERFORMANCE_ZONE,172,0.677,0.767,0.342,78.68,0.368,0.771,-0.649,5,6,7,WARNING,1
47,16,FESTIVAL_CORRIDOR,167,0.672,0.84,0.315,75.53,0.288,0.79,-0.953,4,10,5,WARNING,1
47,17,MALL_CONCERT_STAGE,181,0.742,0.686,0.45,67.49,0.287,0.688,-0.869,7,6,8,WARNING,1
47,18,FESTIVAL_CORRIDOR,147,0.588,1.014,0.348,65.54,0.335,0.764,-0.879,8,6,9,WARNING,1
47,19,FESTIVAL_CORRIDOR,178,0.761,0.744,0.443,83.31,0.315,0.782,-0.562,6,5,6,WARNING,1
47,20,LIVE_PERFORMANCE_ZONE,174,0.681,0.838,0.4,77.69,0.241,0.858,-0.313,5,8,10,WARNING,1
47,21,MALL_CONCERT_STAGE,171,0.682,0.812,0.383,78.59,0.318,0.694,-0.487,2,9,7,WARNING,1
47,22,EVENT_ATRIUM,166,0.648,0.831,0.355,62.75,0.327,0.7,-0.848,6,10,5,WARNING,1
47,23,MALL_CONCERT_STAGE,149,0.548,0.988,0.282,64.65,0.263,0.624,-0.333,3,8,10,SAFE,0
47,24,FESTIVAL_CORRIDOR,153,0.645,0.917,0.402,74.12,0.293,0.758,-1.103,5,8,5,WARNING,1
47,25,EVENT_ATRIUM,179,0.737,0.612,0.364,72.1,0.338,0.796,-1.27,6,9,10,WARNING,1
47,26,FESTIVAL_CORRIDOR,167,0.643,0.985,0.314,71.02,0.269,0.742,-0.446,9,7,10,WARNING,1
47,27,LIVE_PERFORMANCE_ZONE,178,0.682,0.726,0.344,63.55,0.328,0.709,-0.217,6,9,7,WARNING,1
47,28,LIVE_PERFORMANCE_ZONE,167,0.685,0.938,0.364,81.01,0.376,0.69,-0.621,9,9,12,WARNING,1
47,29,LIVE_PERFORMANCE_ZONE,160,0.555,1.039,0.302,59.37,0.271,0.526,-0.576,7,11,6,SAFE,0
47,30,EVENT_ATRIUM,157,0.552,0.899,0.302,71.45,0.299,0.653,-1.211,5,5,6,SAFE,0
47,31,MALL_CONCERT_STAGE,158,0.665,0.96,0.331,77.19,0.328,0.616,-0.657,1,9,10,WARNING,1
47,32,FESTIVAL_CORRIDOR,131,0.477,0.881,0.203,58.92,0.289,0.614,-1.016,6,11,5,SAFE,0
47,33,MALL_CONCERT_STAGE,138,0.535,1.168,0.343,78.5,0.258,0.526,0.244,7,11,8,SAFE,0
47,34,FESTIVAL_CORRIDOR,146,0.579,0.966,0.294,71.08,0.246,0.679,-0.434,8,4,12,SAFE,0
47,35,EVENT_ATRIUM,147,0.544,0.967,0.273,63.31,0.24,0.679,-0.822,5,5,11,SAFE,0
47,36,LIVE_PERFORMANCE_ZONE,129,0.529,0.945,0.359,60.1,0.217,0.622,-0.993,4,5,5,SAFE,0
47,37,MALL_CONCERT_STAGE,141,0.597,0.96,0.235,75.61,0.291,0.687,-0.266,5,6,6,SAFE,0
47,38,EVENT_ATRIUM,126,0.479,0.95,0.261,59.04,0.254,0.618,-0.028,9,7,7,SAFE,0
47,39,EVENT_ATRIUM,135,0.556,0.858,0.312,59.23,0.253,0.758,-0.283,3,6,3,SAFE,0
47,40,LIVE_PERFORMANCE_ZONE,127,0.5,1.218,0.327,56.51,0.163,0.659,-0.557,5,5,5,SAFE,0
47,41,FESTIVAL_CORRIDOR,134,0.486,1.027,0.309,69.92,0.267,0.585,-0.647,5,8,8,SAFE,0
47,42,LIVE_PERFORMANCE_ZONE,108,0.378,1.228,0.211,44.44,0.136,0.534,-0.042,6,3,7,SAFE,0
47,43,FESTIVAL_CORRIDOR,116,0.424,1.129,0.304,50.53,0.292,0.644,-0.662,9,5,7,SAFE,0
47,44,MALL_CONCERT_STAGE,123,0.489,1.147,0.161,57.1,0.23,0.668,0.048,6,6,4,SAFE,0
47,45,FESTIVAL_CORRIDOR,118,0.454,0.989,0.235,49.25,0.189,0.602,0.003,1,1,4,SAFE,0
47,46,LIVE_PERFORMANCE_ZONE,131,0.449,1.12,0.26,47.79,0.146,0.586,-0.406,6,6,8,SAFE,0
47,47,MALL_CONCERT_STAGE,119,0.491,1.069,0.287,63.25,0.244,0.681,-0.474,7,10,4,SAFE,0
47,48,LIVE_PERFORMANCE_ZONE,127,0.486,0.948,0.306,63.16,0.289,0.635,-0.382,4,5,3,SAFE,0
47,49,LIVE_PERFORMANCE_ZONE,122,0.457,1.082,0.164,52.57,0.173,0.61,-0.576,8,5,5,SAFE,0
47,50,EVENT_ATRIUM,149,0.562,0.94,0.26,54,0.261,0.75,-0.675,4,4,3,SAFE,0
47,51,MALL_CONCERT_STAGE,109,0.414,0.988,0.271,36.32,0.126,0.535,-0.976,7,9,2,SAFE,0
47,52,LIVE_PERFORMANCE_ZONE,110,0.467,0.989,0.264,53.05,0.208,0.555,-1.182,8,7,2,SAFE,0
47,53,FESTIVAL_CORRIDOR,123,0.468,1.139,0.16,63.34,0.254,0.565,-0.452,1,7,1,SAFE,0
47,54,LIVE_PERFORMANCE_ZONE,123,0.444,1.167,0.211,58.11,0.29,0.609,-0.537,4,5,5,SAFE,0
47,55,LIVE_PERFORMANCE_ZONE,118,0.49,0.986,0.249,49.61,0.258,0.487,-0.255,3,6,5,SAFE,0
47,56,LIVE_PERFORMANCE_ZONE,123,0.489,1.019,0.198,55.76,0.249,0.63,-0.207,9,7,3,SAFE,0
47,57,LIVE_PERFORMANCE_ZONE,127,0.518,1.03,0.194,55.72,0.266,0.65,-0.394,7,3,5,SAFE,0
47,58,FESTIVAL_CORRIDOR,110,0.456,1.051,0.222,41.41,0.171,0.561,-1.038,1,8,3,SAFE,0
47,59,FESTIVAL_CORRIDOR,123,0.472,1.046,0.306,60.96,0.213,0.527,-1.318,8,7,11,SAFE,0
47,60,LIVE_PERFORMANCE_ZONE,111,0.408,1.065,0.117,57.15,0.207,0.559,-0.425,1,7,3,SAFE,0
47,61,FESTIVAL_CORRIDOR,117,0.485,0.911,0.241,50.82,0.233,0.671,-0.087,4,1,8,SAFE,0
47,62,FESTIVAL_CORRIDOR,120,0.44,0.956,0.235,52.01,0.277,0.524,-0.52,4,2,3,SAFE,0
47,63,LIVE_PERFORMANCE_ZONE,116,0.433,1.225,0.254,54.36,0.193,0.58,-0.297,10,10,6,SAFE,0
47,64,EVENT_ATRIUM,111,0.406,1.059,0.138,41.24,0.077,0.547,-0.688,4,2,4,SAFE,0
47,65,MALL_CONCERT_STAGE,110,0.352,1.261,0.23,39.72,0.039,0.544,0.184,4,7,2,SAFE,0
47,66,FESTIVAL_CORRIDOR,113,0.417,1.015,0.196,51.87,0.162,0.704,-0.627,7,8,13,SAFE,0
47,67,EVENT_ATRIUM,119,0.392,1.033,0.193,59.59,0.165,0.473,-0.317,5,3,6,SAFE,0
47,68,FESTIVAL_CORRIDOR,108,0.419,1.143,0.288,53.38,0.187,0.407,-0.396,2,5,4,SAFE,0
47,69,LIVE_PERFORMANCE_ZONE,103,0.395,1.245,0.156,66.34,0.134,0.588,0.003,1,5,6,SAFE,0
47,70,FESTIVAL_CORRIDOR,121,0.432,1.198,0.221,55.51,0.223,0.637,-0.663,8,9,9,SAFE,0
47,71,EVENT_ATRIUM,120,0.417,1.162,0.265,52.25,0.185,0.646,-0.135,4,6,6,SAFE,0
47,72,FESTIVAL_CORRIDOR,112,0.432,1.042,0.147,62.15,0.193,0.611,-0.251,8,6,4,SAFE,0
47,73,LIVE_PERFORMANCE_ZONE,107,0.41,1.117,0.322,55.34,0.229,0.54,-0.342,7,7,5,SAFE,0
47,74,MALL_CONCERT_STAGE,109,0.372,1.232,0.263,47.17,0.194,0.551,0.149,3,4,9,SAFE,0
47,75,EVENT_ATRIUM,125,0.524,0.924,0.199,70.5,0.2,0.638,-0.66,4,7,4,SAFE,0
47,76,FESTIVAL_CORRIDOR,101,0.363,1.381,0.209,60.51,0.166,0.632,-0.397,4,2,3,SAFE,0
47,77,EVENT_ATRIUM,101,0.318,1.397,0.217,41.45,0.064,0.484,-0.828,1,4,7,SAFE,0
47,78,LIVE_PERFORMANCE_ZONE,103,0.413,1.2,0.194,34.28,0.178,0.643,-0.76,5,2,3,SAFE,0
47,79,EVENT_ATRIUM,133,0.543,1.093,0.281,75.07,0.238,0.671,-0.45,5,12,7,SAFE,0
47,80,LIVE_PERFORMANCE_ZONE,94,0.419,1.054,0.183,61.46,0.164,0.586,-0.316,4,8,3,SAFE,0
47,81,EVENT_ATRIUM,146,0.567,0.929,0.291,71.26,0.245,0.652,-0.333,5,9,3,SAFE,0
47,82,LIVE_PERFORMANCE_ZONE,90,0.337,1.335,0.057,52.41,0.136,0.575,-0.44,4,11,5,SAFE,0
47,83,MALL_CONCERT_STAGE,111,0.35,1.206,0.149,47.37,0.123,0.538,0.614,2,6,4,SAFE,0
47,84,FESTIVAL_CORRIDOR,121,0.427,0.997,0.299,42.97,0.142,0.627,-0.887,3,6,9,SAFE,0
47,85,EVENT_ATRIUM,118,0.477,1.145,0.256,58.06,0.214,0.607,-0.617,6,4,5,SAFE,0
47,86,MALL_CONCERT_STAGE,99,0.362,1.227,0.223,48.24,0.103,0.574,-0.823,5,4,6,SAFE,0
47,87,MALL_CONCERT_STAGE,131,0.497,1.081,0.276,54.13,0.202,0.623,-0.871,3,3,5,SAFE,0
47,88,FESTIVAL_CORRIDOR,96,0.361,1.174,0.214,47.85,0.171,0.532,-0.419,3,7,5,SAFE,0
47,89,EVENT_ATRIUM,127,0.486,1.069,0.235,63.38,0.215,0.667,-0.055,3,7,7,SAFE,0
48,0,MALL_CONCERT_STAGE,135,0.504,1.107,0.217,74.75,0.279,0.703,-0.724,4,5,6,SAFE,0
48,1,EVENT_ATRIUM,137,0.469,1.139,0.2,57.76,0.119,0.637,0.154,1,4,9,SAFE,0
48,2,LIVE_PERFORMANCE_ZONE,124,0.466,1.171,0.255,51.96,0.3,0.6,-0.327,2,8,0,SAFE,0
48,3,LIVE_PERFORMANCE_ZONE,107,0.361,1.154,0.185,44.88,0.176,0.568,-0.831,4,6,3,SAFE,0
48,4,FESTIVAL_CORRIDOR,94,0.339,1.143,0.185,44.44,0.203,0.616,-0.446,3,3,5,SAFE,0
48,5,MALL_CONCERT_STAGE,112,0.452,1.202,0.286,52.67,0.2,0.664,0.022,9,6,8,SAFE,0
48,6,MALL_CONCERT_STAGE,113,0.421,1.179,0.228,52.68,0.197,0.712,-0.279,5,3,6,SAFE,0
48,7,LIVE_PERFORMANCE_ZONE,96,0.376,1.225,0.214,52.01,0.202,0.495,-0.509,11,6,4,SAFE,0
48,8,LIVE_PERFORMANCE_ZONE,121,0.413,1.042,0.179,49.2,0.082,0.611,-0.761,4,8,7,SAFE,0
48,9,EVENT_ATRIUM,128,0.532,1.129,0.291,57.86,0.274,0.61,-0.672,3,7,5,SAFE,0
48,10,FESTIVAL_CORRIDOR,124,0.504,1.127,0.318,59.52,0.168,0.708,-0.982,4,3,3,SAFE,0
48,11,MALL_CONCERT_STAGE,114,0.46,1.15,0.313,49.68,0.214,0.57,-0.505,4,10,5,SAFE,0
48,12,MALL_CONCERT_STAGE,124,0.5,0.921,0.27,50.12,0.229,0.601,-0.555,4,3,1,SAFE,0
48,13,MALL_CONCERT_STAGE,134,0.508,1.025,0.257,58.54,0.212,0.628,-0.793,3,6,7,SAFE,0
48,14,MALL_CONCERT_STAGE,112,0.428,0.974,0.216,44.11,0.207,0.662,-0.694,4,6,7,SAFE,0
48,15,MALL_CONCERT_STAGE,131,0.524,1.138,0.298,63.2,0.207,0.657,-0.114,7,5,3,SAFE,0
48,16,LIVE_PERFORMANCE_ZONE,128,0.487,1.031,0.105,55.61,0.211,0.674,-0.683,6,7,4,SAFE,0
48,17,LIVE_PERFORMANCE_ZONE,108,0.316,1.176,0.175,26.88,0.175,0.547,-0.447,1,3,4,SAFE,0
48,18,FESTIVAL_CORRIDOR,122,0.441,1.158,0.242,62.6,0.261,0.553,-0.422,3,7,4,SAFE,0
48,19,EVENT_ATRIUM,121,0.494,1.085,0.274,63.96,0.227,0.682,-0.369,6,10,3,SAFE,0
48,20,LIVE_PERFORMANCE_ZONE,117,0.373,1.178,0.193,55.32,0.249,0.598,-0.248,1,6,7,SAFE,0
48,21,EVENT_ATRIUM,121,0.498,1.064,0.288,48.49,0.214,0.689,-0.369,4,2,4,SAFE,0
48,22,LIVE_PERFORMANCE_ZONE,124,0.479,1.119,0.184,55.86,0.226,0.647,-0.038,5,2,5,SAFE,0
48,23,MALL_CONCERT_STAGE,119,0.442,1.178,0.196,46.8,0.197,0.605,-0.766,2,8,7,SAFE,0
48,24,MALL_CONCERT_STAGE,130,0.451,1.077,0.283,70.01,0.221,0.591,-0.994,3,10,10,SAFE,0
48,25,LIVE_PERFORMANCE_ZONE,101,0.364,1.279,0.201,56.38,0.143,0.488,-0.274,3,3,5,SAFE,0
48,26,FESTIVAL_CORRIDOR,119,0.437,1.194,0.138,56.72,0.243,0.569,-0.396,2,7,5,SAFE,0
48,27,LIVE_PERFORMANCE_ZONE,124,0.52,0.966,0.263,56.36,0.301,0.642,-0.836,8,3,9,SAFE,0
48,28,EVENT_ATRIUM,132,0.509,0.966,0.207,52.11,0.212,0.518,-0.479,7,7,4,SAFE,0
48,29,LIVE_PERFORMANCE_ZONE,111,0.423,1.046,0.215,53.76,0.202,0.645,-0.74,7,6,3,SAFE,0
48,30,LIVE_PERFORMANCE_ZONE,111,0.45,1.125,0.244,60.28,0.224,0.53,-0.737,3,6,3,SAFE,0
48,31,MALL_CONCERT_STAGE,137,0.51,1.087,0.377,60.71,0.269,0.701,-0.167,6,10,4,SAFE,0
48,32,LIVE_PERFORMANCE_ZONE,101,0.376,1.223,0.339,47.6,0.246,0.586,-0.153,3,6,2,SAFE,0
48,33,LIVE_PERFORMANCE_ZONE,126,0.408,1.106,0.304,38.75,0.246,0.557,-0.45,4,4,5,SAFE,0
48,34,LIVE_PERFORMANCE_ZONE,110,0.407,1.08,0.232,56.35,0.204,0.501,-0.397,4,4,8,SAFE,0
48,35,EVENT_ATRIUM,123,0.427,0.976,0.284,49.55,0.256,0.596,-0.304,6,8,8,SAFE,0
48,36,EVENT_ATRIUM,104,0.429,1.074,0.235,53.31,0.204,0.536,-0.276,4,6,5,SAFE,0
48,37,LIVE_PERFORMANCE_ZONE,121,0.482,1.14,0.225,48.81,0.217,0.574,-0.939,5,6,7,SAFE,0
48,38,MALL_CONCERT_STAGE,124,0.48,1.231,0.199,53.41,0.26,0.57,-0.951,5,3,3,SAFE,0
48,39,LIVE_PERFORMANCE_ZONE,123,0.513,1.048,0.273,68.92,0.206,0.615,-0.822,7,6,5,SAFE,0
48,40,LIVE_PERFORMANCE_ZONE,132,0.456,1.074,0.213,62.95,0.323,0.62,-0.494,3,5,5,SAFE,0
48,41,EVENT_ATRIUM,130,0.495,1.175,0.281,52.29,0.199,0.638,-0.348,5,9,6,SAFE,0
48,42,FESTIVAL_CORRIDOR,111,0.409,1.194,0.148,45.28,0.165,0.639,-0.967,9,2,3,SAFE,0
48,43,EVENT_ATRIUM,129,0.515,1.218,0.346,52.95,0.25,0.619,-0.519,6,4,8,SAFE,0
48,44,EVENT_ATRIUM,143,0.604,0.989,0.35,72.7,0.316,0.723,-0.875,2,7,4,WARNING,1
48,45,FESTIVAL_CORRIDOR,131,0.505,1.08,0.2,59.19,0.21,0.609,-1.051,7,11,5,SAFE,0
48,46,LIVE_PERFORMANCE_ZONE,117,0.474,1.015,0.287,61.37,0.223,0.624,-0.044,9,4,2,SAFE,0
48,47,EVENT_ATRIUM,126,0.509,0.847,0.369,52.85,0.249,0.706,-1.062,6,8,6,SAFE,0
48,48,FESTIVAL_CORRIDOR,127,0.481,1.08,0.315,56.41,0.226,0.436,-0.426,6,7,3,SAFE,0
48,49,EVENT_ATRIUM,140,0.528,1.084,0.308,71.55,0.235,0.678,-0.474,6,9,2,SAFE,0
48,50,MALL_CONCERT_STAGE,158,0.572,1.102,0.311,63.08,0.267,0.69,-0.942,2,10,6,SAFE,0
48,51,LIVE_PERFORMANCE_ZONE,149,0.595,0.926,0.351,67.04,0.274,0.628,-0.33,8,12,7,SAFE,0
48,52,MALL_CONCERT_STAGE,145,0.517,1.128,0.157,65.67,0.152,0.623,-0.133,4,5,11,SAFE,0
48,53,FESTIVAL_CORRIDOR,151,0.603,0.988,0.337,71.53,0.345,0.699,-0.395,5,11,5,WARNING,1
48,54,EVENT_ATRIUM,158,0.619,0.906,0.338,73.02,0.303,0.7,-0.887,9,7,5,WARNING,1
48,55,LIVE_PERFORMANCE_ZONE,159,0.662,0.791,0.401,67.84,0.346,0.766,-0.234,5,11,9,WARNING,1
48,56,LIVE_PERFORMANCE_ZONE,142,0.616,0.858,0.321,67.19,0.352,0.666,-1.075,3,8,3,WARNING,1
48,57,EVENT_ATRIUM,160,0.598,1.046,0.395,84.4,0.306,0.663,-0.597,6,7,4,WARNING,1
48,58,FESTIVAL_CORRIDOR,173,0.694,0.76,0.324,70.13,0.282,0.687,-0.295,4,9,11,WARNING,1
48,59,LIVE_PERFORMANCE_ZONE,175,0.663,0.986,0.354,74.04,0.31,0.76,-0.939,5,8,8,WARNING,1
48,60,LIVE_PERFORMANCE_ZONE,157,0.604,0.891,0.373,62.48,0.257,0.717,-0.645,3,6,6,SAFE,0
48,61,FESTIVAL_CORRIDOR,159,0.634,0.949,0.416,74,0.299,0.774,-0.248,1,10,5,WARNING,1
48,62,LIVE_PERFORMANCE_ZONE,178,0.632,0.922,0.345,76.3,0.286,0.696,-0.833,10,12,9,WARNING,1
48,63,LIVE_PERFORMANCE_ZONE,159,0.653,0.851,0.375,55.64,0.327,0.708,-0.821,4,7,7,WARNING,1
48,64,EVENT_ATRIUM,165,0.578,0.886,0.276,56.64,0.232,0.658,-0.627,6,7,9,SAFE,0
48,65,LIVE_PERFORMANCE_ZONE,200,0.779,0.734,0.383,82.58,0.397,0.864,-0.895,5,13,6,WARNING,1
48,66,LIVE_PERFORMANCE_ZONE,181,0.726,0.87,0.492,79.12,0.281,0.751,-0.747,10,9,8,WARNING,1
48,67,FESTIVAL_CORRIDOR,177,0.702,0.792,0.323,74.62,0.262,0.863,-0.396,10,7,6,WARNING,1
48,68,EVENT_ATRIUM,162,0.672,0.902,0.347,73.87,0.297,0.775,-0.672,4,9,6,WARNING,1
48,69,EVENT_ATRIUM,190,0.727,0.777,0.493,75.34,0.4,0.775,-0.715,6,9,3,WARNING,1
48,70,MALL_CONCERT_STAGE,187,0.777,0.64,0.447,91.83,0.448,0.773,-0.711,10,11,11,WARNING,1
48,71,LIVE_PERFORMANCE_ZONE,180,0.705,0.901,0.341,78.62,0.326,0.745,-1.418,9,6,10,WARNING,1
48,72,LIVE_PERFORMANCE_ZONE,166,0.668,0.808,0.389,65.44,0.374,0.768,-0.935,8,7,9,WARNING,1
48,73,FESTIVAL_CORRIDOR,166,0.631,0.857,0.284,66.83,0.308,0.701,-0.72,7,4,2,WARNING,1
48,74,LIVE_PERFORMANCE_ZONE,188,0.709,0.841,0.508,80.54,0.336,0.861,-1.016,7,12,7,WARNING,1
48,75,LIVE_PERFORMANCE_ZONE,162,0.615,0.99,0.362,69.53,0.317,0.685,-0.415,1,3,5,WARNING,1
48,76,MALL_CONCERT_STAGE,148,0.645,0.846,0.371,76.06,0.315,0.623,-0.402,4,10,5,WARNING,1
48,77,FESTIVAL_CORRIDOR,156,0.546,1.087,0.266,66.38,0.239,0.622,-0.941,5,12,5,SAFE,0
48,78,EVENT_ATRIUM,159,0.569,0.735,0.345,78.15,0.235,0.637,-0.212,5,7,6,SAFE,0
48,79,EVENT_ATRIUM,143,0.591,1.025,0.273,69.96,0.271,0.714,-0.293,5,8,5,SAFE,0
48,80,MALL_CONCERT_STAGE,147,0.571,0.93,0.243,62.52,0.348,0.679,-0.605,1,11,4,SAFE,0
48,81,LIVE_PERFORMANCE_ZONE,168,0.692,0.827,0.366,72.14,0.282,0.719,-0.953,5,7,4,WARNING,1
48,82,FESTIVAL_CORRIDOR,152,0.568,1.074,0.293,62.83,0.269,0.629,-0.736,5,8,7,SAFE,0
48,83,EVENT_ATRIUM,141,0.542,1.006,0.352,71.44,0.279,0.662,-1.17,8,6,7,SAFE,0
48,84,LIVE_PERFORMANCE_ZONE,126,0.499,1.015,0.339,52.66,0.3,0.692,-0.248,2,5,4,SAFE,0
48,85,LIVE_PERFORMANCE_ZONE,149,0.657,0.924,0.409,64.03,0.301,0.688,-0.621,9,8,10,WARNING,1
48,86,MALL_CONCERT_STAGE,119,0.462,1.105,0.306,58.52,0.236,0.537,-0.836,5,8,3,SAFE,0
48,87,LIVE_PERFORMANCE_ZONE,122,0.505,1.008,0.342,68.93,0.278,0.588,-1.221,5,6,3,SAFE,0
48,88,MALL_CONCERT_STAGE,128,0.434,1.174,0.167,42.41,0.179,0.69,-0.703,5,6,7,SAFE,0
48,89,EVENT_ATRIUM,121,0.47,1.013,0.268,63.41,0.278,0.539,-0.329,6,11,7,SAFE,0
49,0,MALL_CONCERT_STAGE,143,0.585,1.11,0.353,76.92,0.298,0.727,-0.904,3,6,12,WARNING,1
49,1,FESTIVAL_CORRIDOR,132,0.507,1.231,0.274,62.71,0.225,0.645,-0.822,2,10,8,SAFE,0
49,2,LIVE_PERFORMANCE_ZONE,132,0.479,1.148,0.265,64.22,0.195,0.582,-0.501,3,6,3,SAFE,0
49,3,FESTIVAL_CORRIDOR,132,0.448,1.017,0.26,47.58,0.307,0.622,-0.333,7,5,5,SAFE,0
49,4,EVENT_ATRIUM,140,0.571,0.949,0.392,60.24,0.314,0.75,-0.976,6,6,8,WARNING,1
49,5,FESTIVAL_CORRIDOR,148,0.558,1.145,0.25,73.98,0.265,0.629,-0.617,9,8,6,SAFE,0
49,6,FESTIVAL_CORRIDOR,137,0.555,0.999,0.268,73.43,0.255,0.701,-1.023,10,5,5,SAFE,0
49,7,EVENT_ATRIUM,128,0.447,1.03,0.251,45.89,0.251,0.517,-0.785,12,8,5,SAFE,0
49,8,EVENT_ATRIUM,127,0.485,1.023,0.242,67.6,0.303,0.68,-0.345,1,4,7,SAFE,0
49,9,LIVE_PERFORMANCE_ZONE,134,0.5,1.069,0.302,54,0.216,0.59,-0.578,7,2,5,SAFE,0
49,10,MALL_CONCERT_STAGE,158,0.622,0.877,0.368,59.77,0.243,0.688,-0.256,8,7,6,SAFE,0
49,11,FESTIVAL_CORRIDOR,131,0.522,1.044,0.397,65.22,0.183,0.496,-0.965,1,3,7,SAFE,0
49,12,MALL_CONCERT_STAGE,123,0.533,1.101,0.286,60.33,0.224,0.677,-0.238,2,6,5,SAFE,0
49,13,LIVE_PERFORMANCE_ZONE,134,0.566,1.093,0.201,64.67,0.285,0.737,0.264,1,12,3,SAFE,0
49,14,FESTIVAL_CORRIDOR,145,0.492,1.067,0.281,56.85,0.24,0.579,-0.963,11,10,4,SAFE,0
49,15,LIVE_PERFORMANCE_ZONE,136,0.512,0.938,0.329,60.31,0.241,0.641,-1.005,3,3,5,SAFE,0
49,16,MALL_CONCERT_STAGE,127,0.51,1.076,0.359,62.6,0.264,0.574,-0.697,1,8,7,SAFE,0
49,17,EVENT_ATRIUM,140,0.527,0.934,0.305,68.45,0.324,0.636,-0.834,3,6,6,SAFE,0
49,18,FESTIVAL_CORRIDOR,126,0.563,1.131,0.206,70.44,0.253,0.653,-0.53,4,3,4,SAFE,0
49,19,EVENT_ATRIUM,127,0.531,0.972,0.394,49.11,0.218,0.61,-0.108,6,8,6,SAFE,0
49,20,LIVE_PERFORMANCE_ZONE,130,0.474,0.955,0.264,63.07,0.282,0.694,-0.388,5,7,3,SAFE,0
49,21,LIVE_PERFORMANCE_ZONE,151,0.61,0.956,0.351,69.06,0.272,0.723,-0.502,6,7,7,WARNING,1
49,22,EVENT_ATRIUM,135,0.514,0.942,0.241,65.89,0.277,0.664,-0.714,3,5,6,SAFE,0
49,23,MALL_CONCERT_STAGE,133,0.521,1.093,0.334,60.07,0.231,0.59,-0.509,2,4,7,SAFE,0
49,24,EVENT_ATRIUM,128,0.503,0.985,0.262,65.58,0.229,0.635,-0.564,5,4,7,SAFE,0
49,25,LIVE_PERFORMANCE_ZONE,144,0.569,1.067,0.303,59.82,0.233,0.646,-0.555,5,6,3,SAFE,0
49,26,FESTIVAL_CORRIDOR,136,0.53,1.072,0.321,60.43,0.3,0.623,-0.522,4,7,7,SAFE,0
49,27,LIVE_PERFORMANCE_ZONE,137,0.496,1.024,0.25,62.19,0.337,0.654,-0.238,7,3,3,SAFE,0
49,28,MALL_CONCERT_STAGE,124,0.428,1.172,0.198,53.81,0.198,0.65,-0.376,7,6,5,SAFE,0
49,29,EVENT_ATRIUM,144,0.557,0.994,0.311,64.13,0.303,0.68,-0.619,3,9,4,SAFE,0
49,30,FESTIVAL_CORRIDOR,143,0.543,1.04,0.192,65.36,0.278,0.66,-0.761,6,6,8,SAFE,0
49,31,FESTIVAL_CORRIDOR,134,0.553,1.148,0.324,65.58,0.267,0.638,-0.947,2,8,4,SAFE,0
49,32,EVENT_ATRIUM,134,0.5,1.092,0.248,62.65,0.249,0.538,-0.689,1,6,6,SAFE,0
49,33,LIVE_PERFORMANCE_ZONE,130,0.479,1.055,0.234,55.46,0.199,0.646,-0.849,5,4,4,SAFE,0
49,34,MALL_CONCERT_STAGE,118,0.429,1.036,0.237,54.88,0.222,0.57,-0.114,7,9,6,SAFE,0
49,35,MALL_CONCERT_STAGE,141,0.5,1.166,0.268,61.66,0.302,0.719,-0.438,4,1,3,SAFE,0
49,36,MALL_CONCERT_STAGE,133,0.567,0.887,0.245,65.78,0.242,0.637,-0.286,4,7,10,SAFE,0
49,37,MALL_CONCERT_STAGE,151,0.557,0.88,0.344,62.73,0.277,0.665,-0.56,7,10,8,SAFE,0
49,38,EVENT_ATRIUM,154,0.573,1.099,0.301,66.26,0.277,0.701,-0.657,6,5,7,SAFE,0
49,39,FESTIVAL_CORRIDOR,156,0.614,0.894,0.389,62.04,0.269,0.672,-1.079,10,13,8,SAFE,0
49,40,EVENT_ATRIUM,128,0.437,1.254,0.268,55.05,0.285,0.622,-0.854,3,9,8,SAFE,0
49,41,FESTIVAL_CORRIDOR,152,0.608,0.757,0.284,69.53,0.293,0.657,-0.86,9,11,7,SAFE,0
49,42,LIVE_PERFORMANCE_ZONE,153,0.595,0.705,0.319,63.85,0.255,0.676,-0.525,8,14,14,SAFE,0
49,43,FESTIVAL_CORRIDOR,176,0.699,0.828,0.372,79.68,0.235,0.687,-0.982,5,7,4,WARNING,1
49,44,LIVE_PERFORMANCE_ZONE,172,0.646,0.893,0.317,75.41,0.364,0.627,-0.572,5,8,5,WARNING,1
49,45,MALL_CONCERT_STAGE,152,0.547,1.003,0.264,65.67,0.291,0.693,-0.749,6,8,7,SAFE,0
49,46,LIVE_PERFORMANCE_ZONE,170,0.674,0.829,0.294,77.18,0.354,0.682,-0.858,9,8,7,WARNING,1
49,47,EVENT_ATRIUM,174,0.708,0.822,0.432,77.17,0.355,0.784,-1.309,10,9,9,WARNING,1
49,48,LIVE_PERFORMANCE_ZONE,160,0.656,0.801,0.331,74.14,0.291,0.755,0.071,5,7,3,WARNING,1
49,49,EVENT_ATRIUM,169,0.607,1.06,0.326,66.9,0.268,0.642,-0.262,5,3,7,SAFE,0
49,50,MALL_CONCERT_STAGE,173,0.652,0.918,0.331,78.94,0.281,0.63,-0.163,4,5,10,WARNING,1
49,51,FESTIVAL_CORRIDOR,167,0.627,0.791,0.412,80.46,0.307,0.789,-0.866,6,4,6,WARNING,1
49,52,EVENT_ATRIUM,178,0.657,0.923,0.392,74.65,0.338,0.732,-0.776,4,13,2,WARNING,1
49,53,LIVE_PERFORMANCE_ZONE,185,0.751,0.848,0.474,79.39,0.394,0.714,-0.79,1,12,7,WARNING,1
49,54,LIVE_PERFORMANCE_ZONE,186,0.692,0.864,0.386,70.49,0.34,0.726,-1.08,4,11,6,WARNING,1
49,55,LIVE_PERFORMANCE_ZONE,191,0.742,0.749,0.427,90.23,0.316,0.748,-0.514,4,9,8,WARNING,1
49,56,MALL_CONCERT_STAGE,198,0.752,0.662,0.445,71.85,0.354,0.827,-0.665,12,11,10,WARNING,1
49,57,EVENT_ATRIUM,202,0.775,0.782,0.393,64.93,0.303,0.752,-0.657,5,15,6,WARNING,1
49,58,EVENT_ATRIUM,172,0.663,0.836,0.323,74.49,0.366,0.648,-1.07,1,11,4,WARNING,1
49,59,EVENT_ATRIUM,204,0.86,0.629,0.462,89.24,0.482,0.79,-0.681,10,20,11,WARNING,1
49,60,FESTIVAL_CORRIDOR,203,0.747,0.631,0.415,70.5,0.34,0.752,-0.43,8,11,7,WARNING,1
49,61,FESTIVAL_CORRIDOR,203,0.695,0.814,0.354,85.8,0.357,0.736,-0.293,3,11,10,WARNING,1
49,62,FESTIVAL_CORRIDOR,191,0.766,0.646,0.414,76.11,0.353,0.775,-0.665,7,9,12,WARNING,1
49,63,EVENT_ATRIUM,174,0.705,0.883,0.359,70.37,0.274,0.754,-0.373,4,11,6,WARNING,1
49,64,LIVE_PERFORMANCE_ZONE,184,0.741,0.675,0.334,73.01,0.324,0.794,-0.645,8,10,10,WARNING,1
49,65,FESTIVAL_CORRIDOR,146,0.578,0.957,0.338,62.06,0.242,0.69,-0.472,6,4,9,SAFE,0
49,66,MALL_CONCERT_STAGE,164,0.598,0.925,0.301,54.38,0.342,0.681,-0.743,5,3,5,SAFE,0
49,67,LIVE_PERFORMANCE_ZONE,175,0.678,0.876,0.402,71.45,0.347,0.778,-0.619,3,12,13,WARNING,1
49,68,EVENT_ATRIUM,145,0.579,0.908,0.303,79.72,0.26,0.687,-0.559,7,7,7,SAFE,0
49,69,EVENT_ATRIUM,179,0.675,0.913,0.368,80.29,0.384,0.666,-0.996,7,10,4,WARNING,1
49,70,MALL_CONCERT_STAGE,150,0.607,0.898,0.22,54.8,0.219,0.735,-0.557,2,4,7,SAFE,0
49,71,LIVE_PERFORMANCE_ZONE,160,0.592,0.934,0.393,69.84,0.271,0.66,-0.7,4,8,5,SAFE,0
49,72,FESTIVAL_CORRIDOR,142,0.525,0.982,0.255,56.57,0.291,0.693,0.017,8,7,11,SAFE,0
49,73,MALL_CONCERT_STAGE,171,0.599,0.841,0.294,68.56,0.253,0.692,-0.756,8,11,6,SAFE,0
49,74,FESTIVAL_CORRIDOR,144,0.558,1.066,0.374,49.65,0.315,0.705,-0.755,2,11,3,SAFE,0
49,75,LIVE_PERFORMANCE_ZONE,152,0.572,1.08,0.288,77.1,0.256,0.651,-0.47,6,10,5,SAFE,0
49,76,FESTIVAL_CORRIDOR,139,0.477,0.962,0.226,48,0.241,0.581,-0.039,4,13,3,SAFE,0
49,77,MALL_CONCERT_STAGE,129,0.515,0.984,0.285,64.14,0.352,0.636,-0.572,5,5,8,SAFE,0
49,78,FESTIVAL_CORRIDOR,143,0.568,0.912,0.318,73.05,0.253,0.686,-0.749,6,7,7,SAFE,0
49,79,EVENT_ATRIUM,126,0.441,1.176,0.269,50.65,0.129,0.632,-0.362,4,8,4,SAFE,0
49,80,MALL_CONCERT_STAGE,147,0.616,1.078,0.426,71.55,0.281,0.766,-0.347,5,5,8,WARNING,1
49,81,MALL_CONCERT_STAGE,145,0.62,0.904,0.401,79.36,0.349,0.789,-0.759,7,5,5,WARNING,1
49,82,LIVE_PERFORMANCE_ZONE,137,0.493,1.135,0.371,44.92,0.213,0.677,-0.519,2,6,4,SAFE,0
49,83,EVENT_ATRIUM,136,0.542,1.075,0.258,62.1,0.287,0.577,-0.297,7,7,4,SAFE,0
49,84,LIVE_PERFORMANCE_ZONE,146,0.548,1.052,0.302,72.96,0.289,0.723,-0.391,6,8,6,SAFE,0
49,85,FESTIVAL_CORRIDOR,149,0.574,0.943,0.3,49.44,0.263,0.654,-0.856,7,6,7,SAFE,0
49,86,EVENT_ATRIUM,118,0.501,1,0.284,59.87,0.253,0.67,-0.889,6,6,3,SAFE,0
49,87,FESTIVAL_CORRIDOR,133,0.539,0.922,0.349,58.37,0.278,0.705,-0.613,7,7,2,SAFE,0
49,88,MALL_CONCERT_STAGE,138,0.486,1.091,0.282,59.36,0.204,0.649,-0.395,5,4,3,SAFE,0
49,89,MALL_CONCERT_STAGE,134,0.529,0.93,0.278,55.61,0.281,0.581,-1.51,8,11,5,SAFE,0
50,0,EVENT_ATRIUM,79,0.304,1.398,0.12,40.77,0.225,0.532,-0.016,3,3,1,SAFE,0
50,1,LIVE_PERFORMANCE_ZONE,97,0.357,1.25,0.113,43.18,0.213,0.491,-0.56,6,3,7,SAFE,0
50,2,FESTIVAL_CORRIDOR,85,0.292,1.231,0.143,50.38,0.145,0.42,-0.171,4,1,4,SAFE,0
50,3,LIVE_PERFORMANCE_ZONE,95,0.29,1.326,0.112,34.14,0.13,0.418,-0.351,6,5,4,SAFE,0
50,4,LIVE_PERFORMANCE_ZONE,102,0.307,1.313,0.232,48.09,0.21,0.507,-0.309,2,7,4,SAFE,0
50,5,LIVE_PERFORMANCE_ZONE,96,0.385,1.173,0.216,61.73,0.105,0.537,-0.574,9,6,5,SAFE,0
50,6,MALL_CONCERT_STAGE,127,0.518,1.01,0.248,54.83,0.236,0.593,-0.469,4,6,1,SAFE,0
50,7,FESTIVAL_CORRIDOR,94,0.447,1.126,0.205,48.21,0.24,0.592,-0.572,4,4,4,SAFE,0
50,8,LIVE_PERFORMANCE_ZONE,97,0.343,1.219,0.226,40.93,0.165,0.555,-0.438,7,3,5,SAFE,0
50,9,EVENT_ATRIUM,101,0.442,1.12,0.272,66.96,0.173,0.446,-0.52,6,6,6,SAFE,0
50,10,EVENT_ATRIUM,111,0.409,1.053,0.243,41.37,0.232,0.555,-0.87,7,7,5,SAFE,0
50,11,FESTIVAL_CORRIDOR,116,0.431,1.266,0.219,60.72,0.307,0.612,-0.808,4,4,9,SAFE,0
50,12,LIVE_PERFORMANCE_ZONE,133,0.502,1.039,0.327,48.32,0.254,0.727,-0.337,6,7,8,SAFE,0
50,13,FESTIVAL_CORRIDOR,124,0.448,1.147,0.185,65.71,0.185,0.575,0.178,5,3,9,SAFE,0
50,14,LIVE_PERFORMANCE_ZONE,97,0.375,1.32,0.303,50.98,0.184,0.468,-0.278,3,7,3,SAFE,0
50,15,LIVE_PERFORMANCE_ZONE,132,0.515,0.971,0.299,53.49,0.295,0.628,-0.892,4,8,5,SAFE,0
50,16,FESTIVAL_CORRIDOR,108,0.392,1.217,0.199,52.99,0.153,0.631,-0.836,5,6,8,SAFE,0
50,17,MALL_CONCERT_STAGE,118,0.386,1.188,0.179,55.54,0.122,0.53,-0.624,3,9,6,SAFE,0
50,18,FESTIVAL_CORRIDOR,125,0.488,1.028,0.273,58.75,0.19,0.572,-0.67,1,6,3,SAFE,0
50,19,MALL_CONCERT_STAGE,126,0.504,0.898,0.244,55.29,0.264,0.588,-0.321,7,12,6,SAFE,0
50,20,EVENT_ATRIUM,128,0.504,1.004,0.382,75.37,0.266,0.614,0.137,4,6,11,SAFE,0
50,21,FESTIVAL_CORRIDOR,120,0.455,1.114,0.266,56.48,0.313,0.494,-0.454,5,5,5,SAFE,0
50,22,LIVE_PERFORMANCE_ZONE,148,0.535,1.047,0.378,69.33,0.333,0.717,-0.348,6,6,10,SAFE,0
50,23,MALL_CONCERT_STAGE,146,0.591,1.077,0.292,74.97,0.237,0.678,-1.089,4,5,9,SAFE,0
50,24,MALL_CONCERT_STAGE,138,0.622,0.921,0.345,66.38,0.296,0.617,-1.038,5,11,14,SAFE,0
50,25,MALL_CONCERT_STAGE,126,0.518,1.029,0.254,71.86,0.304,0.689,-0.957,11,7,5,SAFE,0
50,26,FESTIVAL_CORRIDOR,125,0.492,1.152,0.31,57.01,0.28,0.67,-1.213,6,9,2,SAFE,0
50,27,EVENT_ATRIUM,152,0.647,0.798,0.43,70.43,0.355,0.727,-0.703,5,6,3,WARNING,1
50,28,EVENT_ATRIUM,155,0.59,1.003,0.295,81.58,0.321,0.757,-0.822,8,10,5,WARNING,1
50,29,MALL_CONCERT_STAGE,137,0.509,0.919,0.327,58.07,0.239,0.694,-0.807,6,6,10,SAFE,0
50,30,MALL_CONCERT_STAGE,144,0.562,0.958,0.281,61.85,0.231,0.668,-1.239,14,5,4,SAFE,0
50,31,EVENT_ATRIUM,161,0.662,0.859,0.294,76.03,0.39,0.692,-0.142,7,10,4,WARNING,1
50,32,FESTIVAL_CORRIDOR,158,0.602,0.997,0.381,62.35,0.303,0.631,-1.227,3,7,6,SAFE,0
50,33,FESTIVAL_CORRIDOR,144,0.561,0.954,0.292,66.1,0.232,0.629,-0.092,9,9,8,SAFE,0
50,34,MALL_CONCERT_STAGE,156,0.542,0.981,0.232,71.19,0.192,0.536,-0.534,4,10,5,SAFE,0
50,35,FESTIVAL_CORRIDOR,126,0.505,1.076,0.301,50.91,0.274,0.664,0.266,3,8,7,SAFE,0
50,36,MALL_CONCERT_STAGE,154,0.597,0.945,0.265,66.49,0.246,0.701,-0.38,4,9,12,SAFE,0
50,37,EVENT_ATRIUM,166,0.594,0.794,0.242,72.45,0.238,0.686,-0.502,4,6,5,SAFE,0
50,38,FESTIVAL_CORRIDOR,153,0.648,0.898,0.483,68.75,0.33,0.656,-1.214,3,6,6,WARNING,1
50,39,LIVE_PERFORMANCE_ZONE,131,0.515,0.928,0.263,59.5,0.179,0.559,-0.579,6,7,1,SAFE,0
50,40,FESTIVAL_CORRIDOR,108,0.403,1.188,0.109,50.1,0.223,0.668,-0.798,6,5,6,SAFE,0
50,41,FESTIVAL_CORRIDOR,122,0.455,1.209,0.128,51.37,0.176,0.558,-0.507,4,10,11,SAFE,0
50,42,EVENT_ATRIUM,118,0.476,1.011,0.217,58.3,0.295,0.569,-0.067,6,4,6,SAFE,0
50,43,MALL_CONCERT_STAGE,114,0.438,1.022,0.289,66.54,0.163,0.614,0.077,6,3,9,SAFE,0
50,44,EVENT_ATRIUM,127,0.463,1.007,0.303,57.45,0.235,0.736,0.04,4,8,5,SAFE,0
50,45,EVENT_ATRIUM,121,0.381,1.082,0.216,64.02,0.206,0.406,-0.787,7,4,6,SAFE,0
50,46,FESTIVAL_CORRIDOR,100,0.394,1.188,0.217,48.2,0.164,0.572,-0.536,1,5,4,SAFE,0
50,47,EVENT_ATRIUM,89,0.333,1.164,0.205,45.74,0.151,0.547,-0.357,4,2,2,SAFE,0
50,48,FESTIVAL_CORRIDOR,114,0.388,1.203,0.193,48.89,0.133,0.588,-0.629,3,3,3,SAFE,0
50,49,FESTIVAL_CORRIDOR,98,0.307,1.206,0.168,40.34,0.124,0.484,-0.494,6,6,4,SAFE,0
50,50,MALL_CONCERT_STAGE,101,0.409,1.205,0.3,50.54,0.17,0.583,-0.481,7,9,4,SAFE,0
50,51,FESTIVAL_CORRIDOR,86,0.29,1.357,0.121,42.19,0.151,0.518,-0.519,4,3,4,SAFE,0
50,52,MALL_CONCERT_STAGE,100,0.401,1.121,0.269,47.21,0.165,0.634,-0.606,5,7,4,SAFE,0
50,53,MALL_CONCERT_STAGE,111,0.476,1.075,0.271,53.82,0.176,0.684,-0.718,4,3,2,SAFE,0
50,54,LIVE_PERFORMANCE_ZONE,84,0.322,1.386,0.155,45.57,0.178,0.491,-0.386,5,3,4,SAFE,0
50,55,LIVE_PERFORMANCE_ZONE,96,0.345,1.38,0.122,41.79,0.222,0.531,-0.322,5,5,2,SAFE,0
50,56,FESTIVAL_CORRIDOR,97,0.318,1.113,0.209,45.2,0.148,0.592,-0.333,6,6,7,SAFE,0
50,57,FESTIVAL_CORRIDOR,85,0.355,1.253,0.221,45.59,0.147,0.532,-0.334,5,3,4,SAFE,0
50,58,MALL_CONCERT_STAGE,99,0.368,1.267,0.1,50.79,0.188,0.604,-0.231,4,2,5,SAFE,0
50,59,MALL_CONCERT_STAGE,108,0.403,1.121,0.203,47.01,0.209,0.557,-0.148,2,2,5,SAFE,0
50,60,EVENT_ATRIUM,104,0.425,1.24,0.29,57.67,0.168,0.655,-0.381,4,9,4,SAFE,0
50,61,MALL_CONCERT_STAGE,89,0.385,0.967,0.244,40.37,0.248,0.463,-0.633,3,3,6,SAFE,0
50,62,LIVE_PERFORMANCE_ZONE,94,0.386,1.226,0.179,51.29,0.087,0.551,-0.257,4,6,7,SAFE,0
50,63,EVENT_ATRIUM,72,0.279,1.425,0.194,30.58,0.157,0.509,-0.033,1,5,6,SAFE,0
50,64,EVENT_ATRIUM,63,0.217,1.473,0.069,21.16,0.17,0.496,-0.094,3,3,1,SAFE,0
50,65,FESTIVAL_CORRIDOR,73,0.297,1.386,0.161,50.74,0.141,0.529,-0.421,4,1,4,SAFE,0
50,66,EVENT_ATRIUM,75,0.338,1.335,0.113,53.24,0.094,0.547,-0.204,8,4,4,SAFE,0
50,67,MALL_CONCERT_STAGE,89,0.353,1.308,0.25,52.25,0.2,0.619,-0.357,3,1,5,SAFE,0
50,68,EVENT_ATRIUM,108,0.338,1.24,0.131,38.37,0.217,0.542,-0.345,9,11,5,SAFE,0
50,69,EVENT_ATRIUM,68,0.226,1.444,0.089,41.53,0.123,0.477,-0.283,4,5,2,SAFE,0
50,70,LIVE_PERFORMANCE_ZONE,108,0.45,1.039,0.247,47.97,0.236,0.632,-0.253,6,3,3,SAFE,0
50,71,EVENT_ATRIUM,80,0.285,1.264,0.109,42.24,0.076,0.524,-0.436,5,3,3,SAFE,0
50,72,FESTIVAL_CORRIDOR,77,0.323,1.403,0.216,38.69,0.15,0.482,-0.551,3,7,4,SAFE,0
50,73,EVENT_ATRIUM,89,0.346,1.212,0.223,43.47,0.156,0.536,-0.709,4,6,3,SAFE,0
50,74,LIVE_PERFORMANCE_ZONE,98,0.411,1.041,0.222,44.77,0.163,0.535,-0.289,3,3,1,SAFE,0
50,75,MALL_CONCERT_STAGE,94,0.356,1.323,0.145,63.11,0.211,0.558,-0.278,4,6,5,SAFE,0
50,76,EVENT_ATRIUM,86,0.282,1.428,0.151,47.05,0.146,0.545,-0.605,3,4,1,SAFE,0
50,77,FESTIVAL_CORRIDOR,87,0.287,1.284,0.174,45.41,0.192,0.474,-0.181,6,1,3,SAFE,0
50,78,LIVE_PERFORMANCE_ZONE,88,0.373,1.069,0.208,63.29,0.15,0.598,-0.593,3,2,6,SAFE,0
50,79,LIVE_PERFORMANCE_ZONE,102,0.362,1.226,0.136,59.29,0.178,0.609,-0.199,6,2,5,SAFE,0
50,80,FESTIVAL_CORRIDOR,91,0.33,1.196,0.24,52.02,0.135,0.583,-0.164,2,5,2,SAFE,0
50,81,LIVE_PERFORMANCE_ZONE,102,0.39,1.139,0.205,48.19,0.14,0.603,-0.455,2,8,7,SAFE,0
50,82,EVENT_ATRIUM,87,0.342,1.374,0.092,35.65,0.144,0.608,-0.846,7,6,8,SAFE,0
50,83,MALL_CONCERT_STAGE,113,0.427,1.018,0.283,52.6,0.108,0.547,-0.762,6,7,4,SAFE,0
50,84,EVENT_ATRIUM,69,0.233,1.335,0.159,38.54,0.133,0.47,-0.262,4,3,4,SAFE,0
50,85,LIVE_PERFORMANCE_ZONE,101,0.427,1.154,0.306,49.73,0.265,0.632,-0.48,4,6,5,SAFE,0
50,86,LIVE_PERFORMANCE_ZONE,103,0.381,1.194,0.333,50.79,0.143,0.532,0.34,3,6,5,SAFE,0
50,87,EVENT_ATRIUM,102,0.354,0.986,0.155,52.87,0.168,0.608,-0.922,6,3,6,SAFE,0
50,88,FESTIVAL_CORRIDOR,94,0.386,1.145,0.167,50.62,0.169,0.518,-0.595,4,4,6,SAFE,0
50,89,EVENT_ATRIUM,105,0.378,1.114,0.306,53.79,0.169,0.554,-0.914,3,2,4,SAFE,0
51,0,FESTIVAL_CORRIDOR,154,0.644,0.911,0.358,65.96,0.299,0.661,-0.296,3,7,3,WARNING,1
51,1,EVENT_ATRIUM,144,0.542,0.9,0.193,55.5,0.271,0.703,-0.898,7,1,4,SAFE,0
51,2,LIVE_PERFORMANCE_ZONE,177,0.694,0.88,0.401,86.67,0.39,0.785,-0.232,3,6,9,WARNING,1
51,3,MALL_CONCERT_STAGE,155,0.567,0.871,0.349,72.9,0.367,0.692,-0.55,7,5,6,WARNING,1
51,4,EVENT_ATRIUM,155,0.675,0.875,0.34,67.52,0.343,0.756,-0.964,7,4,7,WARNING,1
51,5,EVENT_ATRIUM,164,0.586,0.904,0.36,68.52,0.319,0.733,-0.839,10,7,7,WARNING,1
51,6,EVENT_ATRIUM,163,0.641,0.943,0.37,75.48,0.28,0.663,-0.635,5,8,10,WARNING,1
51,7,MALL_CONCERT_STAGE,135,0.54,0.911,0.222,59.88,0.245,0.651,-0.643,5,9,6,SAFE,0
51,8,FESTIVAL_CORRIDOR,167,0.621,0.827,0.349,73.08,0.29,0.722,-0.734,6,11,12,WARNING,1
51,9,MALL_CONCERT_STAGE,173,0.645,0.974,0.339,63.92,0.258,0.754,-0.674,10,5,8,WARNING,1
51,10,FESTIVAL_CORRIDOR,178,0.742,0.781,0.415,78.17,0.241,0.768,-0.16,5,11,11,WARNING,1
51,11,EVENT_ATRIUM,177,0.656,0.865,0.366,68.24,0.304,0.735,-0.233,6,9,9,WARNING,1
51,12,LIVE_PERFORMANCE_ZONE,158,0.633,0.849,0.236,63.35,0.296,0.633,-0.346,5,8,13,SAFE,0
51,13,MALL_CONCERT_STAGE,164,0.649,0.723,0.334,65.32,0.276,0.757,-0.987,5,4,14,WARNING,1
51,14,FESTIVAL_CORRIDOR,167,0.684,0.874,0.347,70.2,0.404,0.696,-0.759,4,9,5,WARNING,1
51,15,LIVE_PERFORMANCE_ZONE,191,0.762,0.765,0.354,76.22,0.403,0.738,-0.644,7,16,7,WARNING,1
51,16,LIVE_PERFORMANCE_ZONE,169,0.608,0.786,0.301,68.35,0.35,0.729,-0.96,2,6,4,WARNING,1
51,17,MALL_CONCERT_STAGE,165,0.626,0.856,0.3,59.05,0.32,0.727,-0.483,7,10,5,WARNING,1
51,18,LIVE_PERFORMANCE_ZONE,186,0.711,0.956,0.386,73.23,0.388,0.74,-0.848,7,12,11,WARNING,1
51,19,LIVE_PERFORMANCE_ZONE,183,0.676,0.773,0.441,73.07,0.3,0.722,-0.515,8,11,6,WARNING,1
51,20,FESTIVAL_CORRIDOR,179,0.685,0.744,0.292,83.15,0.334,0.686,-0.691,9,8,8,WARNING,1
51,21,EVENT_ATRIUM,185,0.682,0.979,0.45,87.91,0.33,0.667,-0.661,7,7,9,WARNING,1
51,22,LIVE_PERFORMANCE_ZONE,180,0.725,0.823,0.4,82.99,0.391,0.658,-0.831,6,7,5,WARNING,1
51,23,MALL_CONCERT_STAGE,173,0.625,0.882,0.445,71.19,0.317,0.647,-0.232,5,7,9,WARNING,1
51,24,FESTIVAL_CORRIDOR,206,0.778,0.818,0.467,83.48,0.286,0.816,-0.4,6,12,10,WARNING,1
51,25,FESTIVAL_CORRIDOR,211,0.835,0.782,0.438,88.7,0.327,0.866,-0.593,3,13,10,WARNING,1
51,26,EVENT_ATRIUM,187,0.722,0.928,0.372,85.05,0.36,0.675,-0.088,10,7,5,WARNING,1
51,27,MALL_CONCERT_STAGE,213,0.83,0.777,0.475,84.07,0.339,0.817,-0.912,2,11,8,WARNING,1
51,28,FESTIVAL_CORRIDOR,202,0.804,0.777,0.476,81.05,0.435,0.821,-0.979,5,11,7,WARNING,1
51,29,MALL_CONCERT_STAGE,190,0.731,0.768,0.384,69.42,0.396,0.8,-0.89,7,7,11,WARNING,1
51,30,MALL_CONCERT_STAGE,203,0.801,0.895,0.419,84.47,0.364,0.753,-0.836,11,7,9,WARNING,1
51,31,LIVE_PERFORMANCE_ZONE,201,0.701,0.819,0.405,54.92,0.34,0.652,0.137,12,5,10,WARNING,1
51,32,MALL_CONCERT_STAGE,195,0.799,0.709,0.463,84.41,0.344,0.77,-0.418,3,7,10,WARNING,1
51,33,MALL_CONCERT_STAGE,198,0.739,0.75,0.375,77.09,0.393,0.768,-0.604,5,14,9,WARNING,1
51,34,LIVE_PERFORMANCE_ZONE,212,0.806,0.801,0.466,81.36,0.31,0.815,-0.637,8,11,12,WARNING,1
51,35,MALL_CONCERT_STAGE,208,0.774,0.841,0.48,71.7,0.38,0.751,-0.518,3,8,17,WARNING,1
51,36,MALL_CONCERT_STAGE,197,0.808,0.634,0.397,73.21,0.333,0.801,-0.376,11,9,9,WARNING,1
51,37,FESTIVAL_CORRIDOR,191,0.762,0.808,0.484,83.82,0.368,0.669,-0.87,4,16,7,WARNING,1
51,38,LIVE_PERFORMANCE_ZONE,201,0.783,0.73,0.389,86.69,0.421,0.761,-0.725,4,13,8,WARNING,1
51,39,LIVE_PERFORMANCE_ZONE,212,0.858,0.665,0.547,99.21,0.418,0.864,-0.968,7,15,6,WARNING,1
51,40,LIVE_PERFORMANCE_ZONE,215,0.792,0.741,0.433,82.24,0.343,0.783,-0.988,5,8,11,WARNING,1
51,41,LIVE_PERFORMANCE_ZONE,218,0.866,0.611,0.597,79.95,0.508,0.857,-0.409,4,11,7,WARNING,1
51,42,EVENT_ATRIUM,191,0.749,0.727,0.464,80.86,0.333,0.881,-1.376,9,8,10,WARNING,1
51,43,LIVE_PERFORMANCE_ZONE,179,0.657,0.908,0.391,75.81,0.32,0.735,-0.597,8,12,7,WARNING,1
51,44,FESTIVAL_CORRIDOR,197,0.797,0.628,0.426,78.11,0.346,0.773,-0.761,5,7,3,WARNING,1
51,45,LIVE_PERFORMANCE_ZONE,200,0.742,0.769,0.32,84.22,0.301,0.722,-1.014,5,8,11,WARNING,1
51,46,EVENT_ATRIUM,168,0.683,0.773,0.407,63.78,0.346,0.644,-1.174,4,12,9,WARNING,1
51,47,FESTIVAL_CORRIDOR,197,0.738,0.726,0.414,65.07,0.42,0.837,-1.263,7,12,9,WARNING,1
51,48,FESTIVAL_CORRIDOR,200,0.754,0.742,0.413,71.18,0.38,0.715,-0.646,9,5,5,WARNING,1
51,49,LIVE_PERFORMANCE_ZONE,191,0.764,0.652,0.449,80.87,0.362,0.671,-0.647,2,4,10,WARNING,1
51,50,MALL_CONCERT_STAGE,179,0.67,0.875,0.375,79.37,0.327,0.738,-0.206,1,9,12,WARNING,1
51,51,LIVE_PERFORMANCE_ZONE,172,0.65,1.028,0.343,78.49,0.292,0.678,-0.865,2,12,2,WARNING,1
51,52,EVENT_ATRIUM,145,0.582,1.033,0.45,65.91,0.237,0.604,-0.93,8,5,5,SAFE,0
51,53,FESTIVAL_CORRIDOR,162,0.622,1.013,0.345,69.18,0.295,0.598,0.05,4,7,6,SAFE,0
51,54,MALL_CONCERT_STAGE,160,0.605,0.905,0.404,65.1,0.311,0.764,-0.694,6,11,8,WARNING,1
51,55,EVENT_ATRIUM,173,0.678,0.75,0.289,74.3,0.274,0.695,-0.528,6,16,13,WARNING,1
51,56,MALL_CONCERT_STAGE,166,0.609,0.952,0.348,61.05,0.274,0.653,-0.264,5,5,6,SAFE,0
51,57,EVENT_ATRIUM,165,0.603,0.91,0.285,79.49,0.266,0.751,-1.266,4,8,10,WARNING,1
51,58,EVENT_ATRIUM,145,0.576,1.114,0.24,70.53,0.295,0.735,-1.051,6,11,6,SAFE,0
51,59,LIVE_PERFORMANCE_ZONE,145,0.53,0.905,0.316,63.72,0.205,0.633,-0.481,7,7,3,SAFE,0
51,60,MALL_CONCERT_STAGE,158,0.6,0.899,0.372,51.55,0.261,0.725,-1.104,10,7,6,SAFE,0
51,61,MALL_CONCERT_STAGE,151,0.594,0.925,0.372,57.78,0.263,0.63,-1.411,3,7,3,SAFE,0
51,62,MALL_CONCERT_STAGE,158,0.662,0.823,0.375,61.42,0.361,0.659,-0.689,4,9,14,WARNING,1
51,63,EVENT_ATRIUM,140,0.552,0.981,0.342,54.54,0.192,0.547,-0.782,3,8,7,SAFE,0
51,64,MALL_CONCERT_STAGE,143,0.549,0.946,0.243,60.39,0.275,0.692,-0.477,10,7,6,SAFE,0
51,65,FESTIVAL_CORRIDOR,164,0.611,0.983,0.293,64.77,0.25,0.618,-1.138,5,8,9,SAFE,0
51,66,LIVE_PERFORMANCE_ZONE,152,0.547,0.991,0.311,68.77,0.202,0.668,-0.014,6,8,4,SAFE,0
51,67,MALL_CONCERT_STAGE,159,0.671,0.925,0.358,55.14,0.296,0.759,-1.036,8,8,9,WARNING,1
51,68,LIVE_PERFORMANCE_ZONE,133,0.53,0.92,0.341,66.28,0.309,0.616,-0.837,4,5,4,SAFE,0
51,69,LIVE_PERFORMANCE_ZONE,150,0.573,0.954,0.24,40.59,0.195,0.618,-0.57,6,7,10,SAFE,0
51,70,LIVE_PERFORMANCE_ZONE,160,0.641,0.881,0.343,77.37,0.309,0.745,-1.2,3,14,9,WARNING,1
51,71,FESTIVAL_CORRIDOR,153,0.628,0.957,0.407,71.97,0.277,0.747,-0.41,4,13,7,WARNING,1
51,72,EVENT_ATRIUM,140,0.54,0.995,0.325,56.08,0.288,0.599,0.076,6,10,3,SAFE,0
51,73,MALL_CONCERT_STAGE,165,0.628,0.914,0.332,72.74,0.299,0.732,-0.711,2,11,6,WARNING,1
51,74,MALL_CONCERT_STAGE,149,0.545,0.946,0.305,61.58,0.279,0.586,-0.345,4,5,3,SAFE,0
51,75,EVENT_ATRIUM,161,0.621,0.873,0.317,73.19,0.247,0.66,-1.148,6,6,8,SAFE,0
51,76,MALL_CONCERT_STAGE,152,0.574,0.912,0.235,51.96,0.303,0.636,-0.873,8,8,2,SAFE,0
51,77,LIVE_PERFORMANCE_ZONE,153,0.626,0.797,0.256,68.28,0.265,0.726,-1.034,4,7,4,SAFE,0
51,78,EVENT_ATRIUM,139,0.564,0.986,0.292,70.38,0.28,0.665,-0.864,7,7,4,SAFE,0
51,79,EVENT_ATRIUM,157,0.609,1.035,0.324,70.72,0.284,0.673,-0.741,1,4,15,SAFE,0
51,80,EVENT_ATRIUM,152,0.592,1.03,0.318,68.47,0.247,0.696,-1.278,4,3,8,SAFE,0
51,81,EVENT_ATRIUM,158,0.628,0.935,0.421,63.21,0.311,0.634,-0.507,3,3,7,WARNING,1
51,82,EVENT_ATRIUM,156,0.636,0.834,0.372,70.21,0.318,0.685,-0.509,7,11,4,WARNING,1
51,83,EVENT_ATRIUM,141,0.534,1.044,0.243,60.73,0.238,0.616,-0.574,4,5,4,SAFE,0
51,84,LIVE_PERFORMANCE_ZONE,164,0.613,0.892,0.288,63.58,0.299,0.765,-0.383,6,4,9,SAFE,0
51,85,LIVE_PERFORMANCE_ZONE,148,0.631,0.867,0.25,66.44,0.286,0.672,-0.53,5,6,7,SAFE,0
51,86,MALL_CONCERT_STAGE,153,0.527,0.925,0.381,59.76,0.218,0.545,-0.454,3,11,5,SAFE,0
51,87,LIVE_PERFORMANCE_ZONE,162,0.598,0.947,0.213,72.79,0.275,0.679,-1.18,8,5,6,SAFE,0
51,88,MALL_CONCERT_STAGE,141,0.547,0.891,0.322,64.04,0.313,0.728,-0.844,1,4,6,SAFE,0
51,89,MALL_CONCERT_STAGE,168,0.644,0.995,0.405,69.11,0.319,0.786,-1.382,3,10,7,WARNING,1
52,0,EVENT_ATRIUM,117,0.444,1.206,0.285,48.76,0.179,0.592,-0.603,4,7,5,SAFE,0
52,1,FESTIVAL_CORRIDOR,91,0.323,1.279,0.029,44.61,0.199,0.451,-1.055,5,3,4,SAFE,0
52,2,EVENT_ATRIUM,97,0.36,1.278,0.178,50.19,0.215,0.552,-0.193,6,8,4,SAFE,0
52,3,EVENT_ATRIUM,101,0.357,1.267,0.206,53.62,0.184,0.465,-0.816,6,3,7,SAFE,0
52,4,LIVE_PERFORMANCE_ZONE,99,0.313,1.253,0.167,39.79,0.161,0.505,-0.697,4,6,7,SAFE,0
52,5,MALL_CONCERT_STAGE,103,0.428,1.163,0.313,67.77,0.261,0.652,-0.789,5,3,6,SAFE,0
52,6,LIVE_PERFORMANCE_ZONE,107,0.358,1.161,0.201,47.28,0.161,0.498,-1.46,4,4,6,SAFE,0
52,7,MALL_CONCERT_STAGE,103,0.374,1.122,0.163,40.67,0.167,0.537,-0.993,3,4,4,SAFE,0
52,8,FESTIVAL_CORRIDOR,96,0.363,1.188,0.296,52.99,0.18,0.526,-0.652,4,7,4,SAFE,0
52,9,LIVE_PERFORMANCE_ZONE,97,0.419,1.08,0.191,49.81,0.146,0.57,-0.528,5,4,5,SAFE,0
52,10,LIVE_PERFORMANCE_ZONE,79,0.253,1.174,0.089,41.53,0.227,0.583,0.093,4,5,2,SAFE,0
52,11,FESTIVAL_CORRIDOR,83,0.372,1.163,0.152,50.24,0.198,0.554,-1.19,9,2,2,SAFE,0
52,12,FESTIVAL_CORRIDOR,101,0.375,1.259,0.181,42.56,0.225,0.618,-0.404,5,6,5,SAFE,0
52,13,MALL_CONCERT_STAGE,89,0.335,1.269,0.222,42.43,0.146,0.55,-1.197,4,4,10,SAFE,0
52,14,MALL_CONCERT_STAGE,95,0.378,1.262,0.173,41.73,0.171,0.605,0.277,1,6,8,SAFE,0
52,15,LIVE_PERFORMANCE_ZONE,89,0.368,1.275,0.223,49.44,0.192,0.533,-0.138,7,3,4,SAFE,0
52,16,LIVE_PERFORMANCE_ZONE,97,0.383,1.256,0.251,43.91,0.189,0.589,-0.781,1,8,7,SAFE,0
52,17,EVENT_ATRIUM,114,0.471,1.018,0.213,48.38,0.204,0.587,-0.292,5,6,3,SAFE,0
52,18,LIVE_PERFORMANCE_ZONE,88,0.348,1.245,0.212,42.36,0.069,0.553,-0.57,3,3,4,SAFE,0
52,19,FESTIVAL_CORRIDOR,103,0.361,1.266,0.212,40.71,0.137,0.539,-0.687,3,3,4,SAFE,0
52,20,FESTIVAL_CORRIDOR,84,0.312,1.246,0.24,44.47,0.195,0.498,-0.766,5,7,3,SAFE,0
52,21,FESTIVAL_CORRIDOR,95,0.355,1.136,0.14,55.65,0.163,0.576,-1.121,5,4,2,SAFE,0
52,22,LIVE_PERFORMANCE_ZONE,85,0.321,1.246,0.142,47.57,0.195,0.548,-0.786,2,6,3,SAFE,0
52,23,FESTIVAL_CORRIDOR,100,0.384,1.089,0.179,48.51,0.167,0.591,-0.937,7,6,6,SAFE,0
52,24,EVENT_ATRIUM,98,0.375,1.189,0.295,43.9,0.197,0.557,-0.684,4,4,12,SAFE,0
52,25,EVENT_ATRIUM,89,0.337,1.01,0.214,46.74,0.151,0.582,-0.496,2,5,1,SAFE,0
52,26,LIVE_PERFORMANCE_ZONE,92,0.377,1.032,0.277,51.97,0.197,0.543,0.349,5,2,3,SAFE,0
52,27,EVENT_ATRIUM,92,0.356,1.088,0.172,37.04,0.127,0.58,-0.554,3,1,3,SAFE,0
52,28,MALL_CONCERT_STAGE,90,0.313,1.251,0.081,47.76,0.114,0.6,0.025,7,3,5,SAFE,0
52,29,EVENT_ATRIUM,93,0.407,1.121,0.3,45.31,0.176,0.625,0.233,3,4,6,SAFE,0
52,30,LIVE_PERFORMANCE_ZONE,103,0.388,1.273,0.21,56.25,0.145,0.575,-0.407,3,3,6,SAFE,0
52,31,MALL_CONCERT_STAGE,108,0.389,1.19,0.22,53.38,0.149,0.585,-0.514,4,4,9,SAFE,0
52,32,FESTIVAL_CORRIDOR,84,0.321,1.26,0.186,53.09,0.141,0.484,-0.232,4,2,3,SAFE,0
52,33,LIVE_PERFORMANCE_ZONE,88,0.359,1.186,0.22,48.19,0.126,0.485,-0.125,4,7,4,SAFE,0
52,34,EVENT_ATRIUM,96,0.381,1.162,0.241,39.56,0.1,0.601,-0.436,4,7,2,SAFE,0
52,35,FESTIVAL_CORRIDOR,89,0.336,1.302,0.156,40.52,0.14,0.575,-0.331,6,4,3,SAFE,0
52,36,MALL_CONCERT_STAGE,92,0.325,1.119,0.129,44.97,0.172,0.482,-0.549,2,6,4,SAFE,0
52,37,EVENT_ATRIUM,79,0.336,1.315,0.145,35.58,0.114,0.495,-0.257,7,5,4,SAFE,0
52,38,EVENT_ATRIUM,96,0.403,1.231,0.237,52.4,0.214,0.551,-0.605,6,3,6,SAFE,0
52,39,MALL_CONCERT_STAGE,76,0.284,1.263,0.032,38.78,0.18,0.489,-0.936,2,4,6,SAFE,0
52,40,FESTIVAL_CORRIDOR,83,0.318,1.175,0.168,45.4,0.098,0.572,-0.144,4,8,5,SAFE,0
52,41,FESTIVAL_CORRIDOR,89,0.309,1.363,0.167,34.27,0.157,0.51,-0.793,3,4,4,SAFE,0
52,42,EVENT_ATRIUM,82,0.293,1.33,0.121,48.58,0.216,0.583,-0.597,4,5,6,SAFE,0
52,43,MALL_CONCERT_STAGE,90,0.356,1.27,0.245,52.15,0.157,0.664,-0.61,7,4,1,SAFE,0
52,44,FESTIVAL_CORRIDOR,99,0.399,1.087,0.237,56.01,0.224,0.681,-0.732,8,5,6,SAFE,0
52,45,FESTIVAL_CORRIDOR,91,0.374,1.246,0.196,42.05,0.178,0.585,-0.591,1,5,5,SAFE,0
52,46,FESTIVAL_CORRIDOR,99,0.382,1.168,0.174,37.86,0.159,0.534,-0.437,4,11,7,SAFE,0
52,47,FESTIVAL_CORRIDOR,96,0.415,0.966,0.207,54.57,0.247,0.579,-0.851,5,5,2,SAFE,0
52,48,FESTIVAL_CORRIDOR,104,0.425,1.119,0.267,39.79,0.173,0.582,-0.477,4,7,3,SAFE,0
52,49,LIVE_PERFORMANCE_ZONE,108,0.397,1.258,0.215,46.53,0.174,0.677,-0.367,2,7,5,SAFE,0
52,50,EVENT_ATRIUM,100,0.426,1.131,0.219,56.63,0.189,0.552,-1.093,2,7,4,SAFE,0
52,51,EVENT_ATRIUM,138,0.563,0.932,0.144,64.19,0.34,0.765,-0.458,6,8,4,SAFE,0
52,52,EVENT_ATRIUM,112,0.434,1.13,0.239,45.61,0.185,0.607,-0.319,10,5,10,SAFE,0
52,53,LIVE_PERFORMANCE_ZONE,134,0.494,1,0.198,55.38,0.176,0.634,-0.868,4,7,3,SAFE,0
52,54,MALL_CONCERT_STAGE,106,0.407,1.08,0.222,59.75,0.217,0.565,0.199,3,8,5,SAFE,0
52,55,EVENT_ATRIUM,136,0.524,0.968,0.352,72.63,0.232,0.649,-0.168,6,5,8,SAFE,0
52,56,FESTIVAL_CORRIDOR,133,0.55,1.133,0.338,63.75,0.218,0.575,-1.149,4,9,5,SAFE,0
52,57,EVENT_ATRIUM,120,0.496,1.083,0.291,55.67,0.258,0.663,-0.595,6,7,6,SAFE,0
52,58,EVENT_ATRIUM,154,0.573,1.054,0.322,71.41,0.255,0.732,-0.462,6,8,6,SAFE,0
52,59,FESTIVAL_CORRIDOR,132,0.507,0.944,0.226,61.4,0.238,0.588,-0.993,8,8,10,SAFE,0
52,60,LIVE_PERFORMANCE_ZONE,147,0.556,1.004,0.369,74.37,0.231,0.657,-0.295,5,6,7,SAFE,0
52,61,FESTIVAL_CORRIDOR,119,0.502,1.24,0.251,64.5,0.249,0.685,-1.186,6,8,4,SAFE,0
52,62,LIVE_PERFORMANCE_ZONE,148,0.578,0.947,0.281,60.63,0.17,0.612,-0.387,9,10,7,SAFE,0
52,63,LIVE_PERFORMANCE_ZONE,141,0.591,0.825,0.362,66.68,0.342,0.685,-1.136,5,8,7,WARNING,1
52,64,EVENT_ATRIUM,170,0.666,0.828,0.378,71.67,0.338,0.664,-0.718,5,12,6,WARNING,1
52,65,FESTIVAL_CORRIDOR,147,0.586,0.903,0.281,54.17,0.277,0.708,-0.182,6,6,6,SAFE,0
52,66,MALL_CONCERT_STAGE,162,0.618,0.918,0.372,76.5,0.324,0.744,-0.839,4,11,11,WARNING,1
52,67,LIVE_PERFORMANCE_ZONE,148,0.575,1.13,0.355,67.61,0.19,0.63,-0.435,7,7,9,SAFE,0
52,68,EVENT_ATRIUM,149,0.581,1.013,0.311,69.09,0.275,0.623,-0.727,5,5,7,SAFE,0
52,69,EVENT_ATRIUM,159,0.622,0.78,0.403,60.57,0.325,0.729,-1.244,10,4,5,WARNING,1
52,70,EVENT_ATRIUM,168,0.686,0.835,0.421,76.23,0.293,0.67,-0.889,6,10,13,WARNING,1
52,71,MALL_CONCERT_STAGE,159,0.665,0.82,0.38,79.31,0.332,0.585,-0.956,4,8,3,WARNING,1
52,72,EVENT_ATRIUM,163,0.613,0.881,0.283,57.36,0.341,0.728,-0.724,5,6,8,SAFE,0
52,73,MALL_CONCERT_STAGE,157,0.642,0.924,0.432,76.5,0.24,0.753,-0.334,6,11,9,WARNING,1
52,74,MALL_CONCERT_STAGE,147,0.594,0.918,0.365,80.2,0.235,0.619,-0.107,7,2,6,SAFE,0
52,75,FESTIVAL_CORRIDOR,152,0.614,0.845,0.357,79.58,0.275,0.661,-0.889,4,1,4,WARNING,1
52,76,LIVE_PERFORMANCE_ZONE,135,0.525,1.047,0.266,56.69,0.237,0.668,-0.391,8,4,7,SAFE,0
52,77,LIVE_PERFORMANCE_ZONE,133,0.529,1.14,0.325,54.79,0.323,0.681,-1.115,7,10,3,SAFE,0
52,78,EVENT_ATRIUM,140,0.53,1.031,0.142,53.58,0.284,0.743,-0.54,3,2,7,SAFE,0
52,79,LIVE_PERFORMANCE_ZONE,130,0.481,1.132,0.246,46.1,0.163,0.532,-0.564,6,10,5,SAFE,0
52,80,FESTIVAL_CORRIDOR,125,0.485,1.065,0.283,66.92,0.233,0.642,-1.708,4,6,2,SAFE,0
52,81,FESTIVAL_CORRIDOR,124,0.42,1.151,0.161,44.61,0.187,0.551,-0.521,3,3,7,SAFE,0
52,82,FESTIVAL_CORRIDOR,118,0.499,1.107,0.214,51.1,0.201,0.654,-0.474,5,9,2,SAFE,0
52,83,MALL_CONCERT_STAGE,136,0.51,1.102,0.28,58.56,0.267,0.69,-0.404,7,8,9,SAFE,0
52,84,FESTIVAL_CORRIDOR,143,0.504,1.036,0.341,76.22,0.204,0.644,-0.567,6,12,5,SAFE,0
52,85,EVENT_ATRIUM,139,0.527,0.941,0.322,54.76,0.166,0.704,-0.686,6,17,4,SAFE,0
52,86,MALL_CONCERT_STAGE,127,0.495,1.07,0.304,58.2,0.248,0.617,-0.766,4,5,2,SAFE,0
52,87,MALL_CONCERT_STAGE,132,0.489,1.001,0.272,51.69,0.318,0.62,-0.379,8,1,11,SAFE,0
52,88,LIVE_PERFORMANCE_ZONE,106,0.475,0.937,0.32,73.34,0.166,0.689,-0.295,5,7,3,SAFE,0
52,89,EVENT_ATRIUM,120,0.455,1.21,0.262,54.8,0.262,0.553,-0.727,3,6,5,SAFE,0
53,0,FESTIVAL_CORRIDOR,182,0.712,0.898,0.356,87.92,0.346,0.736,-0.886,4,5,6,WARNING,1
53,1,FESTIVAL_CORRIDOR,164,0.613,0.903,0.383,66.76,0.287,0.67,-0.608,2,6,3,WARNING,1
53,2,MALL_CONCERT_STAGE,168,0.664,0.874,0.287,73.51,0.313,0.622,-0.313,7,3,9,WARNING,1
53,3,FESTIVAL_CORRIDOR,164,0.633,0.792,0.404,66.36,0.242,0.718,-0.086,3,13,3,WARNING,1
53,4,MALL_CONCERT_STAGE,169,0.646,1.035,0.351,57.61,0.335,0.68,-0.67,8,13,4,WARNING,1
53,5,EVENT_ATRIUM,171,0.634,0.861,0.362,78.31,0.268,0.72,-0.343,4,5,9,WARNING,1
53,6,MALL_CONCERT_STAGE,187,0.74,0.759,0.375,76.82,0.386,0.794,-0.743,8,15,11,WARNING,1
53,7,FESTIVAL_CORRIDOR,193,0.791,0.702,0.479,83.81,0.42,0.775,-0.293,3,11,11,WARNING,1
53,8,MALL_CONCERT_STAGE,156,0.567,1.072,0.274,57.45,0.317,0.639,-0.809,3,7,7,SAFE,0
53,9,EVENT_ATRIUM,178,0.606,0.955,0.245,66.34,0.283,0.716,-1.357,4,7,12,SAFE,0
53,10,MALL_CONCERT_STAGE,189,0.75,0.792,0.442,74.53,0.319,0.726,-1.114,9,12,6,WARNING,1
53,11,EVENT_ATRIUM,177,0.74,0.929,0.402,77.59,0.33,0.7,-0.84,8,14,8,WARNING,1
53,12,MALL_CONCERT_STAGE,168,0.648,0.785,0.286,75.11,0.276,0.707,-0.462,8,9,4,WARNING,1
53,13,MALL_CONCERT_STAGE,183,0.714,0.762,0.423,62.72,0.343,0.781,-0.879,6,15,13,WARNING,1
53,14,MALL_CONCERT_STAGE,182,0.712,0.845,0.427,87.2,0.321,0.7,-0.276,8,9,7,WARNING,1
53,15,MALL_CONCERT_STAGE,169,0.615,0.937,0.507,61.06,0.27,0.605,-0.358,3,10,13,WARNING,1
53,16,MALL_CONCERT_STAGE,178,0.731,0.674,0.424,84.74,0.299,0.768,-0.857,3,8,5,WARNING,1
53,17,FESTIVAL_CORRIDOR,171,0.668,0.804,0.363,81.15,0.331,0.658,-0.833,3,5,8,WARNING,1
53,18,FESTIVAL_CORRIDOR,160,0.626,0.838,0.373,71.49,0.257,0.692,-0.638,6,11,4,WARNING,1
53,19,LIVE_PERFORMANCE_ZONE,163,0.622,1.027,0.376,63.79,0.278,0.69,-0.886,7,9,10,WARNING,1
53,20,FESTIVAL_CORRIDOR,172,0.664,0.916,0.376,61.92,0.358,0.763,-1.195,11,8,7,WARNING,1
53,21,EVENT_ATRIUM,174,0.657,0.834,0.423,65.24,0.293,0.598,-0.443,9,11,10,WARNING,1
53,22,EVENT_ATRIUM,194,0.755,0.806,0.462,84.27,0.447,0.701,-0.031,7,7,13,WARNING,1
53,23,MALL_CONCERT_STAGE,153,0.548,1.006,0.248,62.46,0.299,0.723,-0.959,7,6,6,SAFE,0
53,24,FESTIVAL_CORRIDOR,152,0.615,0.946,0.358,61.53,0.29,0.589,-0.595,3,6,7,SAFE,0
53,25,LIVE_PERFORMANCE_ZONE,176,0.692,0.846,0.422,68.3,0.285,0.749,-0.43,12,7,13,WARNING,1
53,26,MALL_CONCERT_STAGE,168,0.635,1.039,0.367,77.91,0.214,0.731,-0.496,9,16,9,WARNING,1
53,27,LIVE_PERFORMANCE_ZONE,173,0.668,0.889,0.442,66.33,0.351,0.753,-0.418,6,7,5,WARNING,1
53,28,LIVE_PERFORMANCE_ZONE,171,0.656,1.112,0.374,75.64,0.305,0.71,-0.727,5,8,5,WARNING,1
53,29,FESTIVAL_CORRIDOR,168,0.63,0.895,0.416,67.05,0.295,0.751,-1.394,4,10,7,WARNING,1
53,30,EVENT_ATRIUM,178,0.684,0.839,0.439,84.04,0.377,0.738,-0.396,8,9,5,WARNING,1
53,31,EVENT_ATRIUM,163,0.654,0.881,0.384,62.66,0.269,0.695,-0.737,4,4,5,WARNING,1
53,32,MALL_CONCERT_STAGE,175,0.696,0.777,0.427,71.25,0.31,0.653,-0.762,9,14,5,WARNING,1
53,33,FESTIVAL_CORRIDOR,173,0.629,0.92,0.37,75.12,0.255,0.655,-0.501,8,7,6,WARNING,1
53,34,LIVE_PERFORMANCE_ZONE,190,0.715,0.767,0.313,68.6,0.363,0.772,-0.511,8,7,13,WARNING,1
53,35,LIVE_PERFORMANCE_ZONE,156,0.589,0.995,0.302,62.89,0.292,0.676,-0.431,6,7,11,SAFE,0
53,36,EVENT_ATRIUM,185,0.728,0.655,0.423,78.14,0.364,0.818,-0.154,4,4,11,WARNING,1
53,37,LIVE_PERFORMANCE_ZONE,172,0.688,0.859,0.389,80.35,0.345,0.675,-0.561,2,9,10,WARNING,1
53,38,MALL_CONCERT_STAGE,172,0.661,0.837,0.355,75.62,0.305,0.699,-0.725,5,6,6,WARNING,1
53,39,MALL_CONCERT_STAGE,185,0.711,0.94,0.406,76.31,0.309,0.693,-1.084,7,8,5,WARNING,1
53,40,EVENT_ATRIUM,180,0.691,0.908,0.335,84.27,0.349,0.778,-1.166,10,10,7,WARNING,1
53,41,LIVE_PERFORMANCE_ZONE,185,0.71,0.822,0.411,72.16,0.363,0.801,-0.721,6,10,7,WARNING,1
53,42,MALL_CONCERT_STAGE,185,0.706,0.809,0.474,81.17,0.364,0.782,-0.877,6,11,8,WARNING,1
53,43,LIVE_PERFORMANCE_ZONE,161,0.622,0.923,0.355,74.87,0.335,0.741,-1.036,5,14,9,WARNING,1
53,44,LIVE_PERFORMANCE_ZONE,212,0.784,0.81,0.336,80.59,0.365,0.789,-1.234,7,8,10,WARNING,1
53,45,EVENT_ATRIUM,189,0.784,0.766,0.433,83.85,0.338,0.747,-0.311,5,13,12,WARNING,1
53,46,LIVE_PERFORMANCE_ZONE,206,0.808,0.686,0.404,78.32,0.457,0.731,-1.217,3,6,8,WARNING,1
53,47,MALL_CONCERT_STAGE,182,0.703,0.753,0.345,78.96,0.265,0.721,-0.324,4,11,5,WARNING,1
53,48,FESTIVAL_CORRIDOR,201,0.771,0.755,0.408,81.46,0.436,0.819,-0.59,7,11,14,WARNING,1
53,49,MALL_CONCERT_STAGE,197,0.745,0.861,0.382,79.15,0.362,0.737,-0.942,9,9,9,WARNING,1
53,50,LIVE_PERFORMANCE_ZONE,200,0.739,0.681,0.486,82.79,0.407,0.749,-1.172,7,8,15,WARNING,1
53,51,EVENT_ATRIUM,204,0.792,0.699,0.388,76.54,0.47,0.751,-1.064,3,8,7,WARNING,1
53,52,FESTIVAL_CORRIDOR,229,0.881,0.489,0.462,80.94,0.437,0.796,-1.196,6,10,12,WARNING,1
53,53,EVENT_ATRIUM,240,0.941,0.471,0.432,85.32,0.416,0.901,-1.608,7,14,7,WARNING,1
53,54,EVENT_ATRIUM,228,0.921,0.546,0.507,85.88,0.479,0.872,-0.949,6,9,11,HIGH,2
53,55,MALL_CONCERT_STAGE,231,0.883,0.619,0.476,91.71,0.455,0.862,-0.553,4,21,10,WARNING,1
53,56,FESTIVAL_CORRIDOR,226,0.873,0.86,0.467,91.26,0.393,0.84,-0.439,6,9,6,WARNING,1
53,57,FESTIVAL_CORRIDOR,229,0.92,0.537,0.526,83.31,0.408,0.818,-1.357,5,15,9,WARNING,1
53,58,FESTIVAL_CORRIDOR,211,0.82,0.79,0.419,76.22,0.396,0.791,-1.006,7,11,13,WARNING,1
53,59,EVENT_ATRIUM,219,0.834,0.619,0.478,77.55,0.373,0.879,-0.413,5,10,8,WARNING,1
53,60,EVENT_ATRIUM,235,0.904,0.508,0.59,87.4,0.436,0.799,-1.007,6,9,13,WARNING,1
53,61,LIVE_PERFORMANCE_ZONE,245,0.954,0.756,0.529,102.29,0.424,0.889,-0.78,7,18,8,HIGH,2
53,62,LIVE_PERFORMANCE_ZONE,226,0.824,0.781,0.496,97.34,0.342,0.83,-0.775,14,12,5,WARNING,1
53,63,EVENT_ATRIUM,246,0.978,0.697,0.559,94.41,0.485,0.776,-1.39,4,17,14,HIGH,2
53,64,FESTIVAL_CORRIDOR,239,0.929,0.522,0.512,89.64,0.452,0.876,-1.252,6,10,13,HIGH,2
53,65,EVENT_ATRIUM,233,0.883,0.695,0.453,78.32,0.415,0.706,-1.018,13,11,7,WARNING,1
53,66,MALL_CONCERT_STAGE,214,0.84,0.532,0.413,88.04,0.461,0.82,-1.158,4,8,9,WARNING,1
53,67,MALL_CONCERT_STAGE,237,0.908,0.562,0.449,91.91,0.378,0.814,-1.102,6,11,11,WARNING,1
53,68,EVENT_ATRIUM,215,0.816,0.721,0.45,91.56,0.415,0.87,-0.358,6,7,8,WARNING,1
53,69,MALL_CONCERT_STAGE,242,0.935,0.74,0.579,91.96,0.472,0.831,-1.06,4,14,15,HIGH,2
53,70,LIVE_PERFORMANCE_ZONE,231,0.899,0.551,0.474,83.78,0.401,0.815,-1.063,7,9,12,WARNING,1
53,71,LIVE_PERFORMANCE_ZONE,203,0.787,0.71,0.428,79.38,0.375,0.78,-0.633,8,8,10,WARNING,1
53,72,FESTIVAL_CORRIDOR,221,0.846,0.678,0.538,97.5,0.371,0.779,-0.728,2,17,9,WARNING,1
53,73,EVENT_ATRIUM,211,0.772,0.737,0.447,79.99,0.446,0.796,-0.809,8,11,9,WARNING,1
53,74,EVENT_ATRIUM,218,0.825,0.836,0.415,89.58,0.381,0.816,-0.735,10,8,8,WARNING,1
53,75,MALL_CONCERT_STAGE,211,0.845,0.621,0.383,92.74,0.452,0.806,-0.881,7,10,10,WARNING,1
53,76,FESTIVAL_CORRIDOR,224,0.832,0.618,0.348,82.82,0.389,0.76,-1.012,10,9,13,WARNING,1
53,77,FESTIVAL_CORRIDOR,200,0.787,0.687,0.41,87.52,0.378,0.842,-0.591,7,14,10,WARNING,1
53,78,EVENT_ATRIUM,194,0.731,0.883,0.289,68.73,0.349,0.783,-0.91,5,12,13,WARNING,1
53,79,MALL_CONCERT_STAGE,193,0.753,0.756,0.438,86.16,0.432,0.646,-1.24,4,13,4,WARNING,1
53,80,FESTIVAL_CORRIDOR,216,0.841,0.717,0.491,88.55,0.408,0.787,-0.85,6,12,5,WARNING,1
53,81,FESTIVAL_CORRIDOR,188,0.74,0.684,0.488,83.41,0.28,0.773,-0.986,3,8,12,WARNING,1
53,82,LIVE_PERFORMANCE_ZONE,192,0.704,0.778,0.301,70.4,0.297,0.719,-0.446,4,5,9,WARNING,1
53,83,LIVE_PERFORMANCE_ZONE,190,0.747,0.837,0.474,66.75,0.38,0.7,-1.155,6,5,9,WARNING,1
53,84,LIVE_PERFORMANCE_ZONE,174,0.674,0.935,0.306,82.79,0.27,0.7,-0.842,3,7,12,WARNING,1
53,85,MALL_CONCERT_STAGE,206,0.781,0.625,0.462,83.78,0.339,0.736,-1.471,9,4,12,WARNING,1
53,86,MALL_CONCERT_STAGE,174,0.622,0.794,0.325,63.67,0.356,0.744,-0.95,9,11,12,WARNING,1
53,87,MALL_CONCERT_STAGE,168,0.583,0.754,0.261,60.55,0.328,0.614,0.119,5,8,8,SAFE,0
53,88,FESTIVAL_CORRIDOR,177,0.654,0.833,0.433,53.85,0.27,0.668,-0.645,3,5,9,WARNING,1
53,89,EVENT_ATRIUM,179,0.661,0.812,0.241,67.35,0.31,0.767,-0.087,7,13,6,WARNING,1
54,0,MALL_CONCERT_STAGE,156,0.665,0.869,0.357,74.99,0.374,0.682,-0.474,3,7,6,WARNING,1
54,1,EVENT_ATRIUM,143,0.543,1.024,0.311,61.08,0.267,0.689,-0.672,9,9,5,SAFE,0
54,2,LIVE_PERFORMANCE_ZONE,145,0.55,0.872,0.349,49.92,0.234,0.582,-0.073,5,11,10,SAFE,0
54,3,EVENT_ATRIUM,130,0.536,1.033,0.304,67.21,0.255,0.696,-1.039,5,2,4,SAFE,0
54,4,FESTIVAL_CORRIDOR,153,0.605,0.883,0.284,56.6,0.258,0.777,-1.456,1,12,7,SAFE,0
54,5,LIVE_PERFORMANCE_ZONE,133,0.508,1.021,0.291,61.59,0.225,0.663,-0.383,6,10,8,SAFE,0
54,6,EVENT_ATRIUM,142,0.546,0.796,0.341,53.02,0.329,0.65,-0.466,4,5,9,SAFE,0
54,7,FESTIVAL_CORRIDOR,177,0.677,0.963,0.461,73.73,0.327,0.791,-0.476,6,8,14,WARNING,1
54,8,MALL_CONCERT_STAGE,164,0.583,0.978,0.249,69.79,0.317,0.62,-0.898,7,5,3,SAFE,0
54,9,FESTIVAL_CORRIDOR,145,0.608,0.986,0.303,72.27,0.18,0.629,-0.432,5,12,8,SAFE,0
54,10,FESTIVAL_CORRIDOR,175,0.647,0.696,0.371,60.29,0.278,0.661,-0.874,8,14,10,WARNING,1
54,11,FESTIVAL_CORRIDOR,166,0.626,0.936,0.405,61.73,0.282,0.793,-1.062,5,6,7,WARNING,1
54,12,EVENT_ATRIUM,179,0.721,0.897,0.426,67.67,0.313,0.781,-0.901,7,10,5,WARNING,1
54,13,MALL_CONCERT_STAGE,176,0.665,0.834,0.385,72.89,0.339,0.728,-1.173,8,13,8,WARNING,1
54,14,FESTIVAL_CORRIDOR,179,0.68,0.863,0.402,68.91,0.298,0.791,-0.765,10,11,10,WARNING,1
54,15,FESTIVAL_CORRIDOR,183,0.666,1.034,0.377,69.11,0.271,0.726,-0.114,7,8,14,WARNING,1
54,16,EVENT_ATRIUM,172,0.594,1.009,0.297,51.08,0.263,0.657,-0.598,10,5,4,SAFE,0
54,17,EVENT_ATRIUM,193,0.718,0.836,0.374,93.28,0.379,0.749,-0.634,5,7,8,WARNING,1
54,18,MALL_CONCERT_STAGE,220,0.82,0.593,0.438,93.99,0.414,0.697,-1.053,2,13,6,WARNING,1
54,19,MALL_CONCERT_STAGE,166,0.618,0.927,0.297,72.14,0.292,0.681,-0.353,6,13,11,SAFE,0
54,20,MALL_CONCERT_STAGE,192,0.803,0.706,0.502,95.44,0.358,0.721,-1.349,7,11,11,WARNING,1
54,21,LIVE_PERFORMANCE_ZONE,178,0.676,0.901,0.424,74.85,0.336,0.769,-0.593,11,6,7,WARNING,1
54,22,MALL_CONCERT_STAGE,180,0.655,0.748,0.267,76.06,0.361,0.625,-0.091,4,11,3,WARNING,1
54,23,MALL_CONCERT_STAGE,181,0.687,0.856,0.333,78.8,0.272,0.75,0.156,7,4,13,WARNING,1
54,24,MALL_CONCERT_STAGE,187,0.704,0.82,0.379,71.56,0.343,0.633,-0.918,5,12,7,WARNING,1
54,25,EVENT_ATRIUM,180,0.694,0.993,0.454,83.2,0.316,0.692,-0.543,6,7,9,WARNING,1
54,26,MALL_CONCERT_STAGE,187,0.734,0.772,0.405,75.69,0.324,0.695,-0.787,6,13,7,WARNING,1
54,27,FESTIVAL_CORRIDOR,185,0.732,0.74,0.389,81.28,0.369,0.666,-0.434,6,5,10,WARNING,1
54,28,LIVE_PERFORMANCE_ZONE,160,0.669,0.817,0.342,80.9,0.339,0.723,-1.146,7,14,10,WARNING,1
54,29,LIVE_PERFORMANCE_ZONE,169,0.665,0.913,0.388,80.35,0.182,0.735,-0.664,9,6,14,WARNING,1
54,30,FESTIVAL_CORRIDOR,165,0.602,1.083,0.285,59.5,0.298,0.621,-0.12,5,10,8,SAFE,0
54,31,LIVE_PERFORMANCE_ZONE,161,0.627,0.843,0.381,61.73,0.319,0.775,-0.412,5,14,8,WARNING,1
54,32,EVENT_ATRIUM,153,0.547,0.852,0.276,67.26,0.212,0.721,-0.335,5,9,6,SAFE,0
54,33,EVENT_ATRIUM,150,0.63,0.875,0.283,65.72,0.323,0.76,-0.465,4,9,5,WARNING,1
54,34,EVENT_ATRIUM,153,0.579,0.795,0.304,72.8,0.365,0.661,-0.483,3,13,5,SAFE,0
54,35,FESTIVAL_CORRIDOR,164,0.694,0.862,0.488,84.8,0.399,0.756,-0.404,4,12,6,WARNING,1
54,36,FESTIVAL_CORRIDOR,134,0.476,0.943,0.221,63.46,0.265,0.586,-0.2,5,6,10,SAFE,0
54,37,LIVE_PERFORMANCE_ZONE,158,0.58,1.002,0.306,58.21,0.273,0.599,-0.636,3,11,8,SAFE,0
54,38,LIVE_PERFORMANCE_ZONE,136,0.538,1.005,0.32,58.76,0.252,0.566,-1.113,5,8,4,SAFE,0
54,39,EVENT_ATRIUM,147,0.533,1.106,0.299,58.79,0.317,0.57,-0.469,7,7,5,SAFE,0
54,40,FESTIVAL_CORRIDOR,125,0.505,1.091,0.269,57.01,0.175,0.582,-0.106,5,6,6,SAFE,0
54,41,EVENT_ATRIUM,132,0.501,1.142,0.273,59.44,0.154,0.578,-1.188,2,8,2,SAFE,0
54,42,EVENT_ATRIUM,127,0.478,0.92,0.212,54.04,0.162,0.647,-0.686,6,4,5,SAFE,0
54,43,MALL_CONCERT_STAGE,144,0.51,0.985,0.305,57.46,0.237,0.552,-1.533,2,4,4,SAFE,0
54,44,LIVE_PERFORMANCE_ZONE,147,0.527,1.124,0.278,60.19,0.237,0.654,-0.67,7,7,6,SAFE,0
54,45,FESTIVAL_CORRIDOR,130,0.515,1.049,0.25,63.03,0.337,0.607,-0.686,3,5,5,SAFE,0
54,46,LIVE_PERFORMANCE_ZONE,138,0.557,0.833,0.401,62.74,0.303,0.64,-0.496,5,6,6,SAFE,0
54,47,FESTIVAL_CORRIDOR,139,0.511,0.982,0.381,55.88,0.213,0.67,-0.698,6,3,4,SAFE,0
54,48,EVENT_ATRIUM,137,0.535,1.042,0.262,61.14,0.2,0.603,0.019,4,5,9,SAFE,0
54,49,FESTIVAL_CORRIDOR,126,0.525,0.987,0.26,60.94,0.225,0.701,-1.158,6,4,12,SAFE,0
54,50,LIVE_PERFORMANCE_ZONE,113,0.411,1.207,0.245,55.39,0.248,0.52,-0.814,5,4,7,SAFE,0
54,51,LIVE_PERFORMANCE_ZONE,133,0.54,1.021,0.316,65.13,0.195,0.665,-0.339,5,5,6,SAFE,0
54,52,MALL_CONCERT_STAGE,138,0.541,0.939,0.332,60.98,0.313,0.604,-1.244,5,5,7,SAFE,0
54,53,MALL_CONCERT_STAGE,132,0.458,1.02,0.209,49.8,0.191,0.619,-0.639,4,4,7,SAFE,0
54,54,MALL_CONCERT_STAGE,136,0.534,1.05,0.324,60.12,0.267,0.62,-0.302,6,10,7,SAFE,0
54,55,MALL_CONCERT_STAGE,118,0.426,0.966,0.241,55.16,0.155,0.605,-0.131,1,6,4,SAFE,0
54,56,LIVE_PERFORMANCE_ZONE,138,0.522,1.022,0.296,61.38,0.272,0.662,-0.935,10,6,6,SAFE,0
54,57,MALL_CONCERT_STAGE,131,0.525,1.087,0.317,62.69,0.22,0.541,-0.662,5,8,7,SAFE,0
54,58,LIVE_PERFORMANCE_ZONE,134,0.564,1.008,0.321,70.18,0.272,0.691,-0.304,8,7,4,SAFE,0
54,59,FESTIVAL_CORRIDOR,108,0.503,1.15,0.331,59.14,0.217,0.584,-0.017,6,3,6,SAFE,0
54,60,EVENT_ATRIUM,120,0.492,1.075,0.262,51.81,0.267,0.652,-0.701,2,6,5,SAFE,0
54,61,MALL_CONCERT_STAGE,126,0.495,0.863,0.289,61.59,0.191,0.653,-0.23,3,9,9,SAFE,0
54,62,FESTIVAL_CORRIDOR,109,0.453,1.08,0.275,60,0.197,0.574,-0.467,5,4,3,SAFE,0
54,63,EVENT_ATRIUM,129,0.495,1.105,0.276,69.35,0.287,0.613,-0.925,9,6,6,SAFE,0
54,64,MALL_CONCERT_STAGE,112,0.418,1.081,0.117,49.99,0.173,0.552,0.055,5,3,5,SAFE,0
54,65,LIVE_PERFORMANCE_ZONE,117,0.448,1.003,0.297,57.8,0.179,0.692,-0.675,7,4,4,SAFE,0
54,66,MALL_CONCERT_STAGE,124,0.502,1.154,0.244,58.55,0.205,0.674,-1.031,4,10,4,SAFE,0
54,67,LIVE_PERFORMANCE_ZONE,121,0.484,1.116,0.225,57.68,0.164,0.624,-0.654,6,5,3,SAFE,0
54,68,EVENT_ATRIUM,101,0.396,1.169,0.185,37.14,0.189,0.543,-0.006,3,11,7,SAFE,0
54,69,FESTIVAL_CORRIDOR,113,0.453,1.014,0.171,49.38,0.296,0.535,-1.04,6,5,6,SAFE,0
54,70,EVENT_ATRIUM,122,0.467,1.122,0.312,55.95,0.264,0.719,-0.231,4,6,8,SAFE,0
54,71,FESTIVAL_CORRIDOR,120,0.412,1.119,0.23,48.94,0.203,0.605,-0.804,8,9,6,SAFE,0
54,72,LIVE_PERFORMANCE_ZONE,119,0.452,1.207,0.204,57.99,0.28,0.575,-0.853,3,4,2,SAFE,0
54,73,EVENT_ATRIUM,141,0.514,1.155,0.211,50.43,0.202,0.692,-0.815,3,10,8,SAFE,0
54,74,LIVE_PERFORMANCE_ZONE,120,0.456,1.031,0.189,56.09,0.21,0.604,-0.26,3,6,5,SAFE,0
54,75,FESTIVAL_CORRIDOR,116,0.421,1.33,0.259,42.07,0.302,0.589,-0.789,4,6,3,SAFE,0
54,76,MALL_CONCERT_STAGE,131,0.5,1.195,0.258,37.54,0.2,0.668,-0.844,4,2,5,SAFE,0
54,77,LIVE_PERFORMANCE_ZONE,132,0.435,1.19,0.22,44.38,0.266,0.541,-0.899,2,7,4,SAFE,0
54,78,EVENT_ATRIUM,117,0.446,1.039,0.263,56.48,0.217,0.54,-0.363,3,4,3,SAFE,0
54,79,LIVE_PERFORMANCE_ZONE,97,0.341,1.248,0.239,59,0.183,0.613,-0.044,6,7,4,SAFE,0
54,80,MALL_CONCERT_STAGE,139,0.527,1.065,0.247,62.84,0.273,0.582,-0.286,4,10,4,SAFE,0
54,81,EVENT_ATRIUM,115,0.458,1.064,0.229,55.05,0.24,0.621,-0.565,5,7,4,SAFE,0
54,82,EVENT_ATRIUM,109,0.465,1.294,0.246,46.72,0.325,0.662,-0.314,1,6,3,SAFE,0
54,83,EVENT_ATRIUM,114,0.514,1.06,0.271,49.68,0.279,0.656,-0.563,8,6,5,SAFE,0
54,84,LIVE_PERFORMANCE_ZONE,115,0.44,1.089,0.255,54.07,0.203,0.684,-1.051,2,5,4,SAFE,0
54,85,EVENT_ATRIUM,115,0.493,0.999,0.186,65.97,0.276,0.626,-0.653,7,3,6,SAFE,0
54,86,MALL_CONCERT_STAGE,129,0.49,1.111,0.265,47.89,0.225,0.612,-0.46,4,9,5,SAFE,0
54,87,FESTIVAL_CORRIDOR,124,0.508,1.044,0.312,61.11,0.283,0.683,-0.911,6,7,3,SAFE,0
54,88,EVENT_ATRIUM,125,0.512,1.155,0.292,39.37,0.269,0.633,-0.636,8,7,6,SAFE,0
54,89,MALL_CONCERT_STAGE,126,0.516,1.106,0.243,61.58,0.233,0.605,-0.312,6,5,12,SAFE,0
55,0,MALL_CONCERT_STAGE,119,0.481,1.007,0.249,68.04,0.337,0.586,-0.393,6,6,3,SAFE,0
55,1,FESTIVAL_CORRIDOR,98,0.341,1.244,0.16,48.91,0.162,0.527,-0.496,4,3,7,SAFE,0
55,2,FESTIVAL_CORRIDOR,99,0.4,1.104,0.279,54.18,0.241,0.537,-1.468,8,10,6,SAFE,0
55,3,EVENT_ATRIUM,96,0.387,1.361,0.197,52.77,0.2,0.59,-1,6,3,3,SAFE,0
55,4,MALL_CONCERT_STAGE,107,0.357,1.347,0.133,44.9,0.138,0.563,-0.762,2,4,6,SAFE,0
55,5,MALL_CONCERT_STAGE,103,0.377,1.306,0.243,58.58,0.145,0.631,-0.754,2,4,7,SAFE,0
55,6,EVENT_ATRIUM,107,0.422,1.115,0.118,52.7,0.139,0.649,-0.851,4,8,6,SAFE,0
55,7,LIVE_PERFORMANCE_ZONE,94,0.359,1.273,0.214,46.53,0.262,0.522,-0.214,6,5,4,SAFE,0
55,8,MALL_CONCERT_STAGE,116,0.405,1.216,0.217,54.23,0.166,0.5,-0.718,2,5,2,SAFE,0
55,9,FESTIVAL_CORRIDOR,110,0.394,1.04,0.153,53.19,0.207,0.495,-0.393,3,1,3,SAFE,0
55,10,MALL_CONCERT_STAGE,119,0.438,1.115,0.231,61.31,0.197,0.547,-0.794,4,3,3,SAFE,0
55,11,FESTIVAL_CORRIDOR,103,0.391,1.055,0.271,45.89,0.148,0.54,-0.266,5,9,4,SAFE,0
55,12,MALL_CONCERT_STAGE,95,0.39,1.211,0.137,46.89,0.149,0.614,-0.508,3,3,2,SAFE,0
55,13,FESTIVAL_CORRIDOR,105,0.441,1.139,0.218,52.7,0.217,0.622,-0.867,3,6,2,SAFE,0
55,14,LIVE_PERFORMANCE_ZONE,115,0.416,1.099,0.19,47.7,0.209,0.643,0.315,5,3,4,SAFE,0
55,15,LIVE_PERFORMANCE_ZONE,113,0.473,1.151,0.303,55.54,0.203,0.61,-1.114,3,8,1,SAFE,0
55,16,LIVE_PERFORMANCE_ZONE,112,0.52,1.169,0.221,58.25,0.269,0.656,-0.829,3,12,8,SAFE,0
55,17,LIVE_PERFORMANCE_ZONE,108,0.435,1.116,0.209,47.63,0.128,0.616,-0.508,6,5,6,SAFE,0
55,18,EVENT_ATRIUM,109,0.448,1.107,0.297,45.6,0.199,0.622,-0.054,2,5,6,SAFE,0
55,19,EVENT_ATRIUM,124,0.447,1.098,0.314,55.55,0.303,0.51,-0.557,3,8,6,SAFE,0
55,20,MALL_CONCERT_STAGE,112,0.432,1.149,0.265,51.32,0.22,0.574,-0.342,4,5,9,SAFE,0
55,21,LIVE_PERFORMANCE_ZONE,113,0.408,0.963,0.243,40.32,0.168,0.561,-0.334,2,8,6,SAFE,0
55,22,FESTIVAL_CORRIDOR,121,0.505,0.983,0.277,51.85,0.285,0.636,-1.294,2,5,4,SAFE,0
55,23,FESTIVAL_CORRIDOR,111,0.44,1.189,0.205,47.25,0.106,0.552,-0.349,3,6,7,SAFE,0
55,24,FESTIVAL_CORRIDOR,133,0.517,1.018,0.452,53.61,0.273,0.744,-0.5,2,1,4,SAFE,0
55,25,EVENT_ATRIUM,109,0.449,1.087,0.277,54.49,0.154,0.555,-0.487,2,5,2,SAFE,0
55,26,LIVE_PERFORMANCE_ZONE,108,0.407,1.145,0.26,44.44,0.142,0.547,-0.391,1,8,4,SAFE,0
55,27,EVENT_ATRIUM,133,0.538,1.004,0.251,62.51,0.244,0.605,-1.093,3,7,2,SAFE,0
55,28,EVENT_ATRIUM,124,0.475,1.138,0.216,66.95,0.276,0.668,-0.312,3,4,5,SAFE,0
55,29,LIVE_PERFORMANCE_ZONE,134,0.589,0.9,0.283,63.51,0.271,0.672,-0.844,4,7,3,SAFE,0
55,30,FESTIVAL_CORRIDOR,136,0.538,0.869,0.223,66.34,0.217,0.568,-0.53,4,7,6,SAFE,0
55,31,LIVE_PERFORMANCE_ZONE,132,0.51,1.151,0.279,48.45,0.227,0.619,-0.48,5,8,8,SAFE,0
55,32,MALL_CONCERT_STAGE,141,0.539,0.983,0.357,63.1,0.288,0.644,-0.804,3,8,10,SAFE,0
55,33,FESTIVAL_CORRIDOR,149,0.54,1.043,0.319,60.56,0.267,0.567,-1.184,7,8,7,SAFE,0
55,34,EVENT_ATRIUM,180,0.684,0.799,0.365,76.96,0.34,0.762,-0.183,3,12,11,WARNING,1
55,35,LIVE_PERFORMANCE_ZONE,158,0.596,0.994,0.3,70.33,0.272,0.707,-0.678,1,7,9,SAFE,0
55,36,LIVE_PERFORMANCE_ZONE,156,0.6,0.889,0.23,70.03,0.361,0.679,-0.251,7,11,5,SAFE,0
55,37,FESTIVAL_CORRIDOR,173,0.643,0.926,0.369,73.32,0.301,0.667,-0.814,3,11,10,WARNING,1
55,38,LIVE_PERFORMANCE_ZONE,147,0.549,1.013,0.303,59.88,0.279,0.704,-0.154,6,12,7,SAFE,0
55,39,EVENT_ATRIUM,145,0.564,0.943,0.313,50.42,0.305,0.695,-1.145,6,11,7,SAFE,0
55,40,LIVE_PERFORMANCE_ZONE,151,0.607,0.793,0.379,64.52,0.277,0.654,-0.34,5,7,8,SAFE,0
55,41,EVENT_ATRIUM,150,0.545,0.965,0.335,68.6,0.328,0.707,-0.527,4,10,6,SAFE,0
55,42,FESTIVAL_CORRIDOR,179,0.742,0.855,0.448,82.3,0.332,0.734,-0.627,9,10,10,WARNING,1
55,43,LIVE_PERFORMANCE_ZONE,155,0.604,1.059,0.284,66.01,0.203,0.674,-0.469,4,12,3,SAFE,0
55,44,LIVE_PERFORMANCE_ZONE,151,0.612,0.911,0.306,67.54,0.271,0.737,-0.816,6,6,8,SAFE,0
55,45,FESTIVAL_CORRIDOR,173,0.635,0.899,0.399,68.64,0.304,0.641,-0.571,5,15,6,WARNING,1
55,46,FESTIVAL_CORRIDOR,152,0.648,0.742,0.333,70.1,0.359,0.725,-0.955,2,7,2,WARNING,1
55,47,LIVE_PERFORMANCE_ZONE,134,0.488,0.96,0.33,50.68,0.286,0.614,-0.534,5,7,9,SAFE,0
55,48,FESTIVAL_CORRIDOR,145,0.585,0.909,0.294,60.52,0.242,0.691,-0.931,6,7,3,SAFE,0
55,49,FESTIVAL_CORRIDOR,164,0.688,0.833,0.368,69.66,0.289,0.709,-1.04,4,10,6,WARNING,1
55,50,EVENT_ATRIUM,155,0.583,0.99,0.331,59.11,0.302,0.677,-0.55,8,6,11,SAFE,0
55,51,FESTIVAL_CORRIDOR,138,0.506,1.086,0.336,71.49,0.266,0.687,-1.162,2,8,5,SAFE,0
55,52,MALL_CONCERT_STAGE,129,0.501,1.11,0.351,64.63,0.264,0.583,-0.415,4,10,5,SAFE,0
55,53,EVENT_ATRIUM,127,0.487,0.972,0.191,57.92,0.28,0.593,-0.735,5,5,5,SAFE,0
55,54,LIVE_PERFORMANCE_ZONE,127,0.472,1.204,0.207,52.89,0.241,0.685,-1.015,5,0,5,SAFE,0
55,55,MALL_CONCERT_STAGE,128,0.525,1.124,0.241,66.46,0.272,0.68,-0.206,7,6,5,SAFE,0
55,56,LIVE_PERFORMANCE_ZONE,110,0.381,1.141,0.099,39.2,0.293,0.581,-0.827,3,5,6,SAFE,0
55,57,LIVE_PERFORMANCE_ZONE,113,0.463,1.049,0.26,65.56,0.182,0.616,-0.683,6,5,6,SAFE,0
55,58,EVENT_ATRIUM,102,0.403,1.168,0.169,45.63,0.181,0.53,-0.351,12,6,6,SAFE,0
55,59,EVENT_ATRIUM,117,0.455,1.202,0.222,48.91,0.188,0.606,-0.759,4,5,8,SAFE,0
55,60,EVENT_ATRIUM,122,0.473,1.274,0.26,53.12,0.208,0.619,-1.106,4,8,7,SAFE,0
55,61,MALL_CONCERT_STAGE,103,0.383,1.251,0.214,37.89,0.154,0.508,-0.446,2,7,3,SAFE,0
55,62,LIVE_PERFORMANCE_ZONE,88,0.32,1.239,0.161,31.51,0.212,0.497,-0.231,8,6,2,SAFE,0
55,63,FESTIVAL_CORRIDOR,125,0.456,1.062,0.255,53.72,0.208,0.505,-0.323,4,4,8,SAFE,0
55,64,LIVE_PERFORMANCE_ZONE,106,0.415,1.02,0.16,51.74,0.214,0.485,-0.407,9,1,5,SAFE,0
55,65,FESTIVAL_CORRIDOR,95,0.37,1.172,0.16,52.21,0.154,0.541,-0.895,5,5,2,SAFE,0
55,66,LIVE_PERFORMANCE_ZONE,104,0.398,1.122,0.24,44.21,0.205,0.636,-0.727,6,5,6,SAFE,0
55,67,EVENT_ATRIUM,112,0.433,1.138,0.204,53.04,0.18,0.575,0.033,3,9,7,SAFE,0
55,68,EVENT_ATRIUM,85,0.293,1.361,0.097,34.83,0.09,0.511,-0.478,6,7,4,SAFE,0
55,69,EVENT_ATRIUM,96,0.372,1.195,0.245,42.51,0.191,0.533,0.157,5,4,4,SAFE,0
55,70,FESTIVAL_CORRIDOR,109,0.496,1.115,0.231,65.04,0.271,0.615,-0.961,2,5,3,SAFE,0
55,71,MALL_CONCERT_STAGE,75,0.252,1.365,0.148,42.97,0.116,0.57,-0.434,4,2,3,SAFE,0
55,72,EVENT_ATRIUM,109,0.478,1.014,0.321,56.73,0.204,0.632,-0.454,6,5,6,SAFE,0
55,73,FESTIVAL_CORRIDOR,113,0.481,1.038,0.236,43.21,0.16,0.546,-0.387,5,7,7,SAFE,0
55,74,EVENT_ATRIUM,81,0.264,1.241,0.166,28.18,0.089,0.562,-0.441,8,4,1,SAFE,0
55,75,EVENT_ATRIUM,74,0.278,1.325,0.203,55.39,0.085,0.524,-0.144,4,4,2,SAFE,0
55,76,FESTIVAL_CORRIDOR,89,0.276,1.252,0.063,41.42,0.158,0.429,0.153,4,4,5,SAFE,0
55,77,LIVE_PERFORMANCE_ZONE,91,0.368,1.254,0.228,33.88,0.164,0.5,-0.334,6,3,3,SAFE,0
55,78,MALL_CONCERT_STAGE,89,0.402,1.107,0.064,50.79,0.214,0.579,-0.675,2,3,1,SAFE,0
55,79,FESTIVAL_CORRIDOR,102,0.321,1.125,0.165,44.43,0.195,0.493,-0.144,4,6,2,SAFE,0
55,80,MALL_CONCERT_STAGE,96,0.365,1.323,0.199,39.97,0.249,0.548,-0.55,5,4,9,SAFE,0
55,81,LIVE_PERFORMANCE_ZONE,93,0.377,1.217,0.217,43.81,0.255,0.561,-0.193,7,7,4,SAFE,0
55,82,MALL_CONCERT_STAGE,106,0.436,1.108,0.146,58.81,0.222,0.634,-0.086,4,13,1,SAFE,0
55,83,FESTIVAL_CORRIDOR,109,0.391,1.091,0.317,51.14,0.27,0.514,-0.586,4,8,4,SAFE,0
55,84,LIVE_PERFORMANCE_ZONE,102,0.374,1.171,0.264,48.02,0.198,0.631,-0.449,3,6,5,SAFE,0
55,85,LIVE_PERFORMANCE_ZONE,94,0.33,1.153,0.145,41.87,0.17,0.496,-0.614,2,4,7,SAFE,0
55,86,LIVE_PERFORMANCE_ZONE,108,0.424,1.189,0.183,59.91,0.152,0.605,-0.568,2,3,1,SAFE,0
55,87,EVENT_ATRIUM,98,0.383,1.218,0.195,56.13,0.147,0.531,-1.001,10,2,4,SAFE,0
55,88,FESTIVAL_CORRIDOR,87,0.272,1.236,0.109,44.06,0.087,0.488,-1.418,6,4,0,SAFE,0
55,89,FESTIVAL_CORRIDOR,95,0.382,1.208,0.17,53.48,0.217,0.561,-0.076,5,7,4,SAFE,0
56,0,FESTIVAL_CORRIDOR,116,0.439,1.151,0.162,49.89,0.234,0.662,-0.633,8,9,7,SAFE,0
56,1,MALL_CONCERT_STAGE,123,0.514,0.996,0.219,64.3,0.192,0.716,-0.398,2,6,10,SAFE,0
56,2,EVENT_ATRIUM,108,0.448,1.075,0.186,47.78,0.198,0.595,-0.584,7,7,0,SAFE,0
56,3,FESTIVAL_CORRIDOR,137,0.518,0.978,0.333,55.45,0.245,0.662,-0.763,5,4,4,SAFE,0
56,4,EVENT_ATRIUM,122,0.461,1.024,0.315,59.89,0.22,0.678,-0.394,4,5,3,SAFE,0
56,5,EVENT_ATRIUM,118,0.441,1.192,0.364,50.64,0.222,0.647,-0.562,5,9,5,SAFE,0
56,6,FESTIVAL_CORRIDOR,117,0.441,1.096,0.262,54.89,0.17,0.685,-0.636,5,3,6,SAFE,0
56,7,FESTIVAL_CORRIDOR,117,0.453,1.075,0.256,47.82,0.206,0.592,-1.035,4,7,6,SAFE,0
56,8,LIVE_PERFORMANCE_ZONE,119,0.466,1.085,0.278,49.25,0.236,0.606,-0.464,4,6,5,SAFE,0
56,9,LIVE_PERFORMANCE_ZONE,117,0.451,1.137,0.298,47.21,0.203,0.602,-0.166,4,7,2,SAFE,0
56,10,LIVE_PERFORMANCE_ZONE,126,0.42,1.135,0.201,55.06,0.233,0.653,-0.468,2,4,4,SAFE,0
56,11,FESTIVAL_CORRIDOR,121,0.413,0.997,0.137,45.77,0.25,0.566,-0.411,6,3,9,SAFE,0
56,12,FESTIVAL_CORRIDOR,138,0.565,1.014,0.292,59.05,0.323,0.773,-0.558,6,5,11,SAFE,0
56,13,LIVE_PERFORMANCE_ZONE,133,0.59,0.844,0.356,47.49,0.335,0.635,-0.357,5,6,8,SAFE,0
56,14,LIVE_PERFORMANCE_ZONE,123,0.497,0.984,0.273,63.83,0.188,0.577,-1.029,2,6,4,SAFE,0
56,15,FESTIVAL_CORRIDOR,150,0.564,1.053,0.33,60.31,0.306,0.654,-0.731,12,8,4,SAFE,0
56,16,FESTIVAL_CORRIDOR,168,0.613,0.915,0.354,68.96,0.308,0.64,-0.676,7,5,7,WARNING,1
56,17,MALL_CONCERT_STAGE,172,0.668,0.776,0.315,62.99,0.342,0.671,-0.493,6,10,5,WARNING,1
56,18,MALL_CONCERT_STAGE,158,0.669,0.906,0.376,73.44,0.293,0.778,-0.791,7,14,6,WARNING,1
56,19,FESTIVAL_CORRIDOR,173,0.639,0.792,0.37,69.69,0.336,0.692,-1.102,5,10,8,WARNING,1
56,20,FESTIVAL_CORRIDOR,138,0.608,1.074,0.324,67.6,0.3,0.599,-0.623,6,8,7,SAFE,0
56,21,FESTIVAL_CORRIDOR,136,0.475,1.225,0.277,51.68,0.233,0.657,-0.041,5,7,9,SAFE,0
56,22,LIVE_PERFORMANCE_ZONE,162,0.611,0.911,0.339,59.46,0.277,0.641,-0.896,3,5,6,SAFE,0
56,23,EVENT_ATRIUM,159,0.616,0.858,0.289,67.74,0.352,0.679,-1.124,1,7,3,WARNING,1
56,24,MALL_CONCERT_STAGE,154,0.59,0.997,0.305,71.63,0.315,0.664,-0.444,6,14,5,SAFE,0
56,25,MALL_CONCERT_STAGE,153,0.618,0.829,0.319,71.68,0.281,0.695,-0.884,8,7,6,WARNING,1
56,26,EVENT_ATRIUM,165,0.659,0.933,0.362,60.3,0.234,0.692,-0.407,2,5,5,WARNING,1
56,27,MALL_CONCERT_STAGE,158,0.678,0.92,0.462,69.15,0.337,0.688,-1.172,7,16,9,WARNING,1
56,28,FESTIVAL_CORRIDOR,170,0.666,0.865,0.369,74.11,0.392,0.755,-1.072,4,7,10,WARNING,1
56,29,MALL_CONCERT_STAGE,143,0.572,0.816,0.284,47.46,0.248,0.621,-0.164,1,11,5,SAFE,0
56,30,MALL_CONCERT_STAGE,148,0.594,0.808,0.308,64.71,0.278,0.57,-0.768,7,8,7,SAFE,0
56,31,EVENT_ATRIUM,153,0.583,0.945,0.398,78.36,0.298,0.594,-1.041,2,9,4,SAFE,0
56,32,LIVE_PERFORMANCE_ZONE,156,0.613,0.915,0.266,66.33,0.323,0.634,0.062,4,12,5,SAFE,0
56,33,MALL_CONCERT_STAGE,177,0.7,0.91,0.389,67.57,0.327,0.658,-0.753,3,7,7,WARNING,1
56,34,EVENT_ATRIUM,131,0.504,1.041,0.248,58.44,0.211,0.666,-1.058,6,4,5,SAFE,0
56,35,LIVE_PERFORMANCE_ZONE,131,0.467,1.009,0.272,59.03,0.275,0.629,-0.504,8,6,6,SAFE,0
56,36,FESTIVAL_CORRIDOR,137,0.586,1.083,0.288,73.74,0.243,0.634,-0.468,4,12,5,SAFE,0
56,37,EVENT_ATRIUM,110,0.453,0.961,0.206,48.56,0.194,0.592,0.08,4,8,3,SAFE,0
56,38,FESTIVAL_CORRIDOR,123,0.444,1.136,0.237,45.33,0.221,0.728,-0.738,4,6,5,SAFE,0
56,39,LIVE_PERFORMANCE_ZONE,131,0.445,1.135,0.214,60.55,0.291,0.622,-0.48,2,8,7,SAFE,0
56,40,EVENT_ATRIUM,121,0.488,0.988,0.298,60.94,0.223,0.643,-0.601,3,9,5,SAFE,0
56,41,FESTIVAL_CORRIDOR,128,0.509,1.035,0.263,53.26,0.262,0.716,-0.672,5,7,9,SAFE,0
56,42,FESTIVAL_CORRIDOR,110,0.406,1.186,0.178,53.3,0.112,0.516,-0.581,3,10,3,SAFE,0
56,43,EVENT_ATRIUM,114,0.437,1.091,0.249,43.52,0.206,0.567,0.285,6,10,7,SAFE,0
56,44,FESTIVAL_CORRIDOR,108,0.46,1.142,0.316,61.8,0.2,0.679,-0.888,3,7,8,SAFE,0
56,45,LIVE_PERFORMANCE_ZONE,104,0.382,1.171,0.21,42.7,0.141,0.604,-0.097,8,3,5,SAFE,0
56,46,LIVE_PERFORMANCE_ZONE,124,0.459,1.197,0.354,71.54,0.217,0.662,-0.582,5,10,5,SAFE,0
56,47,FESTIVAL_CORRIDOR,104,0.405,0.964,0.108,51.24,0.161,0.589,-0.361,4,6,5,SAFE,0
56,48,EVENT_ATRIUM,101,0.367,1.247,0.261,61.69,0.199,0.532,-0.382,9,5,3,SAFE,0
56,49,FESTIVAL_CORRIDOR,98,0.41,1.067,0.162,59.03,0.268,0.564,-0.2,9,2,2,SAFE,0
56,50,LIVE_PERFORMANCE_ZONE,111,0.459,1.196,0.292,54.98,0.255,0.709,-0.431,9,9,5,SAFE,0
56,51,FESTIVAL_CORRIDOR,88,0.346,1.157,0.252,59.47,0.212,0.546,-1.025,7,9,4,SAFE,0
56,52,MALL_CONCERT_STAGE,110,0.469,1.122,0.224,56.12,0.281,0.62,-0.773,4,2,8,SAFE,0
56,53,EVENT_ATRIUM,107,0.484,1.148,0.235,66.69,0.139,0.622,-0.484,2,7,9,SAFE,0
56,54,EVENT_ATRIUM,93,0.338,1.181,0.115,41.14,0.169,0.503,-0.98,3,2,2,SAFE,0
56,55,FESTIVAL_CORRIDOR,90,0.357,1.223,0.157,40.99,0.165,0.524,-0.387,6,6,5,SAFE,0
56,56,LIVE_PERFORMANCE_ZONE,109,0.333,1.161,0.141,32.64,0.191,0.541,-0.621,5,6,7,SAFE,0
56,57,FESTIVAL_CORRIDOR,99,0.417,1.039,0.243,49.28,0.214,0.597,-0.573,8,3,3,SAFE,0
56,58,EVENT_ATRIUM,104,0.361,1.036,0.186,48.46,0.199,0.622,-0.608,5,3,5,SAFE,0
56,59,EVENT_ATRIUM,115,0.423,1.194,0.225,44.79,0.235,0.56,-0.365,3,5,9,SAFE,0
56,60,FESTIVAL_CORRIDOR,89,0.372,1.178,0.265,66.41,0.176,0.54,0.152,7,4,1,SAFE,0
56,61,MALL_CONCERT_STAGE,104,0.404,1.115,0.21,46.6,0.212,0.591,-0.954,3,6,9,SAFE,0
56,62,EVENT_ATRIUM,101,0.402,1.139,0.242,51.03,0.25,0.573,-0.513,3,5,9,SAFE,0
56,63,FESTIVAL_CORRIDOR,114,0.379,1.172,0.209,43.24,0.191,0.527,-1.255,3,2,6,SAFE,0
56,64,EVENT_ATRIUM,121,0.465,1.115,0.231,57.98,0.263,0.649,-0.191,5,5,8,SAFE,0
56,65,EVENT_ATRIUM,78,0.276,1.161,0.115,33.59,0.202,0.557,-0.226,1,8,9,SAFE,0
56,66,MALL_CONCERT_STAGE,107,0.44,1.121,0.168,50.07,0.228,0.653,-0.536,5,8,1,SAFE,0
56,67,MALL_CONCERT_STAGE,83,0.338,1.189,0.224,44.55,0.117,0.49,-0.12,2,5,0,SAFE,0
56,68,EVENT_ATRIUM,130,0.447,1.101,0.22,50.57,0.179,0.597,-0.832,6,8,3,SAFE,0
56,69,MALL_CONCERT_STAGE,98,0.414,1.091,0.137,51.68,0.199,0.53,-0.683,7,9,5,SAFE,0
56,70,FESTIVAL_CORRIDOR,116,0.474,1.158,0.225,64.15,0.175,0.576,-0.302,1,8,5,SAFE,0
56,71,FESTIVAL_CORRIDOR,109,0.438,1.133,0.302,46.93,0.25,0.586,-0.426,2,4,12,SAFE,0
56,72,EVENT_ATRIUM,123,0.485,1.106,0.287,63.16,0.244,0.629,-0.243,2,7,5,SAFE,0
56,73,EVENT_ATRIUM,109,0.44,1.114,0.249,60.63,0.229,0.594,0.185,2,8,9,SAFE,0
56,74,LIVE_PERFORMANCE_ZONE,92,0.332,1.255,0.139,49.36,0.197,0.542,-0.103,4,4,5,SAFE,0
56,75,LIVE_PERFORMANCE_ZONE,122,0.469,0.998,0.282,62.27,0.2,0.595,0.127,3,12,9,SAFE,0
56,76,EVENT_ATRIUM,100,0.354,1.289,0.225,45.36,0.151,0.561,-0.569,5,6,6,SAFE,0
56,77,FESTIVAL_CORRIDOR,96,0.408,1.202,0.213,49.12,0.148,0.629,-1.027,8,1,6,SAFE,0
56,78,EVENT_ATRIUM,109,0.418,1.306,0.267,56.15,0.175,0.641,-0.532,9,2,8,SAFE,0
56,79,FESTIVAL_CORRIDOR,109,0.409,1.141,0.254,48.59,0.27,0.54,0.198,3,4,4,SAFE,0
56,80,MALL_CONCERT_STAGE,97,0.423,1.082,0.222,49.39,0.18,0.539,-0.779,5,3,4,SAFE,0
56,81,EVENT_ATRIUM,93,0.381,1.317,0.229,43.9,0.206,0.508,-0.257,2,4,3,SAFE,0
56,82,EVENT_ATRIUM,92,0.38,1.242,0.193,45.08,0.121,0.569,-0.628,6,4,7,SAFE,0
56,83,LIVE_PERFORMANCE_ZONE,107,0.396,1.121,0.285,48.64,0.222,0.627,-0.388,4,11,6,SAFE,0
56,84,EVENT_ATRIUM,100,0.384,1.158,0.193,45.08,0.197,0.443,-0.489,4,4,3,SAFE,0
56,85,MALL_CONCERT_STAGE,107,0.402,1.077,0.216,49.18,0.2,0.59,-0.756,5,3,8,SAFE,0
56,86,LIVE_PERFORMANCE_ZONE,87,0.326,1.267,0.154,50.71,0.184,0.453,-0.489,6,4,4,SAFE,0
56,87,MALL_CONCERT_STAGE,118,0.462,1.037,0.234,52.43,0.23,0.665,-0.591,7,11,3,SAFE,0
56,88,MALL_CONCERT_STAGE,91,0.314,1.228,0.206,51.56,0.129,0.528,-0.632,1,2,7,SAFE,0
56,89,EVENT_ATRIUM,110,0.448,0.936,0.257,49.74,0.191,0.607,-0.986,1,6,5,SAFE,0
57,0,MALL_CONCERT_STAGE,199,0.772,0.821,0.508,76.64,0.341,0.77,-0.965,7,4,11,WARNING,1
57,1,MALL_CONCERT_STAGE,201,0.68,0.982,0.379,62.28,0.234,0.716,-0.269,6,13,9,WARNING,1
57,2,EVENT_ATRIUM,201,0.789,0.854,0.467,75.67,0.406,0.697,-1.321,10,4,7,WARNING,1
57,3,MALL_CONCERT_STAGE,202,0.761,0.803,0.323,75.69,0.412,0.74,-0.887,10,12,9,WARNING,1
57,4,MALL_CONCERT_STAGE,195,0.761,0.672,0.484,84.04,0.34,0.829,-0.429,5,14,8,WARNING,1
57,5,LIVE_PERFORMANCE_ZONE,188,0.732,0.765,0.414,71.9,0.336,0.825,-0.966,5,11,4,WARNING,1
57,6,EVENT_ATRIUM,193,0.724,0.937,0.376,79.15,0.35,0.732,-0.651,7,9,14,WARNING,1
57,7,EVENT_ATRIUM,199,0.794,0.731,0.505,84.49,0.357,0.795,-0.873,4,11,10,WARNING,1
57,8,FESTIVAL_CORRIDOR,181,0.688,0.828,0.403,71.07,0.272,0.758,-0.92,9,5,8,WARNING,1
57,9,LIVE_PERFORMANCE_ZONE,181,0.699,0.884,0.463,84,0.287,0.746,0.128,12,13,10,WARNING,1
57,10,LIVE_PERFORMANCE_ZONE,196,0.724,0.922,0.448,72.55,0.381,0.807,-0.875,7,7,6,WARNING,1
57,11,MALL_CONCERT_STAGE,202,0.757,0.871,0.446,86.78,0.358,0.712,-1.15,2,13,13,WARNING,1
57,12,FESTIVAL_CORRIDOR,191,0.716,0.797,0.402,79.84,0.379,0.713,-0.64,7,12,9,WARNING,1
57,13,EVENT_ATRIUM,210,0.812,0.587,0.49,76.02,0.443,0.761,-1.285,7,9,16,WARNING,1
57,14,MALL_CONCERT_STAGE,180,0.654,1.083,0.405,84.28,0.348,0.705,-0.672,3,7,11,WARNING,1
57,15,FESTIVAL_CORRIDOR,205,0.807,0.687,0.459,77.77,0.401,0.789,-0.673,3,20,6,WARNING,1
57,16,FESTIVAL_CORRIDOR,194,0.746,0.664,0.326,73.09,0.315,0.769,-0.584,7,3,18,WARNING,1
57,17,FESTIVAL_CORRIDOR,196,0.74,0.785,0.444,65.33,0.366,0.754,-0.921,6,11,12,WARNING,1
57,18,FESTIVAL_CORRIDOR,182,0.709,0.77,0.405,77.16,0.388,0.711,-1.669,4,8,10,WARNING,1
57,19,EVENT_ATRIUM,176,0.668,0.801,0.285,79.28,0.32,0.726,-1.294,6,11,9,WARNING,1
57,20,LIVE_PERFORMANCE_ZONE,188,0.712,0.888,0.392,67.6,0.307,0.692,-0.441,7,11,11,WARNING,1
57,21,EVENT_ATRIUM,193,0.728,0.783,0.336,64.11,0.278,0.78,-0.962,8,8,10,WARNING,1
57,22,LIVE_PERFORMANCE_ZONE,197,0.738,0.817,0.434,77.45,0.295,0.712,-1.001,10,11,11,WARNING,1
57,23,LIVE_PERFORMANCE_ZONE,193,0.769,0.884,0.413,73.97,0.319,0.782,-0.466,2,9,6,WARNING,1
57,24,LIVE_PERFORMANCE_ZONE,211,0.834,0.751,0.454,89.9,0.393,0.746,-1.554,9,8,17,WARNING,1
57,25,MALL_CONCERT_STAGE,213,0.765,0.698,0.442,91.34,0.359,0.777,-1.412,4,10,5,WARNING,1
57,26,MALL_CONCERT_STAGE,201,0.717,0.806,0.328,75.6,0.356,0.713,-0.993,3,12,15,WARNING,1
57,27,LIVE_PERFORMANCE_ZONE,204,0.797,0.792,0.484,82.25,0.446,0.844,-0.81,5,9,10,WARNING,1
57,28,FESTIVAL_CORRIDOR,216,0.864,0.598,0.524,86.64,0.405,0.891,-0.817,2,11,15,WARNING,1
57,29,EVENT_ATRIUM,201,0.772,0.75,0.415,78.1,0.427,0.719,-1.028,4,14,5,WARNING,1
57,30,LIVE_PERFORMANCE_ZONE,233,0.901,0.707,0.528,90.88,0.372,0.873,-0.901,5,11,13,WARNING,1
57,31,FESTIVAL_CORRIDOR,206,0.733,0.78,0.463,78.99,0.318,0.777,-0.845,9,12,12,WARNING,1
57,32,FESTIVAL_CORRIDOR,223,0.876,0.647,0.443,76.07,0.427,0.879,-0.883,6,15,6,WARNING,1
57,33,EVENT_ATRIUM,205,0.775,0.761,0.418,60.45,0.329,0.76,-0.353,4,15,7,WARNING,1
57,34,LIVE_PERFORMANCE_ZONE,208,0.786,0.696,0.317,74.62,0.387,0.817,-0.809,4,16,14,WARNING,1
57,35,FESTIVAL_CORRIDOR,226,0.891,0.498,0.456,86.94,0.366,0.867,-1.157,10,5,13,WARNING,1
57,36,MALL_CONCERT_STAGE,236,0.915,0.657,0.423,93.27,0.375,0.756,-0.854,7,7,7,WARNING,1
57,37,EVENT_ATRIUM,231,0.889,0.601,0.466,91.58,0.365,0.864,-1.337,7,10,13,WARNING,1
57,38,LIVE_PERFORMANCE_ZONE,245,0.911,0.622,0.481,81.2,0.435,0.883,-0.921,14,13,11,WARNING,1
57,39,EVENT_ATRIUM,255,0.986,0.47,0.5,100.59,0.407,0.784,-0.74,11,9,8,HIGH,2
57,40,LIVE_PERFORMANCE_ZONE,237,0.934,0.369,0.494,101.76,0.504,0.883,-1.194,7,12,15,HIGH,2
57,41,MALL_CONCERT_STAGE,237,0.894,0.577,0.537,86.77,0.429,0.849,-1.489,8,20,9,WARNING,1
57,42,EVENT_ATRIUM,232,0.91,0.481,0.484,97.03,0.468,0.887,-1.022,12,13,8,HIGH,2
57,43,LIVE_PERFORMANCE_ZONE,257,0.961,0.462,0.461,95.34,0.476,0.795,-1.036,9,11,12,HIGH,2
57,44,LIVE_PERFORMANCE_ZONE,234,0.925,0.566,0.54,73.53,0.427,0.871,-1.104,9,12,12,WARNING,1
57,45,LIVE_PERFORMANCE_ZONE,264,0.963,0.463,0.632,96.13,0.462,0.84,-0.5,8,7,9,HIGH,2
57,46,MALL_CONCERT_STAGE,256,0.978,0.447,0.541,99.54,0.528,0.89,-1.191,8,9,14,HIGH,2
57,47,FESTIVAL_CORRIDOR,260,0.99,0.592,0.514,98.75,0.5,0.81,-1.358,4,17,9,HIGH,2
57,48,MALL_CONCERT_STAGE,262,1,0.477,0.549,96.99,0.477,0.964,-0.775,7,15,9,HIGH,2
57,49,EVENT_ATRIUM,253,0.97,0.531,0.491,93.44,0.505,0.813,-0.453,7,12,10,HIGH,2
57,50,LIVE_PERFORMANCE_ZONE,258,0.944,0.448,0.562,100.89,0.463,0.881,-0.691,7,14,11,HIGH,2
57,51,FESTIVAL_CORRIDOR,247,0.991,0.551,0.545,102.92,0.436,0.911,-0.959,7,15,19,HIGH,2
57,52,MALL_CONCERT_STAGE,236,0.926,0.586,0.526,86.16,0.433,0.825,-0.824,8,12,12,WARNING,1
57,53,FESTIVAL_CORRIDOR,243,0.937,0.446,0.513,102.29,0.395,0.902,-0.921,2,10,13,HIGH,2
57,54,LIVE_PERFORMANCE_ZONE,250,0.935,0.705,0.524,91.46,0.507,0.867,-0.659,8,16,7,HIGH,2
57,55,LIVE_PERFORMANCE_ZONE,237,0.988,0.598,0.492,98.74,0.467,0.884,-1.487,10,15,3,HIGH,2
57,56,LIVE_PERFORMANCE_ZONE,224,0.863,0.564,0.432,80.81,0.445,0.838,-1.226,15,12,12,WARNING,1
57,57,MALL_CONCERT_STAGE,237,0.883,0.596,0.479,90.41,0.421,0.816,-0.291,7,13,10,WARNING,1
57,58,LIVE_PERFORMANCE_ZONE,235,0.854,0.722,0.393,91.52,0.364,0.82,-0.382,6,9,5,WARNING,1
57,59,MALL_CONCERT_STAGE,213,0.832,0.64,0.426,78.8,0.477,0.766,-1.003,8,12,6,WARNING,1
57,60,LIVE_PERFORMANCE_ZONE,214,0.811,0.655,0.48,82.34,0.396,0.809,-1.241,5,10,16,WARNING,1
57,61,FESTIVAL_CORRIDOR,213,0.797,0.799,0.484,89.66,0.37,0.726,-1.051,3,7,7,WARNING,1
57,62,FESTIVAL_CORRIDOR,227,0.92,0.581,0.522,95.55,0.473,0.831,-1.109,6,14,13,HIGH,2
57,63,LIVE_PERFORMANCE_ZONE,221,0.82,0.72,0.441,82.11,0.398,0.753,-1.23,9,7,12,WARNING,1
57,64,EVENT_ATRIUM,238,0.915,0.584,0.487,90.5,0.392,0.867,-0.628,7,8,15,WARNING,1
57,65,EVENT_ATRIUM,219,0.832,0.719,0.44,86.14,0.407,0.738,-0.868,8,14,1,WARNING,1
57,66,LIVE_PERFORMANCE_ZONE,217,0.799,0.699,0.422,81.14,0.362,0.806,-1.209,3,11,6,WARNING,1
57,67,FESTIVAL_CORRIDOR,181,0.694,0.927,0.376,93.23,0.302,0.763,-0.771,3,7,14,WARNING,1
57,68,EVENT_ATRIUM,210,0.835,0.587,0.481,76.51,0.442,0.87,-1.071,10,11,12,WARNING,1
57,69,MALL_CONCERT_STAGE,207,0.863,0.549,0.476,91.04,0.379,0.89,-1.197,8,14,11,WARNING,1
57,70,MALL_CONCERT_STAGE,218,0.819,0.589,0.516,71.63,0.434,0.859,-1.012,10,12,8,WARNING,1
57,71,EVENT_ATRIUM,166,0.615,1.021,0.289,61.72,0.329,0.688,-0.595,8,13,9,SAFE,0
57,72,FESTIVAL_CORRIDOR,195,0.753,0.701,0.319,59.9,0.363,0.703,-1.069,6,9,10,WARNING,1
57,73,EVENT_ATRIUM,199,0.725,0.771,0.393,72.15,0.373,0.824,-0.875,15,11,9,WARNING,1
57,74,EVENT_ATRIUM,181,0.738,0.791,0.415,89.85,0.342,0.703,-0.673,8,16,9,WARNING,1
57,75,EVENT_ATRIUM,216,0.841,0.509,0.376,88.64,0.348,0.839,-0.787,3,7,14,WARNING,1
57,76,EVENT_ATRIUM,188,0.724,0.715,0.398,78.32,0.39,0.815,-0.236,5,9,5,WARNING,1
57,77,MALL_CONCERT_STAGE,174,0.612,0.837,0.293,70.15,0.241,0.711,-1.269,9,11,4,SAFE,0
57,78,LIVE_PERFORMANCE_ZONE,186,0.728,0.766,0.434,77.24,0.285,0.656,-0.951,8,11,7,WARNING,1
57,79,EVENT_ATRIUM,186,0.72,0.919,0.497,85.04,0.31,0.705,-0.815,11,18,9,WARNING,1
57,80,MALL_CONCERT_STAGE,184,0.648,0.864,0.381,69.23,0.272,0.665,-0.628,3,12,6,WARNING,1
57,81,FESTIVAL_CORRIDOR,190,0.726,0.839,0.483,73,0.365,0.747,-1.27,14,12,11,WARNING,1
57,82,FESTIVAL_CORRIDOR,182,0.733,0.673,0.364,76.12,0.343,0.852,-0.797,1,16,10,WARNING,1
57,83,EVENT_ATRIUM,199,0.693,0.817,0.39,70.62,0.248,0.697,-0.843,6,9,9,WARNING,1
57,84,LIVE_PERFORMANCE_ZONE,196,0.737,0.846,0.379,73.97,0.345,0.802,-1.391,3,5,9,WARNING,1
57,85,LIVE_PERFORMANCE_ZONE,196,0.736,0.73,0.369,80.03,0.353,0.845,-0.508,10,3,5,WARNING,1
57,86,LIVE_PERFORMANCE_ZONE,187,0.731,0.796,0.383,88.12,0.376,0.7,-0.721,6,13,6,WARNING,1
57,87,MALL_CONCERT_STAGE,187,0.734,0.865,0.442,80.81,0.377,0.784,-0.22,2,5,8,WARNING,1
57,88,LIVE_PERFORMANCE_ZONE,185,0.708,0.858,0.393,76.89,0.384,0.77,-0.523,6,14,10,WARNING,1
57,89,EVENT_ATRIUM,213,0.818,0.772,0.488,81.89,0.356,0.754,-0.701,6,11,9,WARNING,1
58,0,FESTIVAL_CORRIDOR,100,0.399,0.963,0.124,64.33,0.196,0.588,-0.782,3,4,5,SAFE,0
58,1,MALL_CONCERT_STAGE,112,0.38,1.333,0.216,48.76,0.182,0.48,-0.661,4,7,3,SAFE,0
58,2,LIVE_PERFORMANCE_ZONE,128,0.45,1.087,0.26,51.95,0.229,0.574,-0.565,13,4,9,SAFE,0
58,3,MALL_CONCERT_STAGE,135,0.531,1.062,0.283,60.39,0.246,0.639,-0.719,6,5,3,SAFE,0
58,4,FESTIVAL_CORRIDOR,129,0.529,1.018,0.268,60.75,0.275,0.701,-0.837,3,2,6,SAFE,0
58,5,MALL_CONCERT_STAGE,129,0.476,1.174,0.262,55.61,0.263,0.569,-0.773,5,6,1,SAFE,0
58,6,MALL_CONCERT_STAGE,117,0.44,1.152,0.221,44.76,0.243,0.603,-0.795,7,6,8,SAFE,0
58,7,FESTIVAL_CORRIDOR,137,0.507,1.025,0.205,72.13,0.191,0.611,-0.393,4,7,5,SAFE,0
58,8,FESTIVAL_CORRIDOR,165,0.614,0.925,0.268,79.3,0.322,0.66,-0.68,9,6,6,SAFE,0
58,9,FESTIVAL_CORRIDOR,133,0.447,1.15,0.335,61.28,0.144,0.604,-0.196,7,5,4,SAFE,0
58,10,MALL_CONCERT_STAGE,171,0.629,0.819,0.334,64.74,0.27,0.724,-0.486,4,5,7,WARNING,1
58,11,MALL_CONCERT_STAGE,147,0.561,0.9,0.246,66.04,0.288,0.636,-0.791,4,11,10,SAFE,0
58,12,LIVE_PERFORMANCE_ZONE,123,0.46,1.063,0.267,43.19,0.222,0.703,0.199,1,8,11,SAFE,0
58,13,LIVE_PERFORMANCE_ZONE,170,0.623,0.835,0.36,71.55,0.307,0.747,-0.697,5,12,3,WARNING,1
58,14,EVENT_ATRIUM,157,0.597,0.989,0.371,68,0.322,0.706,0.1,6,5,9,WARNING,1
58,15,FESTIVAL_CORRIDOR,167,0.663,0.884,0.363,68.23,0.371,0.728,-0.272,5,7,5,WARNING,1
58,16,EVENT_ATRIUM,179,0.67,0.9,0.368,65.96,0.347,0.738,-0.636,9,9,8,WARNING,1
58,17,EVENT_ATRIUM,189,0.733,0.911,0.412,85.9,0.281,0.803,-0.515,3,9,9,WARNING,1
58,18,MALL_CONCERT_STAGE,171,0.631,0.907,0.268,68.79,0.315,0.645,-1.113,10,11,6,SAFE,0
58,19,FESTIVAL_CORRIDOR,171,0.617,1.036,0.355,65.83,0.3,0.746,-0.674,8,7,9,WARNING,1
58,20,MALL_CONCERT_STAGE,163,0.64,0.93,0.292,83.27,0.32,0.684,-1.259,6,7,8,WARNING,1
58,21,EVENT_ATRIUM,166,0.691,0.817,0.388,74.38,0.358,0.728,-0.819,4,3,11,WARNING,1
58,22,LIVE_PERFORMANCE_ZONE,170,0.662,0.764,0.396,73.35,0.235,0.65,-0.523,6,11,6,WARNING,1
58,23,FESTIVAL_CORRIDOR,164,0.646,0.751,0.319,69.87,0.248,0.677,-0.269,7,6,6,SAFE,0
58,24,EVENT_ATRIUM,180,0.677,1.003,0.403,72.6,0.307,0.757,-0.964,5,8,6,WARNING,1
58,25,LIVE_PERFORMANCE_ZONE,146,0.567,1.01,0.347,61.02,0.267,0.727,-0.161,5,9,9,SAFE,0
58,26,FESTIVAL_CORRIDOR,141,0.536,1.107,0.351,54.88,0.162,0.691,-0.503,4,10,8,SAFE,0
58,27,FESTIVAL_CORRIDOR,153,0.592,0.904,0.225,74.78,0.33,0.572,-0.666,5,13,3,SAFE,0
58,28,LIVE_PERFORMANCE_ZONE,161,0.679,0.932,0.363,70.12,0.337,0.779,-0.44,4,7,6,WARNING,1
58,29,FESTIVAL_CORRIDOR,161,0.624,0.968,0.372,73.39,0.36,0.655,-1.289,7,5,6,WARNING,1
58,30,MALL_CONCERT_STAGE,121,0.467,1.042,0.337,65.19,0.213,0.624,-0.814,7,4,4,SAFE,0
58,31,EVENT_ATRIUM,127,0.488,0.893,0.259,51.12,0.22,0.603,-0.426,3,7,7,SAFE,0
58,32,EVENT_ATRIUM,145,0.631,0.946,0.337,73.03,0.286,0.686,-0.181,2,8,6,WARNING,1
58,33,MALL_CONCERT_STAGE,153,0.582,0.939,0.352,63.69,0.275,0.67,-0.996,7,7,8,SAFE,0
58,34,MALL_CONCERT_STAGE,158,0.599,1.027,0.3,72.07,0.307,0.674,-0.393,4,4,11,SAFE,0
58,35,EVENT_ATRIUM,135,0.551,0.955,0.29,63.66,0.243,0.613,-0.417,3,7,11,SAFE,0
58,36,EVENT_ATRIUM,127,0.443,1.081,0.211,63.77,0.184,0.565,-0.493,3,7,2,SAFE,0
58,37,FESTIVAL_CORRIDOR,122,0.511,0.941,0.335,74.1,0.206,0.628,-0.648,5,6,5,SAFE,0
58,38,FESTIVAL_CORRIDOR,110,0.409,1.022,0.28,52.08,0.158,0.541,-0.38,6,7,5,SAFE,0
58,39,FESTIVAL_CORRIDOR,131,0.58,1.036,0.251,65.47,0.296,0.687,-0.444,3,6,6,SAFE,0
58,40,LIVE_PERFORMANCE_ZONE,120,0.45,1.202,0.258,50.87,0.19,0.675,0.098,7,6,4,SAFE,0
58,41,FESTIVAL_CORRIDOR,120,0.489,1.055,0.243,61.39,0.222,0.64,-0.947,4,9,9,SAFE,0
58,42,LIVE_PERFORMANCE_ZONE,135,0.493,1.108,0.283,66,0.264,0.567,-1.292,4,11,12,SAFE,0
58,43,EVENT_ATRIUM,134,0.485,1.018,0.298,56.91,0.228,0.678,-0.463,3,6,5,SAFE,0
58,44,MALL_CONCERT_STAGE,111,0.495,1.108,0.214,65.86,0.306,0.619,-0.77,6,7,7,SAFE,0
58,45,EVENT_ATRIUM,93,0.339,1.194,0.19,52.89,0.137,0.509,-0.863,3,5,7,SAFE,0
58,46,LIVE_PERFORMANCE_ZONE,111,0.42,0.97,0.251,57.1,0.198,0.565,-0.95,9,7,3,SAFE,0
58,47,LIVE_PERFORMANCE_ZONE,98,0.393,1.08,0.19,43.86,0.169,0.478,-0.668,5,9,4,SAFE,0
58,48,FESTIVAL_CORRIDOR,103,0.408,1.13,0.264,55.92,0.192,0.598,0.099,3,7,9,SAFE,0
58,49,MALL_CONCERT_STAGE,124,0.478,1.084,0.274,45.88,0.202,0.67,-0.866,5,6,5,SAFE,0
58,50,EVENT_ATRIUM,101,0.424,1.065,0.31,48.76,0.216,0.624,-0.726,4,6,4,SAFE,0
58,51,LIVE_PERFORMANCE_ZONE,128,0.5,1.166,0.259,50.83,0.241,0.6,-0.03,9,6,5,SAFE,0
58,52,LIVE_PERFORMANCE_ZONE,131,0.493,1.092,0.279,56.67,0.269,0.595,-0.801,2,3,3,SAFE,0
58,53,FESTIVAL_CORRIDOR,101,0.397,1.192,0.139,56.07,0.077,0.718,-0.426,4,3,3,SAFE,0
58,54,FESTIVAL_CORRIDOR,98,0.42,1.198,0.345,59.95,0.241,0.621,-0.358,6,3,2,SAFE,0
58,55,LIVE_PERFORMANCE_ZONE,116,0.433,1,0.3,56.64,0.145,0.516,-0.793,7,8,3,SAFE,0
58,56,LIVE_PERFORMANCE_ZONE,92,0.31,0.981,0.181,46.66,0.16,0.515,-0.371,7,4,1,SAFE,0
58,57,MALL_CONCERT_STAGE,106,0.388,1.145,0.216,52.32,0.177,0.562,-0.74,5,5,6,SAFE,0
58,58,EVENT_ATRIUM,127,0.485,1.156,0.2,54.56,0.185,0.586,-1.37,9,6,8,SAFE,0
58,59,MALL_CONCERT_STAGE,97,0.345,1.127,0.207,48.41,0.214,0.655,-0.892,2,2,6,SAFE,0
58,60,EVENT_ATRIUM,119,0.449,1.177,0.139,65.4,0.251,0.556,-0.833,5,6,8,SAFE,0
58,61,FESTIVAL_CORRIDOR,106,0.418,1.185,0.226,36.18,0.108,0.564,-0.845,8,6,2,SAFE,0
58,62,EVENT_ATRIUM,113,0.457,1.02,0.246,47.27,0.182,0.639,-0.092,3,5,3,SAFE,0
58,63,EVENT_ATRIUM,102,0.401,1.092,0.209,56.52,0.195,0.498,-0.903,4,3,6,SAFE,0
58,64,FESTIVAL_CORRIDOR,110,0.434,1.16,0.275,53.5,0.212,0.508,-0.605,8,3,5,SAFE,0
58,65,EVENT_ATRIUM,81,0.332,1.158,0.256,47.57,0.134,0.535,-0.471,2,5,3,SAFE,0
58,66,MALL_CONCERT_STAGE,118,0.472,1.015,0.195,61.92,0.218,0.653,0.035,4,5,5,SAFE,0
58,67,EVENT_ATRIUM,137,0.555,0.914,0.22,59.43,0.349,0.637,-0.673,4,3,10,SAFE,0
58,68,EVENT_ATRIUM,109,0.351,1.153,0.174,48.35,0.184,0.497,-0.583,2,8,1,SAFE,0
58,69,FESTIVAL_CORRIDOR,99,0.389,1.248,0.277,53.53,0.195,0.508,0.155,4,3,2,SAFE,0
58,70,EVENT_ATRIUM,109,0.407,1.09,0.154,52.84,0.193,0.584,-0.537,2,2,5,SAFE,0
58,71,FESTIVAL_CORRIDOR,113,0.423,1.199,0.161,57.82,0.261,0.545,-0.314,6,5,4,SAFE,0
58,72,MALL_CONCERT_STAGE,101,0.387,1.078,0.175,52.59,0.168,0.564,-0.258,1,3,4,SAFE,0
58,73,FESTIVAL_CORRIDOR,118,0.49,1.185,0.305,57.67,0.215,0.581,-0.652,7,5,3,SAFE,0
58,74,MALL_CONCERT_STAGE,113,0.458,1.113,0.286,48.57,0.268,0.588,-1.04,8,6,8,SAFE,0
58,75,MALL_CONCERT_STAGE,103,0.406,1.084,0.251,49.63,0.167,0.625,-0.09,1,3,7,SAFE,0
58,76,MALL_CONCERT_STAGE,98,0.384,1.198,0.207,55.95,0.184,0.625,-0.837,6,5,5,SAFE,0
58,77,MALL_CONCERT_STAGE,99,0.342,1.173,0.14,44.41,0.138,0.627,-0.395,3,3,6,SAFE,0
58,78,FESTIVAL_CORRIDOR,114,0.413,1.222,0.192,49.34,0.206,0.571,-0.723,3,5,3,SAFE,0
58,79,EVENT_ATRIUM,115,0.439,1.203,0.32,59.86,0.229,0.557,-0.783,5,10,3,SAFE,0
58,80,EVENT_ATRIUM,94,0.293,1.312,0.198,40.27,0.162,0.416,-0.745,3,6,2,SAFE,0
58,81,MALL_CONCERT_STAGE,90,0.343,1.143,0.185,39.76,0.175,0.578,-0.088,1,3,2,SAFE,0
58,82,MALL_CONCERT_STAGE,118,0.462,1.088,0.176,58.9,0.206,0.595,-0.326,5,7,5,SAFE,0
58,83,LIVE_PERFORMANCE_ZONE,125,0.459,1.211,0.179,57.62,0.199,0.614,-0.126,6,9,5,SAFE,0
58,84,LIVE_PERFORMANCE_ZONE,100,0.378,1.166,0.213,52.81,0.149,0.453,-1.036,4,3,6,SAFE,0
58,85,MALL_CONCERT_STAGE,108,0.46,1.008,0.249,46.06,0.158,0.623,-0.535,4,3,7,SAFE,0
58,86,EVENT_ATRIUM,117,0.429,1.026,0.132,47.53,0.166,0.64,-0.115,4,3,7,SAFE,0
58,87,LIVE_PERFORMANCE_ZONE,111,0.456,1.009,0.254,39.9,0.285,0.645,-0.888,5,3,4,SAFE,0
58,88,MALL_CONCERT_STAGE,118,0.485,1.099,0.223,56.69,0.253,0.612,-0.858,5,4,9,SAFE,0
58,89,MALL_CONCERT_STAGE,98,0.326,1.357,0.146,43.29,0.215,0.472,-0.61,2,2,7,SAFE,0
59,0,MALL_CONCERT_STAGE,153,0.561,1.079,0.332,63.84,0.288,0.649,-0.783,3,7,8,SAFE,0
59,1,MALL_CONCERT_STAGE,160,0.604,0.828,0.397,61.11,0.257,0.636,-0.515,5,10,7,SAFE,0
59,2,FESTIVAL_CORRIDOR,153,0.584,0.991,0.263,57.06,0.316,0.728,-0.652,7,11,5,SAFE,0
59,3,EVENT_ATRIUM,157,0.623,0.866,0.255,76.84,0.21,0.676,-0.783,7,12,2,SAFE,0
59,4,MALL_CONCERT_STAGE,158,0.527,1.12,0.319,50.1,0.141,0.654,-0.784,4,5,5,SAFE,0
59,5,MALL_CONCERT_STAGE,177,0.671,0.913,0.424,74.43,0.273,0.714,-0.894,7,4,9,WARNING,1
59,6,MALL_CONCERT_STAGE,159,0.685,0.754,0.382,68.7,0.301,0.689,-0.577,4,11,6,WARNING,1
59,7,LIVE_PERFORMANCE_ZONE,158,0.576,0.95,0.212,70.74,0.27,0.594,-0.062,2,9,6,SAFE,0
59,8,FESTIVAL_CORRIDOR,176,0.696,0.835,0.382,70.23,0.338,0.714,-0.828,9,11,12,WARNING,1
59,9,MALL_CONCERT_STAGE,151,0.532,1.005,0.303,60.47,0.219,0.556,-0.51,8,5,6,SAFE,0
59,10,FESTIVAL_CORRIDOR,162,0.585,1.119,0.383,68.45,0.318,0.77,-0.288,7,7,2,WARNING,1
59,11,MALL_CONCERT_STAGE,174,0.673,0.93,0.412,71.86,0.322,0.707,-0.936,10,6,9,WARNING,1
59,12,MALL_CONCERT_STAGE,161,0.62,0.836,0.335,70.03,0.304,0.721,-0.472,7,3,8,WARNING,1
59,13,FESTIVAL_CORRIDOR,157,0.603,0.809,0.343,60.43,0.336,0.677,-0.715,4,5,8,SAFE,0
59,14,EVENT_ATRIUM,161,0.638,0.792,0.425,67.16,0.318,0.695,-0.623,4,7,4,WARNING,1
59,15,LIVE_PERFORMANCE_ZONE,185,0.702,0.929,0.39,75.29,0.401,0.753,-0.373,4,10,11,WARNING,1
59,16,LIVE_PERFORMANCE_ZONE,175,0.642,0.925,0.352,79.23,0.334,0.68,-0.125,6,4,7,WARNING,1
59,17,FESTIVAL_CORRIDOR,165,0.639,0.763,0.359,73.37,0.326,0.716,-0.752,7,6,6,WARNING,1
59,18,LIVE_PERFORMANCE_ZONE,195,0.723,0.721,0.522,77.69,0.374,0.775,-1.17,7,9,9,WARNING,1
59,19,EVENT_ATRIUM,184,0.706,0.841,0.451,80.1,0.307,0.745,-0.508,8,9,17,WARNING,1
59,20,MALL_CONCERT_STAGE,186,0.711,0.814,0.377,70.87,0.415,0.705,-0.72,7,13,15,WARNING,1
59,21,MALL_CONCERT_STAGE,184,0.715,0.81,0.316,74.15,0.307,0.683,-1.028,4,8,7,WARNING,1
59,22,LIVE_PERFORMANCE_ZONE,186,0.733,0.853,0.371,88.25,0.315,0.71,-0.938,3,12,7,WARNING,1
59,23,MALL_CONCERT_STAGE,217,0.789,0.738,0.442,70.77,0.317,0.692,-1.404,9,10,7,WARNING,1
59,24,LIVE_PERFORMANCE_ZONE,209,0.78,0.693,0.403,82.39,0.409,0.771,-0.867,5,10,7,WARNING,1
59,25,LIVE_PERFORMANCE_ZONE,197,0.765,0.943,0.412,80.94,0.266,0.782,-0.681,6,13,8,WARNING,1
59,26,LIVE_PERFORMANCE_ZONE,195,0.764,0.837,0.379,79.75,0.328,0.866,-0.696,10,13,3,WARNING,1
59,27,EVENT_ATRIUM,203,0.8,0.832,0.53,94.81,0.394,0.782,-0.136,10,15,10,WARNING,1
59,28,FESTIVAL_CORRIDOR,194,0.756,0.801,0.507,90.96,0.39,0.781,-1.126,4,10,8,WARNING,1
59,29,MALL_CONCERT_STAGE,224,0.837,0.638,0.481,89.24,0.432,0.789,-0.946,2,15,11,WARNING,1
59,30,LIVE_PERFORMANCE_ZONE,206,0.851,0.52,0.487,73.48,0.426,0.836,-0.563,3,12,11,WARNING,1
59,31,EVENT_ATRIUM,218,0.846,0.644,0.513,86.2,0.461,0.777,-1.394,6,7,10,WARNING,1
59,32,EVENT_ATRIUM,211,0.808,0.817,0.436,80.54,0.419,0.83,-1.004,5,8,7,WARNING,1
59,33,LIVE_PERFORMANCE_ZONE,212,0.811,0.648,0.388,81.93,0.383,0.757,-0.691,6,12,7,WARNING,1
59,34,LIVE_PERFORMANCE_ZONE,214,0.874,0.601,0.494,86.57,0.336,0.881,-1.358,8,10,15,WARNING,1
59,35,FESTIVAL_CORRIDOR,204,0.732,0.828,0.4,71.58,0.418,0.789,-0.779,7,13,7,WARNING,1
59,36,FESTIVAL_CORRIDOR,194,0.678,0.853,0.341,71.5,0.33,0.762,-0.958,5,5,8,WARNING,1
59,37,FESTIVAL_CORRIDOR,201,0.796,0.8,0.349,101.36,0.42,0.882,-1.279,7,10,12,WARNING,1
59,38,LIVE_PERFORMANCE_ZONE,186,0.717,0.801,0.441,70.2,0.381,0.721,-0.666,7,10,8,WARNING,1
59,39,MALL_CONCERT_STAGE,234,0.937,0.676,0.56,92.53,0.452,0.818,-1.168,3,11,12,HIGH,2
59,40,EVENT_ATRIUM,206,0.785,0.764,0.416,79.72,0.296,0.777,-1.537,9,12,8,WARNING,1
59,41,MALL_CONCERT_STAGE,191,0.788,0.689,0.413,77.08,0.334,0.791,-0.705,9,15,11,WARNING,1
59,42,EVENT_ATRIUM,211,0.765,0.699,0.471,85.18,0.344,0.749,-0.257,3,11,18,WARNING,1
59,43,LIVE_PERFORMANCE_ZONE,159,0.596,1.009,0.299,61.45,0.285,0.765,-0.624,3,8,9,SAFE,0
59,44,LIVE_PERFORMANCE_ZONE,163,0.658,0.712,0.402,66.76,0.312,0.759,-0.661,5,9,5,WARNING,1
59,45,EVENT_ATRIUM,170,0.696,0.875,0.33,74.6,0.389,0.743,-0.946,4,9,10,WARNING,1
59,46,FESTIVAL_CORRIDOR,183,0.794,0.864,0.442,85.83,0.389,0.679,-0.517,5,8,11,WARNING,1
59,47,MALL_CONCERT_STAGE,195,0.748,0.879,0.462,78.5,0.359,0.762,-1.131,3,11,12,WARNING,1
59,48,LIVE_PERFORMANCE_ZONE,173,0.692,0.85,0.429,68.82,0.271,0.765,-0.661,3,15,4,WARNING,1
59,49,FESTIVAL_CORRIDOR,178,0.662,0.896,0.353,72.76,0.292,0.773,-1.174,4,10,5,WARNING,1
59,50,LIVE_PERFORMANCE_ZONE,168,0.632,0.852,0.338,66.27,0.266,0.635,-1.575,4,11,6,SAFE,0
59,51,MALL_CONCERT_STAGE,168,0.676,0.689,0.366,75.62,0.301,0.823,-0.675,8,9,6,WARNING,1
59,52,LIVE_PERFORMANCE_ZONE,166,0.648,0.874,0.327,68.9,0.33,0.652,-0.483,3,6,7,WARNING,1
59,53,LIVE_PERFORMANCE_ZONE,173,0.705,0.897,0.368,78.86,0.399,0.697,-1.124,8,6,7,WARNING,1
59,54,MALL_CONCERT_STAGE,161,0.633,0.824,0.283,56.78,0.317,0.702,-1.086,7,7,4,SAFE,0
59,55,LIVE_PERFORMANCE_ZONE,166,0.637,0.817,0.33,62.52,0.314,0.766,-0.849,10,8,6,WARNING,1
59,56,EVENT_ATRIUM,168,0.661,0.782,0.403,73.93,0.292,0.753,-0.81,2,9,8,WARNING,1
59,57,FESTIVAL_CORRIDOR,157,0.601,1.016,0.341,61.25,0.314,0.689,-0.984,5,11,8,SAFE,0
59,58,LIVE_PERFORMANCE_ZONE,167,0.564,0.977,0.344,84.99,0.251,0.612,-0.451,7,9,6,SAFE,0
59,59,MALL_CONCERT_STAGE,154,0.613,0.907,0.352,52.54,0.28,0.772,-0.563,10,9,8,WARNING,1
59,60,MALL_CONCERT_STAGE,159,0.621,0.978,0.326,65.12,0.381,0.64,-0.579,6,4,11,WARNING,1
59,61,LIVE_PERFORMANCE_ZONE,135,0.547,1.085,0.296,56.03,0.254,0.676,-0.848,4,2,4,SAFE,0
59,62,MALL_CONCERT_STAGE,157,0.652,0.934,0.385,56.47,0.396,0.79,-0.417,4,3,7,WARNING,1
59,63,LIVE_PERFORMANCE_ZONE,154,0.554,1.01,0.236,73.15,0.186,0.571,-0.688,4,6,5,SAFE,0
59,64,MALL_CONCERT_STAGE,171,0.692,0.792,0.365,69.02,0.363,0.734,-0.924,5,5,11,WARNING,1
59,65,EVENT_ATRIUM,151,0.548,0.994,0.321,65.54,0.259,0.722,-0.715,7,3,8,SAFE,0
59,66,MALL_CONCERT_STAGE,171,0.68,0.912,0.344,85.46,0.349,0.741,-1.12,3,10,14,WARNING,1
59,67,MALL_CONCERT_STAGE,132,0.476,0.999,0.315,51,0.264,0.716,-0.3,3,7,1,SAFE,0
59,68,MALL_CONCERT_STAGE,158,0.56,0.941,0.25,51.47,0.257,0.702,-0.54,9,11,9,SAFE,0
59,69,FESTIVAL_CORRIDOR,144,0.574,0.967,0.326,59.12,0.252,0.701,-0.148,11,6,5,SAFE,0
59,70,EVENT_ATRIUM,138,0.544,0.884,0.294,56.27,0.207,0.686,-0.875,7,7,4,SAFE,0
59,71,LIVE_PERFORMANCE_ZONE,130,0.476,1.202,0.26,58.73,0.208,0.659,-0.086,6,7,8,SAFE,0
59,72,LIVE_PERFORMANCE_ZONE,154,0.602,0.954,0.345,60.26,0.258,0.682,-0.993,4,10,11,SAFE,0
59,73,EVENT_ATRIUM,156,0.573,1.037,0.308,56.66,0.255,0.695,-1.137,7,9,4,SAFE,0
59,74,EVENT_ATRIUM,151,0.578,1.022,0.314,61.15,0.316,0.739,-0.86,5,3,4,SAFE,0
59,75,LIVE_PERFORMANCE_ZONE,152,0.563,0.977,0.257,60.35,0.189,0.688,-0.697,5,5,11,SAFE,0
59,76,LIVE_PERFORMANCE_ZONE,148,0.619,0.829,0.361,72.75,0.353,0.749,-0.546,5,9,7,WARNING,1
59,77,LIVE_PERFORMANCE_ZONE,166,0.623,1.033,0.204,70.1,0.317,0.721,-0.278,5,11,11,SAFE,0
59,78,FESTIVAL_CORRIDOR,150,0.514,1.045,0.308,48.23,0.251,0.617,-0.645,4,13,7,SAFE,0
59,79,LIVE_PERFORMANCE_ZONE,153,0.588,0.836,0.286,64.78,0.318,0.656,-0.116,14,5,3,SAFE,0
59,80,MALL_CONCERT_STAGE,143,0.601,0.911,0.221,65.41,0.288,0.625,-1.06,3,6,5,SAFE,0
59,81,FESTIVAL_CORRIDOR,144,0.541,0.945,0.232,55.99,0.273,0.581,-1.209,12,7,2,SAFE,0
59,82,EVENT_ATRIUM,148,0.58,1.034,0.287,68.6,0.225,0.627,-0.17,6,6,9,SAFE,0
59,83,MALL_CONCERT_STAGE,155,0.56,1.016,0.34,69.63,0.247,0.71,-0.311,6,5,4,SAFE,0
59,84,LIVE_PERFORMANCE_ZONE,148,0.571,1.026,0.355,66.99,0.252,0.66,-0.919,4,5,8,SAFE,0
59,85,MALL_CONCERT_STAGE,144,0.577,0.942,0.329,66.75,0.269,0.696,-0.752,3,6,13,SAFE,0
59,86,LIVE_PERFORMANCE_ZONE,169,0.638,0.965,0.327,65.21,0.281,0.676,-1.316,7,12,6,WARNING,1
59,87,FESTIVAL_CORRIDOR,137,0.496,1.151,0.204,57.96,0.242,0.617,-0.457,3,8,11,SAFE,0
59,88,FESTIVAL_CORRIDOR,161,0.626,0.936,0.395,70.65,0.353,0.717,-0.929,7,6,8,WARNING,1
59,89,EVENT_ATRIUM,156,0.614,0.804,0.314,61.03,0.278,0.672,-1.002,6,14,6,SAFE,0
60,0,FESTIVAL_CORRIDOR,143,0.479,1.177,0.188,57.71,0.274,0.602,0.472,2,12,7,SAFE,0
60,1,MALL_CONCERT_STAGE,148,0.628,1.012,0.343,69.34,0.323,0.716,-0.281,4,12,3,WARNING,1
60,2,FESTIVAL_CORRIDOR,145,0.589,0.895,0.307,57.86,0.299,0.646,-0.604,4,6,7,SAFE,0
60,3,MALL_CONCERT_STAGE,163,0.578,0.951,0.328,79.14,0.308,0.62,-0.001,3,21,9,SAFE,0
60,4,LIVE_PERFORMANCE_ZONE,155,0.576,0.932,0.332,57.41,0.289,0.624,-0.631,2,10,6,SAFE,0
60,5,LIVE_PERFORMANCE_ZONE,137,0.546,1.006,0.345,57.96,0.246,0.65,-0.722,4,9,7,SAFE,0
60,6,EVENT_ATRIUM,147,0.567,0.888,0.235,75.8,0.244,0.683,0.068,3,9,11,SAFE,0
60,7,LIVE_PERFORMANCE_ZONE,178,0.671,0.886,0.351,70.62,0.313,0.682,-0.693,9,7,8,WARNING,1
60,8,FESTIVAL_CORRIDOR,158,0.565,0.92,0.316,62.27,0.335,0.671,-0.504,6,8,3,SAFE,0
60,9,LIVE_PERFORMANCE_ZONE,184,0.692,0.848,0.369,72.27,0.266,0.699,-0.627,6,5,9,WARNING,1
60,10,FESTIVAL_CORRIDOR,192,0.756,0.86,0.445,79.94,0.399,0.805,-0.413,5,9,10,WARNING,1
60,11,FESTIVAL_CORRIDOR,160,0.592,0.939,0.272,61.75,0.284,0.713,-0.597,3,7,9,SAFE,0
60,12,EVENT_ATRIUM,174,0.704,0.877,0.368,71.74,0.364,0.734,-1.306,4,11,8,WARNING,1
60,13,FESTIVAL_CORRIDOR,164,0.608,0.935,0.266,68.49,0.306,0.685,-0.743,8,7,7,SAFE,0
60,14,FESTIVAL_CORRIDOR,182,0.696,0.983,0.262,85.51,0.408,0.744,-0.403,7,12,3,WARNING,1
60,15,FESTIVAL_CORRIDOR,202,0.764,0.798,0.407,87.52,0.376,0.73,-1.333,11,14,19,WARNING,1
60,16,LIVE_PERFORMANCE_ZONE,189,0.749,0.772,0.431,82.55,0.321,0.761,-0.416,6,7,10,WARNING,1
60,17,LIVE_PERFORMANCE_ZONE,206,0.77,0.611,0.37,74.32,0.356,0.736,-1.073,6,11,7,WARNING,1
60,18,EVENT_ATRIUM,211,0.729,0.727,0.484,78.49,0.302,0.745,-1.565,7,10,14,WARNING,1
60,19,MALL_CONCERT_STAGE,211,0.781,0.815,0.406,78.91,0.414,0.755,-0.993,11,17,9,WARNING,1
60,20,MALL_CONCERT_STAGE,189,0.748,0.778,0.375,77.06,0.29,0.802,-0.655,7,9,8,WARNING,1
60,21,EVENT_ATRIUM,198,0.778,0.8,0.537,75.61,0.356,0.702,-1.225,3,8,10,WARNING,1
60,22,MALL_CONCERT_STAGE,213,0.843,0.709,0.489,87.3,0.39,0.784,-1.574,3,10,7,WARNING,1
60,23,LIVE_PERFORMANCE_ZONE,216,0.868,0.581,0.506,86.75,0.42,0.888,-0.722,7,10,10,WARNING,1
60,24,FESTIVAL_CORRIDOR,186,0.723,0.906,0.306,70.5,0.306,0.728,-1.23,12,9,5,WARNING,1
60,25,FESTIVAL_CORRIDOR,197,0.73,0.73,0.357,83.36,0.316,0.721,-1.113,3,12,10,WARNING,1
60,26,LIVE_PERFORMANCE_ZONE,173,0.67,0.932,0.514,61.93,0.33,0.821,-1.258,7,2,10,WARNING,1
60,27,FESTIVAL_CORRIDOR,179,0.684,0.893,0.413,79.09,0.287,0.662,-1.067,4,6,2,WARNING,1
60,28,FESTIVAL_CORRIDOR,172,0.681,0.804,0.347,74.73,0.307,0.767,-0.554,10,8,12,WARNING,1
60,29,EVENT_ATRIUM,180,0.698,0.796,0.347,71.67,0.323,0.856,-0.646,8,11,10,WARNING,1
60,30,FESTIVAL_CORRIDOR,175,0.679,0.734,0.419,70.81,0.326,0.642,-0.644,5,8,5,WARNING,1
60,31,MALL_CONCERT_STAGE,182,0.684,0.908,0.426,65.87,0.315,0.761,-0.851,6,9,5,WARNING,1
60,32,FESTIVAL_CORRIDOR,165,0.601,0.978,0.286,71.04,0.3,0.612,-0.874,3,9,12,SAFE,0
60,33,LIVE_PERFORMANCE_ZONE,160,0.59,0.897,0.21,75.18,0.291,0.654,-0.566,5,7,8,SAFE,0
60,34,EVENT_ATRIUM,150,0.608,0.969,0.364,54.49,0.32,0.739,-0.703,2,3,4,WARNING,1
60,35,LIVE_PERFORMANCE_ZONE,150,0.638,0.854,0.338,66.08,0.31,0.763,-1.198,5,6,8,WARNING,1
60,36,LIVE_PERFORMANCE_ZONE,157,0.582,0.857,0.301,58.94,0.335,0.766,-0.706,3,5,7,SAFE,0
60,37,EVENT_ATRIUM,143,0.596,0.95,0.289,69.27,0.416,0.703,-0.377,9,6,3,WARNING,1
60,38,LIVE_PERFORMANCE_ZONE,150,0.498,1.035,0.342,63.17,0.241,0.574,-0.669,9,6,3,SAFE,0
60,39,EVENT_ATRIUM,170,0.668,0.934,0.355,61.87,0.29,0.767,-0.515,6,10,7,WARNING,1
60,40,MALL_CONCERT_STAGE,147,0.641,0.957,0.265,87.62,0.285,0.706,-1.234,3,5,7,WARNING,1
60,41,MALL_CONCERT_STAGE,148,0.545,1.02,0.394,68.39,0.333,0.719,-0.788,5,9,5,WARNING,1
60,42,LIVE_PERFORMANCE_ZONE,151,0.578,0.805,0.311,69.23,0.264,0.684,-0.327,5,4,3,SAFE,0
60,43,EVENT_ATRIUM,125,0.5,1.199,0.272,57.47,0.13,0.65,-0.586,6,7,2,SAFE,0
60,44,MALL_CONCERT_STAGE,131,0.514,0.867,0.273,64.53,0.214,0.722,-0.722,4,7,7,SAFE,0
60,45,MALL_CONCERT_STAGE,146,0.561,0.813,0.227,64.91,0.291,0.61,-0.994,2,8,6,SAFE,0
60,46,FESTIVAL_CORRIDOR,123,0.453,1.253,0.244,56.22,0.192,0.66,-0.388,4,5,7,SAFE,0
60,47,MALL_CONCERT_STAGE,135,0.528,0.821,0.286,73.7,0.272,0.601,-0.643,7,5,6,SAFE,0
60,48,MALL_CONCERT_STAGE,128,0.481,0.994,0.279,53.23,0.257,0.688,-0.026,6,6,9,SAFE,0
60,49,MALL_CONCERT_STAGE,131,0.486,1.189,0.32,53.58,0.204,0.592,-0.523,5,9,4,SAFE,0
60,50,MALL_CONCERT_STAGE,126,0.542,0.959,0.257,59.35,0.177,0.583,-0.412,7,9,8,SAFE,0
60,51,LIVE_PERFORMANCE_ZONE,130,0.529,0.972,0.227,59.81,0.23,0.634,-1.01,5,9,9,SAFE,0
60,52,FESTIVAL_CORRIDOR,123,0.461,1.046,0.176,68.62,0.336,0.621,-0.614,4,7,7,SAFE,0
60,53,LIVE_PERFORMANCE_ZONE,123,0.506,1.118,0.191,61.44,0.278,0.638,-0.623,8,6,5,SAFE,0
60,54,EVENT_ATRIUM,152,0.678,0.729,0.331,80.08,0.349,0.727,-0.647,3,15,9,WARNING,1
60,55,LIVE_PERFORMANCE_ZONE,125,0.519,1.012,0.145,58.76,0.256,0.649,0.129,3,9,8,SAFE,0
60,56,EVENT_ATRIUM,134,0.53,1.083,0.258,75.13,0.287,0.621,-0.59,2,8,5,SAFE,0
60,57,LIVE_PERFORMANCE_ZONE,143,0.578,0.959,0.294,51.46,0.282,0.715,-0.609,11,8,12,SAFE,0
60,58,LIVE_PERFORMANCE_ZONE,128,0.541,0.981,0.312,57.37,0.268,0.651,-1.056,7,7,5,SAFE,0
60,59,FESTIVAL_CORRIDOR,141,0.54,1.094,0.271,70.16,0.271,0.748,-0.737,3,4,7,SAFE,0
60,60,EVENT_ATRIUM,117,0.439,1.149,0.211,50.14,0.193,0.623,-0.601,3,4,5,SAFE,0
60,61,MALL_CONCERT_STAGE,112,0.427,1.092,0.209,35.96,0.183,0.663,-0.355,7,3,3,SAFE,0
60,62,FESTIVAL_CORRIDOR,125,0.507,1.061,0.302,53.09,0.295,0.618,-0.769,7,1,5,SAFE,0
60,63,FESTIVAL_CORRIDOR,136,0.563,0.94,0.266,67.53,0.302,0.672,-0.343,8,13,6,SAFE,0
60,64,LIVE_PERFORMANCE_ZONE,153,0.562,0.879,0.247,62.41,0.369,0.65,-0.333,2,5,7,SAFE,0
60,65,EVENT_ATRIUM,124,0.504,1.031,0.336,56.73,0.233,0.652,-0.609,6,2,3,SAFE,0
60,66,LIVE_PERFORMANCE_ZONE,122,0.438,1.107,0.263,50.9,0.213,0.648,-0.636,3,5,11,SAFE,0
60,67,EVENT_ATRIUM,137,0.477,0.944,0.215,57.61,0.27,0.577,-1.175,4,4,5,SAFE,0
60,68,EVENT_ATRIUM,120,0.465,1.113,0.309,51.22,0.25,0.565,-0.785,3,7,11,SAFE,0
60,69,EVENT_ATRIUM,133,0.52,1.081,0.325,64.62,0.287,0.646,-0.846,4,4,5,SAFE,0
60,70,MALL_CONCERT_STAGE,106,0.406,1.201,0.225,38.56,0.208,0.524,-0.716,1,7,9,SAFE,0
60,71,LIVE_PERFORMANCE_ZONE,130,0.513,1.141,0.321,61.01,0.277,0.579,-0.402,2,9,6,SAFE,0
60,72,EVENT_ATRIUM,146,0.613,0.827,0.314,71.34,0.351,0.623,-0.889,7,5,8,WARNING,1
60,73,FESTIVAL_CORRIDOR,137,0.529,1.127,0.294,50.34,0.211,0.608,-1.263,12,4,1,SAFE,0
60,74,MALL_CONCERT_STAGE,126,0.471,1.139,0.292,61.55,0.221,0.631,-1.355,4,4,5,SAFE,0
60,75,LIVE_PERFORMANCE_ZONE,133,0.49,1.141,0.268,57.52,0.249,0.605,-0.22,8,12,4,SAFE,0
60,76,MALL_CONCERT_STAGE,119,0.426,1.118,0.163,57.89,0.209,0.566,-0.76,5,1,6,SAFE,0
60,77,FESTIVAL_CORRIDOR,126,0.505,0.996,0.163,53.6,0.244,0.591,-0.11,9,7,10,SAFE,0
60,78,EVENT_ATRIUM,126,0.529,1.034,0.242,48.89,0.247,0.564,-0.373,2,3,5,SAFE,0
60,79,EVENT_ATRIUM,143,0.557,0.879,0.424,66.9,0.164,0.755,-0.572,5,5,8,SAFE,0
60,80,EVENT_ATRIUM,131,0.502,1.003,0.216,72.02,0.205,0.698,-0.392,5,6,6,SAFE,0
60,81,LIVE_PERFORMANCE_ZONE,148,0.533,1.08,0.396,49.73,0.318,0.691,-0.735,9,7,6,SAFE,0
60,82,FESTIVAL_CORRIDOR,120,0.52,1.131,0.263,59.54,0.216,0.693,-0.562,3,11,8,SAFE,0
60,83,LIVE_PERFORMANCE_ZONE,126,0.503,1.014,0.172,46.6,0.202,0.627,-0.723,4,9,4,SAFE,0
60,84,LIVE_PERFORMANCE_ZONE,144,0.604,0.932,0.3,64.03,0.257,0.704,-1.271,6,11,5,SAFE,0
60,85,MALL_CONCERT_STAGE,114,0.402,1.202,0.228,49.71,0.175,0.493,-1.09,5,5,3,SAFE,0
60,86,FESTIVAL_CORRIDOR,109,0.415,1.23,0.297,55.21,0.134,0.568,0.136,4,7,4,SAFE,0
60,87,FESTIVAL_CORRIDOR,137,0.508,1.089,0.176,55.28,0.228,0.626,-0.675,4,10,12,SAFE,0
60,88,EVENT_ATRIUM,129,0.459,1.119,0.212,37.19,0.27,0.621,-0.317,5,4,4,SAFE,0
60,89,LIVE_PERFORMANCE_ZONE,139,0.512,1.045,0.215,64.6,0.15,0.664,-0.452,6,12,2,SAFE,0
61,0,LIVE_PERFORMANCE_ZONE,131,0.518,1.126,0.278,56.31,0.272,0.627,-0.397,3,2,6,SAFE,0
61,1,LIVE_PERFORMANCE_ZONE,103,0.381,1.204,0.231,50.18,0.247,0.64,-0.502,5,7,4,SAFE,0
61,2,LIVE_PERFORMANCE_ZONE,99,0.341,1.298,0.296,29.45,0.153,0.508,-0.293,3,4,5,SAFE,0
61,3,FESTIVAL_CORRIDOR,121,0.462,1.16,0.178,58.65,0.237,0.593,-0.633,6,4,11,SAFE,0
61,4,EVENT_ATRIUM,115,0.413,1.151,0.298,53.43,0.216,0.537,-0.894,4,5,4,SAFE,0
61,5,FESTIVAL_CORRIDOR,109,0.454,1.068,0.246,57.1,0.266,0.67,-0.918,6,4,6,SAFE,0
61,6,MALL_CONCERT_STAGE,118,0.479,0.957,0.273,57.05,0.195,0.584,-0.617,3,3,5,SAFE,0
61,7,MALL_CONCERT_STAGE,115,0.439,1.214,0.221,50.66,0.139,0.619,-0.325,1,7,7,SAFE,0
61,8,LIVE_PERFORMANCE_ZONE,103,0.42,1.295,0.238,50.24,0.251,0.668,-0.559,3,8,1,SAFE,0
61,9,FESTIVAL_CORRIDOR,112,0.388,1.271,0.308,57.97,0.229,0.586,-0.353,4,10,7,SAFE,0
61,10,LIVE_PERFORMANCE_ZONE,125,0.539,0.92,0.344,63.81,0.273,0.632,-0.689,7,6,3,SAFE,0
61,11,MALL_CONCERT_STAGE,113,0.413,1.237,0.256,51.03,0.185,0.583,-0.373,5,5,7,SAFE,0
61,12,EVENT_ATRIUM,118,0.478,1.134,0.203,62.95,0.188,0.668,-0.394,8,3,3,SAFE,0
61,13,FESTIVAL_CORRIDOR,113,0.426,1.08,0.217,51.62,0.205,0.533,-0.23,7,3,3,SAFE,0
61,14,EVENT_ATRIUM,109,0.461,1.024,0.216,46.12,0.234,0.621,-0.684,4,3,8,SAFE,0
61,15,EVENT_ATRIUM,113,0.435,1.11,0.293,56.45,0.197,0.594,-0.557,10,9,4,SAFE,0
61,16,FESTIVAL_CORRIDOR,135,0.543,0.932,0.373,59.44,0.238,0.719,-0.947,3,12,8,SAFE,0
61,17,FESTIVAL_CORRIDOR,117,0.492,1.014,0.273,60.11,0.278,0.661,-0.995,6,8,7,SAFE,0
61,18,FESTIVAL_CORRIDOR,114,0.428,1.077,0.316,63.38,0.204,0.545,-1.219,6,4,8,SAFE,0
61,19,LIVE_PERFORMANCE_ZONE,126,0.489,1.21,0.329,57.73,0.248,0.632,-1.838,2,8,4,SAFE,0
61,20,FESTIVAL_CORRIDOR,124,0.504,1.044,0.273,65.76,0.269,0.633,-0.437,4,11,1,SAFE,0
61,21,LIVE_PERFORMANCE_ZONE,118,0.468,1.17,0.191,64.02,0.257,0.607,-0.183,6,8,8,SAFE,0
61,22,MALL_CONCERT_STAGE,115,0.442,1.186,0.205,56.36,0.285,0.58,-0.296,6,6,8,SAFE,0
61,23,MALL_CONCERT_STAGE,131,0.522,1.093,0.345,60.88,0.295,0.614,-0.624,7,7,3,SAFE,0
61,24,EVENT_ATRIUM,129,0.507,1.025,0.23,51.62,0.221,0.695,-0.243,6,6,2,SAFE,0
61,25,MALL_CONCERT_STAGE,127,0.489,0.945,0.231,47.47,0.21,0.603,-0.637,5,6,5,SAFE,0
61,26,FESTIVAL_CORRIDOR,115,0.47,1.009,0.212,66.83,0.278,0.642,-0.36,9,6,3,SAFE,0
61,27,MALL_CONCERT_STAGE,152,0.593,0.982,0.347,65.84,0.314,0.765,-0.861,10,8,13,WARNING,1
61,28,LIVE_PERFORMANCE_ZONE,140,0.533,1.058,0.336,70.06,0.293,0.565,-0.518,2,7,9,SAFE,0
61,29,MALL_CONCERT_STAGE,145,0.56,0.999,0.337,72.25,0.25,0.702,-0.333,9,8,9,SAFE,0
61,30,MALL_CONCERT_STAGE,116,0.438,1.107,0.326,72.21,0.212,0.677,-1.076,9,9,5,SAFE,0
61,31,FESTIVAL_CORRIDOR,153,0.637,0.946,0.317,79.53,0.288,0.7,-0.378,4,8,8,WARNING,1
61,32,FESTIVAL_CORRIDOR,149,0.507,0.934,0.31,49.91,0.191,0.625,0.129,7,6,7,SAFE,0
61,33,LIVE_PERFORMANCE_ZONE,158,0.642,0.739,0.295,64.32,0.361,0.706,-0.877,3,6,6,WARNING,1
61,34,FESTIVAL_CORRIDOR,141,0.578,0.964,0.391,82.55,0.348,0.752,-0.687,6,2,7,WARNING,1
61,35,FESTIVAL_CORRIDOR,170,0.666,0.916,0.317,73.62,0.287,0.757,-0.177,6,8,6,WARNING,1
61,36,MALL_CONCERT_STAGE,142,0.579,1.005,0.302,57.51,0.327,0.653,-0.587,7,7,10,SAFE,0
61,37,MALL_CONCERT_STAGE,152,0.559,1.027,0.354,62.33,0.231,0.666,0.05,4,9,6,SAFE,0
61,38,EVENT_ATRIUM,148,0.537,1.086,0.382,56.14,0.329,0.663,-0.534,3,8,5,SAFE,0
61,39,MALL_CONCERT_STAGE,180,0.643,0.793,0.388,66.12,0.312,0.721,-0.56,10,3,8,WARNING,1
61,40,FESTIVAL_CORRIDOR,165,0.61,0.892,0.329,69.54,0.296,0.64,-0.646,1,7,5,SAFE,0
61,41,LIVE_PERFORMANCE_ZONE,161,0.624,0.882,0.322,74.7,0.272,0.79,-0.004,6,7,9,WARNING,1
61,42,MALL_CONCERT_STAGE,169,0.66,0.858,0.357,75.19,0.266,0.711,-0.481,4,14,10,WARNING,1
61,43,EVENT_ATRIUM,184,0.759,0.864,0.542,89.33,0.306,0.794,-0.404,4,10,7,WARNING,1
61,44,LIVE_PERFORMANCE_ZONE,169,0.631,0.847,0.357,70.14,0.355,0.692,-0.839,9,4,10,WARNING,1
61,45,LIVE_PERFORMANCE_ZONE,165,0.696,0.81,0.381,79.48,0.289,0.811,-0.588,2,11,7,WARNING,1
61,46,EVENT_ATRIUM,187,0.709,0.971,0.356,75.8,0.369,0.767,-0.618,9,6,11,WARNING,1
61,47,MALL_CONCERT_STAGE,158,0.598,0.996,0.343,60.64,0.285,0.699,-0.986,6,6,8,SAFE,0
61,48,MALL_CONCERT_STAGE,171,0.679,0.826,0.404,78.91,0.344,0.676,-0.891,10,9,6,WARNING,1
61,49,LIVE_PERFORMANCE_ZONE,190,0.722,0.766,0.438,97.12,0.364,0.747,-0.56,11,7,7,WARNING,1
61,50,MALL_CONCERT_STAGE,167,0.656,0.788,0.356,87.62,0.308,0.749,-0.913,4,3,8,WARNING,1
61,51,LIVE_PERFORMANCE_ZONE,168,0.584,0.933,0.416,80.43,0.345,0.621,-0.01,5,7,9,WARNING,1
61,52,LIVE_PERFORMANCE_ZONE,171,0.634,0.872,0.365,78.21,0.356,0.659,-0.094,4,3,10,WARNING,1
61,53,MALL_CONCERT_STAGE,156,0.579,0.841,0.234,74.04,0.334,0.7,-0.534,7,5,4,SAFE,0
61,54,LIVE_PERFORMANCE_ZONE,181,0.727,0.706,0.399,64.9,0.399,0.796,-0.644,5,11,8,WARNING,1
61,55,MALL_CONCERT_STAGE,147,0.565,0.89,0.328,66.33,0.237,0.713,-0.753,6,3,11,SAFE,0
61,56,FESTIVAL_CORRIDOR,147,0.561,0.911,0.253,58.23,0.191,0.563,-0.604,8,7,6,SAFE,0
61,57,MALL_CONCERT_STAGE,173,0.666,0.759,0.382,65.91,0.365,0.685,0.136,9,7,6,WARNING,1
61,58,MALL_CONCERT_STAGE,142,0.576,1.013,0.295,61.8,0.255,0.7,-0.719,4,6,7,SAFE,0
61,59,MALL_CONCERT_STAGE,153,0.569,0.901,0.324,63.93,0.233,0.644,-0.496,8,11,5,SAFE,0
61,60,FESTIVAL_CORRIDOR,158,0.639,0.991,0.266,71.76,0.304,0.602,-0.51,5,5,10,SAFE,0
61,61,MALL_CONCERT_STAGE,122,0.491,0.995,0.258,66.03,0.214,0.592,-1.271,4,5,6,SAFE,0
61,62,FESTIVAL_CORRIDOR,140,0.56,0.865,0.37,69.84,0.285,0.657,-0.546,4,11,7,SAFE,0
61,63,LIVE_PERFORMANCE_ZONE,145,0.569,0.951,0.29,58.13,0.273,0.645,-0.212,5,8,6,SAFE,0
61,64,LIVE_PERFORMANCE_ZONE,139,0.463,1.128,0.305,46.53,0.173,0.669,-0.668,6,5,8,SAFE,0
61,65,FESTIVAL_CORRIDOR,124,0.467,1.115,0.36,52.22,0.204,0.496,0.13,1,5,5,SAFE,0
61,66,FESTIVAL_CORRIDOR,112,0.439,1.134,0.214,39.01,0.157,0.506,-0.039,6,7,1,SAFE,0
61,67,EVENT_ATRIUM,142,0.579,0.881,0.303,48.82,0.259,0.66,-0.886,7,7,5,SAFE,0
61,68,LIVE_PERFORMANCE_ZONE,121,0.418,1.172,0.237,42.56,0.197,0.557,0.014,4,3,5,SAFE,0
61,69,LIVE_PERFORMANCE_ZONE,129,0.526,0.866,0.27,46.72,0.277,0.572,-0.534,5,9,3,SAFE,0
61,70,LIVE_PERFORMANCE_ZONE,141,0.536,0.909,0.235,48.16,0.34,0.643,-0.821,5,9,3,SAFE,0
61,71,FESTIVAL_CORRIDOR,131,0.508,1.104,0.237,61.61,0.247,0.619,0.071,8,6,5,SAFE,0
61,72,LIVE_PERFORMANCE_ZONE,138,0.522,1.059,0.29,69.19,0.286,0.662,-0.366,8,9,7,SAFE,0
61,73,LIVE_PERFORMANCE_ZONE,132,0.494,1.026,0.336,58.99,0.235,0.539,-0.848,8,6,6,SAFE,0
61,74,MALL_CONCERT_STAGE,132,0.548,0.838,0.298,59.5,0.2,0.657,-0.787,5,10,4,SAFE,0
61,75,FESTIVAL_CORRIDOR,125,0.483,1.076,0.282,61.89,0.196,0.668,-0.802,5,11,6,SAFE,0
61,76,EVENT_ATRIUM,122,0.53,0.985,0.272,69.46,0.305,0.664,-0.883,4,6,3,SAFE,0
61,77,LIVE_PERFORMANCE_ZONE,112,0.434,1.141,0.191,37.86,0.263,0.547,-0.471,3,6,3,SAFE,0
61,78,EVENT_ATRIUM,114,0.417,1.153,0.227,43.19,0.17,0.584,-0.705,4,4,3,SAFE,0
61,79,FESTIVAL_CORRIDOR,127,0.427,1.057,0.298,56.9,0.165,0.593,-0.603,4,5,3,SAFE,0
61,80,EVENT_ATRIUM,124,0.456,1.121,0.189,65.17,0.212,0.639,-0.641,7,4,3,SAFE,0
61,81,MALL_CONCERT_STAGE,121,0.417,1.187,0.263,51.29,0.169,0.557,0.163,3,4,11,SAFE,0
61,82,LIVE_PERFORMANCE_ZONE,119,0.482,1.116,0.301,48.14,0.202,0.526,-0.674,2,4,10,SAFE,0
61,83,FESTIVAL_CORRIDOR,118,0.473,1.137,0.152,55.94,0.203,0.674,-0.566,5,6,4,SAFE,0
61,84,EVENT_ATRIUM,153,0.552,0.983,0.36,55.34,0.293,0.662,-0.67,7,9,7,SAFE,0
61,85,FESTIVAL_CORRIDOR,114,0.452,0.999,0.244,58.36,0.2,0.582,-0.828,4,3,6,SAFE,0
61,86,LIVE_PERFORMANCE_ZONE,126,0.457,0.988,0.246,54.35,0.218,0.528,-1.294,4,5,8,SAFE,0
61,87,LIVE_PERFORMANCE_ZONE,152,0.519,1.07,0.262,55.14,0.28,0.616,-0.018,3,7,10,SAFE,0
61,88,LIVE_PERFORMANCE_ZONE,138,0.555,1.119,0.336,51.05,0.323,0.757,-0.899,5,4,6,SAFE,0
61,89,LIVE_PERFORMANCE_ZONE,115,0.399,1.078,0.303,56.8,0.171,0.599,-0.715,5,1,2,SAFE,0
62,0,MALL_CONCERT_STAGE,210,0.845,0.779,0.369,99.99,0.372,0.875,-0.531,7,5,3,WARNING,1
62,1,LIVE_PERFORMANCE_ZONE,211,0.802,0.557,0.434,75.01,0.365,0.733,-0.576,6,8,8,WARNING,1
62,2,FESTIVAL_CORRIDOR,191,0.741,0.825,0.386,86.45,0.294,0.746,-0.086,4,12,8,WARNING,1
62,3,MALL_CONCERT_STAGE,221,0.839,0.702,0.547,72.1,0.433,0.719,-0.649,1,9,9,WARNING,1
62,4,FESTIVAL_CORRIDOR,215,0.808,0.873,0.483,79.67,0.499,0.752,-0.891,2,11,10,WARNING,1
62,5,EVENT_ATRIUM,213,0.866,0.474,0.412,83.94,0.458,0.776,-0.324,1,9,9,WARNING,1
62,6,FESTIVAL_CORRIDOR,226,0.844,0.915,0.475,82.64,0.421,0.84,-0.447,4,7,15,WARNING,1
62,7,MALL_CONCERT_STAGE,222,0.88,0.594,0.461,87.34,0.447,0.833,-0.976,7,11,12,WARNING,1
62,8,LIVE_PERFORMANCE_ZONE,207,0.804,0.72,0.397,90.76,0.395,0.822,-0.515,3,4,6,WARNING,1
62,9,FESTIVAL_CORRIDOR,220,0.918,0.649,0.471,97.2,0.432,0.926,-0.964,7,12,8,HIGH,2
62,10,FESTIVAL_CORRIDOR,199,0.73,0.912,0.443,88.86,0.296,0.691,-0.787,7,5,5,WARNING,1
62,11,MALL_CONCERT_STAGE,221,0.839,0.688,0.505,78.66,0.405,0.811,-1.122,5,11,8,WARNING,1
62,12,LIVE_PERFORMANCE_ZONE,222,0.827,0.625,0.4,91.41,0.436,0.806,-0.688,7,16,11,WARNING,1
62,13,EVENT_ATRIUM,222,0.811,0.761,0.49,91.99,0.38,0.757,-0.443,7,6,10,WARNING,1
62,14,FESTIVAL_CORRIDOR,184,0.7,0.975,0.462,84.09,0.337,0.862,-0.7,3,9,9,WARNING,1
62,15,EVENT_ATRIUM,205,0.8,0.865,0.461,90.51,0.376,0.769,-0.795,2,8,8,WARNING,1
62,16,EVENT_ATRIUM,216,0.826,0.665,0.442,83.4,0.348,0.927,-0.678,3,7,8,WARNING,1
62,17,FESTIVAL_CORRIDOR,222,0.837,0.755,0.418,91.95,0.341,0.787,-0.659,8,14,5,WARNING,1
62,18,FESTIVAL_CORRIDOR,205,0.761,0.771,0.398,79.28,0.354,0.832,-0.653,4,13,11,WARNING,1
62,19,LIVE_PERFORMANCE_ZONE,221,0.847,0.605,0.483,89.39,0.432,0.846,-0.964,7,8,10,WARNING,1
62,20,MALL_CONCERT_STAGE,234,0.92,0.614,0.568,76.77,0.38,0.832,-0.724,9,19,11,WARNING,1
62,21,LIVE_PERFORMANCE_ZONE,209,0.881,0.763,0.5,96.35,0.355,0.866,-1.139,4,9,11,WARNING,1
62,22,FESTIVAL_CORRIDOR,223,0.877,0.768,0.518,84.83,0.442,0.782,-0.626,1,11,9,WARNING,1
62,23,FESTIVAL_CORRIDOR,195,0.754,0.899,0.461,78.61,0.373,0.74,-0.886,2,17,6,WARNING,1
62,24,EVENT_ATRIUM,203,0.792,0.778,0.414,85.3,0.364,0.749,-1.312,3,10,10,WARNING,1
62,25,EVENT_ATRIUM,229,0.857,0.746,0.455,83.09,0.43,0.857,-0.725,3,16,6,WARNING,1
62,26,MALL_CONCERT_STAGE,211,0.832,0.791,0.413,67.97,0.446,0.765,-1.455,7,13,7,WARNING,1
62,27,LIVE_PERFORMANCE_ZONE,218,0.789,0.773,0.452,73.57,0.446,0.812,-1,3,10,8,WARNING,1
62,28,FESTIVAL_CORRIDOR,218,0.843,0.711,0.402,82.81,0.42,0.897,-0.88,6,14,11,WARNING,1
62,29,FESTIVAL_CORRIDOR,206,0.842,0.623,0.502,76.51,0.422,0.776,-0.947,7,11,7,WARNING,1
62,30,LIVE_PERFORMANCE_ZONE,221,0.853,0.673,0.673,89.46,0.344,0.88,-0.934,5,7,9,WARNING,1
62,31,EVENT_ATRIUM,221,0.858,0.749,0.582,93.68,0.319,0.729,-0.888,6,13,17,WARNING,1
62,32,EVENT_ATRIUM,216,0.806,0.758,0.411,86.13,0.439,0.819,-0.974,7,8,4,WARNING,1
62,33,FESTIVAL_CORRIDOR,211,0.807,0.691,0.509,88.96,0.447,0.851,-0.563,5,19,8,WARNING,1
62,34,MALL_CONCERT_STAGE,206,0.82,0.631,0.517,94.12,0.431,0.842,-1.449,5,12,3,WARNING,1
62,35,LIVE_PERFORMANCE_ZONE,239,0.937,0.603,0.581,105.02,0.431,0.916,-0.564,5,17,11,HIGH,2
62,36,EVENT_ATRIUM,220,0.874,0.651,0.51,66.46,0.408,0.819,-0.825,4,6,8,WARNING,1
62,37,FESTIVAL_CORRIDOR,217,0.771,0.706,0.38,81.4,0.371,0.672,-1.045,4,13,6,WARNING,1
62,38,LIVE_PERFORMANCE_ZONE,224,0.871,0.625,0.543,92.23,0.464,0.844,-0.43,5,14,12,WARNING,1
62,39,FESTIVAL_CORRIDOR,212,0.841,0.633,0.404,106.66,0.397,0.8,-0.788,11,9,6,WARNING,1
62,40,EVENT_ATRIUM,205,0.778,0.797,0.448,77.73,0.364,0.773,-0.707,5,6,7,WARNING,1
62,41,EVENT_ATRIUM,209,0.846,0.476,0.419,80.04,0.427,0.827,-1.107,6,11,12,WARNING,1
62,42,MALL_CONCERT_STAGE,213,0.796,0.637,0.4,88.07,0.417,0.858,-0.991,7,6,15,WARNING,1
62,43,LIVE_PERFORMANCE_ZONE,212,0.794,0.74,0.416,87.53,0.419,0.872,-0.775,5,7,10,WARNING,1
62,44,LIVE_PERFORMANCE_ZONE,230,0.849,0.749,0.451,77.75,0.439,0.759,-0.471,9,5,16,WARNING,1
62,45,EVENT_ATRIUM,244,0.922,0.623,0.511,90.2,0.518,0.789,-1.017,7,13,14,HIGH,2
62,46,FESTIVAL_CORRIDOR,243,0.962,0.598,0.479,104.43,0.544,0.957,-0.959,8,11,8,HIGH,2
62,47,EVENT_ATRIUM,220,0.869,0.666,0.487,105.21,0.412,0.83,-1.527,10,7,3,WARNING,1
62,48,LIVE_PERFORMANCE_ZONE,239,0.962,0.712,0.412,98.3,0.501,0.917,-1.465,8,10,6,HIGH,2
62,49,FESTIVAL_CORRIDOR,247,0.903,0.621,0.394,78.33,0.439,0.776,-1.213,5,14,13,WARNING,1
62,50,FESTIVAL_CORRIDOR,241,0.93,0.676,0.456,95.13,0.455,0.857,-1.369,5,10,13,WARNING,1
62,51,EVENT_ATRIUM,232,0.903,0.506,0.54,100.02,0.431,0.846,-1.891,2,10,8,HIGH,2
62,52,LIVE_PERFORMANCE_ZONE,247,0.934,0.525,0.563,100.52,0.464,0.851,-1.147,9,15,11,HIGH,2
62,53,FESTIVAL_CORRIDOR,243,0.927,0.757,0.483,91.3,0.426,0.805,-0.733,8,16,14,WARNING,1
62,54,FESTIVAL_CORRIDOR,238,0.902,0.569,0.399,98.35,0.361,0.878,-0.738,7,9,13,WARNING,1
62,55,MALL_CONCERT_STAGE,249,0.924,0.73,0.459,101.39,0.499,0.736,-0.486,6,11,8,WARNING,1
62,56,LIVE_PERFORMANCE_ZONE,233,0.902,0.55,0.492,81.03,0.393,0.814,-0.47,5,9,13,WARNING,1
62,57,MALL_CONCERT_STAGE,256,1,0.519,0.524,100.07,0.497,0.944,-0.337,7,16,11,HIGH,2
62,58,MALL_CONCERT_STAGE,255,0.996,0.465,0.506,100.35,0.49,0.842,-1.19,11,10,17,HIGH,2
62,59,MALL_CONCERT_STAGE,255,0.947,0.552,0.465,100.48,0.468,0.855,-0.966,7,14,9,HIGH,2
62,60,LIVE_PERFORMANCE_ZONE,273,1,0.36,0.427,84.48,0.492,0.782,-0.998,11,15,12,HIGH,2
62,61,FESTIVAL_CORRIDOR,258,0.964,0.645,0.448,97.86,0.489,0.848,-1.086,2,12,10,HIGH,2
62,62,LIVE_PERFORMANCE_ZONE,269,1,0.507,0.482,92.14,0.53,0.975,-1.493,3,16,16,HIGH,2
62,63,LIVE_PERFORMANCE_ZONE,273,1,0.531,0.617,104.42,0.538,0.91,-0.365,4,8,9,HIGH,2
62,64,LIVE_PERFORMANCE_ZONE,261,0.97,0.487,0.597,90.92,0.459,0.933,-1.619,5,17,13,HIGH,2
62,65,LIVE_PERFORMANCE_ZONE,248,0.901,0.552,0.534,93.25,0.414,0.932,-1.505,5,12,9,HIGH,2
62,66,MALL_CONCERT_STAGE,272,0.992,0.562,0.552,100.87,0.484,0.902,-1.333,3,11,15,HIGH,2
62,67,MALL_CONCERT_STAGE,277,1,0.562,0.529,94.56,0.377,0.869,-0.393,11,12,11,HIGH,2
62,68,MALL_CONCERT_STAGE,267,1,0.537,0.63,105.71,0.472,0.781,-1.482,8,9,14,HIGH,2
62,69,EVENT_ATRIUM,267,1,0.446,0.564,99.19,0.487,0.878,-0.734,8,11,9,HIGH,2
62,70,LIVE_PERFORMANCE_ZONE,246,0.939,0.443,0.489,97.05,0.398,0.843,-0.741,12,15,7,WARNING,1
62,71,MALL_CONCERT_STAGE,285,1,0.468,0.54,120.57,0.514,0.927,-0.433,7,15,14,HIGH,2
62,72,EVENT_ATRIUM,255,0.987,0.522,0.519,99.38,0.48,0.986,-1.572,6,11,17,HIGH,2
62,73,EVENT_ATRIUM,258,1,0.591,0.665,94.89,0.475,0.884,-1.495,8,13,6,HIGH,2
62,74,EVENT_ATRIUM,262,0.969,0.565,0.467,91.25,0.47,0.891,-1.143,6,17,16,HIGH,2
62,75,LIVE_PERFORMANCE_ZONE,260,0.998,0.528,0.555,95.89,0.479,0.929,-1.318,11,8,10,HIGH,2
62,76,EVENT_ATRIUM,264,1,0.419,0.544,101.67,0.509,0.97,-1.262,3,10,12,HIGH,2
62,77,FESTIVAL_CORRIDOR,249,0.949,0.573,0.555,96.73,0.479,0.855,-0.906,12,12,9,HIGH,2
62,78,FESTIVAL_CORRIDOR,243,0.919,0.716,0.445,84.95,0.456,0.857,-1.151,10,11,11,WARNING,1
62,79,LIVE_PERFORMANCE_ZONE,229,0.834,0.703,0.483,91.13,0.323,0.815,-1.176,6,9,8,WARNING,1
62,80,FESTIVAL_CORRIDOR,243,0.957,0.71,0.573,95.55,0.451,0.81,-0.785,7,16,12,HIGH,2
62,81,MALL_CONCERT_STAGE,228,0.857,0.571,0.493,93.62,0.464,0.804,-0.891,4,11,8,WARNING,1
62,82,MALL_CONCERT_STAGE,241,0.967,0.701,0.536,94.06,0.435,0.867,-0.936,6,11,11,HIGH,2
62,83,LIVE_PERFORMANCE_ZONE,226,0.841,0.758,0.49,78.86,0.442,0.714,-0.8,7,8,11,WARNING,1
62,84,EVENT_ATRIUM,245,1,0.638,0.578,89.65,0.484,0.866,-1.596,7,19,10,HIGH,2
62,85,LIVE_PERFORMANCE_ZONE,221,0.855,0.64,0.5,92.84,0.412,0.785,-0.748,5,11,10,WARNING,1
62,86,MALL_CONCERT_STAGE,220,0.849,0.562,0.501,93.13,0.445,0.857,-0.817,4,10,9,WARNING,1
62,87,EVENT_ATRIUM,243,0.916,0.576,0.502,98.49,0.479,0.857,-0.358,5,7,16,HIGH,2
62,88,FESTIVAL_CORRIDOR,204,0.718,0.77,0.354,81,0.337,0.677,-0.649,8,7,11,WARNING,1
62,89,EVENT_ATRIUM,202,0.738,0.983,0.354,68.91,0.342,0.848,-1.212,6,11,7,WARNING,1
63,0,MALL_CONCERT_STAGE,215,0.874,0.657,0.607,91.83,0.456,0.793,-0.869,14,13,10,WARNING,1
63,1,MALL_CONCERT_STAGE,228,0.87,0.618,0.424,97.25,0.365,0.794,-0.981,7,14,12,WARNING,1
63,2,MALL_CONCERT_STAGE,197,0.825,0.649,0.422,86.11,0.405,0.863,-0.571,2,9,8,WARNING,1
63,3,EVENT_ATRIUM,203,0.76,0.679,0.381,70.57,0.415,0.788,-1.115,8,13,4,WARNING,1
63,4,MALL_CONCERT_STAGE,196,0.767,0.769,0.407,70.86,0.318,0.704,-1.258,5,10,10,WARNING,1
63,5,FESTIVAL_CORRIDOR,210,0.778,0.696,0.421,83.8,0.366,0.854,-1.459,4,11,6,WARNING,1
63,6,FESTIVAL_CORRIDOR,202,0.823,0.678,0.478,86.43,0.384,0.759,-0.842,6,15,10,WARNING,1
63,7,FESTIVAL_CORRIDOR,182,0.727,0.765,0.392,82.21,0.363,0.691,-0.286,5,10,9,WARNING,1
63,8,EVENT_ATRIUM,217,0.825,0.651,0.484,84.36,0.429,0.899,-1.877,3,5,5,WARNING,1
63,9,LIVE_PERFORMANCE_ZONE,221,0.828,0.81,0.413,93.25,0.411,0.876,-1.306,5,10,8,WARNING,1
63,10,EVENT_ATRIUM,199,0.749,0.808,0.352,65.6,0.409,0.736,-0.863,6,5,13,WARNING,1
63,11,MALL_CONCERT_STAGE,211,0.813,0.651,0.446,87.61,0.413,0.83,-1.12,7,7,10,WARNING,1
63,12,EVENT_ATRIUM,210,0.828,0.702,0.453,83.55,0.375,0.771,-1.238,2,9,8,WARNING,1
63,13,FESTIVAL_CORRIDOR,222,0.852,0.749,0.363,84.16,0.426,0.869,-1.243,10,12,5,WARNING,1
63,14,LIVE_PERFORMANCE_ZONE,207,0.772,0.806,0.467,75.59,0.397,0.775,-0.807,4,12,12,WARNING,1
63,15,FESTIVAL_CORRIDOR,224,0.771,0.682,0.401,85.28,0.354,0.949,-0.587,3,9,13,WARNING,1
63,16,LIVE_PERFORMANCE_ZONE,207,0.804,0.731,0.345,93.06,0.399,0.803,-1.024,4,13,10,WARNING,1
63,17,LIVE_PERFORMANCE_ZONE,202,0.79,0.742,0.393,89.67,0.374,0.859,-0.68,6,17,10,WARNING,1
63,18,FESTIVAL_CORRIDOR,230,0.861,0.599,0.474,91.4,0.406,0.804,-1.173,4,12,5,WARNING,1
63,19,EVENT_ATRIUM,210,0.81,0.544,0.47,90.55,0.464,0.72,-1.525,5,10,6,WARNING,1
63,20,LIVE_PERFORMANCE_ZONE,202,0.799,0.737,0.51,75.67,0.475,0.777,-0.67,9,11,8,WARNING,1
63,21,EVENT_ATRIUM,221,0.865,0.729,0.471,92.99,0.399,0.878,-0.305,6,11,12,WARNING,1
63,22,FESTIVAL_CORRIDOR,217,0.851,0.569,0.452,75.95,0.357,0.903,-1.195,6,10,8,WARNING,1
63,23,FESTIVAL_CORRIDOR,197,0.793,0.756,0.444,84.59,0.396,0.778,-0.648,3,6,4,WARNING,1
63,24,EVENT_ATRIUM,233,0.902,0.677,0.451,99.41,0.488,0.841,-0.423,4,16,9,WARNING,1
63,25,LIVE_PERFORMANCE_ZONE,231,0.885,0.44,0.494,88.51,0.391,0.804,-1.266,7,15,10,WARNING,1
63,26,LIVE_PERFORMANCE_ZONE,226,0.916,0.479,0.569,93.21,0.387,0.799,-0.662,6,13,12,WARNING,1
63,27,FESTIVAL_CORRIDOR,236,0.888,0.647,0.534,98.46,0.472,0.816,-0.708,6,12,10,WARNING,1
63,28,MALL_CONCERT_STAGE,213,0.847,0.549,0.48,78.07,0.427,0.855,-1.193,11,9,14,WARNING,1
63,29,FESTIVAL_CORRIDOR,220,0.845,0.73,0.477,87.48,0.41,0.777,-0.671,8,11,10,WARNING,1
63,30,LIVE_PERFORMANCE_ZONE,243,0.943,0.699,0.454,86.54,0.489,0.917,-0.757,7,17,14,HIGH,2
63,31,LIVE_PERFORMANCE_ZONE,231,0.87,0.595,0.439,82.51,0.482,0.858,-1.045,4,17,9,WARNING,1
63,32,LIVE_PERFORMANCE_ZONE,242,0.953,0.444,0.656,95.05,0.454,0.919,-0.67,7,6,7,HIGH,2
63,33,LIVE_PERFORMANCE_ZONE,244,0.921,0.514,0.478,88.63,0.498,0.804,-1.121,7,14,9,WARNING,1
63,34,MALL_CONCERT_STAGE,260,0.998,0.442,0.45,100.65,0.442,0.827,-0.303,6,9,12,HIGH,2
63,35,LIVE_PERFORMANCE_ZONE,253,0.982,0.534,0.499,109.83,0.464,0.928,-0.858,5,16,16,HIGH,2
63,36,MALL_CONCERT_STAGE,260,0.962,0.564,0.553,91.31,0.55,0.849,-0.959,8,15,13,HIGH,2
63,37,LIVE_PERFORMANCE_ZONE,261,1,0.374,0.539,91.56,0.473,0.933,-1.467,6,15,11,HIGH,2
63,38,FESTIVAL_CORRIDOR,276,1,0.428,0.59,98.77,0.469,0.866,-0.947,6,14,13,HIGH,2
63,39,FESTIVAL_CORRIDOR,254,1,0.414,0.601,108.09,0.468,0.904,-0.502,6,10,12,HIGH,2
63,40,EVENT_ATRIUM,279,1,0.444,0.524,109.24,0.42,0.842,-0.843,8,19,9,HIGH,2
63,41,MALL_CONCERT_STAGE,260,0.979,0.622,0.538,105.8,0.504,0.756,-1.129,7,14,7,HIGH,2
63,42,FESTIVAL_CORRIDOR,263,0.986,0.677,0.483,100.23,0.436,0.897,-1.303,8,15,21,HIGH,2
63,43,EVENT_ATRIUM,275,1,0.584,0.516,112.59,0.469,0.876,-1.371,11,8,14,HIGH,2
63,44,FESTIVAL_CORRIDOR,265,1,0.553,0.595,101.19,0.47,0.834,-1.192,3,9,13,HIGH,2
63,45,EVENT_ATRIUM,274,1,0.362,0.497,99.25,0.467,0.882,-1.377,6,9,14,HIGH,2
63,46,LIVE_PERFORMANCE_ZONE,261,0.981,0.469,0.599,96.14,0.537,0.92,-1.233,9,12,8,HIGH,2
63,47,MALL_CONCERT_STAGE,269,1,0.567,0.539,103.32,0.49,0.863,-1.054,9,12,13,HIGH,2
63,48,MALL_CONCERT_STAGE,266,1,0.3,0.608,101.94,0.444,0.912,-0.931,6,16,12,HIGH,2
63,49,LIVE_PERFORMANCE_ZONE,249,0.918,0.629,0.496,92.31,0.347,0.887,-0.407,5,16,11,WARNING,1
63,50,MALL_CONCERT_STAGE,262,0.997,0.592,0.503,84.8,0.456,0.943,-0.831,10,14,14,HIGH,2
63,51,EVENT_ATRIUM,260,1,0.499,0.415,100.54,0.459,0.9,-1.355,3,10,10,HIGH,2
63,52,MALL_CONCERT_STAGE,266,1,0.464,0.641,93.94,0.497,0.93,-1.243,6,13,12,HIGH,2
63,53,EVENT_ATRIUM,244,0.93,0.56,0.554,96.44,0.439,0.887,-0.712,5,8,10,HIGH,2
63,54,MALL_CONCERT_STAGE,240,0.875,0.609,0.436,92.31,0.402,0.712,-0.99,4,8,13,WARNING,1
63,55,MALL_CONCERT_STAGE,233,0.951,0.466,0.558,106.08,0.468,0.936,-1.355,11,10,8,HIGH,2
63,56,EVENT_ATRIUM,241,0.928,0.69,0.409,89.79,0.454,0.95,-1.073,5,17,14,WARNING,1
63,57,LIVE_PERFORMANCE_ZONE,248,0.983,0.64,0.535,102.6,0.401,0.885,-1.068,6,13,15,HIGH,2
63,58,LIVE_PERFORMANCE_ZONE,223,0.854,0.687,0.455,81.98,0.336,0.806,-0.954,7,14,10,WARNING,1
63,59,EVENT_ATRIUM,228,0.857,0.54,0.488,85.27,0.368,0.787,-1.503,10,7,9,WARNING,1
63,60,MALL_CONCERT_STAGE,224,0.81,0.698,0.524,84.85,0.42,0.715,-1.055,5,11,8,WARNING,1
63,61,LIVE_PERFORMANCE_ZONE,244,0.923,0.585,0.521,81.67,0.436,0.794,-1.106,8,7,10,WARNING,1
63,62,EVENT_ATRIUM,234,0.9,0.376,0.512,86.13,0.477,0.842,-0.019,5,15,11,WARNING,1
63,63,LIVE_PERFORMANCE_ZONE,217,0.823,0.841,0.515,73.7,0.423,0.779,-0.959,7,15,11,WARNING,1
63,64,LIVE_PERFORMANCE_ZONE,212,0.798,0.713,0.419,85.09,0.395,0.813,-0.314,9,7,15,WARNING,1
63,65,MALL_CONCERT_STAGE,219,0.816,0.645,0.405,85.36,0.36,0.811,-0.645,7,13,4,WARNING,1
63,66,LIVE_PERFORMANCE_ZONE,222,0.881,0.477,0.554,72.86,0.408,0.775,-1.207,10,6,9,WARNING,1
63,67,MALL_CONCERT_STAGE,223,0.858,0.631,0.515,81.78,0.386,0.768,-1.345,10,12,8,WARNING,1
63,68,EVENT_ATRIUM,202,0.797,0.764,0.404,87.52,0.366,0.823,-0.486,4,9,8,WARNING,1
63,69,FESTIVAL_CORRIDOR,229,0.911,0.672,0.435,106.68,0.408,0.923,-1.007,8,13,8,WARNING,1
63,70,MALL_CONCERT_STAGE,212,0.802,0.81,0.387,81.58,0.434,0.787,-0.996,7,8,6,WARNING,1
63,71,EVENT_ATRIUM,210,0.808,0.662,0.402,94.91,0.375,0.742,-1.268,5,10,6,WARNING,1
63,72,MALL_CONCERT_STAGE,217,0.862,0.656,0.462,88.61,0.36,0.83,-0.919,7,7,12,WARNING,1
63,73,FESTIVAL_CORRIDOR,199,0.752,0.821,0.456,81.19,0.332,0.808,-1.412,3,13,9,WARNING,1
63,74,LIVE_PERFORMANCE_ZONE,214,0.785,0.634,0.484,87.5,0.41,0.903,-1.36,8,10,8,WARNING,1
63,75,EVENT_ATRIUM,224,0.847,0.656,0.46,84,0.338,0.819,-0.811,2,10,9,WARNING,1
63,76,LIVE_PERFORMANCE_ZONE,203,0.718,0.834,0.424,75.8,0.35,0.785,-0.48,3,13,7,WARNING,1
63,77,MALL_CONCERT_STAGE,198,0.782,0.739,0.435,84.69,0.393,0.81,-1.253,3,14,7,WARNING,1
63,78,FESTIVAL_CORRIDOR,207,0.797,0.701,0.385,78.78,0.382,0.92,-1.246,3,17,5,WARNING,1
63,79,FESTIVAL_CORRIDOR,207,0.741,0.739,0.415,79.93,0.372,0.768,-1.144,6,7,7,WARNING,1
63,80,LIVE_PERFORMANCE_ZONE,222,0.788,0.806,0.361,73.04,0.378,0.803,-1.265,5,14,11,WARNING,1
63,81,FESTIVAL_CORRIDOR,219,0.861,0.658,0.536,101.06,0.449,0.801,-0.87,5,6,10,WARNING,1
63,82,EVENT_ATRIUM,211,0.809,0.684,0.428,87.99,0.38,0.829,-1.019,4,10,8,WARNING,1
63,83,MALL_CONCERT_STAGE,223,0.838,0.707,0.39,95.02,0.349,0.795,-0.295,6,5,12,WARNING,1
63,84,LIVE_PERFORMANCE_ZONE,222,0.838,0.676,0.467,82.45,0.293,0.909,-0.788,5,10,13,WARNING,1
63,85,MALL_CONCERT_STAGE,206,0.771,0.678,0.495,81.08,0.347,0.833,-0.092,7,10,17,WARNING,1
63,86,LIVE_PERFORMANCE_ZONE,227,0.816,0.818,0.486,88.32,0.387,0.85,-0.014,8,6,6,WARNING,1
63,87,FESTIVAL_CORRIDOR,208,0.811,0.718,0.474,78.71,0.458,0.805,-0.981,9,6,8,WARNING,1
63,88,FESTIVAL_CORRIDOR,205,0.769,0.685,0.449,94.17,0.371,0.792,-0.98,7,8,12,WARNING,1
63,89,EVENT_ATRIUM,200,0.785,0.778,0.411,73.8,0.292,0.706,-0.752,7,10,9,WARNING,1
64,0,LIVE_PERFORMANCE_ZONE,83,0.361,1.352,0.176,45.33,0.205,0.458,-0.681,3,4,4,SAFE,0
64,1,LIVE_PERFORMANCE_ZONE,78,0.252,1.321,0.114,34.36,0.186,0.406,-0.664,8,3,1,SAFE,0
64,2,FESTIVAL_CORRIDOR,72,0.317,1.194,0.091,42.71,0.165,0.557,-0.704,5,3,5,SAFE,0
64,3,EVENT_ATRIUM,97,0.346,1.309,0.199,42.24,0.094,0.554,-0.062,9,8,2,SAFE,0
64,4,EVENT_ATRIUM,73,0.3,1.347,0.223,40.08,0.11,0.512,-0.131,3,6,2,SAFE,0
64,5,EVENT_ATRIUM,75,0.323,1.227,0.206,52.86,0.236,0.56,-0.805,4,3,1,SAFE,0
64,6,FESTIVAL_CORRIDOR,89,0.347,1.145,0.176,48.88,0.204,0.498,-0.291,1,7,3,SAFE,0
64,7,EVENT_ATRIUM,81,0.324,1.414,0.198,48.55,0.212,0.548,-1.006,5,7,3,SAFE,0
64,8,FESTIVAL_CORRIDOR,86,0.342,1.301,0.209,41.03,0.164,0.568,-0.365,2,4,2,SAFE,0
64,9,EVENT_ATRIUM,104,0.443,1.141,0.251,50.39,0.311,0.592,-0.497,8,2,2,SAFE,0
64,10,EVENT_ATRIUM,84,0.303,1.267,0.135,51.12,0.183,0.467,-0.562,1,7,2,SAFE,0
64,11,MALL_CONCERT_STAGE,86,0.359,1.291,0.2,62.94,0.266,0.568,-0.427,5,4,7,SAFE,0
64,12,EVENT_ATRIUM,112,0.454,1.057,0.3,43.13,0.222,0.679,-0.36,1,6,4,SAFE,0
64,13,EVENT_ATRIUM,118,0.45,1.131,0.184,56.85,0.283,0.585,-0.631,5,12,3,SAFE,0
64,14,MALL_CONCERT_STAGE,116,0.421,1.051,0.244,59.05,0.207,0.533,-1.047,4,4,2,SAFE,0
64,15,FESTIVAL_CORRIDOR,97,0.435,1.097,0.208,50.21,0.183,0.601,-0.224,2,2,2,SAFE,0
64,16,LIVE_PERFORMANCE_ZONE,115,0.453,1.106,0.203,49.16,0.171,0.554,-0.439,5,2,3,SAFE,0
64,17,FESTIVAL_CORRIDOR,127,0.484,1.125,0.24,51.83,0.231,0.527,-0.174,1,11,9,SAFE,0
64,18,LIVE_PERFORMANCE_ZONE,98,0.406,1.051,0.296,52.94,0.151,0.489,-0.166,4,7,2,SAFE,0
64,19,FESTIVAL_CORRIDOR,140,0.537,1.051,0.303,61.8,0.277,0.686,-0.766,5,8,8,SAFE,0
64,20,EVENT_ATRIUM,103,0.379,1.162,0.207,44.73,0.137,0.548,-0.921,6,6,5,SAFE,0
64,21,LIVE_PERFORMANCE_ZONE,133,0.574,1.09,0.284,50.61,0.324,0.693,-0.064,8,9,3,SAFE,0
64,22,LIVE_PERFORMANCE_ZONE,136,0.538,1.004,0.283,64.11,0.257,0.609,-0.41,5,5,5,SAFE,0
64,23,MALL_CONCERT_STAGE,131,0.477,1.125,0.198,52.6,0.209,0.604,-0.875,6,7,1,SAFE,0
64,24,MALL_CONCERT_STAGE,139,0.588,1.078,0.353,57.52,0.281,0.641,-0.69,5,7,3,SAFE,0
64,25,EVENT_ATRIUM,133,0.538,0.971,0.319,55.09,0.215,0.723,-1.012,5,6,8,SAFE,0
64,26,EVENT_ATRIUM,127,0.435,1.13,0.212,52.66,0.196,0.595,-1.039,3,2,7,SAFE,0
64,27,EVENT_ATRIUM,121,0.487,1.068,0.23,60.76,0.243,0.657,-0.228,5,3,10,SAFE,0
64,28,EVENT_ATRIUM,147,0.547,0.97,0.196,55.49,0.278,0.67,-0.699,7,8,7,SAFE,0
64,29,LIVE_PERFORMANCE_ZONE,119,0.443,1.202,0.25,59.54,0.239,0.54,-1.648,1,5,9,SAFE,0
64,30,EVENT_ATRIUM,166,0.655,0.91,0.327,67.95,0.277,0.744,-0.802,6,8,7,WARNING,1
64,31,LIVE_PERFORMANCE_ZONE,136,0.502,1.073,0.179,58.72,0.169,0.718,-0.735,4,4,8,SAFE,0
64,32,FESTIVAL_CORRIDOR,127,0.531,0.802,0.288,60.33,0.241,0.585,-1.243,4,3,3,SAFE,0
64,33,FESTIVAL_CORRIDOR,142,0.564,0.93,0.34,68.5,0.314,0.67,-0.407,7,8,5,SAFE,0
64,34,EVENT_ATRIUM,137,0.487,1.138,0.362,58.75,0.282,0.535,-0.41,4,9,9,SAFE,0
64,35,EVENT_ATRIUM,162,0.554,0.905,0.368,62.92,0.263,0.606,-0.397,6,10,8,SAFE,0
64,36,LIVE_PERFORMANCE_ZONE,136,0.544,0.888,0.375,52.11,0.254,0.669,-0.607,7,8,9,SAFE,0
64,37,EVENT_ATRIUM,131,0.47,1.042,0.192,54.42,0.276,0.558,-0.392,3,9,8,SAFE,0
64,38,EVENT_ATRIUM,131,0.527,1.013,0.279,51.21,0.289,0.595,-0.416,7,5,6,SAFE,0
64,39,FESTIVAL_CORRIDOR,139,0.491,1.14,0.241,53.17,0.191,0.591,-0.462,6,3,5,SAFE,0
64,40,EVENT_ATRIUM,105,0.421,1.051,0.183,59.64,0.239,0.662,-0.225,12,10,2,SAFE,0
64,41,EVENT_ATRIUM,117,0.457,1.15,0.242,60.48,0.249,0.608,-0.805,3,8,7,SAFE,0
64,42,MALL_CONCERT_STAGE,109,0.356,1.1,0.091,46.15,0.221,0.493,-0.452,9,4,2,SAFE,0
64,43,MALL_CONCERT_STAGE,99,0.394,1.105,0.285,44.84,0.172,0.529,0.124,7,4,6,SAFE,0
64,44,MALL_CONCERT_STAGE,127,0.488,0.912,0.148,56.76,0.208,0.55,-0.897,12,5,4,SAFE,0
64,45,MALL_CONCERT_STAGE,106,0.389,0.999,0.148,60.96,0.196,0.567,-0.217,4,6,6,SAFE,0
64,46,FESTIVAL_CORRIDOR,104,0.416,1.01,0.277,45.33,0.156,0.509,-0.347,3,7,3,SAFE,0
64,47,EVENT_ATRIUM,102,0.361,1.178,0.182,54.3,0.163,0.454,-0.724,3,7,1,SAFE,0
64,48,LIVE_PERFORMANCE_ZONE,87,0.329,1.33,0.105,34.9,0.2,0.483,-0.84,4,5,2,SAFE,0
64,49,LIVE_PERFORMANCE_ZONE,95,0.333,1.181,0.227,46.96,0.167,0.489,-0.386,4,1,6,SAFE,0
64,50,LIVE_PERFORMANCE_ZONE,75,0.259,1.263,0.185,38.87,0.091,0.409,0.374,3,2,1,SAFE,0
64,51,FESTIVAL_CORRIDOR,83,0.322,1.262,0.193,32.39,0.128,0.536,-0.073,2,3,5,SAFE,0
64,52,LIVE_PERFORMANCE_ZONE,103,0.435,1.062,0.212,56,0.288,0.643,-0.126,6,11,7,SAFE,0
64,53,LIVE_PERFORMANCE_ZONE,98,0.39,1.022,0.279,37.84,0.155,0.514,-1.149,7,5,3,SAFE,0
64,54,FESTIVAL_CORRIDOR,88,0.286,1.278,0.175,44.32,0.145,0.53,0.075,4,7,4,SAFE,0
64,55,MALL_CONCERT_STAGE,105,0.435,1.11,0.229,54,0.283,0.558,-0.31,2,6,7,SAFE,0
64,56,MALL_CONCERT_STAGE,101,0.412,1.108,0.184,48.21,0.145,0.543,-0.935,6,2,8,SAFE,0
64,57,MALL_CONCERT_STAGE,65,0.303,1.382,0.181,43.93,0.135,0.474,-0.723,5,0,2,SAFE,0
64,58,EVENT_ATRIUM,100,0.419,1.248,0.296,44.17,0.151,0.505,-0.714,4,7,5,SAFE,0
64,59,EVENT_ATRIUM,63,0.262,1.192,0.165,37.76,0.135,0.465,-0.437,4,4,3,SAFE,0
64,60,EVENT_ATRIUM,76,0.307,1.207,0.132,50.05,0.161,0.457,0.166,3,6,5,SAFE,0
64,61,LIVE_PERFORMANCE_ZONE,67,0.29,1.266,0.19,50.92,0.138,0.462,-0.6,2,1,1,SAFE,0
64,62,MALL_CONCERT_STAGE,84,0.294,1.045,0.172,35.48,0.076,0.459,-0.966,5,8,1,SAFE,0
64,63,MALL_CONCERT_STAGE,89,0.309,1.197,0.216,36.81,0.059,0.502,-0.1,5,5,5,SAFE,0
64,64,LIVE_PERFORMANCE_ZONE,75,0.27,1.249,0.14,30.26,0.1,0.52,-0.766,4,4,4,SAFE,0
64,65,MALL_CONCERT_STAGE,79,0.258,1.182,0.189,48.08,0.144,0.48,0.127,7,9,4,SAFE,0
64,66,EVENT_ATRIUM,92,0.36,1.154,0.215,50.73,0.23,0.612,-0.671,4,7,0,SAFE,0
64,67,LIVE_PERFORMANCE_ZONE,82,0.288,1.416,0.191,49.09,0.113,0.471,-0.231,6,2,3,SAFE,0
64,68,LIVE_PERFORMANCE_ZONE,101,0.387,1.271,0.152,44.17,0.134,0.657,-0.487,1,4,3,SAFE,0
64,69,LIVE_PERFORMANCE_ZONE,83,0.281,1.302,0.141,39.7,0.155,0.431,-0.737,4,7,0,SAFE,0
64,70,LIVE_PERFORMANCE_ZONE,80,0.318,1.222,0.161,49.53,0.164,0.571,-0.728,2,4,7,SAFE,0
64,71,EVENT_ATRIUM,75,0.324,1.231,0.159,44.95,0.229,0.369,0.282,4,3,2,SAFE,0
64,72,MALL_CONCERT_STAGE,63,0.221,1.268,0.094,32.6,0.143,0.501,-0.165,8,4,4,SAFE,0
64,73,FESTIVAL_CORRIDOR,61,0.195,1.463,0.043,39.51,0.024,0.45,-0.326,6,3,3,SAFE,0
64,74,LIVE_PERFORMANCE_ZONE,79,0.34,1.171,0.17,42.68,0.183,0.584,-0.516,6,6,4,SAFE,0
64,75,LIVE_PERFORMANCE_ZONE,90,0.334,1.175,0.176,44.77,0.14,0.545,-0.476,5,3,1,SAFE,0
64,76,FESTIVAL_CORRIDOR,84,0.349,1.178,0.247,46.31,0.211,0.586,-0.789,4,4,7,SAFE,0
64,77,EVENT_ATRIUM,81,0.354,1.266,0.187,56,0.206,0.523,-0.301,4,3,9,SAFE,0
64,78,MALL_CONCERT_STAGE,53,0.216,1.346,0.146,38.01,0.076,0.399,0.018,4,1,2,SAFE,0
64,79,EVENT_ATRIUM,71,0.319,1.157,0.153,42.95,0.135,0.544,-0.224,4,4,4,SAFE,0
64,80,EVENT_ATRIUM,71,0.289,1.317,0.178,46.64,0.16,0.449,-0.516,4,6,5,SAFE,0
64,81,LIVE_PERFORMANCE_ZONE,81,0.375,1.165,0.249,46.94,0.172,0.606,-0.911,2,4,4,SAFE,0
64,82,EVENT_ATRIUM,78,0.296,1.208,0,32.45,0.169,0.532,-0.381,7,1,1,SAFE,0
64,83,LIVE_PERFORMANCE_ZONE,65,0.266,1.331,0.144,40.28,0.077,0.536,-0.643,5,2,4,SAFE,0
64,84,FESTIVAL_CORRIDOR,49,0.183,1.407,0.071,35.81,0.058,0.504,-0.212,4,3,2,SAFE,0
64,85,MALL_CONCERT_STAGE,81,0.389,1.188,0.203,57.42,0.258,0.603,-0.493,8,3,2,SAFE,0
64,86,FESTIVAL_CORRIDOR,97,0.38,1.189,0.255,42.38,0.202,0.582,-0.705,7,6,5,SAFE,0
64,87,FESTIVAL_CORRIDOR,74,0.336,1.31,0.207,45.92,0.171,0.526,-1.233,3,3,3,SAFE,0
64,88,EVENT_ATRIUM,88,0.305,1.231,0.108,36.48,0.205,0.531,-0.928,3,8,6,SAFE,0
64,89,LIVE_PERFORMANCE_ZONE,71,0.284,1.281,0.193,31.52,0.116,0.478,-0.852,4,6,1,SAFE,0
65,0,MALL_CONCERT_STAGE,176,0.676,0.919,0.466,79,0.351,0.612,-0.517,10,7,7,WARNING,1
65,1,FESTIVAL_CORRIDOR,167,0.623,1.089,0.447,64.99,0.304,0.754,-0.738,2,7,6,WARNING,1
65,2,EVENT_ATRIUM,157,0.566,0.969,0.303,63.36,0.27,0.613,-0.376,2,17,11,SAFE,0
65,3,FESTIVAL_CORRIDOR,176,0.661,0.916,0.405,73.76,0.337,0.776,-0.702,9,7,10,WARNING,1
65,4,FESTIVAL_CORRIDOR,160,0.616,0.923,0.328,63.82,0.315,0.684,-0.782,5,8,13,SAFE,0
65,5,FESTIVAL_CORRIDOR,163,0.677,0.806,0.348,76.64,0.26,0.658,-0.43,5,14,14,WARNING,1
65,6,LIVE_PERFORMANCE_ZONE,169,0.663,0.902,0.308,70.82,0.294,0.733,-0.569,2,8,8,WARNING,1
65,7,FESTIVAL_CORRIDOR,160,0.641,1.075,0.379,66.8,0.245,0.813,-0.652,4,10,6,WARNING,1
65,8,EVENT_ATRIUM,173,0.641,0.981,0.271,65,0.386,0.674,-1.218,7,4,6,WARNING,1
65,9,LIVE_PERFORMANCE_ZONE,165,0.634,0.813,0.364,71.63,0.325,0.664,-1.141,9,12,8,WARNING,1
65,10,FESTIVAL_CORRIDOR,156,0.676,0.883,0.297,73.58,0.309,0.702,-0.824,4,9,7,WARNING,1
65,11,EVENT_ATRIUM,150,0.547,0.993,0.276,66.9,0.173,0.633,-1.219,6,11,3,SAFE,0
65,12,MALL_CONCERT_STAGE,172,0.677,0.941,0.437,65.32,0.263,0.655,-1.174,6,9,10,WARNING,1
65,13,MALL_CONCERT_STAGE,182,0.738,0.702,0.446,61.22,0.304,0.727,-0.921,8,8,6,WARNING,1
65,14,EVENT_ATRIUM,191,0.702,0.822,0.374,77.75,0.317,0.824,-0.605,4,3,7,WARNING,1
65,15,LIVE_PERFORMANCE_ZONE,187,0.728,0.772,0.39,79.93,0.418,0.621,-0.73,3,4,7,WARNING,1
65,16,EVENT_ATRIUM,184,0.724,0.74,0.329,89.43,0.327,0.828,-0.978,8,13,9,WARNING,1
65,17,EVENT_ATRIUM,213,0.865,0.632,0.523,88.36,0.409,0.847,-1.463,6,9,7,WARNING,1
65,18,MALL_CONCERT_STAGE,197,0.718,0.759,0.459,72.19,0.412,0.826,-1.05,5,6,10,WARNING,1
65,19,FESTIVAL_CORRIDOR,191,0.751,0.737,0.491,56.86,0.278,0.815,-0.48,7,16,9,WARNING,1
65,20,FESTIVAL_CORRIDOR,176,0.661,0.896,0.283,53.59,0.36,0.718,-0.705,10,11,9,WARNING,1
65,21,MALL_CONCERT_STAGE,192,0.736,0.767,0.399,83.13,0.366,0.728,-1.304,6,10,12,WARNING,1
65,22,LIVE_PERFORMANCE_ZONE,187,0.721,0.753,0.352,78.26,0.344,0.738,-0.787,5,10,9,WARNING,1
65,23,EVENT_ATRIUM,206,0.766,0.801,0.396,74.68,0.359,0.792,-0.401,14,13,11,WARNING,1
65,24,FESTIVAL_CORRIDOR,223,0.882,0.66,0.438,86.95,0.461,0.822,-0.919,10,13,10,WARNING,1
65,25,MALL_CONCERT_STAGE,174,0.68,0.847,0.414,77.4,0.381,0.704,-0.712,8,8,7,WARNING,1
65,26,MALL_CONCERT_STAGE,201,0.812,0.756,0.47,73.78,0.416,0.772,-0.706,7,8,11,WARNING,1
65,27,EVENT_ATRIUM,201,0.79,0.645,0.538,83.34,0.429,0.741,-0.704,7,8,10,WARNING,1
65,28,EVENT_ATRIUM,230,0.889,0.597,0.444,90.28,0.378,0.848,-1.086,7,11,3,WARNING,1
65,29,MALL_CONCERT_STAGE,231,0.929,0.585,0.564,93.99,0.346,0.808,-1.212,3,14,2,WARNING,1
65,30,MALL_CONCERT_STAGE,213,0.814,0.744,0.452,87.58,0.404,0.841,-0.501,7,16,11,WARNING,1
65,31,MALL_CONCERT_STAGE,227,0.9,0.705,0.477,82.61,0.476,0.801,-0.844,5,12,14,WARNING,1
65,32,LIVE_PERFORMANCE_ZONE,238,0.937,0.562,0.567,84.13,0.429,0.881,-1.541,4,10,15,HIGH,2
65,33,EVENT_ATRIUM,202,0.768,0.651,0.447,80,0.426,0.78,-1.422,6,6,6,WARNING,1
65,34,EVENT_ATRIUM,210,0.835,0.747,0.493,89.73,0.343,0.807,-1.06,6,8,11,WARNING,1
65,35,MALL_CONCERT_STAGE,236,0.917,0.749,0.607,98.79,0.484,0.798,-1.45,5,11,13,HIGH,2
65,36,FESTIVAL_CORRIDOR,219,0.801,0.713,0.4,89.98,0.333,0.869,-1.133,6,16,12,WARNING,1
65,37,MALL_CONCERT_STAGE,233,0.887,0.634,0.491,110.3,0.387,0.905,-1.463,4,9,5,WARNING,1
65,38,EVENT_ATRIUM,232,0.876,0.741,0.482,84.24,0.347,0.777,-1.449,4,15,12,WARNING,1
65,39,FESTIVAL_CORRIDOR,226,0.882,0.598,0.409,106.47,0.463,0.898,-0.514,3,7,7,WARNING,1
65,40,FESTIVAL_CORRIDOR,238,0.909,0.524,0.532,74.53,0.492,0.828,-0.73,6,7,12,WARNING,1
65,41,EVENT_ATRIUM,203,0.746,0.659,0.345,71.12,0.377,0.815,-1.355,6,12,12,WARNING,1
65,42,EVENT_ATRIUM,197,0.757,0.76,0.385,71.3,0.303,0.737,-0.466,10,12,10,WARNING,1
65,43,LIVE_PERFORMANCE_ZONE,219,0.825,0.777,0.497,85.59,0.46,0.832,-0.52,5,18,8,WARNING,1
65,44,FESTIVAL_CORRIDOR,213,0.808,0.846,0.481,85.25,0.406,0.678,-1.053,9,17,6,WARNING,1
65,45,MALL_CONCERT_STAGE,199,0.752,0.719,0.431,84.47,0.355,0.726,-0.914,10,10,4,WARNING,1
65,46,FESTIVAL_CORRIDOR,184,0.704,0.922,0.369,83.46,0.342,0.789,-0.653,5,5,7,WARNING,1
65,47,MALL_CONCERT_STAGE,197,0.725,0.87,0.424,76.63,0.333,0.759,-0.885,5,10,9,WARNING,1
65,48,LIVE_PERFORMANCE_ZONE,204,0.769,0.812,0.422,82.28,0.286,0.834,-0.708,5,6,9,WARNING,1
65,49,FESTIVAL_CORRIDOR,196,0.746,0.898,0.457,77.43,0.322,0.827,-0.539,8,9,7,WARNING,1
65,50,LIVE_PERFORMANCE_ZONE,196,0.785,0.786,0.495,81.76,0.457,0.819,-0.987,10,12,9,WARNING,1
65,51,EVENT_ATRIUM,178,0.656,0.843,0.351,84.24,0.314,0.743,-1.215,3,8,8,WARNING,1
65,52,MALL_CONCERT_STAGE,179,0.664,0.884,0.389,79.28,0.283,0.733,-0.6,9,11,7,WARNING,1
65,53,EVENT_ATRIUM,173,0.675,0.857,0.293,78.69,0.389,0.834,-0.639,13,8,8,WARNING,1
65,54,LIVE_PERFORMANCE_ZONE,183,0.726,0.943,0.38,63.46,0.384,0.675,-0.747,12,3,3,WARNING,1
65,55,FESTIVAL_CORRIDOR,184,0.731,0.747,0.372,61.68,0.376,0.689,-0.686,5,10,12,WARNING,1
65,56,MALL_CONCERT_STAGE,190,0.656,0.915,0.301,77.33,0.258,0.732,-0.618,4,14,11,WARNING,1
65,57,LIVE_PERFORMANCE_ZONE,176,0.671,0.874,0.315,79.07,0.284,0.726,-0.622,5,9,12,WARNING,1
65,58,FESTIVAL_CORRIDOR,185,0.711,0.77,0.347,69.12,0.306,0.694,-0.785,3,10,6,WARNING,1
65,59,FESTIVAL_CORRIDOR,171,0.667,0.772,0.348,76.63,0.272,0.717,-0.32,6,7,7,WARNING,1
65,60,MALL_CONCERT_STAGE,189,0.712,0.78,0.445,71.04,0.33,0.768,-0.186,8,13,5,WARNING,1
65,61,EVENT_ATRIUM,162,0.586,1.171,0.408,54.38,0.347,0.709,-0.818,7,8,16,WARNING,1
65,62,EVENT_ATRIUM,169,0.643,0.905,0.443,69.12,0.29,0.692,-1.131,5,6,6,WARNING,1
65,63,MALL_CONCERT_STAGE,192,0.749,0.767,0.352,72.91,0.364,0.808,-0.208,7,9,8,WARNING,1
65,64,EVENT_ATRIUM,155,0.594,0.954,0.332,74.5,0.266,0.731,-0.606,4,5,6,SAFE,0
65,65,FESTIVAL_CORRIDOR,135,0.516,0.967,0.305,56.26,0.211,0.644,-0.535,9,4,7,SAFE,0
65,66,EVENT_ATRIUM,166,0.583,1.088,0.3,70.7,0.21,0.651,-0.728,10,12,3,SAFE,0
65,67,FESTIVAL_CORRIDOR,162,0.622,0.924,0.311,61.52,0.254,0.693,-0.332,4,7,3,SAFE,0
65,68,FESTIVAL_CORRIDOR,166,0.663,0.95,0.346,64.63,0.357,0.679,-1.048,6,8,12,WARNING,1
65,69,MALL_CONCERT_STAGE,182,0.701,0.793,0.364,79.24,0.345,0.648,-1.013,11,13,5,WARNING,1
65,70,EVENT_ATRIUM,143,0.527,1.048,0.294,63.73,0.234,0.52,-0.542,7,7,6,SAFE,0
65,71,MALL_CONCERT_STAGE,162,0.629,0.92,0.408,61.79,0.328,0.726,-0.201,4,12,7,WARNING,1
65,72,EVENT_ATRIUM,162,0.609,1.031,0.316,80.56,0.315,0.606,-1.065,6,10,7,SAFE,0
65,73,EVENT_ATRIUM,137,0.487,1.062,0.305,59.57,0.204,0.615,0.029,5,4,3,SAFE,0
65,74,FESTIVAL_CORRIDOR,173,0.669,0.783,0.377,72.95,0.38,0.694,-0.602,4,6,7,WARNING,1
65,75,MALL_CONCERT_STAGE,162,0.579,0.908,0.353,63.78,0.247,0.667,-0.555,5,11,3,SAFE,0
65,76,LIVE_PERFORMANCE_ZONE,147,0.616,0.944,0.242,67.43,0.35,0.655,-0.884,5,8,7,SAFE,0
65,77,LIVE_PERFORMANCE_ZONE,174,0.685,0.707,0.367,73.68,0.307,0.692,-1.439,8,6,5,WARNING,1
65,78,MALL_CONCERT_STAGE,163,0.669,0.827,0.493,58.4,0.327,0.705,-1.737,6,13,4,WARNING,1
65,79,EVENT_ATRIUM,152,0.583,1.012,0.337,58.56,0.358,0.639,-0.495,7,8,5,SAFE,0
65,80,MALL_CONCERT_STAGE,154,0.584,1.017,0.36,56.38,0.286,0.647,-0.805,6,11,7,SAFE,0
65,81,MALL_CONCERT_STAGE,156,0.611,1.077,0.347,60.07,0.273,0.622,-0.68,3,2,13,SAFE,0
65,82,LIVE_PERFORMANCE_ZONE,169,0.72,0.839,0.324,76,0.361,0.772,-1.42,4,7,4,WARNING,1
65,83,MALL_CONCERT_STAGE,152,0.585,0.946,0.275,62.74,0.232,0.681,-0.226,4,6,9,SAFE,0
65,84,LIVE_PERFORMANCE_ZONE,154,0.62,0.776,0.405,63.45,0.255,0.625,-0.684,6,9,4,SAFE,0
65,85,EVENT_ATRIUM,173,0.692,0.934,0.42,71.21,0.376,0.664,-0.908,5,8,9,WARNING,1
65,86,LIVE_PERFORMANCE_ZONE,185,0.727,0.744,0.391,74.82,0.389,0.773,-0.773,6,6,9,WARNING,1
65,87,EVENT_ATRIUM,158,0.55,0.979,0.31,62.29,0.284,0.614,-1.038,7,6,10,SAFE,0
65,88,LIVE_PERFORMANCE_ZONE,155,0.57,1.04,0.281,56.66,0.194,0.617,-0.963,1,10,6,SAFE,0
65,89,FESTIVAL_CORRIDOR,165,0.644,0.967,0.259,62.11,0.256,0.737,-0.479,5,11,8,SAFE,0
66,0,FESTIVAL_CORRIDOR,220,0.877,0.6,0.473,82.75,0.451,0.838,-0.793,4,9,8,WARNING,1
66,1,EVENT_ATRIUM,221,0.848,0.672,0.465,81.83,0.384,0.832,-0.836,3,11,11,WARNING,1
66,2,EVENT_ATRIUM,193,0.768,0.744,0.42,76.82,0.312,0.732,-1.04,9,3,9,WARNING,1
66,3,LIVE_PERFORMANCE_ZONE,227,0.892,0.59,0.517,100.44,0.483,0.781,-1.67,5,9,13,WARNING,1
66,4,MALL_CONCERT_STAGE,229,0.87,0.512,0.412,84.36,0.407,0.831,-0.98,9,11,11,WARNING,1
66,5,MALL_CONCERT_STAGE,208,0.866,0.879,0.503,95.37,0.488,0.838,-0.543,9,11,11,WARNING,1
66,6,MALL_CONCERT_STAGE,214,0.807,0.816,0.46,93.28,0.34,0.729,-0.694,9,12,9,WARNING,1
66,7,MALL_CONCERT_STAGE,206,0.788,0.585,0.483,74.76,0.378,0.744,-1.392,5,13,9,WARNING,1
66,8,MALL_CONCERT_STAGE,219,0.883,0.72,0.496,86.68,0.355,0.913,-0.628,7,13,5,WARNING,1
66,9,EVENT_ATRIUM,207,0.797,0.877,0.551,90.12,0.348,0.784,-0.79,4,8,15,WARNING,1
66,10,FESTIVAL_CORRIDOR,200,0.842,0.632,0.41,84.09,0.373,0.76,-0.386,8,8,13,WARNING,1
66,11,LIVE_PERFORMANCE_ZONE,219,0.809,0.706,0.445,66.12,0.39,0.683,-0.728,6,14,11,WARNING,1
66,12,EVENT_ATRIUM,219,0.826,0.796,0.487,93.75,0.4,0.819,-1.292,8,14,13,WARNING,1
66,13,FESTIVAL_CORRIDOR,201,0.787,0.768,0.412,80.22,0.418,0.782,-0.717,7,12,9,WARNING,1
66,14,MALL_CONCERT_STAGE,216,0.828,0.696,0.488,78.69,0.417,0.835,-0.897,6,6,11,WARNING,1
66,15,EVENT_ATRIUM,214,0.849,0.701,0.544,79.98,0.362,0.854,-0.923,3,10,10,WARNING,1
66,16,FESTIVAL_CORRIDOR,197,0.758,0.702,0.361,71.29,0.394,0.832,-0.74,10,9,12,WARNING,1
66,17,MALL_CONCERT_STAGE,211,0.815,0.688,0.417,87.13,0.442,0.77,-1.2,6,14,6,WARNING,1
66,18,MALL_CONCERT_STAGE,214,0.841,0.724,0.507,84.61,0.458,0.818,-1.46,3,12,19,WARNING,1
66,19,FESTIVAL_CORRIDOR,183,0.723,0.858,0.354,65.76,0.335,0.789,-0.778,3,12,6,WARNING,1
66,20,FESTIVAL_CORRIDOR,216,0.831,0.632,0.398,81.84,0.394,0.838,-1.204,10,8,13,WARNING,1
66,21,LIVE_PERFORMANCE_ZONE,213,0.792,0.763,0.433,93.62,0.358,0.767,-0.094,3,6,12,WARNING,1
66,22,EVENT_ATRIUM,201,0.711,0.742,0.41,70.35,0.321,0.68,-0.863,3,8,11,WARNING,1
66,23,LIVE_PERFORMANCE_ZONE,215,0.867,0.609,0.507,84.27,0.425,0.851,-0.609,8,15,13,WARNING,1
66,24,EVENT_ATRIUM,206,0.802,0.634,0.509,88.8,0.412,0.707,-0.955,2,11,15,WARNING,1
66,25,MALL_CONCERT_STAGE,229,0.807,0.736,0.473,94.22,0.383,0.679,-1.003,2,16,6,WARNING,1
66,26,LIVE_PERFORMANCE_ZONE,217,0.83,0.658,0.433,80.43,0.374,0.73,-1.057,4,11,12,WARNING,1
66,27,EVENT_ATRIUM,211,0.794,0.887,0.411,84.28,0.37,0.815,-0.811,6,14,11,WARNING,1
66,28,LIVE_PERFORMANCE_ZONE,217,0.851,0.634,0.531,91.47,0.447,0.777,-0.451,7,7,10,WARNING,1
66,29,FESTIVAL_CORRIDOR,220,0.905,0.52,0.519,85.29,0.404,0.903,-0.662,4,6,11,WARNING,1
66,30,FESTIVAL_CORRIDOR,232,0.957,0.664,0.507,100,0.446,0.823,-1.005,7,5,9,HIGH,2
66,31,FESTIVAL_CORRIDOR,237,0.916,0.483,0.576,90.21,0.493,0.844,0.079,7,12,7,HIGH,2
66,32,MALL_CONCERT_STAGE,214,0.76,0.778,0.383,78.77,0.346,0.717,-1.005,9,12,16,WARNING,1
66,33,FESTIVAL_CORRIDOR,221,0.868,0.516,0.544,80.99,0.36,0.832,-0.406,6,5,12,WARNING,1
66,34,MALL_CONCERT_STAGE,220,0.884,0.658,0.51,83.98,0.435,0.909,-0.976,5,10,7,WARNING,1
66,35,MALL_CONCERT_STAGE,227,0.841,0.626,0.436,82.13,0.368,0.745,-0.14,3,13,8,WARNING,1
66,36,MALL_CONCERT_STAGE,242,0.96,0.412,0.559,94.19,0.499,0.831,-0.967,11,9,7,HIGH,2
66,37,MALL_CONCERT_STAGE,216,0.851,0.565,0.436,75.34,0.409,0.776,-0.749,4,12,10,WARNING,1
66,38,EVENT_ATRIUM,235,0.923,0.486,0.481,75.42,0.443,0.896,-0.957,5,14,10,WARNING,1
66,39,EVENT_ATRIUM,227,0.85,0.585,0.456,86.94,0.41,0.875,-0.914,5,14,5,WARNING,1
66,40,LIVE_PERFORMANCE_ZONE,233,0.888,0.709,0.485,91.05,0.406,0.815,-1.03,9,9,8,WARNING,1
66,41,FESTIVAL_CORRIDOR,234,0.902,0.676,0.534,84.79,0.392,0.855,-1.051,8,11,11,WARNING,1
66,42,FESTIVAL_CORRIDOR,234,0.893,0.593,0.476,88.23,0.449,0.908,-0.973,7,8,8,WARNING,1
66,43,LIVE_PERFORMANCE_ZONE,234,0.903,0.648,0.548,84.7,0.424,0.877,-1.333,7,21,9,WARNING,1
66,44,FESTIVAL_CORRIDOR,246,0.882,0.526,0.513,82.06,0.37,0.876,-0.692,5,21,13,WARNING,1
66,45,LIVE_PERFORMANCE_ZONE,242,0.912,0.53,0.46,99.28,0.406,0.892,-0.743,5,17,9,WARNING,1
66,46,FESTIVAL_CORRIDOR,252,0.926,0.554,0.521,100.33,0.459,0.811,-1.428,6,15,8,HIGH,2
66,47,LIVE_PERFORMANCE_ZONE,273,1,0.63,0.494,90.74,0.518,0.903,-0.76,6,14,7,HIGH,2
66,48,EVENT_ATRIUM,260,1,0.461,0.61,113.41,0.567,0.9,-1.328,5,14,8,HIGH,2
66,49,MALL_CONCERT_STAGE,263,1,0.54,0.539,93.98,0.463,0.901,-0.756,6,11,7,HIGH,2
66,50,LIVE_PERFORMANCE_ZONE,258,1,0.507,0.526,104.68,0.43,0.803,-0.98,7,14,14,HIGH,2
66,51,MALL_CONCERT_STAGE,269,1,0.547,0.531,88.5,0.504,1,-1.585,13,12,12,HIGH,2
66,52,FESTIVAL_CORRIDOR,246,0.98,0.652,0.555,99.52,0.429,0.857,-1.216,6,8,13,HIGH,2
66,53,EVENT_ATRIUM,277,1,0.375,0.549,100.47,0.462,0.934,-1.748,9,15,13,HIGH,2
66,54,FESTIVAL_CORRIDOR,262,0.988,0.653,0.546,99.77,0.469,0.859,-0.761,9,9,8,HIGH,2
66,55,EVENT_ATRIUM,287,1,0.499,0.517,94.08,0.455,0.869,-1.403,8,12,10,HIGH,2
66,56,EVENT_ATRIUM,272,0.997,0.431,0.529,97.17,0.447,0.894,-1.453,5,13,13,HIGH,2
66,57,FESTIVAL_CORRIDOR,265,1,0.428,0.644,91.52,0.478,0.908,-1.469,6,7,10,HIGH,2
66,58,FESTIVAL_CORRIDOR,276,1,0.537,0.571,104.43,0.477,0.905,-0.797,5,16,11,HIGH,2
66,59,LIVE_PERFORMANCE_ZONE,267,1,0.511,0.535,94.02,0.479,0.802,-0.461,6,13,12,HIGH,2
66,60,LIVE_PERFORMANCE_ZONE,254,0.956,0.526,0.557,83.89,0.373,0.906,-1.215,5,13,15,HIGH,2
66,61,MALL_CONCERT_STAGE,242,0.913,0.535,0.481,93.25,0.459,0.82,-0.727,10,8,12,WARNING,1
66,62,EVENT_ATRIUM,266,1,0.581,0.575,100.06,0.476,0.876,-1.257,3,8,5,HIGH,2
66,63,EVENT_ATRIUM,276,1,0.551,0.62,99.02,0.542,0.889,-1.198,6,16,9,HIGH,2
66,64,EVENT_ATRIUM,255,0.997,0.388,0.583,107.08,0.504,0.873,-0.563,7,21,13,HIGH,2
66,65,EVENT_ATRIUM,278,1,0.427,0.54,91.78,0.44,0.953,-0.381,11,16,11,HIGH,2
66,66,LIVE_PERFORMANCE_ZONE,265,1,0.362,0.584,95.7,0.445,0.859,-0.437,4,15,11,HIGH,2
66,67,FESTIVAL_CORRIDOR,249,0.981,0.437,0.595,93.09,0.523,0.894,-0.802,11,16,18,HIGH,2
66,68,EVENT_ATRIUM,262,1,0.477,0.546,94.62,0.417,0.923,-0.062,6,8,13,HIGH,2
66,69,EVENT_ATRIUM,236,0.905,0.686,0.494,92.65,0.384,0.831,-0.755,7,10,9,WARNING,1
66,70,EVENT_ATRIUM,226,0.908,0.574,0.519,81.03,0.418,0.867,-0.799,6,12,5,WARNING,1
66,71,EVENT_ATRIUM,237,0.877,0.567,0.514,77.84,0.386,0.8,-0.783,7,7,9,WARNING,1
66,72,MALL_CONCERT_STAGE,233,0.848,0.696,0.498,78.14,0.417,0.877,-1.48,5,8,9,WARNING,1
66,73,EVENT_ATRIUM,228,0.893,0.672,0.476,86.03,0.453,0.837,-0.648,13,12,12,WARNING,1
66,74,EVENT_ATRIUM,231,0.908,0.712,0.513,100.12,0.492,0.85,-1.386,8,17,15,HIGH,2
66,75,MALL_CONCERT_STAGE,235,0.934,0.68,0.555,90.17,0.46,0.911,-0.881,10,9,10,HIGH,2
66,76,FESTIVAL_CORRIDOR,234,0.84,0.655,0.419,86.25,0.415,0.699,-1.198,5,11,10,WARNING,1
66,77,EVENT_ATRIUM,226,0.923,0.596,0.383,80.11,0.457,0.792,-1.104,5,20,8,WARNING,1
66,78,EVENT_ATRIUM,229,0.913,0.554,0.612,97.51,0.441,0.858,-1.082,9,7,13,HIGH,2
66,79,FESTIVAL_CORRIDOR,221,0.848,0.588,0.55,81.54,0.341,0.816,-1.707,3,9,10,WARNING,1
66,80,LIVE_PERFORMANCE_ZONE,248,0.964,0.436,0.518,86.57,0.452,0.911,-0.887,7,10,16,HIGH,2
66,81,LIVE_PERFORMANCE_ZONE,243,0.94,0.429,0.548,90.59,0.445,0.824,-0.927,7,9,11,HIGH,2
66,82,EVENT_ATRIUM,210,0.844,0.636,0.45,74.47,0.377,0.705,-1.23,1,16,9,WARNING,1
66,83,EVENT_ATRIUM,218,0.867,0.533,0.467,105.92,0.412,0.804,-0.433,3,13,9,WARNING,1
66,84,MALL_CONCERT_STAGE,201,0.815,0.649,0.463,86.83,0.424,0.828,-1.219,6,11,9,WARNING,1
66,85,LIVE_PERFORMANCE_ZONE,216,0.859,0.485,0.472,96.88,0.431,0.769,-0.704,11,8,14,WARNING,1
66,86,LIVE_PERFORMANCE_ZONE,229,0.884,0.464,0.526,95.31,0.484,0.855,-1.07,5,4,17,WARNING,1
66,87,EVENT_ATRIUM,204,0.828,0.712,0.421,94.06,0.423,0.723,-1.468,9,8,6,WARNING,1
66,88,MALL_CONCERT_STAGE,215,0.757,0.679,0.358,72.13,0.361,0.739,-0.318,5,10,10,WARNING,1
66,89,EVENT_ATRIUM,200,0.771,0.924,0.362,76.5,0.411,0.76,-0.801,5,9,9,WARNING,1
67,0,EVENT_ATRIUM,182,0.686,0.78,0.335,67.08,0.301,0.728,-0.461,3,11,8,WARNING,1
67,1,EVENT_ATRIUM,194,0.754,0.737,0.429,84.66,0.43,0.804,-0.982,5,8,8,WARNING,1
67,2,EVENT_ATRIUM,205,0.773,0.862,0.473,77.73,0.349,0.783,-1.161,3,9,13,WARNING,1
67,3,EVENT_ATRIUM,178,0.626,0.898,0.375,66.15,0.275,0.73,-1.137,4,8,6,WARNING,1
67,4,FESTIVAL_CORRIDOR,200,0.708,0.921,0.375,78.6,0.338,0.779,-0.971,8,9,10,WARNING,1
67,5,MALL_CONCERT_STAGE,196,0.732,0.826,0.42,86.2,0.42,0.63,-0.436,5,8,6,WARNING,1
67,6,LIVE_PERFORMANCE_ZONE,195,0.748,0.733,0.351,81.76,0.307,0.761,-0.415,7,9,9,WARNING,1
67,7,EVENT_ATRIUM,193,0.759,0.821,0.339,78.23,0.396,0.711,-1.101,5,9,11,WARNING,1
67,8,LIVE_PERFORMANCE_ZONE,192,0.689,0.87,0.386,66.02,0.276,0.652,-0.438,5,9,10,WARNING,1
67,9,EVENT_ATRIUM,198,0.698,0.818,0.293,86.38,0.343,0.708,-0.681,7,6,10,WARNING,1
67,10,FESTIVAL_CORRIDOR,205,0.762,0.78,0.37,72.98,0.37,0.682,-1.502,8,11,9,WARNING,1
67,11,MALL_CONCERT_STAGE,184,0.726,0.757,0.357,71.38,0.35,0.814,-1.472,4,8,9,WARNING,1
67,12,FESTIVAL_CORRIDOR,218,0.856,0.578,0.523,93.42,0.385,0.811,-0.393,7,16,6,WARNING,1
67,13,MALL_CONCERT_STAGE,195,0.713,0.739,0.484,77.38,0.368,0.795,-0.728,4,14,9,WARNING,1
67,14,FESTIVAL_CORRIDOR,208,0.787,0.694,0.34,91.03,0.378,0.801,-0.636,1,8,10,WARNING,1
67,15,FESTIVAL_CORRIDOR,186,0.697,0.833,0.412,75.31,0.257,0.777,-1.041,7,12,8,WARNING,1
67,16,FESTIVAL_CORRIDOR,190,0.766,0.779,0.458,77.83,0.302,0.813,-0.849,9,13,9,WARNING,1
67,17,FESTIVAL_CORRIDOR,181,0.717,0.77,0.432,81,0.326,0.804,-0.205,6,7,5,WARNING,1
67,18,EVENT_ATRIUM,187,0.723,0.973,0.489,74.68,0.387,0.694,-0.655,7,11,8,WARNING,1
67,19,MALL_CONCERT_STAGE,200,0.756,0.744,0.391,70.75,0.355,0.799,-1.188,6,8,7,WARNING,1
67,20,MALL_CONCERT_STAGE,213,0.831,0.74,0.476,76.88,0.405,0.88,-0.79,6,15,10,WARNING,1
67,21,MALL_CONCERT_STAGE,202,0.758,0.717,0.435,83.29,0.377,0.817,-0.837,7,15,15,WARNING,1
67,22,FESTIVAL_CORRIDOR,195,0.718,0.819,0.383,80.29,0.294,0.757,-0.344,4,7,5,WARNING,1
67,23,MALL_CONCERT_STAGE,197,0.732,0.81,0.484,61.92,0.367,0.706,-0.542,4,10,13,WARNING,1
67,24,MALL_CONCERT_STAGE,192,0.722,0.801,0.358,61.59,0.376,0.728,-0.81,4,7,12,WARNING,1
67,25,EVENT_ATRIUM,194,0.733,0.747,0.408,76.06,0.38,0.78,-1.117,5,9,10,WARNING,1
67,26,LIVE_PERFORMANCE_ZONE,212,0.821,0.819,0.483,73.59,0.456,0.859,-1.303,5,11,13,WARNING,1
67,27,EVENT_ATRIUM,205,0.86,0.769,0.476,94.01,0.421,0.88,-1.008,4,9,1,WARNING,1
67,28,EVENT_ATRIUM,211,0.786,0.744,0.361,69.49,0.413,0.735,-0.544,10,14,14,WARNING,1
67,29,LIVE_PERFORMANCE_ZONE,217,0.817,0.686,0.457,83.02,0.317,0.735,-1.225,3,8,10,WARNING,1
67,30,EVENT_ATRIUM,206,0.821,0.614,0.47,79.03,0.343,0.755,-0.764,6,10,6,WARNING,1
67,31,EVENT_ATRIUM,210,0.833,0.633,0.423,85.76,0.409,0.847,-0.935,4,8,9,WARNING,1
67,32,FESTIVAL_CORRIDOR,200,0.769,0.767,0.469,84.63,0.371,0.747,-1.183,6,9,10,WARNING,1
67,33,FESTIVAL_CORRIDOR,215,0.784,0.701,0.313,66.32,0.35,0.814,-1.168,8,16,10,WARNING,1
67,34,EVENT_ATRIUM,231,0.87,0.61,0.455,88.15,0.407,0.807,-1.217,6,8,7,WARNING,1
67,35,LIVE_PERFORMANCE_ZONE,215,0.774,0.833,0.408,87.15,0.378,0.743,-1.067,9,8,14,WARNING,1
67,36,EVENT_ATRIUM,199,0.821,0.804,0.426,85.1,0.372,0.808,-0.65,5,6,6,WARNING,1
67,37,MALL_CONCERT_STAGE,227,0.846,0.788,0.412,88.59,0.404,0.802,-0.309,8,9,9,WARNING,1
67,38,EVENT_ATRIUM,232,0.872,0.691,0.525,87.25,0.442,0.812,-0.163,6,12,6,WARNING,1
67,39,MALL_CONCERT_STAGE,244,1,0.548,0.582,96.92,0.578,0.823,-0.977,5,13,7,HIGH,2
67,40,EVENT_ATRIUM,235,0.917,0.496,0.448,85.24,0.476,0.795,-0.62,6,9,11,WARNING,1
67,41,EVENT_ATRIUM,277,1,0.516,0.536,106.06,0.519,0.908,-0.452,7,17,11,HIGH,2
67,42,LIVE_PERFORMANCE_ZONE,236,0.929,0.501,0.527,85.1,0.434,0.87,-0.765,4,13,12,WARNING,1
67,43,LIVE_PERFORMANCE_ZONE,246,0.986,0.488,0.448,101.39,0.513,0.965,-0.91,9,17,9,HIGH,2
67,44,LIVE_PERFORMANCE_ZONE,257,0.943,0.509,0.581,98.17,0.443,0.89,-0.921,6,13,10,HIGH,2
67,45,LIVE_PERFORMANCE_ZONE,254,1,0.518,0.506,92.87,0.503,0.91,-1.534,7,10,10,HIGH,2
67,46,EVENT_ATRIUM,246,0.952,0.547,0.47,111.5,0.47,0.919,-1.244,1,9,9,HIGH,2
67,47,FESTIVAL_CORRIDOR,254,1,0.541,0.595,91.48,0.54,0.852,-0.765,8,15,12,HIGH,2
67,48,MALL_CONCERT_STAGE,256,0.979,0.558,0.522,95.62,0.511,0.947,-1.188,5,10,16,HIGH,2
67,49,MALL_CONCERT_STAGE,267,1,0.571,0.475,95.04,0.498,0.922,-1.512,7,16,8,HIGH,2
67,50,EVENT_ATRIUM,289,1,0.5,0.591,106.88,0.488,0.814,-0.961,12,13,11,HIGH,2
67,51,EVENT_ATRIUM,254,0.988,0.512,0.574,109.7,0.424,0.855,-1.027,4,16,4,HIGH,2
67,52,EVENT_ATRIUM,279,1,0.575,0.548,99.26,0.394,1,-0.726,9,16,10,HIGH,2
67,53,FESTIVAL_CORRIDOR,262,0.99,0.461,0.51,82.98,0.486,0.952,-0.622,3,6,9,HIGH,2
67,54,LIVE_PERFORMANCE_ZONE,240,0.896,0.689,0.514,86.68,0.433,0.847,-0.46,5,18,11,WARNING,1
67,55,EVENT_ATRIUM,278,1,0.502,0.601,96.56,0.483,0.886,-0.856,7,9,8,HIGH,2
67,56,MALL_CONCERT_STAGE,253,0.946,0.629,0.457,86.58,0.439,0.825,-0.946,8,10,4,WARNING,1
67,57,MALL_CONCERT_STAGE,261,0.997,0.469,0.615,88.49,0.443,0.884,-1.09,10,13,12,HIGH,2
67,58,EVENT_ATRIUM,245,0.895,0.724,0.464,97.51,0.437,0.819,-0.363,5,10,10,WARNING,1
67,59,EVENT_ATRIUM,247,0.892,0.669,0.465,84.39,0.389,0.839,-1.248,9,10,13,WARNING,1
67,60,LIVE_PERFORMANCE_ZONE,243,0.903,0.582,0.464,87.72,0.432,0.828,-0.515,3,16,13,WARNING,1
67,61,LIVE_PERFORMANCE_ZONE,224,0.945,0.574,0.486,83.13,0.412,0.822,-0.35,6,13,7,WARNING,1
67,62,MALL_CONCERT_STAGE,225,0.85,0.597,0.503,95.06,0.369,0.771,-0.932,11,19,13,WARNING,1
67,63,FESTIVAL_CORRIDOR,217,0.849,0.579,0.476,80.1,0.388,0.81,-0.698,2,14,12,WARNING,1
67,64,LIVE_PERFORMANCE_ZONE,213,0.785,0.718,0.391,81.06,0.335,0.798,-0.318,6,11,12,WARNING,1
67,65,EVENT_ATRIUM,220,0.849,0.646,0.451,84.57,0.387,0.764,-0.103,3,6,9,WARNING,1
67,66,EVENT_ATRIUM,215,0.832,0.599,0.475,81.75,0.399,0.81,-0.873,8,10,11,WARNING,1
67,67,FESTIVAL_CORRIDOR,204,0.754,0.758,0.372,82.17,0.346,0.777,-0.795,11,20,5,WARNING,1
67,68,LIVE_PERFORMANCE_ZONE,218,0.826,0.783,0.513,86.77,0.427,0.766,-0.296,11,12,9,WARNING,1
67,69,FESTIVAL_CORRIDOR,185,0.751,0.755,0.346,72.39,0.306,0.746,-1.164,3,6,11,WARNING,1
67,70,LIVE_PERFORMANCE_ZONE,198,0.754,0.751,0.386,77.14,0.277,0.702,-0.079,8,12,5,WARNING,1
67,71,LIVE_PERFORMANCE_ZONE,196,0.717,0.729,0.382,70.8,0.426,0.795,-0.551,8,14,8,WARNING,1
67,72,EVENT_ATRIUM,195,0.706,0.903,0.387,77.86,0.371,0.734,-1.065,11,10,5,WARNING,1
67,73,EVENT_ATRIUM,199,0.781,0.698,0.458,75.05,0.384,0.762,-0.41,8,9,7,WARNING,1
67,74,LIVE_PERFORMANCE_ZONE,207,0.81,0.79,0.398,89.8,0.351,0.836,-0.742,4,8,6,WARNING,1
67,75,EVENT_ATRIUM,207,0.769,0.707,0.375,78.22,0.313,0.763,-0.836,7,11,6,WARNING,1
67,76,EVENT_ATRIUM,191,0.773,0.811,0.526,89.16,0.397,0.796,-1.115,6,11,8,WARNING,1
67,77,MALL_CONCERT_STAGE,195,0.733,0.77,0.408,86.12,0.399,0.718,-0.279,6,5,16,WARNING,1
67,78,MALL_CONCERT_STAGE,217,0.823,0.575,0.358,90.41,0.39,0.858,-1.294,4,9,10,WARNING,1
67,79,EVENT_ATRIUM,203,0.754,0.716,0.4,69.72,0.331,0.793,-0.971,4,11,12,WARNING,1
67,80,LIVE_PERFORMANCE_ZONE,206,0.798,0.574,0.399,80.55,0.396,0.75,-0.75,5,13,11,WARNING,1
67,81,FESTIVAL_CORRIDOR,187,0.757,0.786,0.372,76.37,0.364,0.704,-0.974,5,15,7,WARNING,1
67,82,LIVE_PERFORMANCE_ZONE,190,0.707,0.826,0.349,75.57,0.355,0.814,-1.317,11,10,11,WARNING,1
67,83,EVENT_ATRIUM,199,0.723,0.696,0.394,86.44,0.32,0.778,-0.347,10,12,7,WARNING,1
67,84,MALL_CONCERT_STAGE,202,0.82,0.517,0.453,84.04,0.353,0.761,-1.275,5,9,6,WARNING,1
67,85,MALL_CONCERT_STAGE,209,0.768,0.671,0.363,82.14,0.349,0.766,-0.487,3,12,10,WARNING,1
67,86,LIVE_PERFORMANCE_ZONE,185,0.687,0.868,0.408,69.55,0.282,0.739,-0.682,9,5,9,WARNING,1
67,87,EVENT_ATRIUM,193,0.767,0.6,0.428,83.11,0.385,0.787,-0.879,4,8,10,WARNING,1
67,88,FESTIVAL_CORRIDOR,221,0.897,0.557,0.412,89.66,0.461,0.822,-0.578,8,14,11,WARNING,1
67,89,EVENT_ATRIUM,201,0.789,0.705,0.451,97.05,0.354,0.753,-0.266,5,6,7,WARNING,1
68,0,MALL_CONCERT_STAGE,205,0.831,0.697,0.481,80.73,0.35,0.819,-1.033,6,6,11,WARNING,1
68,1,EVENT_ATRIUM,200,0.735,0.785,0.353,64.72,0.358,0.756,-0.523,2,15,13,WARNING,1
68,2,LIVE_PERFORMANCE_ZONE,211,0.81,0.872,0.503,76.5,0.402,0.864,-1.335,4,11,6,WARNING,1
68,3,LIVE_PERFORMANCE_ZONE,215,0.843,0.722,0.422,76.78,0.404,0.771,-0.571,9,7,9,WARNING,1
68,4,MALL_CONCERT_STAGE,210,0.886,0.709,0.484,91.09,0.421,0.835,-0.699,10,13,12,WARNING,1
68,5,EVENT_ATRIUM,205,0.737,0.649,0.366,69.1,0.375,0.741,0.22,5,8,11,WARNING,1
68,6,MALL_CONCERT_STAGE,224,0.887,0.66,0.573,93.03,0.406,0.841,-1.243,4,13,7,WARNING,1
68,7,FESTIVAL_CORRIDOR,221,0.871,0.592,0.413,86.1,0.459,0.869,-0.877,6,10,9,WARNING,1
68,8,EVENT_ATRIUM,194,0.756,0.746,0.454,84.13,0.398,0.691,-0.86,3,10,6,WARNING,1
68,9,LIVE_PERFORMANCE_ZONE,214,0.815,0.706,0.523,87.12,0.339,0.865,-0.944,5,11,14,WARNING,1
68,10,EVENT_ATRIUM,211,0.853,0.52,0.447,82.25,0.368,0.81,-0.749,3,9,10,WARNING,1
68,11,MALL_CONCERT_STAGE,211,0.815,0.692,0.512,87.61,0.368,0.804,-0.642,6,13,6,WARNING,1
68,12,MALL_CONCERT_STAGE,224,0.84,0.801,0.437,78.7,0.367,0.854,-0.958,11,7,9,WARNING,1
68,13,MALL_CONCERT_STAGE,200,0.783,0.655,0.444,74.09,0.361,0.746,-0.478,7,10,13,WARNING,1
68,14,FESTIVAL_CORRIDOR,198,0.692,0.99,0.377,63.69,0.31,0.77,-0.512,6,6,10,WARNING,1
68,15,EVENT_ATRIUM,210,0.841,0.68,0.482,83.65,0.347,0.727,-1.252,10,6,14,WARNING,1
68,16,FESTIVAL_CORRIDOR,197,0.751,0.871,0.418,87.63,0.344,0.749,-0.363,3,8,4,WARNING,1
68,17,EVENT_ATRIUM,209,0.792,0.72,0.361,79.9,0.375,0.794,-0.992,5,19,8,WARNING,1
68,18,LIVE_PERFORMANCE_ZONE,210,0.877,0.509,0.41,82.59,0.506,0.877,-0.833,6,6,9,WARNING,1
68,19,EVENT_ATRIUM,204,0.781,0.736,0.456,71.89,0.386,0.785,-0.974,6,10,5,WARNING,1
68,20,LIVE_PERFORMANCE_ZONE,206,0.796,0.826,0.462,74.21,0.421,0.769,-0.445,8,9,12,WARNING,1
68,21,EVENT_ATRIUM,217,0.805,0.651,0.362,75.66,0.411,0.751,-1.454,8,5,8,WARNING,1
68,22,MALL_CONCERT_STAGE,207,0.819,0.708,0.474,64.78,0.402,0.775,-0.509,7,11,19,WARNING,1
68,23,LIVE_PERFORMANCE_ZONE,220,0.841,0.618,0.463,81.27,0.294,0.805,-0.865,7,9,10,WARNING,1
68,24,MALL_CONCERT_STAGE,198,0.763,0.809,0.36,87.94,0.339,0.82,-0.379,9,11,7,WARNING,1
68,25,FESTIVAL_CORRIDOR,229,0.89,0.575,0.484,82.56,0.465,0.743,-0.461,6,12,12,WARNING,1
68,26,LIVE_PERFORMANCE_ZONE,207,0.817,0.649,0.402,96.63,0.406,0.871,-1.431,7,11,9,WARNING,1
68,27,FESTIVAL_CORRIDOR,194,0.725,0.875,0.432,80.45,0.344,0.766,-0.339,8,16,8,WARNING,1
68,28,FESTIVAL_CORRIDOR,202,0.759,0.742,0.394,73.12,0.435,0.778,-0.262,7,9,11,WARNING,1
68,29,LIVE_PERFORMANCE_ZONE,203,0.739,0.763,0.495,82.86,0.349,0.699,-0.684,5,14,7,WARNING,1
68,30,FESTIVAL_CORRIDOR,217,0.828,0.831,0.516,82.36,0.409,0.754,-0.932,9,10,11,WARNING,1
68,31,LIVE_PERFORMANCE_ZONE,210,0.814,0.768,0.398,65.19,0.326,0.774,-1.169,8,9,23,WARNING,1
68,32,FESTIVAL_CORRIDOR,208,0.766,0.758,0.421,82.17,0.3,0.707,-1.213,11,11,10,WARNING,1
68,33,EVENT_ATRIUM,213,0.781,0.717,0.441,66.08,0.31,0.763,-0.543,5,10,7,WARNING,1
68,34,FESTIVAL_CORRIDOR,212,0.758,0.682,0.403,65.34,0.413,0.688,-0.908,4,11,17,WARNING,1
68,35,EVENT_ATRIUM,199,0.736,0.779,0.413,78.69,0.384,0.826,-0.553,6,16,8,WARNING,1
68,36,FESTIVAL_CORRIDOR,215,0.874,0.527,0.482,90.26,0.359,0.891,-0.935,6,11,10,WARNING,1
68,37,LIVE_PERFORMANCE_ZONE,203,0.799,0.737,0.431,80.93,0.425,0.858,-0.545,7,9,7,WARNING,1
68,38,EVENT_ATRIUM,242,0.891,0.73,0.489,91.66,0.396,0.819,-1.312,2,15,11,WARNING,1
68,39,FESTIVAL_CORRIDOR,226,0.844,0.627,0.511,99.57,0.422,0.784,-0.556,4,14,9,WARNING,1
68,40,LIVE_PERFORMANCE_ZONE,237,0.887,0.592,0.466,85.31,0.401,0.788,-0.879,10,20,8,WARNING,1
68,41,LIVE_PERFORMANCE_ZONE,236,0.915,0.671,0.532,97.21,0.451,0.912,-0.984,9,14,6,HIGH,2
68,42,LIVE_PERFORMANCE_ZONE,254,1,0.62,0.596,107.55,0.518,0.929,-1.561,6,15,7,HIGH,2
68,43,EVENT_ATRIUM,235,0.93,0.523,0.45,95.85,0.451,0.834,-1.254,11,12,11,WARNING,1
68,44,EVENT_ATRIUM,226,0.832,0.714,0.446,79.21,0.452,0.946,-1.412,3,14,18,WARNING,1
68,45,EVENT_ATRIUM,243,0.951,0.555,0.465,78.73,0.457,0.857,-1.746,6,12,11,WARNING,1
68,46,LIVE_PERFORMANCE_ZONE,236,0.9,0.413,0.468,94.92,0.513,0.832,-0.759,7,7,12,WARNING,1
68,47,EVENT_ATRIUM,237,0.961,0.532,0.55,99.65,0.418,0.892,-0.472,7,8,8,HIGH,2
68,48,MALL_CONCERT_STAGE,261,0.983,0.484,0.594,104.1,0.431,0.886,-0.38,5,11,15,HIGH,2
68,49,FESTIVAL_CORRIDOR,252,0.966,0.458,0.566,88.14,0.476,0.88,-1.134,2,12,15,HIGH,2
68,50,LIVE_PERFORMANCE_ZONE,262,1,0.483,0.622,90.03,0.53,0.898,-0.82,5,5,11,HIGH,2
68,51,FESTIVAL_CORRIDOR,281,1,0.574,0.599,85.56,0.456,0.864,-0.984,7,12,18,HIGH,2
68,52,FESTIVAL_CORRIDOR,277,1,0.657,0.542,96.16,0.486,0.882,-0.826,5,19,12,HIGH,2
68,53,LIVE_PERFORMANCE_ZONE,245,0.98,0.519,0.475,101.61,0.492,0.98,-1.416,7,13,13,HIGH,2
68,54,MALL_CONCERT_STAGE,285,1,0.443,0.505,94.06,0.486,0.915,-0.757,7,18,9,HIGH,2
68,55,MALL_CONCERT_STAGE,257,0.947,0.582,0.505,95.14,0.499,0.872,-1.01,9,13,17,HIGH,2
68,56,FESTIVAL_CORRIDOR,253,0.94,0.527,0.525,91.25,0.459,0.871,-1.239,7,16,17,HIGH,2
68,57,LIVE_PERFORMANCE_ZONE,257,0.977,0.494,0.611,99.58,0.497,0.962,-1.305,6,19,19,HIGH,2
68,58,FESTIVAL_CORRIDOR,277,1,0.431,0.573,110.82,0.462,0.967,-0.795,8,19,17,HIGH,2
68,59,LIVE_PERFORMANCE_ZONE,277,1,0.553,0.587,95.35,0.499,0.931,-0.879,7,11,16,HIGH,2
68,60,EVENT_ATRIUM,276,1,0.497,0.547,89.49,0.484,0.887,-1.391,11,11,9,HIGH,2
68,61,LIVE_PERFORMANCE_ZONE,287,1,0.452,0.558,102.44,0.44,0.843,-0.896,9,15,14,HIGH,2
68,62,EVENT_ATRIUM,259,1,0.568,0.439,96.85,0.483,0.858,-1.615,3,25,13,HIGH,2
68,63,LIVE_PERFORMANCE_ZONE,261,0.978,0.5,0.48,103.63,0.386,0.833,-1.564,6,26,13,HIGH,2
68,64,FESTIVAL_CORRIDOR,253,0.933,0.508,0.553,83.22,0.461,0.792,-0.819,4,15,6,WARNING,1
68,65,LIVE_PERFORMANCE_ZONE,269,1,0.414,0.52,107.33,0.488,0.922,-1.065,14,13,15,HIGH,2
68,66,FESTIVAL_CORRIDOR,270,1,0.392,0.574,105.44,0.468,0.914,-0.904,5,10,15,HIGH,2
68,67,EVENT_ATRIUM,236,0.906,0.656,0.48,91.92,0.35,0.902,-1.157,10,17,9,WARNING,1
68,68,EVENT_ATRIUM,230,0.841,0.6,0.492,83.87,0.371,0.755,-1.024,2,14,5,WARNING,1
68,69,FESTIVAL_CORRIDOR,250,0.95,0.626,0.485,90.46,0.461,0.851,-1.589,4,13,10,HIGH,2
68,70,MALL_CONCERT_STAGE,230,0.831,0.733,0.47,89.07,0.388,0.819,-0.755,12,12,8,WARNING,1
68,71,FESTIVAL_CORRIDOR,246,0.953,0.453,0.547,90.69,0.478,0.961,-1.151,8,19,9,HIGH,2
68,72,MALL_CONCERT_STAGE,233,0.904,0.636,0.562,94.93,0.365,0.864,-0.695,4,7,13,WARNING,1
68,73,LIVE_PERFORMANCE_ZONE,237,0.876,0.531,0.47,101.62,0.426,0.882,-1.223,3,12,12,WARNING,1
68,74,LIVE_PERFORMANCE_ZONE,245,0.968,0.564,0.616,113.07,0.511,0.827,-1.253,4,18,16,HIGH,2
68,75,EVENT_ATRIUM,218,0.83,0.756,0.38,71.43,0.347,0.772,-0.504,4,11,6,WARNING,1
68,76,MALL_CONCERT_STAGE,235,0.902,0.676,0.444,80.86,0.368,0.802,-0.761,4,12,8,WARNING,1
68,77,LIVE_PERFORMANCE_ZONE,215,0.834,0.708,0.518,86,0.423,0.786,-1.163,5,10,14,WARNING,1
68,78,LIVE_PERFORMANCE_ZONE,245,0.918,0.665,0.555,91.23,0.42,0.795,-1.69,7,10,9,WARNING,1
68,79,LIVE_PERFORMANCE_ZONE,220,0.857,0.605,0.586,84.28,0.471,0.882,-0.868,7,14,7,WARNING,1
68,80,LIVE_PERFORMANCE_ZONE,226,0.89,0.573,0.507,84.87,0.485,0.852,-0.559,5,13,4,WARNING,1
68,81,LIVE_PERFORMANCE_ZONE,226,0.887,0.482,0.49,91.77,0.463,0.725,-0.026,5,10,11,WARNING,1
68,82,FESTIVAL_CORRIDOR,208,0.782,0.79,0.415,75.46,0.355,0.668,-0.575,8,10,8,WARNING,1
68,83,MALL_CONCERT_STAGE,239,0.871,0.631,0.595,82.31,0.502,0.941,-1.178,4,12,15,HIGH,2
68,84,EVENT_ATRIUM,222,0.814,0.71,0.471,83.73,0.448,0.855,-0.057,10,16,2,WARNING,1
68,85,EVENT_ATRIUM,203,0.726,0.77,0.421,84.39,0.312,0.809,-0.728,8,6,11,WARNING,1
68,86,MALL_CONCERT_STAGE,204,0.779,0.846,0.485,81.02,0.377,0.842,-0.77,4,12,11,WARNING,1
68,87,FESTIVAL_CORRIDOR,229,0.846,0.611,0.564,80.12,0.425,0.832,-1.333,4,15,11,WARNING,1
68,88,EVENT_ATRIUM,209,0.798,0.844,0.465,81.08,0.394,0.828,-1.15,8,7,10,WARNING,1
68,89,MALL_CONCERT_STAGE,218,0.83,0.814,0.45,91,0.362,0.763,-1.046,6,11,7,WARNING,1
69,0,MALL_CONCERT_STAGE,140,0.569,0.91,0.382,65.17,0.283,0.642,-1.042,7,7,7,SAFE,0
69,1,EVENT_ATRIUM,130,0.529,0.959,0.301,71.24,0.254,0.573,-0.55,4,8,3,SAFE,0
69,2,MALL_CONCERT_STAGE,143,0.553,0.948,0.25,67.46,0.218,0.746,-0.44,6,5,8,SAFE,0
69,3,LIVE_PERFORMANCE_ZONE,125,0.474,1.087,0.291,51.97,0.206,0.676,-0.496,2,10,3,SAFE,0
69,4,LIVE_PERFORMANCE_ZONE,132,0.511,1.104,0.329,51.37,0.198,0.55,-0.615,6,5,14,SAFE,0
69,5,EVENT_ATRIUM,142,0.522,1.01,0.267,64.87,0.221,0.712,-0.652,5,4,2,SAFE,0
69,6,MALL_CONCERT_STAGE,136,0.513,0.951,0.277,57.29,0.217,0.568,-0.865,4,2,9,SAFE,0
69,7,LIVE_PERFORMANCE_ZONE,137,0.537,1.024,0.279,67.39,0.287,0.739,-0.946,6,6,11,SAFE,0
69,8,FESTIVAL_CORRIDOR,143,0.534,0.972,0.19,53.22,0.247,0.577,-0.705,8,8,8,SAFE,0
69,9,LIVE_PERFORMANCE_ZONE,134,0.535,1.023,0.261,52.34,0.272,0.606,-0.545,7,2,5,SAFE,0
69,10,LIVE_PERFORMANCE_ZONE,133,0.489,1.06,0.242,49.04,0.154,0.581,-0.685,9,10,4,SAFE,0
69,11,MALL_CONCERT_STAGE,157,0.558,0.978,0.311,61.87,0.256,0.584,-0.399,5,5,4,SAFE,0
69,12,LIVE_PERFORMANCE_ZONE,146,0.623,0.873,0.281,66.41,0.293,0.674,0.084,8,9,5,SAFE,0
69,13,LIVE_PERFORMANCE_ZONE,135,0.505,1.03,0.275,47.55,0.246,0.604,-1.13,9,4,6,SAFE,0
69,14,FESTIVAL_CORRIDOR,147,0.597,0.912,0.31,58.09,0.223,0.653,-0.561,7,8,6,SAFE,0
69,15,MALL_CONCERT_STAGE,124,0.459,0.986,0.273,73.6,0.235,0.641,-0.609,4,5,2,SAFE,0
69,16,MALL_CONCERT_STAGE,141,0.549,0.946,0.353,55.42,0.247,0.715,-1.184,6,8,5,SAFE,0
69,17,EVENT_ATRIUM,134,0.469,1.099,0.216,48.03,0.218,0.601,-0.334,6,4,4,SAFE,0
69,18,MALL_CONCERT_STAGE,140,0.545,0.966,0.278,59.85,0.257,0.671,-0.718,1,4,5,SAFE,0
69,19,FESTIVAL_CORRIDOR,146,0.541,1.086,0.287,64.6,0.306,0.613,-0.455,3,5,7,SAFE,0
69,20,MALL_CONCERT_STAGE,152,0.621,0.86,0.343,66.42,0.281,0.594,-0.443,3,7,8,SAFE,0
69,21,MALL_CONCERT_STAGE,132,0.485,1.219,0.317,55.85,0.197,0.668,-0.539,5,6,9,SAFE,0
69,22,MALL_CONCERT_STAGE,157,0.612,1.03,0.309,62.33,0.311,0.755,-0.578,7,4,7,WARNING,1
69,23,FESTIVAL_CORRIDOR,142,0.493,0.994,0.295,48.73,0.312,0.642,-0.15,2,8,3,SAFE,0
69,24,MALL_CONCERT_STAGE,138,0.532,0.992,0.294,54.62,0.227,0.579,-1.097,8,5,6,SAFE,0
69,25,EVENT_ATRIUM,127,0.524,0.957,0.263,63.71,0.196,0.643,-0.019,7,6,7,SAFE,0
69,26,FESTIVAL_CORRIDOR,144,0.55,1.011,0.297,64.48,0.304,0.638,-0.346,3,7,8,SAFE,0
69,27,LIVE_PERFORMANCE_ZONE,163,0.656,0.786,0.383,83.08,0.304,0.693,-0.147,8,8,8,WARNING,1
69,28,EVENT_ATRIUM,147,0.62,0.871,0.415,62.94,0.277,0.739,-0.749,7,11,5,WARNING,1
69,29,FESTIVAL_CORRIDOR,168,0.617,0.919,0.349,58.42,0.294,0.687,-0.421,10,6,9,SAFE,0
69,30,LIVE_PERFORMANCE_ZONE,153,0.544,1.063,0.349,53.38,0.276,0.556,-0.653,4,14,12,SAFE,0
69,31,MALL_CONCERT_STAGE,186,0.732,0.672,0.328,58.74,0.435,0.737,-0.38,8,8,11,WARNING,1
69,32,EVENT_ATRIUM,170,0.633,0.882,0.287,66.18,0.311,0.731,-0.307,4,4,11,WARNING,1
69,33,LIVE_PERFORMANCE_ZONE,169,0.633,0.846,0.394,66.51,0.398,0.625,-0.662,7,10,6,WARNING,1
69,34,FESTIVAL_CORRIDOR,152,0.575,0.849,0.302,71.45,0.299,0.643,-0.852,2,10,5,SAFE,0
69,35,MALL_CONCERT_STAGE,176,0.652,0.843,0.378,60.4,0.305,0.63,0.166,11,12,7,WARNING,1
69,36,FESTIVAL_CORRIDOR,146,0.539,0.97,0.319,71.97,0.197,0.637,-0.6,3,5,8,SAFE,0
69,37,FESTIVAL_CORRIDOR,175,0.686,0.909,0.385,76.35,0.345,0.615,-1.082,5,6,6,WARNING,1
69,38,MALL_CONCERT_STAGE,178,0.709,0.76,0.412,75.37,0.326,0.674,-1.028,1,9,7,WARNING,1
69,39,EVENT_ATRIUM,185,0.706,0.716,0.489,84.5,0.297,0.746,-0.873,7,4,8,WARNING,1
69,40,MALL_CONCERT_STAGE,188,0.709,0.829,0.361,61.49,0.364,0.777,-1.602,6,11,7,WARNING,1
69,41,LIVE_PERFORMANCE_ZONE,180,0.691,0.76,0.327,74.47,0.301,0.727,-0.952,5,6,6,WARNING,1
69,42,FESTIVAL_CORRIDOR,214,0.824,0.718,0.459,77.47,0.389,0.809,-0.949,5,15,6,WARNING,1
69,43,MALL_CONCERT_STAGE,189,0.791,0.644,0.477,70.86,0.396,0.767,-1.36,10,6,4,WARNING,1
69,44,EVENT_ATRIUM,179,0.72,0.678,0.345,82.02,0.363,0.835,-0.958,8,9,8,WARNING,1
69,45,FESTIVAL_CORRIDOR,197,0.758,0.643,0.402,72.26,0.35,0.671,-0.621,7,8,12,WARNING,1
69,46,MALL_CONCERT_STAGE,190,0.695,0.747,0.414,74.67,0.366,0.732,-0.959,4,12,14,WARNING,1
69,47,MALL_CONCERT_STAGE,189,0.722,0.909,0.359,76.14,0.31,0.792,-0.622,3,12,13,WARNING,1
69,48,LIVE_PERFORMANCE_ZONE,186,0.708,0.789,0.435,75.36,0.301,0.734,-1.038,7,10,7,WARNING,1
69,49,EVENT_ATRIUM,191,0.747,0.788,0.412,75.45,0.271,0.758,-1.145,5,10,7,WARNING,1
69,50,EVENT_ATRIUM,190,0.753,0.8,0.428,77,0.35,0.743,-0.992,10,9,8,WARNING,1
69,51,FESTIVAL_CORRIDOR,173,0.659,0.837,0.304,74.42,0.363,0.713,-1.499,6,9,9,WARNING,1
69,52,EVENT_ATRIUM,173,0.645,0.9,0.386,73.11,0.224,0.689,-0.799,6,7,9,WARNING,1
69,53,FESTIVAL_CORRIDOR,187,0.682,0.865,0.349,76.46,0.347,0.667,-0.838,7,13,16,WARNING,1
69,54,MALL_CONCERT_STAGE,202,0.784,0.678,0.47,68.41,0.351,0.747,-0.371,3,9,7,WARNING,1
69,55,LIVE_PERFORMANCE_ZONE,179,0.658,0.912,0.329,78.82,0.326,0.705,-0.766,12,8,7,WARNING,1
69,56,LIVE_PERFORMANCE_ZONE,182,0.709,0.813,0.353,65.65,0.381,0.778,-0.797,8,8,12,WARNING,1
69,57,EVENT_ATRIUM,171,0.659,1.051,0.362,69.75,0.354,0.619,-0.772,10,6,4,WARNING,1
69,58,FESTIVAL_CORRIDOR,156,0.612,0.958,0.31,69.64,0.282,0.654,-0.175,3,6,6,SAFE,0
69,59,EVENT_ATRIUM,169,0.646,0.955,0.324,59.36,0.294,0.835,-0.331,7,8,8,WARNING,1
69,60,MALL_CONCERT_STAGE,148,0.609,0.966,0.295,62.89,0.302,0.676,-0.099,7,6,12,SAFE,0
69,61,MALL_CONCERT_STAGE,150,0.553,1.006,0.293,69.85,0.336,0.61,-0.726,3,5,10,SAFE,0
69,62,MALL_CONCERT_STAGE,152,0.609,0.773,0.333,65.32,0.27,0.646,-0.979,5,8,5,SAFE,0
69,63,MALL_CONCERT_STAGE,159,0.603,0.947,0.335,72.93,0.279,0.725,-0.537,6,8,14,WARNING,1
69,64,LIVE_PERFORMANCE_ZONE,138,0.552,0.91,0.359,67.49,0.222,0.592,-0.844,2,8,2,SAFE,0
69,65,EVENT_ATRIUM,142,0.533,0.973,0.248,68.39,0.261,0.634,-1.179,2,11,8,SAFE,0
69,66,MALL_CONCERT_STAGE,167,0.645,0.999,0.371,65.14,0.389,0.768,-0.883,10,6,10,WARNING,1
69,67,FESTIVAL_CORRIDOR,145,0.558,0.908,0.325,61.06,0.278,0.61,-1.219,4,7,6,SAFE,0
69,68,LIVE_PERFORMANCE_ZONE,143,0.509,1.035,0.157,56.91,0.253,0.688,-0.725,3,10,9,SAFE,0
69,69,MALL_CONCERT_STAGE,133,0.517,1.112,0.32,72.14,0.243,0.592,-0.235,1,5,6,SAFE,0
69,70,EVENT_ATRIUM,138,0.539,0.939,0.212,67.94,0.249,0.739,-0.837,3,8,5,SAFE,0
69,71,MALL_CONCERT_STAGE,134,0.472,1.043,0.229,62.29,0.259,0.596,-0.525,6,8,3,SAFE,0
69,72,MALL_CONCERT_STAGE,134,0.518,0.973,0.32,48.17,0.191,0.673,-0.57,3,6,2,SAFE,0
69,73,EVENT_ATRIUM,144,0.527,1.033,0.315,51.41,0.282,0.582,-0.402,5,9,4,SAFE,0
69,74,LIVE_PERFORMANCE_ZONE,128,0.514,1.003,0.259,61.26,0.228,0.542,-1.416,5,10,9,SAFE,0
69,75,MALL_CONCERT_STAGE,119,0.429,1.07,0.234,61.64,0.182,0.621,-0.56,4,8,7,SAFE,0
69,76,MALL_CONCERT_STAGE,121,0.475,1.044,0.236,57.7,0.233,0.522,-0.973,3,6,8,SAFE,0
69,77,LIVE_PERFORMANCE_ZONE,132,0.477,1.138,0.254,51.8,0.203,0.605,-0.447,4,6,7,SAFE,0
69,78,MALL_CONCERT_STAGE,136,0.565,1.045,0.366,70.25,0.284,0.637,-1.129,3,9,3,SAFE,0
69,79,FESTIVAL_CORRIDOR,115,0.442,1.088,0.242,41.21,0.195,0.597,-0.491,3,5,5,SAFE,0
69,80,MALL_CONCERT_STAGE,138,0.525,1.153,0.264,52.87,0.151,0.585,-0.951,3,9,4,SAFE,0
69,81,FESTIVAL_CORRIDOR,128,0.509,1.125,0.338,53.63,0.178,0.66,-0.685,9,5,4,SAFE,0
69,82,EVENT_ATRIUM,128,0.491,1.009,0.191,46.22,0.19,0.72,-0.701,9,7,6,SAFE,0
69,83,EVENT_ATRIUM,139,0.585,0.985,0.327,77.58,0.284,0.593,-0.436,7,5,7,SAFE,0
69,84,FESTIVAL_CORRIDOR,143,0.545,0.886,0.183,59.34,0.26,0.695,-0.971,4,10,4,SAFE,0
69,85,FESTIVAL_CORRIDOR,142,0.57,0.967,0.311,62.31,0.3,0.625,-0.771,8,7,11,SAFE,0
69,86,FESTIVAL_CORRIDOR,125,0.449,1.04,0.326,55.5,0.225,0.659,-0.02,5,9,4,SAFE,0
69,87,FESTIVAL_CORRIDOR,158,0.637,0.925,0.344,57.99,0.215,0.665,0.011,4,8,6,SAFE,0
69,88,LIVE_PERFORMANCE_ZONE,131,0.489,1.094,0.291,65.32,0.301,0.668,-0.633,5,3,9,SAFE,0
69,89,LIVE_PERFORMANCE_ZONE,131,0.487,1.01,0.256,62.19,0.263,0.634,-1.196,6,3,7,SAFE,0
70,0,FESTIVAL_CORRIDOR,217,0.815,0.7,0.468,82.81,0.376,0.817,-0.87,5,16,13,WARNING,1
70,1,EVENT_ATRIUM,239,0.931,0.573,0.481,92.26,0.428,0.875,-1.107,6,10,9,WARNING,1
70,2,EVENT_ATRIUM,207,0.841,0.684,0.538,78.48,0.417,0.859,-0.786,4,8,11,WARNING,1
70,3,MALL_CONCERT_STAGE,229,0.906,0.517,0.551,93.34,0.509,0.833,-0.91,6,13,11,HIGH,2
70,4,LIVE_PERFORMANCE_ZONE,230,0.892,0.608,0.51,105.12,0.365,0.779,-1.052,11,18,8,WARNING,1
70,5,FESTIVAL_CORRIDOR,224,0.886,0.622,0.485,97.4,0.489,0.799,-1.509,8,6,15,WARNING,1
70,6,MALL_CONCERT_STAGE,238,0.927,0.596,0.495,86.08,0.421,0.793,-0.205,4,7,17,WARNING,1
70,7,LIVE_PERFORMANCE_ZONE,239,0.911,0.61,0.528,88.57,0.459,0.843,-0.969,7,13,15,WARNING,1
70,8,LIVE_PERFORMANCE_ZONE,244,0.889,0.618,0.589,91,0.513,0.882,-0.654,7,15,11,HIGH,2
70,9,MALL_CONCERT_STAGE,244,0.945,0.537,0.561,82.18,0.485,0.852,-0.613,6,15,4,HIGH,2
70,10,LIVE_PERFORMANCE_ZONE,235,0.946,0.606,0.511,91.19,0.484,0.835,-1.084,3,10,12,HIGH,2
70,11,LIVE_PERFORMANCE_ZONE,245,0.96,0.59,0.581,83.35,0.448,0.906,-0.898,9,14,18,HIGH,2
70,12,FESTIVAL_CORRIDOR,256,1,0.487,0.45,95.77,0.433,0.851,-0.504,4,19,11,HIGH,2
70,13,FESTIVAL_CORRIDOR,259,1,0.438,0.526,96.13,0.486,0.872,-0.953,9,12,9,HIGH,2
70,14,MALL_CONCERT_STAGE,260,0.956,0.457,0.543,88.1,0.496,0.86,-1.088,7,10,18,HIGH,2
70,15,FESTIVAL_CORRIDOR,278,1,0.519,0.609,98.52,0.416,0.814,-1.292,8,15,16,HIGH,2
70,16,EVENT_ATRIUM,262,1,0.486,0.579,91.22,0.495,0.91,-1.731,5,23,10,HIGH,2
70,17,EVENT_ATRIUM,262,1,0.359,0.596,102.37,0.524,0.869,-1.229,7,21,13,HIGH,2
70,18,LIVE_PERFORMANCE_ZONE,267,0.978,0.59,0.489,93.45,0.477,0.881,-1.799,10,8,11,HIGH,2
70,19,MALL_CONCERT_STAGE,270,1,0.539,0.526,91.67,0.575,0.915,-1.234,7,13,10,HIGH,2
70,20,FESTIVAL_CORRIDOR,276,1,0.489,0.619,101.63,0.499,0.971,-1.563,8,20,15,HIGH,2
70,21,EVENT_ATRIUM,255,0.976,0.655,0.544,83.21,0.416,0.805,-0.73,5,8,12,HIGH,2
70,22,EVENT_ATRIUM,260,0.99,0.541,0.594,113.39,0.362,0.955,-1.065,6,10,15,HIGH,2
70,23,MALL_CONCERT_STAGE,288,1,0.456,0.559,101.63,0.502,0.875,-0.784,8,12,11,HIGH,2
70,24,EVENT_ATRIUM,266,1,0.553,0.613,94.92,0.424,0.89,-0.846,8,22,14,HIGH,2
70,25,MALL_CONCERT_STAGE,264,1,0.506,0.528,85.13,0.483,0.883,-0.977,6,7,8,HIGH,2
70,26,MALL_CONCERT_STAGE,262,1,0.338,0.506,99.79,0.518,0.91,-1.124,9,13,7,HIGH,2
70,27,FESTIVAL_CORRIDOR,262,1,0.577,0.647,83.35,0.482,0.807,-0.56,5,14,13,HIGH,2
70,28,EVENT_ATRIUM,264,1,0.428,0.624,89.71,0.534,0.88,-1.089,8,16,7,HIGH,2
70,29,EVENT_ATRIUM,254,0.976,0.539,0.497,87.76,0.455,0.949,-0.983,3,10,11,HIGH,2
70,30,EVENT_ATRIUM,233,0.903,0.641,0.63,88.76,0.447,0.869,-0.793,3,9,9,HIGH,2
70,31,FESTIVAL_CORRIDOR,253,0.953,0.527,0.448,105.27,0.476,0.885,-1.086,6,8,10,HIGH,2
70,32,LIVE_PERFORMANCE_ZONE,255,1,0.529,0.533,102.8,0.453,0.932,-1.25,3,4,17,HIGH,2
70,33,LIVE_PERFORMANCE_ZONE,251,1,0.439,0.567,90.13,0.471,0.932,-1.438,5,17,10,HIGH,2
70,34,EVENT_ATRIUM,266,1,0.449,0.611,88.59,0.517,0.964,-1.173,8,9,14,HIGH,2
70,35,FESTIVAL_CORRIDOR,250,1,0.395,0.561,100.77,0.471,0.883,-0.824,8,7,18,HIGH,2
70,36,LIVE_PERFORMANCE_ZONE,241,0.942,0.447,0.458,94.84,0.401,0.867,-0.929,6,11,8,WARNING,1
70,37,LIVE_PERFORMANCE_ZONE,245,0.92,0.588,0.533,95.85,0.451,0.908,-1.056,2,14,12,HIGH,2
70,38,EVENT_ATRIUM,217,0.839,0.809,0.437,94.76,0.39,0.822,-1.314,5,10,11,WARNING,1
70,39,LIVE_PERFORMANCE_ZONE,234,0.908,0.649,0.506,83.72,0.422,0.92,-1.233,7,11,11,WARNING,1
70,40,FESTIVAL_CORRIDOR,245,0.96,0.505,0.47,84.38,0.45,0.842,-1.233,4,6,11,WARNING,1
70,41,EVENT_ATRIUM,232,0.867,0.665,0.485,92.11,0.425,0.881,-0.991,7,16,11,WARNING,1
70,42,MALL_CONCERT_STAGE,236,0.882,0.653,0.488,86.22,0.486,0.806,-1.117,3,8,11,WARNING,1
70,43,MALL_CONCERT_STAGE,234,0.884,0.55,0.553,91.03,0.455,0.896,-0.618,5,6,13,HIGH,2
70,44,EVENT_ATRIUM,217,0.822,0.702,0.415,104.84,0.387,0.853,-1.086,4,10,11,WARNING,1
70,45,EVENT_ATRIUM,217,0.827,0.865,0.4,98.08,0.444,0.826,-1.072,8,9,11,WARNING,1
70,46,MALL_CONCERT_STAGE,207,0.799,0.741,0.457,77.66,0.375,0.809,-0.982,6,11,9,WARNING,1
70,47,MALL_CONCERT_STAGE,212,0.798,0.689,0.437,76.08,0.375,0.837,-0.97,8,15,8,WARNING,1
70,48,EVENT_ATRIUM,221,0.868,0.767,0.583,101.33,0.379,0.758,-0.516,8,13,8,WARNING,1
70,49,LIVE_PERFORMANCE_ZONE,221,0.812,0.699,0.482,88.53,0.323,0.816,-0.896,8,8,12,WARNING,1
70,50,EVENT_ATRIUM,194,0.689,0.859,0.294,59.04,0.272,0.752,-0.805,5,9,6,WARNING,1
70,51,MALL_CONCERT_STAGE,196,0.705,0.764,0.37,70.64,0.281,0.817,-0.703,6,7,6,WARNING,1
70,52,EVENT_ATRIUM,184,0.722,0.906,0.376,75.09,0.318,0.817,-0.874,6,11,6,WARNING,1
70,53,EVENT_ATRIUM,198,0.799,0.68,0.472,68.14,0.363,0.718,-0.22,8,12,11,WARNING,1
70,54,FESTIVAL_CORRIDOR,208,0.813,0.698,0.444,83.78,0.358,0.794,-1.002,4,12,6,WARNING,1
70,55,LIVE_PERFORMANCE_ZONE,215,0.866,0.541,0.492,88.62,0.399,0.848,-0.956,8,16,11,WARNING,1
70,56,MALL_CONCERT_STAGE,223,0.859,0.578,0.523,88.06,0.44,0.85,-0.926,5,11,9,WARNING,1
70,57,EVENT_ATRIUM,201,0.74,0.763,0.417,69.14,0.383,0.852,-1.166,4,10,6,WARNING,1
70,58,EVENT_ATRIUM,226,0.843,0.531,0.502,92.88,0.409,0.795,-0.96,5,12,17,WARNING,1
70,59,LIVE_PERFORMANCE_ZONE,206,0.77,0.832,0.428,79.54,0.422,0.765,-0.746,8,10,7,WARNING,1
70,60,LIVE_PERFORMANCE_ZONE,209,0.821,0.79,0.532,80.74,0.458,0.812,-0.909,4,12,14,WARNING,1
70,61,LIVE_PERFORMANCE_ZONE,220,0.87,0.673,0.527,82.16,0.396,0.851,-0.526,5,5,7,WARNING,1
70,62,MALL_CONCERT_STAGE,208,0.731,0.803,0.358,81.1,0.457,0.753,-0.988,7,18,11,WARNING,1
70,63,FESTIVAL_CORRIDOR,217,0.855,0.515,0.504,99.08,0.507,0.76,-0.768,5,14,11,WARNING,1
70,64,EVENT_ATRIUM,200,0.717,0.857,0.471,76.14,0.391,0.748,-1.319,5,8,13,WARNING,1
70,65,LIVE_PERFORMANCE_ZONE,216,0.86,0.578,0.466,88.93,0.404,0.809,-0.262,7,15,11,WARNING,1
70,66,EVENT_ATRIUM,217,0.771,0.787,0.463,67.75,0.373,0.722,-0.714,7,12,8,WARNING,1
70,67,EVENT_ATRIUM,235,0.899,0.615,0.508,89.72,0.467,0.902,-1.254,7,14,7,WARNING,1
70,68,LIVE_PERFORMANCE_ZONE,205,0.756,0.636,0.355,78.62,0.373,0.769,-1.222,2,13,17,WARNING,1
70,69,LIVE_PERFORMANCE_ZONE,218,0.863,0.683,0.508,93.48,0.453,0.806,-0.796,5,18,10,WARNING,1
70,70,MALL_CONCERT_STAGE,206,0.817,0.699,0.471,80.92,0.44,0.763,-0.968,3,8,6,WARNING,1
70,71,LIVE_PERFORMANCE_ZONE,217,0.816,0.707,0.39,71.81,0.364,0.702,-0.363,7,14,11,WARNING,1
70,72,LIVE_PERFORMANCE_ZONE,186,0.741,0.79,0.325,74,0.375,0.731,-1.324,3,12,11,WARNING,1
70,73,LIVE_PERFORMANCE_ZONE,203,0.751,0.772,0.42,77.64,0.414,0.738,-0.504,8,9,7,WARNING,1
70,74,MALL_CONCERT_STAGE,222,0.901,0.455,0.554,96.52,0.354,0.858,-1.444,9,13,14,WARNING,1
70,75,EVENT_ATRIUM,204,0.765,0.81,0.448,76.95,0.316,0.687,-0.952,7,11,8,WARNING,1
70,76,LIVE_PERFORMANCE_ZONE,218,0.852,0.551,0.551,89.41,0.403,0.796,-1.38,9,10,8,WARNING,1
70,77,FESTIVAL_CORRIDOR,186,0.699,0.821,0.399,68.75,0.313,0.657,-0.977,8,8,6,WARNING,1
70,78,LIVE_PERFORMANCE_ZONE,203,0.746,0.744,0.44,81.71,0.336,0.744,-0.878,2,9,12,WARNING,1
70,79,EVENT_ATRIUM,204,0.813,0.623,0.461,71.93,0.37,0.815,-0.413,3,8,8,WARNING,1
70,80,LIVE_PERFORMANCE_ZONE,229,0.898,0.576,0.497,94.87,0.402,0.816,-0.881,3,13,6,WARNING,1
70,81,FESTIVAL_CORRIDOR,220,0.834,0.646,0.437,95.85,0.416,0.815,-1.153,9,7,10,WARNING,1
70,82,FESTIVAL_CORRIDOR,214,0.819,0.643,0.394,93.29,0.382,0.888,-0.937,1,8,9,WARNING,1
70,83,LIVE_PERFORMANCE_ZONE,219,0.838,0.757,0.447,83.62,0.36,0.813,-0.764,5,7,13,WARNING,1
70,84,LIVE_PERFORMANCE_ZONE,234,0.865,0.748,0.563,90.65,0.473,0.867,-0.861,5,8,10,WARNING,1
70,85,FESTIVAL_CORRIDOR,221,0.812,0.763,0.349,87.82,0.376,0.765,-0.639,8,15,10,WARNING,1
70,86,MALL_CONCERT_STAGE,220,0.827,0.593,0.382,77.51,0.403,0.867,-1.028,7,8,10,WARNING,1
70,87,FESTIVAL_CORRIDOR,217,0.838,0.735,0.539,75.2,0.421,0.861,-0.527,8,12,3,WARNING,1
70,88,FESTIVAL_CORRIDOR,193,0.72,0.721,0.425,79.81,0.378,0.792,-0.484,2,8,8,WARNING,1
70,89,FESTIVAL_CORRIDOR,212,0.824,0.63,0.368,77.72,0.363,0.831,-0.779,7,11,10,WARNING,1
71,0,FESTIVAL_CORRIDOR,194,0.727,0.785,0.373,74.45,0.369,0.731,-1.245,5,6,9,WARNING,1
71,1,MALL_CONCERT_STAGE,191,0.695,0.94,0.379,66.74,0.354,0.703,-0.988,5,7,12,WARNING,1
71,2,MALL_CONCERT_STAGE,201,0.784,0.744,0.41,79.91,0.42,0.74,-0.884,6,7,15,WARNING,1
71,3,FESTIVAL_CORRIDOR,206,0.759,0.776,0.42,74.17,0.338,0.725,-0.38,3,7,12,WARNING,1
71,4,MALL_CONCERT_STAGE,208,0.892,0.559,0.506,88.4,0.452,0.906,-0.63,12,12,7,WARNING,1
71,5,FESTIVAL_CORRIDOR,204,0.73,0.778,0.367,70.73,0.346,0.832,-0.663,1,11,10,WARNING,1
71,6,LIVE_PERFORMANCE_ZONE,216,0.872,0.695,0.548,91.71,0.448,0.843,-0.778,12,15,14,WARNING,1
71,7,FESTIVAL_CORRIDOR,200,0.819,0.651,0.462,80.01,0.38,0.826,-0.339,5,10,9,WARNING,1
71,8,LIVE_PERFORMANCE_ZONE,209,0.789,0.642,0.456,88.66,0.423,0.674,-1.393,8,7,11,WARNING,1
71,9,FESTIVAL_CORRIDOR,205,0.764,0.876,0.424,80.03,0.385,0.821,-1.118,1,7,10,WARNING,1
71,10,MALL_CONCERT_STAGE,181,0.7,0.954,0.413,76.15,0.328,0.748,-0.661,3,6,10,WARNING,1
71,11,FESTIVAL_CORRIDOR,224,0.871,0.581,0.419,91.3,0.428,0.956,-1.193,4,4,11,WARNING,1
71,12,FESTIVAL_CORRIDOR,202,0.775,0.736,0.448,78.93,0.381,0.759,-0.933,8,7,11,WARNING,1
71,13,FESTIVAL_CORRIDOR,203,0.707,0.795,0.311,63.14,0.405,0.705,-0.864,6,16,5,WARNING,1
71,14,MALL_CONCERT_STAGE,209,0.828,0.756,0.485,87.2,0.377,0.824,-0.186,4,15,5,WARNING,1
71,15,LIVE_PERFORMANCE_ZONE,205,0.747,0.774,0.423,69.67,0.379,0.788,-0.303,7,7,4,WARNING,1
71,16,LIVE_PERFORMANCE_ZONE,219,0.78,0.691,0.498,70.85,0.383,0.798,-0.89,4,8,6,WARNING,1
71,17,FESTIVAL_CORRIDOR,201,0.736,0.872,0.444,72.12,0.373,0.773,-0.527,10,10,6,WARNING,1
71,18,FESTIVAL_CORRIDOR,206,0.811,0.653,0.423,88.07,0.393,0.775,-0.553,9,7,9,WARNING,1
71,19,LIVE_PERFORMANCE_ZONE,205,0.749,0.782,0.393,75.93,0.372,0.748,-0.562,9,11,6,WARNING,1
71,20,FESTIVAL_CORRIDOR,213,0.862,0.7,0.51,90.92,0.407,0.789,-1.068,12,12,7,WARNING,1
71,21,EVENT_ATRIUM,205,0.772,0.76,0.401,85.08,0.422,0.799,-0.962,4,14,4,WARNING,1
71,22,LIVE_PERFORMANCE_ZONE,214,0.802,0.754,0.44,82.63,0.349,0.839,-0.834,4,13,13,WARNING,1
71,23,MALL_CONCERT_STAGE,211,0.833,0.601,0.444,82.11,0.444,0.835,-0.363,4,5,1,WARNING,1
71,24,EVENT_ATRIUM,199,0.727,0.728,0.35,91.07,0.337,0.763,-0.926,7,13,2,WARNING,1
71,25,LIVE_PERFORMANCE_ZONE,215,0.807,0.962,0.485,80.28,0.449,0.817,-0.898,9,19,15,WARNING,1
71,26,LIVE_PERFORMANCE_ZONE,204,0.81,0.722,0.443,72.95,0.364,0.76,-1.294,6,15,8,WARNING,1
71,27,MALL_CONCERT_STAGE,214,0.827,0.657,0.463,73.6,0.35,0.791,-0.977,5,7,12,WARNING,1
71,28,MALL_CONCERT_STAGE,190,0.757,0.814,0.397,71.05,0.356,0.738,-0.647,6,4,11,WARNING,1
71,29,FESTIVAL_CORRIDOR,224,0.783,0.729,0.469,88.87,0.363,0.837,-0.757,2,12,14,WARNING,1
71,30,EVENT_ATRIUM,233,0.873,0.66,0.465,94.68,0.401,0.821,-0.711,6,9,8,WARNING,1
71,31,EVENT_ATRIUM,214,0.822,0.732,0.454,82.5,0.422,0.852,-1.438,6,6,8,WARNING,1
71,32,EVENT_ATRIUM,229,0.834,0.684,0.396,91.93,0.428,0.781,-0.808,9,10,13,WARNING,1
71,33,FESTIVAL_CORRIDOR,221,0.856,0.637,0.492,88.52,0.373,0.759,-1.076,11,13,9,WARNING,1
71,34,FESTIVAL_CORRIDOR,228,0.895,0.51,0.563,89.14,0.339,0.909,-0.935,8,13,11,WARNING,1
71,35,LIVE_PERFORMANCE_ZONE,222,0.823,0.782,0.345,77.69,0.373,0.847,-1.055,5,15,11,WARNING,1
71,36,EVENT_ATRIUM,227,0.858,0.786,0.595,87.05,0.416,0.802,-1.021,5,9,8,WARNING,1
71,37,FESTIVAL_CORRIDOR,247,0.913,0.406,0.466,94.14,0.481,0.868,-0.598,7,10,13,WARNING,1
71,38,LIVE_PERFORMANCE_ZONE,235,0.846,0.573,0.473,82.28,0.395,0.783,-1.732,4,8,8,WARNING,1
71,39,EVENT_ATRIUM,259,1,0.525,0.612,101.38,0.509,0.889,-1.135,5,12,10,HIGH,2
71,40,FESTIVAL_CORRIDOR,231,0.892,0.774,0.449,87.78,0.389,0.829,-1.454,5,6,9,WARNING,1
71,41,LIVE_PERFORMANCE_ZONE,234,0.899,0.653,0.582,89.68,0.481,0.863,-0.715,6,13,13,HIGH,2
71,42,EVENT_ATRIUM,252,0.982,0.391,0.556,97.1,0.507,0.723,-0.851,6,18,10,HIGH,2
71,43,MALL_CONCERT_STAGE,242,0.971,0.626,0.486,92.96,0.411,0.825,-0.647,8,11,11,HIGH,2
71,44,LIVE_PERFORMANCE_ZONE,258,1,0.497,0.65,97.71,0.546,0.899,-1.207,4,13,11,HIGH,2
71,45,LIVE_PERFORMANCE_ZONE,269,1,0.559,0.585,93.73,0.532,0.971,-1.046,6,12,13,HIGH,2
71,46,LIVE_PERFORMANCE_ZONE,257,0.951,0.631,0.506,97.1,0.379,0.856,-0.841,6,11,14,WARNING,1
71,47,MALL_CONCERT_STAGE,273,1,0.54,0.605,97.14,0.477,0.977,-1.415,5,11,20,HIGH,2
71,48,FESTIVAL_CORRIDOR,289,1,0.391,0.52,97.53,0.478,1,-1.342,11,10,13,HIGH,2
71,49,FESTIVAL_CORRIDOR,276,1,0.432,0.519,105,0.568,0.889,-1.215,10,19,9,HIGH,2
71,50,EVENT_ATRIUM,263,0.985,0.468,0.53,97.38,0.446,0.937,-0.553,6,8,12,HIGH,2
71,51,FESTIVAL_CORRIDOR,260,0.99,0.47,0.542,90.42,0.509,0.962,-1.022,7,13,10,HIGH,2
71,52,MALL_CONCERT_STAGE,254,0.957,0.656,0.566,96.2,0.478,0.859,-0.715,6,11,7,HIGH,2
71,53,EVENT_ATRIUM,247,0.98,0.496,0.542,103.53,0.451,0.83,-1.193,5,13,12,HIGH,2
71,54,FESTIVAL_CORRIDOR,262,1,0.548,0.586,96.28,0.516,0.822,-1.455,5,17,10,HIGH,2
71,55,FESTIVAL_CORRIDOR,276,1,0.435,0.495,105.32,0.457,0.795,-1.776,7,7,16,HIGH,2
71,56,FESTIVAL_CORRIDOR,273,1,0.48,0.632,98.2,0.53,0.936,-1.345,8,8,9,HIGH,2
71,57,MALL_CONCERT_STAGE,263,1,0.45,0.591,91.73,0.376,0.906,-0.768,2,17,15,HIGH,2
71,58,LIVE_PERFORMANCE_ZONE,257,0.99,0.415,0.554,97.01,0.51,0.886,-1.326,6,17,8,HIGH,2
71,59,LIVE_PERFORMANCE_ZONE,253,0.99,0.383,0.658,92.87,0.534,0.969,-1.09,8,14,10,HIGH,2
71,60,FESTIVAL_CORRIDOR,250,0.993,0.388,0.569,92.91,0.496,0.877,-0.917,8,9,11,HIGH,2
71,61,LIVE_PERFORMANCE_ZONE,256,1,0.511,0.549,96.35,0.508,0.982,-1.058,6,19,16,HIGH,2
71,62,FESTIVAL_CORRIDOR,229,0.815,0.762,0.394,85.93,0.367,0.813,-0.071,5,16,5,WARNING,1
71,63,FESTIVAL_CORRIDOR,257,0.951,0.51,0.368,93.09,0.475,0.893,-1.294,3,8,13,WARNING,1
71,64,LIVE_PERFORMANCE_ZONE,247,0.968,0.556,0.441,98.88,0.394,0.905,-1.007,8,15,6,HIGH,2
71,65,LIVE_PERFORMANCE_ZONE,236,0.942,0.432,0.559,97.24,0.467,0.896,-1.457,7,16,12,HIGH,2
71,66,FESTIVAL_CORRIDOR,245,0.952,0.58,0.548,87.02,0.408,0.907,-1.116,9,15,10,HIGH,2
71,67,LIVE_PERFORMANCE_ZONE,228,0.882,0.572,0.358,80.38,0.482,0.805,-0.647,8,8,9,WARNING,1
71,68,MALL_CONCERT_STAGE,212,0.79,0.855,0.555,72.33,0.381,0.743,-1.021,4,9,10,WARNING,1
71,69,EVENT_ATRIUM,203,0.747,0.821,0.445,85.23,0.341,0.815,-0.39,12,8,10,WARNING,1
71,70,FESTIVAL_CORRIDOR,242,0.89,0.718,0.549,90.4,0.393,0.767,-0.648,3,11,17,WARNING,1
71,71,LIVE_PERFORMANCE_ZONE,222,0.86,0.682,0.456,91.14,0.398,0.836,-1.055,8,9,16,WARNING,1
71,72,FESTIVAL_CORRIDOR,223,0.858,0.665,0.473,93.06,0.438,0.928,-0.874,2,11,5,WARNING,1
71,73,MALL_CONCERT_STAGE,229,0.892,0.398,0.513,89.15,0.418,0.767,-0.751,9,7,15,WARNING,1
71,74,EVENT_ATRIUM,203,0.816,0.566,0.473,84.89,0.417,0.781,-1.139,5,13,10,WARNING,1
71,75,MALL_CONCERT_STAGE,212,0.81,0.602,0.369,79.58,0.381,0.799,-0.598,8,13,11,WARNING,1
71,76,MALL_CONCERT_STAGE,207,0.774,0.688,0.457,72.84,0.388,0.846,-0.72,3,19,13,WARNING,1
71,77,EVENT_ATRIUM,219,0.869,0.769,0.49,80.66,0.443,0.805,-1.527,9,6,12,WARNING,1
71,78,MALL_CONCERT_STAGE,233,0.88,0.524,0.558,93.63,0.483,0.836,-0.865,3,16,8,WARNING,1
71,79,FESTIVAL_CORRIDOR,212,0.792,0.688,0.436,81.91,0.437,0.768,-0.979,9,6,4,WARNING,1
71,80,FESTIVAL_CORRIDOR,215,0.858,0.527,0.462,92.62,0.408,0.859,-1.04,7,9,6,WARNING,1
71,81,EVENT_ATRIUM,212,0.802,0.712,0.382,69.95,0.409,0.803,-1.123,10,12,11,WARNING,1
71,82,FESTIVAL_CORRIDOR,208,0.784,0.656,0.353,75.44,0.363,0.763,-1,3,10,9,WARNING,1
71,83,LIVE_PERFORMANCE_ZONE,206,0.764,0.842,0.376,69.93,0.333,0.748,-0.984,6,7,8,WARNING,1
71,84,MALL_CONCERT_STAGE,214,0.823,0.774,0.511,85.13,0.423,0.785,-1.398,6,10,8,WARNING,1
71,85,LIVE_PERFORMANCE_ZONE,208,0.775,0.842,0.404,82.04,0.371,0.712,-0.667,3,13,16,WARNING,1
71,86,MALL_CONCERT_STAGE,219,0.858,0.758,0.494,90.11,0.391,0.844,-0.317,7,7,13,WARNING,1
71,87,MALL_CONCERT_STAGE,203,0.765,0.753,0.426,93.49,0.331,0.749,-0.171,5,10,15,WARNING,1
71,88,FESTIVAL_CORRIDOR,214,0.823,0.702,0.419,83,0.422,0.863,-0.437,8,16,8,WARNING,1
71,89,LIVE_PERFORMANCE_ZONE,210,0.81,0.5,0.377,82.03,0.387,0.761,-0.701,2,12,9,WARNING,1
72,0,EVENT_ATRIUM,194,0.759,0.572,0.314,72.69,0.314,0.699,-1.039,6,13,6,WARNING,1
72,1,MALL_CONCERT_STAGE,192,0.717,0.778,0.385,79.78,0.246,0.679,-0.329,9,7,12,WARNING,1
72,2,EVENT_ATRIUM,180,0.698,0.766,0.356,68.04,0.313,0.66,-0.545,4,8,7,WARNING,1
72,3,EVENT_ATRIUM,180,0.758,0.777,0.402,69.68,0.351,0.817,-1.153,2,13,12,WARNING,1
72,4,EVENT_ATRIUM,198,0.727,0.701,0.351,78.41,0.368,0.788,0.41,6,14,14,WARNING,1
72,5,LIVE_PERFORMANCE_ZONE,199,0.816,0.661,0.438,72.47,0.382,0.783,-1.042,6,11,13,WARNING,1
72,6,MALL_CONCERT_STAGE,192,0.731,0.787,0.328,79.5,0.334,0.722,-0.849,4,21,7,WARNING,1
72,7,FESTIVAL_CORRIDOR,204,0.782,0.823,0.505,83.21,0.356,0.744,-0.666,5,16,12,WARNING,1
72,8,LIVE_PERFORMANCE_ZONE,172,0.65,0.968,0.355,66.48,0.307,0.755,-0.367,5,9,7,WARNING,1
72,9,EVENT_ATRIUM,179,0.679,0.909,0.466,69.94,0.321,0.771,-0.529,6,10,5,WARNING,1
72,10,LIVE_PERFORMANCE_ZONE,188,0.754,0.792,0.422,76.04,0.325,0.725,-0.653,8,8,4,WARNING,1
72,11,LIVE_PERFORMANCE_ZONE,182,0.739,0.54,0.419,79.43,0.32,0.81,-0.553,7,9,3,WARNING,1
72,12,FESTIVAL_CORRIDOR,187,0.659,0.779,0.391,65.6,0.315,0.691,-0.556,3,9,7,WARNING,1
72,13,MALL_CONCERT_STAGE,189,0.73,0.909,0.394,75.88,0.259,0.729,-0.831,8,8,11,WARNING,1
72,14,LIVE_PERFORMANCE_ZONE,182,0.675,0.863,0.521,79.17,0.311,0.746,-0.145,13,10,5,WARNING,1
72,15,MALL_CONCERT_STAGE,172,0.657,0.79,0.347,81.63,0.379,0.772,-0.948,6,10,8,WARNING,1
72,16,EVENT_ATRIUM,172,0.741,0.777,0.396,74.83,0.4,0.793,-1.209,2,10,7,WARNING,1
72,17,MALL_CONCERT_STAGE,191,0.742,0.921,0.502,82.36,0.374,0.779,-0.543,7,10,5,WARNING,1
72,18,LIVE_PERFORMANCE_ZONE,176,0.658,0.887,0.21,65.98,0.286,0.687,-0.59,8,10,10,SAFE,0
72,19,MALL_CONCERT_STAGE,177,0.676,0.881,0.288,65.27,0.363,0.666,-0.278,9,5,4,WARNING,1
72,20,FESTIVAL_CORRIDOR,188,0.723,0.864,0.338,78.56,0.314,0.652,0.131,7,10,6,WARNING,1
72,21,MALL_CONCERT_STAGE,188,0.7,0.801,0.332,73.69,0.319,0.71,-0.787,8,8,7,WARNING,1
72,22,MALL_CONCERT_STAGE,203,0.806,0.731,0.52,84.67,0.367,0.815,-0.773,5,8,12,WARNING,1
72,23,MALL_CONCERT_STAGE,252,0.903,0.7,0.563,91.27,0.446,0.876,-0.485,9,14,16,HIGH,2
72,24,FESTIVAL_CORRIDOR,181,0.717,0.762,0.401,76.71,0.32,0.749,-0.358,6,10,7,WARNING,1
72,25,LIVE_PERFORMANCE_ZONE,223,0.849,0.704,0.411,84.38,0.403,0.81,-0.884,6,6,10,WARNING,1
72,26,MALL_CONCERT_STAGE,218,0.808,0.694,0.513,85.65,0.285,0.793,-0.652,7,14,9,WARNING,1
72,27,FESTIVAL_CORRIDOR,194,0.785,0.775,0.453,91.17,0.388,0.67,-0.888,6,9,10,WARNING,1
72,28,FESTIVAL_CORRIDOR,224,0.881,0.719,0.491,92.84,0.501,0.832,-0.938,7,6,11,WARNING,1
72,29,FESTIVAL_CORRIDOR,216,0.855,0.543,0.471,83.54,0.35,0.806,-0.837,7,9,5,WARNING,1
72,30,FESTIVAL_CORRIDOR,205,0.813,0.58,0.502,87.76,0.424,0.874,-0.775,5,13,8,WARNING,1
72,31,MALL_CONCERT_STAGE,211,0.803,0.841,0.414,82.8,0.345,0.734,-0.439,3,8,10,WARNING,1
72,32,EVENT_ATRIUM,233,0.904,0.588,0.467,80.3,0.344,0.877,-1.044,6,9,10,WARNING,1
72,33,EVENT_ATRIUM,222,0.829,0.631,0.438,87.75,0.447,0.872,-0.897,7,10,11,WARNING,1
72,34,EVENT_ATRIUM,253,0.952,0.489,0.482,101.07,0.466,0.873,-0.814,7,12,13,HIGH,2
72,35,FESTIVAL_CORRIDOR,250,0.924,0.555,0.431,91.37,0.485,0.855,-1.341,13,16,5,WARNING,1
72,36,MALL_CONCERT_STAGE,213,0.843,0.562,0.498,95.97,0.363,0.839,-1.148,3,8,5,WARNING,1
72,37,MALL_CONCERT_STAGE,232,0.922,0.537,0.54,92.42,0.473,0.871,-1.485,6,5,11,HIGH,2
72,38,MALL_CONCERT_STAGE,241,0.937,0.514,0.532,87.14,0.52,0.851,-1.38,6,15,10,HIGH,2
72,39,MALL_CONCERT_STAGE,224,0.845,0.664,0.481,94.56,0.497,0.777,-0.717,8,14,8,WARNING,1
72,40,FESTIVAL_CORRIDOR,238,0.953,0.492,0.552,105.19,0.464,0.819,-1.461,7,11,11,HIGH,2
72,41,EVENT_ATRIUM,255,0.932,0.561,0.585,99.05,0.415,0.84,-0.726,5,20,16,HIGH,2
72,42,MALL_CONCERT_STAGE,253,0.993,0.534,0.54,94.43,0.466,0.849,-0.271,3,10,5,HIGH,2
72,43,MALL_CONCERT_STAGE,276,1,0.284,0.553,94.41,0.487,0.94,-0.6,10,8,12,HIGH,2
72,44,MALL_CONCERT_STAGE,235,0.93,0.774,0.439,84.96,0.41,0.838,-0.961,9,12,15,WARNING,1
72,45,FESTIVAL_CORRIDOR,266,1,0.494,0.522,90.32,0.509,0.89,-1.059,12,11,8,HIGH,2
72,46,LIVE_PERFORMANCE_ZONE,243,0.894,0.448,0.583,100.01,0.45,0.735,-1.187,3,19,10,WARNING,1
72,47,LIVE_PERFORMANCE_ZONE,237,0.928,0.627,0.511,94.43,0.405,0.911,-0.817,11,8,15,HIGH,2
72,48,MALL_CONCERT_STAGE,248,0.998,0.51,0.478,113.96,0.538,0.913,-1.07,6,14,6,HIGH,2
72,49,EVENT_ATRIUM,237,0.903,0.528,0.501,93.57,0.402,0.861,-0.399,4,11,8,WARNING,1
72,50,FESTIVAL_CORRIDOR,221,0.847,0.805,0.463,71.8,0.456,0.84,-1.046,9,5,3,WARNING,1
72,51,FESTIVAL_CORRIDOR,221,0.882,0.591,0.518,92.09,0.415,0.714,-0.759,7,12,12,WARNING,1
72,52,LIVE_PERFORMANCE_ZONE,256,0.946,0.801,0.467,99.07,0.44,0.796,-1.085,9,12,11,WARNING,1
72,53,LIVE_PERFORMANCE_ZONE,234,0.89,0.497,0.453,77.41,0.437,0.876,-0.889,6,8,11,WARNING,1
72,54,LIVE_PERFORMANCE_ZONE,222,0.841,0.603,0.381,92.22,0.363,0.796,-0.549,4,14,8,WARNING,1
72,55,MALL_CONCERT_STAGE,214,0.798,0.81,0.388,73.55,0.419,0.848,-0.496,6,11,13,WARNING,1
72,56,MALL_CONCERT_STAGE,202,0.743,0.72,0.364,75.86,0.414,0.762,-0.807,8,3,8,WARNING,1
72,57,EVENT_ATRIUM,209,0.794,0.82,0.464,91.7,0.352,0.796,-1.514,7,12,17,WARNING,1
72,58,FESTIVAL_CORRIDOR,225,0.863,0.652,0.498,86.6,0.39,0.904,-0.655,6,9,16,WARNING,1
72,59,EVENT_ATRIUM,197,0.769,0.721,0.41,93.59,0.432,0.778,-0.552,3,18,9,WARNING,1
72,60,MALL_CONCERT_STAGE,219,0.825,0.693,0.467,86.32,0.428,0.777,-1.026,8,14,7,WARNING,1
72,61,FESTIVAL_CORRIDOR,210,0.76,0.791,0.403,73.7,0.322,0.727,-0.077,5,12,11,WARNING,1
72,62,MALL_CONCERT_STAGE,204,0.776,0.715,0.428,75.15,0.416,0.767,-0.778,3,8,6,WARNING,1
72,63,LIVE_PERFORMANCE_ZONE,191,0.691,0.86,0.369,72.46,0.326,0.755,-0.544,8,9,8,WARNING,1
72,64,LIVE_PERFORMANCE_ZONE,187,0.727,0.902,0.344,82.42,0.38,0.845,-0.849,5,10,7,WARNING,1
72,65,EVENT_ATRIUM,183,0.736,0.607,0.435,79.02,0.414,0.827,-0.864,5,7,10,WARNING,1
72,66,LIVE_PERFORMANCE_ZONE,197,0.749,0.78,0.505,76.76,0.342,0.748,-0.565,7,9,14,WARNING,1
72,67,FESTIVAL_CORRIDOR,210,0.837,0.665,0.316,83.09,0.393,0.746,-0.835,4,9,6,WARNING,1
72,68,LIVE_PERFORMANCE_ZONE,178,0.746,0.66,0.41,80.01,0.37,0.674,-1.053,9,10,5,WARNING,1
72,69,MALL_CONCERT_STAGE,191,0.807,0.682,0.422,86.21,0.342,0.774,-1.11,3,6,5,WARNING,1
72,70,FESTIVAL_CORRIDOR,185,0.693,0.823,0.307,73.39,0.276,0.697,-1.308,7,9,8,WARNING,1
72,71,FESTIVAL_CORRIDOR,198,0.801,0.696,0.457,69.08,0.338,0.747,-1.134,8,15,7,WARNING,1
72,72,LIVE_PERFORMANCE_ZONE,196,0.793,0.638,0.503,94.5,0.344,0.744,-1.308,6,8,10,WARNING,1
72,73,LIVE_PERFORMANCE_ZONE,192,0.763,0.731,0.434,70.07,0.357,0.831,-1.054,4,9,10,WARNING,1
72,74,FESTIVAL_CORRIDOR,176,0.657,0.778,0.363,76.05,0.292,0.678,-0.196,5,6,5,WARNING,1
72,75,FESTIVAL_CORRIDOR,194,0.721,0.833,0.349,76.31,0.372,0.744,-1.055,7,5,8,WARNING,1
72,76,MALL_CONCERT_STAGE,175,0.608,0.938,0.37,62.94,0.266,0.692,0.014,10,11,14,SAFE,0
72,77,FESTIVAL_CORRIDOR,208,0.744,0.813,0.529,76.14,0.345,0.77,-0.878,10,12,10,WARNING,1
72,78,FESTIVAL_CORRIDOR,174,0.668,0.839,0.376,78.52,0.283,0.653,-1.436,2,7,10,WARNING,1
72,79,MALL_CONCERT_STAGE,202,0.764,0.83,0.445,88.63,0.391,0.773,-0.743,6,13,13,WARNING,1
72,80,EVENT_ATRIUM,194,0.752,0.719,0.503,79.97,0.364,0.745,-1.029,6,9,5,WARNING,1
72,81,EVENT_ATRIUM,189,0.699,0.791,0.304,69.18,0.338,0.706,-0.58,7,3,10,WARNING,1
72,82,MALL_CONCERT_STAGE,200,0.801,0.807,0.436,83.67,0.329,0.799,-0.685,5,7,9,WARNING,1
72,83,EVENT_ATRIUM,205,0.759,0.771,0.365,71.91,0.391,0.818,-0.802,4,4,7,WARNING,1
72,84,LIVE_PERFORMANCE_ZONE,189,0.694,0.749,0.395,73.03,0.347,0.737,-1.058,8,7,5,WARNING,1
72,85,FESTIVAL_CORRIDOR,179,0.655,0.887,0.37,72.64,0.262,0.615,-0.618,8,7,12,WARNING,1
72,86,LIVE_PERFORMANCE_ZONE,204,0.737,0.769,0.41,66.03,0.379,0.729,-0.791,1,11,6,WARNING,1
72,87,FESTIVAL_CORRIDOR,183,0.703,0.85,0.364,70.74,0.382,0.754,-0.987,4,5,9,WARNING,1
72,88,LIVE_PERFORMANCE_ZONE,178,0.725,0.744,0.367,70.18,0.392,0.842,-0.495,5,8,7,WARNING,1
72,89,LIVE_PERFORMANCE_ZONE,165,0.601,0.934,0.411,53.08,0.329,0.767,-0.332,8,7,4,WARNING,1
73,0,EVENT_ATRIUM,81,0.302,1.291,0.107,47.43,0.06,0.472,-0.139,3,6,0,SAFE,0
73,1,FESTIVAL_CORRIDOR,97,0.365,1.142,0.201,39.47,0.118,0.523,-0.428,3,6,4,SAFE,0
73,2,EVENT_ATRIUM,99,0.404,1.271,0.253,60.01,0.175,0.628,-0.378,3,5,5,SAFE,0
73,3,MALL_CONCERT_STAGE,98,0.326,1.286,0.189,29.85,0.139,0.45,-0.182,3,2,3,SAFE,0
73,4,FESTIVAL_CORRIDOR,87,0.348,1.089,0.214,38.1,0.117,0.543,-0.357,4,2,1,SAFE,0
73,5,FESTIVAL_CORRIDOR,93,0.319,1.293,0.139,53.26,0.14,0.532,-0.292,6,4,3,SAFE,0
73,6,MALL_CONCERT_STAGE,103,0.339,1.232,0.109,61.23,0.137,0.576,-1.533,4,5,4,SAFE,0
73,7,FESTIVAL_CORRIDOR,103,0.437,1.115,0.26,58.72,0.169,0.536,-0.938,4,9,2,SAFE,0
73,8,LIVE_PERFORMANCE_ZONE,109,0.394,1.112,0.211,59.44,0.219,0.579,-0.76,6,7,11,SAFE,0
73,9,MALL_CONCERT_STAGE,87,0.346,1.159,0.231,53.17,0.178,0.527,-0.092,5,2,5,SAFE,0
73,10,LIVE_PERFORMANCE_ZONE,113,0.433,1.156,0.22,50.02,0.22,0.578,-0.683,4,7,2,SAFE,0
73,11,EVENT_ATRIUM,86,0.324,1.188,0.135,39.07,0.181,0.473,-0.062,4,3,4,SAFE,0
73,12,LIVE_PERFORMANCE_ZONE,88,0.355,1.175,0.196,35.34,0.177,0.574,-0.866,7,5,5,SAFE,0
73,13,FESTIVAL_CORRIDOR,108,0.416,1.28,0.223,44.33,0.255,0.631,-0.03,2,3,1,SAFE,0
73,14,MALL_CONCERT_STAGE,102,0.377,1.134,0.244,52.14,0.171,0.548,-0.173,5,4,2,SAFE,0
73,15,MALL_CONCERT_STAGE,127,0.511,1.075,0.219,48.2,0.325,0.639,-0.76,9,2,8,SAFE,0
73,16,FESTIVAL_CORRIDOR,114,0.46,0.988,0.224,44.63,0.244,0.631,-0.961,4,2,3,SAFE,0
73,17,MALL_CONCERT_STAGE,96,0.339,1.241,0.208,53.05,0.141,0.521,-0.265,4,2,3,SAFE,0
73,18,EVENT_ATRIUM,88,0.295,1.416,0.219,47.94,0.093,0.539,-0.209,6,3,3,SAFE,0
73,19,LIVE_PERFORMANCE_ZONE,93,0.339,1.126,0.082,33.19,0.111,0.586,-0.931,3,5,4,SAFE,0
73,20,LIVE_PERFORMANCE_ZONE,59,0.279,1.362,0.163,45.18,0.144,0.458,-0.639,4,3,1,SAFE,0
73,21,MALL_CONCERT_STAGE,90,0.338,1.142,0.218,47.59,0.196,0.552,-0.603,8,4,1,SAFE,0
73,22,EVENT_ATRIUM,94,0.349,1.306,0.159,46.99,0.195,0.494,-0.1,4,5,7,SAFE,0
73,23,MALL_CONCERT_STAGE,115,0.476,1.12,0.255,64.72,0.277,0.602,-0.853,4,7,8,SAFE,0
73,24,EVENT_ATRIUM,99,0.392,1.156,0.3,32.09,0.218,0.462,-0.74,4,6,5,SAFE,0
73,25,EVENT_ATRIUM,100,0.375,1.224,0.241,45.09,0.213,0.525,-0.709,1,7,0,SAFE,0
73,26,MALL_CONCERT_STAGE,75,0.315,1.086,0.244,51.38,0.178,0.592,-0.701,2,1,4,SAFE,0
73,27,EVENT_ATRIUM,101,0.389,1.12,0.256,48.99,0.187,0.521,-0.67,8,8,6,SAFE,0
73,28,MALL_CONCERT_STAGE,126,0.482,1.247,0.301,60.75,0.251,0.557,-0.162,1,8,3,SAFE,0
73,29,EVENT_ATRIUM,123,0.488,1.103,0.326,60.29,0.237,0.59,-0.792,5,2,2,SAFE,0
73,30,LIVE_PERFORMANCE_ZONE,114,0.401,1.117,0.192,51.87,0.132,0.525,-1.192,4,6,7,SAFE,0
73,31,FESTIVAL_CORRIDOR,111,0.407,1.165,0.223,55.21,0.239,0.559,-0.857,3,8,4,SAFE,0
73,32,FESTIVAL_CORRIDOR,115,0.435,1.057,0.266,61.65,0.128,0.6,0.005,1,3,3,SAFE,0
73,33,MALL_CONCERT_STAGE,137,0.493,1.097,0.221,60.61,0.194,0.64,0.068,6,8,7,SAFE,0
73,34,MALL_CONCERT_STAGE,102,0.331,1.343,0.196,46.93,0.277,0.595,-0.664,5,6,3,SAFE,0
73,35,FESTIVAL_CORRIDOR,117,0.452,1.021,0.273,67.8,0.259,0.583,-1.13,4,6,6,SAFE,0
73,36,EVENT_ATRIUM,138,0.555,1.043,0.386,52.13,0.306,0.667,-1.03,8,11,3,SAFE,0
73,37,EVENT_ATRIUM,89,0.361,1.273,0.229,58.99,0.204,0.56,-0.382,9,4,7,SAFE,0
73,38,FESTIVAL_CORRIDOR,122,0.468,1.025,0.296,64.37,0.172,0.651,-0.677,7,5,3,SAFE,0
73,39,LIVE_PERFORMANCE_ZONE,134,0.478,1.015,0.263,59.5,0.23,0.575,-0.342,9,4,10,SAFE,0
73,40,FESTIVAL_CORRIDOR,135,0.547,0.998,0.365,58.01,0.301,0.59,-0.666,4,5,9,SAFE,0
73,41,MALL_CONCERT_STAGE,143,0.554,1.039,0.242,58.03,0.189,0.622,-0.909,6,7,10,SAFE,0
73,42,FESTIVAL_CORRIDOR,151,0.537,1.051,0.283,54.91,0.301,0.627,-0.257,5,5,6,SAFE,0
73,43,FESTIVAL_CORRIDOR,145,0.606,0.784,0.37,63.43,0.298,0.706,-0.769,4,6,5,WARNING,1
73,44,FESTIVAL_CORRIDOR,156,0.59,1.022,0.308,70.58,0.235,0.64,-0.316,3,9,6,SAFE,0
73,45,FESTIVAL_CORRIDOR,171,0.652,0.815,0.333,77.74,0.337,0.697,-0.737,3,8,9,WARNING,1
73,46,LIVE_PERFORMANCE_ZONE,153,0.516,1.166,0.286,67.84,0.26,0.639,-0.295,2,5,14,SAFE,0
73,47,FESTIVAL_CORRIDOR,156,0.575,1.07,0.354,59.62,0.254,0.783,-0.652,7,9,4,SAFE,0
73,48,LIVE_PERFORMANCE_ZONE,162,0.631,0.841,0.352,74.17,0.298,0.717,-1.105,4,7,7,WARNING,1
73,49,EVENT_ATRIUM,147,0.583,1.031,0.358,71.25,0.329,0.666,-0.346,6,12,10,WARNING,1
73,50,EVENT_ATRIUM,153,0.593,1.032,0.337,62.51,0.308,0.732,-0.762,1,5,5,SAFE,0
73,51,FESTIVAL_CORRIDOR,156,0.613,0.933,0.294,61.49,0.323,0.695,-0.537,4,8,6,SAFE,0
73,52,FESTIVAL_CORRIDOR,147,0.585,1.061,0.319,70.9,0.259,0.619,-0.135,12,10,6,SAFE,0
73,53,EVENT_ATRIUM,170,0.638,0.969,0.296,64.46,0.304,0.745,-0.387,6,4,9,WARNING,1
73,54,FESTIVAL_CORRIDOR,121,0.471,1.098,0.255,60.77,0.258,0.583,-0.986,3,4,8,SAFE,0
73,55,EVENT_ATRIUM,129,0.542,0.947,0.323,68.47,0.246,0.599,-1.102,3,5,4,SAFE,0
73,56,FESTIVAL_CORRIDOR,151,0.609,0.955,0.307,77.65,0.263,0.653,-1.184,4,12,13,SAFE,0
73,57,EVENT_ATRIUM,142,0.614,0.966,0.363,67.06,0.234,0.584,-0.506,2,9,5,SAFE,0
73,58,LIVE_PERFORMANCE_ZONE,159,0.582,0.948,0.31,73.27,0.3,0.69,-0.945,9,6,2,SAFE,0
73,59,LIVE_PERFORMANCE_ZONE,119,0.45,1.107,0.225,54.68,0.244,0.693,-0.368,3,5,3,SAFE,0
73,60,LIVE_PERFORMANCE_ZONE,147,0.568,1.003,0.36,61.86,0.264,0.752,0.072,7,14,13,SAFE,0
73,61,MALL_CONCERT_STAGE,139,0.535,0.97,0.219,67.32,0.235,0.619,-0.691,4,6,6,SAFE,0
73,62,MALL_CONCERT_STAGE,141,0.536,1.196,0.344,56.26,0.298,0.615,-0.804,4,9,9,SAFE,0
73,63,FESTIVAL_CORRIDOR,153,0.611,0.918,0.27,58.48,0.311,0.586,-0.245,5,8,14,SAFE,0
73,64,MALL_CONCERT_STAGE,138,0.546,0.987,0.259,71.7,0.289,0.638,-0.463,7,9,5,SAFE,0
73,65,EVENT_ATRIUM,110,0.411,1.134,0.228,63.23,0.163,0.545,-0.691,7,10,3,SAFE,0
73,66,LIVE_PERFORMANCE_ZONE,120,0.491,1.006,0.266,62.59,0.278,0.555,-0.219,4,6,6,SAFE,0
73,67,EVENT_ATRIUM,111,0.419,1.1,0.28,60.75,0.166,0.645,0.082,1,6,9,SAFE,0
73,68,MALL_CONCERT_STAGE,129,0.476,1.083,0.261,50.64,0.198,0.655,-0.467,5,7,3,SAFE,0
73,69,EVENT_ATRIUM,85,0.321,1.208,0.058,35.31,0.123,0.496,-0.454,7,8,5,SAFE,0
73,70,LIVE_PERFORMANCE_ZONE,90,0.412,1.124,0.145,57.5,0.223,0.603,-0.416,6,0,3,SAFE,0
73,71,LIVE_PERFORMANCE_ZONE,109,0.397,1.18,0.204,48.6,0.184,0.536,-0.335,7,8,5,SAFE,0
73,72,FESTIVAL_CORRIDOR,102,0.336,1.174,0.221,32.14,0.205,0.551,-1.17,2,3,2,SAFE,0
73,73,MALL_CONCERT_STAGE,104,0.398,1.18,0.278,48.18,0.184,0.586,-0.578,4,2,9,SAFE,0
73,74,MALL_CONCERT_STAGE,102,0.427,1.029,0.305,53.45,0.225,0.53,-1.182,3,3,11,SAFE,0
73,75,MALL_CONCERT_STAGE,94,0.383,1.146,0.159,49.3,0.233,0.594,-0.797,3,10,4,SAFE,0
73,76,EVENT_ATRIUM,104,0.367,1.213,0.197,48.63,0.191,0.557,-0.721,6,5,4,SAFE,0
73,77,MALL_CONCERT_STAGE,84,0.372,1.112,0.243,39.96,0.147,0.532,-1.059,1,4,4,SAFE,0
73,78,EVENT_ATRIUM,98,0.389,1.103,0.168,59.71,0.128,0.587,-0.836,3,5,7,SAFE,0
73,79,EVENT_ATRIUM,106,0.388,1.187,0.279,53.08,0.147,0.536,-0.672,4,3,4,SAFE,0
73,80,LIVE_PERFORMANCE_ZONE,108,0.424,1.065,0.281,54.92,0.212,0.561,-0.717,9,8,5,SAFE,0
73,81,MALL_CONCERT_STAGE,88,0.341,1.213,0.11,46.94,0.186,0.594,-0.277,4,1,5,SAFE,0
73,82,EVENT_ATRIUM,86,0.339,1.349,0.145,50.93,0.187,0.452,-0.56,5,4,3,SAFE,0
73,83,MALL_CONCERT_STAGE,93,0.366,1.233,0.129,53.98,0.205,0.552,-1.261,5,5,4,SAFE,0
73,84,EVENT_ATRIUM,76,0.308,1.292,0.186,37.84,0.141,0.512,-0.604,4,0,2,SAFE,0
73,85,FESTIVAL_CORRIDOR,94,0.362,1.176,0.207,63.46,0.175,0.59,-0.412,4,2,4,SAFE,0
73,86,EVENT_ATRIUM,119,0.438,1.227,0.173,51.74,0.194,0.617,-0.402,4,4,9,SAFE,0
73,87,LIVE_PERFORMANCE_ZONE,87,0.265,1.266,0.151,40.34,0.254,0.49,-0.625,5,4,5,SAFE,0
73,88,LIVE_PERFORMANCE_ZONE,102,0.378,1.086,0.207,54.12,0.151,0.677,-0.212,2,6,8,SAFE,0
73,89,LIVE_PERFORMANCE_ZONE,88,0.371,1.256,0.171,51.75,0.172,0.53,-0.084,6,1,8,SAFE,0
74,0,EVENT_ATRIUM,191,0.781,0.701,0.432,77.92,0.375,0.79,-0.727,5,14,10,WARNING,1
74,1,MALL_CONCERT_STAGE,197,0.747,0.779,0.489,78.81,0.336,0.748,-0.674,11,8,9,WARNING,1
74,2,FESTIVAL_CORRIDOR,213,0.848,0.728,0.346,84.35,0.332,0.75,-0.361,11,18,8,WARNING,1
74,3,EVENT_ATRIUM,205,0.772,0.706,0.381,71.66,0.418,0.775,-0.3,6,10,5,WARNING,1
74,4,FESTIVAL_CORRIDOR,179,0.666,0.835,0.373,72.91,0.35,0.761,-0.927,5,12,10,WARNING,1
74,5,MALL_CONCERT_STAGE,201,0.775,0.704,0.368,80.56,0.343,0.821,-0.492,9,11,9,WARNING,1
74,6,LIVE_PERFORMANCE_ZONE,207,0.793,0.652,0.431,79.78,0.355,0.699,-0.943,6,13,11,WARNING,1
74,7,EVENT_ATRIUM,213,0.838,0.654,0.388,84.47,0.361,0.78,-0.892,8,4,8,WARNING,1
74,8,EVENT_ATRIUM,211,0.751,0.809,0.383,69.97,0.415,0.647,-0.95,4,9,8,WARNING,1
74,9,MALL_CONCERT_STAGE,223,0.9,0.542,0.512,88.23,0.409,0.858,-0.757,6,6,11,WARNING,1
74,10,MALL_CONCERT_STAGE,207,0.795,0.61,0.39,83.12,0.394,0.716,-0.553,5,13,12,WARNING,1
74,11,MALL_CONCERT_STAGE,198,0.768,0.755,0.387,72.85,0.36,0.761,-0.512,2,12,13,WARNING,1
74,12,FESTIVAL_CORRIDOR,208,0.766,0.733,0.441,82.23,0.427,0.747,-0.783,3,9,6,WARNING,1
74,13,EVENT_ATRIUM,222,0.835,0.702,0.403,86.61,0.405,0.856,-1.398,11,10,12,WARNING,1
74,14,EVENT_ATRIUM,216,0.81,0.655,0.4,75.04,0.407,0.764,-0.992,6,5,8,WARNING,1
74,15,LIVE_PERFORMANCE_ZONE,247,0.955,0.563,0.443,92.52,0.457,0.891,-1.202,3,15,13,HIGH,2
74,16,LIVE_PERFORMANCE_ZONE,244,0.895,0.635,0.503,90.06,0.502,0.884,-0.705,4,13,5,HIGH,2
74,17,FESTIVAL_CORRIDOR,226,0.868,0.713,0.528,93.07,0.449,0.834,-0.461,3,10,11,WARNING,1
74,18,EVENT_ATRIUM,241,0.943,0.52,0.605,99.57,0.442,0.777,-0.927,7,13,13,HIGH,2
74,19,FESTIVAL_CORRIDOR,255,0.967,0.542,0.557,97.82,0.389,0.929,-0.745,5,5,4,HIGH,2
74,20,FESTIVAL_CORRIDOR,257,1,0.495,0.593,115.71,0.547,0.911,-0.892,6,16,13,HIGH,2
74,21,EVENT_ATRIUM,231,0.856,0.721,0.544,77.98,0.382,0.881,-1.153,5,17,13,WARNING,1
74,22,EVENT_ATRIUM,242,0.933,0.501,0.517,96.03,0.454,0.873,-0.734,6,12,13,HIGH,2
74,23,MALL_CONCERT_STAGE,249,0.957,0.516,0.539,95.66,0.435,0.91,-0.445,7,15,9,HIGH,2
74,24,EVENT_ATRIUM,222,0.923,0.521,0.468,100.08,0.534,0.861,-0.88,4,5,13,HIGH,2
74,25,LIVE_PERFORMANCE_ZONE,214,0.82,0.835,0.503,83.95,0.349,0.831,-0.212,11,7,3,WARNING,1
74,26,LIVE_PERFORMANCE_ZONE,222,0.841,0.802,0.53,84.54,0.494,0.852,-1.203,4,5,13,WARNING,1
74,27,FESTIVAL_CORRIDOR,211,0.769,0.681,0.403,79.29,0.312,0.811,-0.935,6,11,7,WARNING,1
74,28,EVENT_ATRIUM,236,0.902,0.717,0.523,84.81,0.418,0.875,-1.192,13,16,12,WARNING,1
74,29,FESTIVAL_CORRIDOR,237,0.881,0.535,0.553,77.09,0.392,0.749,-1.089,4,7,8,WARNING,1
74,30,FESTIVAL_CORRIDOR,264,1,0.429,0.584,108.4,0.523,0.935,-1.261,10,15,8,HIGH,2
74,31,FESTIVAL_CORRIDOR,221,0.817,0.741,0.509,76.12,0.365,0.861,-0.568,6,12,9,WARNING,1
74,32,MALL_CONCERT_STAGE,219,0.806,0.747,0.377,89.04,0.326,0.757,-0.847,8,16,10,WARNING,1
74,33,LIVE_PERFORMANCE_ZONE,254,1,0.591,0.553,110.7,0.552,0.853,-0.686,8,15,18,HIGH,2
74,34,MALL_CONCERT_STAGE,239,0.882,0.659,0.47,78.83,0.376,0.809,-0.42,11,14,11,WARNING,1
74,35,LIVE_PERFORMANCE_ZONE,233,0.867,0.493,0.45,83.62,0.454,0.857,-0.509,5,10,4,WARNING,1
74,36,MALL_CONCERT_STAGE,222,0.849,0.626,0.442,77.7,0.437,0.914,-0.817,5,14,9,WARNING,1
74,37,MALL_CONCERT_STAGE,221,0.824,0.673,0.545,81.7,0.393,0.811,-0.797,5,12,6,WARNING,1
74,38,EVENT_ATRIUM,236,0.9,0.568,0.489,91.32,0.478,0.872,-1.03,3,11,13,WARNING,1
74,39,FESTIVAL_CORRIDOR,207,0.77,0.74,0.373,81.21,0.328,0.726,-0.99,9,10,6,WARNING,1
74,40,FESTIVAL_CORRIDOR,196,0.757,0.791,0.452,77.91,0.442,0.799,-0.798,9,8,8,WARNING,1
74,41,MALL_CONCERT_STAGE,219,0.862,0.522,0.486,89.02,0.427,0.806,-1.218,8,14,7,WARNING,1
74,42,LIVE_PERFORMANCE_ZONE,214,0.844,0.638,0.44,92.52,0.343,0.849,-0.946,5,12,7,WARNING,1
74,43,FESTIVAL_CORRIDOR,213,0.861,0.645,0.454,91.82,0.389,0.72,-1.217,7,10,4,WARNING,1
74,44,MALL_CONCERT_STAGE,206,0.833,0.703,0.414,90.23,0.482,0.866,-0.531,6,11,7,WARNING,1
74,45,FESTIVAL_CORRIDOR,185,0.728,0.781,0.462,79.33,0.335,0.773,-1.259,7,6,11,WARNING,1
74,46,EVENT_ATRIUM,201,0.757,0.743,0.439,96.01,0.332,0.797,-1.211,4,9,12,WARNING,1
74,47,FESTIVAL_CORRIDOR,207,0.767,0.651,0.314,88.47,0.399,0.877,-0.645,5,8,12,WARNING,1
74,48,FESTIVAL_CORRIDOR,199,0.796,0.809,0.447,81.01,0.328,0.805,-0.716,3,15,10,WARNING,1
74,49,FESTIVAL_CORRIDOR,176,0.762,0.697,0.457,70.35,0.41,0.76,-0.791,8,12,5,WARNING,1
74,50,FESTIVAL_CORRIDOR,176,0.683,0.768,0.399,75.83,0.309,0.666,-0.07,6,8,5,WARNING,1
74,51,MALL_CONCERT_STAGE,191,0.706,0.747,0.45,64.05,0.342,0.688,-0.636,2,8,14,WARNING,1
74,52,MALL_CONCERT_STAGE,180,0.693,0.753,0.369,69.64,0.331,0.687,-0.429,7,12,5,WARNING,1
74,53,MALL_CONCERT_STAGE,189,0.708,0.899,0.45,73.2,0.3,0.7,-0.443,2,9,7,WARNING,1
74,54,FESTIVAL_CORRIDOR,176,0.631,0.87,0.345,57.73,0.246,0.711,-1.017,4,9,11,SAFE,0
74,55,LIVE_PERFORMANCE_ZONE,181,0.722,0.761,0.47,72.96,0.273,0.712,-0.72,7,9,3,WARNING,1
74,56,EVENT_ATRIUM,190,0.775,0.797,0.378,84.89,0.344,0.767,-0.387,9,8,7,WARNING,1
74,57,FESTIVAL_CORRIDOR,185,0.705,0.903,0.426,74.09,0.365,0.843,-0.956,7,13,14,WARNING,1
74,58,MALL_CONCERT_STAGE,190,0.712,0.776,0.35,76.05,0.376,0.764,-0.612,8,8,4,WARNING,1
74,59,FESTIVAL_CORRIDOR,184,0.689,0.845,0.405,64.75,0.317,0.778,-0.775,7,8,12,WARNING,1
74,60,FESTIVAL_CORRIDOR,186,0.709,0.897,0.395,73.56,0.368,0.691,-0.589,6,12,10,WARNING,1
74,61,LIVE_PERFORMANCE_ZONE,183,0.703,0.844,0.374,69.07,0.334,0.643,-0.745,8,12,8,WARNING,1
74,62,LIVE_PERFORMANCE_ZONE,176,0.654,0.773,0.356,84.2,0.332,0.692,-0.762,6,7,7,WARNING,1
74,63,LIVE_PERFORMANCE_ZONE,175,0.651,0.778,0.266,69.99,0.27,0.764,-0.972,13,11,9,WARNING,1
74,64,MALL_CONCERT_STAGE,171,0.629,0.933,0.365,67.43,0.308,0.778,-0.013,6,2,10,WARNING,1
74,65,MALL_CONCERT_STAGE,187,0.691,0.717,0.416,82.32,0.26,0.647,-1.434,5,5,6,WARNING,1
74,66,FESTIVAL_CORRIDOR,179,0.68,0.805,0.414,78.37,0.362,0.661,-0.283,5,10,6,WARNING,1
74,67,LIVE_PERFORMANCE_ZONE,175,0.635,0.733,0.348,76.39,0.253,0.636,-1.03,4,8,12,WARNING,1
74,68,EVENT_ATRIUM,204,0.724,0.805,0.386,75.67,0.351,0.755,-0.468,11,11,9,WARNING,1
74,69,FESTIVAL_CORRIDOR,176,0.665,1.034,0.294,82.42,0.299,0.789,-0.931,8,6,8,WARNING,1
74,70,MALL_CONCERT_STAGE,193,0.788,0.427,0.408,82.26,0.378,0.784,-0.913,3,8,12,WARNING,1
74,71,LIVE_PERFORMANCE_ZONE,186,0.704,0.758,0.351,66.29,0.308,0.668,-1.017,8,11,11,WARNING,1
74,72,MALL_CONCERT_STAGE,180,0.694,0.818,0.354,79.34,0.333,0.729,-0.87,7,11,7,WARNING,1
74,73,EVENT_ATRIUM,180,0.7,0.727,0.338,75.04,0.342,0.725,-0.331,5,11,11,WARNING,1
74,74,MALL_CONCERT_STAGE,180,0.642,0.976,0.316,66.89,0.329,0.772,-0.904,3,8,10,WARNING,1
74,75,FESTIVAL_CORRIDOR,199,0.798,0.798,0.518,78.01,0.44,0.803,-0.913,6,8,5,WARNING,1
74,76,EVENT_ATRIUM,166,0.695,0.734,0.425,67.14,0.372,0.753,-1.148,9,11,3,WARNING,1
74,77,EVENT_ATRIUM,207,0.79,0.747,0.437,87.18,0.348,0.782,-1.113,8,10,8,WARNING,1
74,78,LIVE_PERFORMANCE_ZONE,170,0.645,0.81,0.432,83.65,0.367,0.7,-0.353,5,9,9,WARNING,1
74,79,LIVE_PERFORMANCE_ZONE,173,0.649,0.918,0.41,64.78,0.293,0.743,-0.99,8,5,9,WARNING,1
74,80,FESTIVAL_CORRIDOR,178,0.725,0.869,0.421,73.44,0.41,0.728,-0.483,5,10,5,WARNING,1
74,81,MALL_CONCERT_STAGE,167,0.597,0.928,0.401,58.83,0.241,0.673,-0.817,4,8,5,SAFE,0
74,82,LIVE_PERFORMANCE_ZONE,182,0.742,0.723,0.4,76.65,0.297,0.706,-1.206,5,6,5,WARNING,1
74,83,LIVE_PERFORMANCE_ZONE,185,0.701,0.728,0.339,65.68,0.315,0.79,-0.735,5,4,6,WARNING,1
74,84,FESTIVAL_CORRIDOR,200,0.783,0.699,0.443,71.21,0.386,0.716,-0.69,5,6,9,WARNING,1
74,85,LIVE_PERFORMANCE_ZONE,192,0.702,0.784,0.393,84.91,0.381,0.699,-0.791,6,5,12,WARNING,1
74,86,LIVE_PERFORMANCE_ZONE,197,0.787,0.692,0.422,86.49,0.38,0.78,-1.261,8,8,12,WARNING,1
74,87,LIVE_PERFORMANCE_ZONE,180,0.682,0.797,0.366,73.97,0.284,0.671,-0.595,2,9,11,WARNING,1
74,88,LIVE_PERFORMANCE_ZONE,194,0.704,0.824,0.422,60.65,0.31,0.794,-0.978,1,10,10,WARNING,1
74,89,MALL_CONCERT_STAGE,172,0.634,0.905,0.342,74.07,0.283,0.704,-1.006,5,7,9,WARNING,1
75,0,LIVE_PERFORMANCE_ZONE,84,0.298,1.303,0.177,42.76,0.147,0.56,-0.999,4,6,4,SAFE,0
75,1,FESTIVAL_CORRIDOR,96,0.353,1.224,0.272,45.92,0.215,0.578,-0.757,4,3,8,SAFE,0
75,2,FESTIVAL_CORRIDOR,85,0.35,1.249,0.186,44.94,0.16,0.632,-0.464,5,6,7,SAFE,0
75,3,FESTIVAL_CORRIDOR,84,0.326,1.188,0.163,33.01,0.129,0.559,-0.547,5,4,3,SAFE,0
75,4,FESTIVAL_CORRIDOR,71,0.28,1.312,0.088,39.88,0.133,0.544,-0.306,2,5,3,SAFE,0
75,5,FESTIVAL_CORRIDOR,80,0.301,1.277,0.189,41.98,0.194,0.535,-0.445,6,1,4,SAFE,0
75,6,MALL_CONCERT_STAGE,91,0.365,1.17,0.198,39.47,0.224,0.53,-0.53,4,5,5,SAFE,0
75,7,LIVE_PERFORMANCE_ZONE,83,0.335,1.19,0.229,46.13,0.202,0.456,-0.585,2,2,2,SAFE,0
75,8,EVENT_ATRIUM,89,0.363,1.315,0.107,44.01,0.133,0.473,-0.685,4,1,5,SAFE,0
75,9,FESTIVAL_CORRIDOR,57,0.26,1.306,0.233,44.77,0.065,0.41,-0.039,3,2,2,SAFE,0
75,10,FESTIVAL_CORRIDOR,74,0.25,1.328,0.143,39.17,0.112,0.445,-0.432,2,6,7,SAFE,0
75,11,MALL_CONCERT_STAGE,89,0.287,1.352,0.257,55.27,0.216,0.416,-0.647,9,3,3,SAFE,0
75,12,LIVE_PERFORMANCE_ZONE,90,0.418,1.089,0.323,53.3,0.206,0.612,-0.906,7,2,2,SAFE,0
75,13,MALL_CONCERT_STAGE,81,0.295,1.356,0.197,46.84,0.157,0.535,-0.838,4,5,2,SAFE,0
75,14,LIVE_PERFORMANCE_ZONE,78,0.313,1.276,0.19,44.15,0.183,0.551,-0.134,4,4,2,SAFE,0
75,15,LIVE_PERFORMANCE_ZONE,65,0.265,1.26,0.159,34.81,0.164,0.501,-0.257,7,2,3,SAFE,0
75,16,MALL_CONCERT_STAGE,89,0.338,1.36,0.147,46.69,0.227,0.546,-0.416,5,2,2,SAFE,0
75,17,LIVE_PERFORMANCE_ZONE,83,0.301,1.174,0.184,44.26,0.175,0.506,-0.776,10,5,7,SAFE,0
75,18,MALL_CONCERT_STAGE,70,0.268,1.404,0.145,41.78,0.103,0.505,-0.44,8,4,4,SAFE,0
75,19,MALL_CONCERT_STAGE,76,0.297,1.183,0.199,47.85,0.178,0.467,-0.489,5,3,3,SAFE,0
75,20,FESTIVAL_CORRIDOR,106,0.383,1.198,0.197,42.62,0.208,0.579,-0.71,5,3,3,SAFE,0
75,21,FESTIVAL_CORRIDOR,103,0.418,1.206,0.235,57.34,0.19,0.633,-0.426,6,1,4,SAFE,0
75,22,EVENT_ATRIUM,96,0.394,1.197,0.187,47.74,0.238,0.541,-0.191,2,5,4,SAFE,0
75,23,LIVE_PERFORMANCE_ZONE,83,0.289,1.319,0.189,45.88,0.124,0.55,-0.455,3,5,1,SAFE,0
75,24,EVENT_ATRIUM,73,0.278,1.228,0.128,40.81,0.13,0.46,-0.169,3,2,2,SAFE,0
75,25,MALL_CONCERT_STAGE,106,0.402,1.27,0.217,60.22,0.155,0.452,-0.589,3,6,2,SAFE,0
75,26,LIVE_PERFORMANCE_ZONE,75,0.296,1.322,0.219,48.19,0.139,0.495,-0.481,5,1,5,SAFE,0
75,27,EVENT_ATRIUM,93,0.299,1.148,0.134,49.39,0.149,0.521,-0.602,3,2,5,SAFE,0
75,28,FESTIVAL_CORRIDOR,97,0.325,1.155,0.257,35.25,0.091,0.462,-0.408,5,4,5,SAFE,0
75,29,MALL_CONCERT_STAGE,61,0.312,1.336,0.247,44.32,0.137,0.521,-0.706,3,5,1,SAFE,0
75,30,LIVE_PERFORMANCE_ZONE,77,0.287,1.37,0.117,50.56,0.108,0.525,-0.867,3,3,1,SAFE,0
75,31,FESTIVAL_CORRIDOR,71,0.235,1.3,0.101,41.92,0.036,0.52,-0.699,4,6,3,SAFE,0
75,32,FESTIVAL_CORRIDOR,75,0.265,1.412,0.185,38.22,0.04,0.522,-0.511,5,3,5,SAFE,0
75,33,MALL_CONCERT_STAGE,79,0.293,1.284,0.212,44.56,0.159,0.494,0.135,7,10,6,SAFE,0
75,34,MALL_CONCERT_STAGE,69,0.283,1.206,0.165,44.51,0.105,0.52,-0.262,4,2,0,SAFE,0
75,35,EVENT_ATRIUM,84,0.323,1.283,0.27,48.56,0.103,0.518,-0.557,4,4,2,SAFE,0
75,36,FESTIVAL_CORRIDOR,110,0.441,1.137,0.242,61.13,0.206,0.503,-0.944,3,4,8,SAFE,0
75,37,FESTIVAL_CORRIDOR,98,0.372,1.088,0.17,44.05,0.157,0.577,-0.366,6,7,5,SAFE,0
75,38,MALL_CONCERT_STAGE,92,0.342,1.157,0.228,48.69,0.139,0.468,-0.374,4,3,6,SAFE,0
75,39,EVENT_ATRIUM,74,0.31,1.176,0.127,32.73,0.124,0.467,-0.475,2,1,3,SAFE,0
75,40,LIVE_PERFORMANCE_ZONE,90,0.306,1.165,0.155,43.34,0.199,0.554,-0.277,4,8,3,SAFE,0
75,41,EVENT_ATRIUM,91,0.358,1.364,0.234,43.12,0.131,0.583,-0.665,4,6,3,SAFE,0
75,42,MALL_CONCERT_STAGE,92,0.33,1.12,0.223,58.44,0.089,0.504,-0.815,4,8,1,SAFE,0
75,43,FESTIVAL_CORRIDOR,74,0.261,1.388,0.016,32.21,0.118,0.504,-0.631,5,2,5,SAFE,0
75,44,LIVE_PERFORMANCE_ZONE,83,0.333,1.228,0.268,40.9,0.108,0.607,-0.698,5,5,4,SAFE,0
75,45,FESTIVAL_CORRIDOR,91,0.363,1.173,0.158,52.41,0.196,0.584,-0.981,2,7,2,SAFE,0
75,46,FESTIVAL_CORRIDOR,104,0.427,1.214,0.214,52.34,0.187,0.633,-0.282,6,6,2,SAFE,0
75,47,FESTIVAL_CORRIDOR,104,0.428,1.138,0.317,46.1,0.227,0.551,-0.049,3,7,5,SAFE,0
75,48,LIVE_PERFORMANCE_ZONE,99,0.391,1.047,0.305,55.63,0.179,0.532,-0.526,3,2,10,SAFE,0
75,49,LIVE_PERFORMANCE_ZONE,113,0.446,1.261,0.258,52.07,0.285,0.66,-0.624,4,4,4,SAFE,0
75,50,MALL_CONCERT_STAGE,99,0.369,1.111,0.155,46.75,0.186,0.377,-0.878,5,4,9,SAFE,0
75,51,EVENT_ATRIUM,101,0.385,1.13,0.237,49.35,0.234,0.613,0.24,6,7,6,SAFE,0
75,52,FESTIVAL_CORRIDOR,97,0.337,1.162,0.24,43,0.141,0.486,-0.772,7,3,5,SAFE,0
75,53,FESTIVAL_CORRIDOR,132,0.515,1.034,0.23,55.69,0.239,0.56,-0.3,3,12,2,SAFE,0
75,54,MALL_CONCERT_STAGE,106,0.37,1.15,0.178,46.19,0.228,0.573,-0.672,2,8,6,SAFE,0
75,55,EVENT_ATRIUM,141,0.537,1.036,0.304,46.95,0.285,0.58,-1.486,5,8,4,SAFE,0
75,56,MALL_CONCERT_STAGE,128,0.504,1.023,0.276,57.45,0.22,0.623,-0.358,3,7,8,SAFE,0
75,57,MALL_CONCERT_STAGE,126,0.525,0.996,0.317,56.79,0.266,0.667,-0.726,8,2,5,SAFE,0
75,58,MALL_CONCERT_STAGE,122,0.486,0.995,0.278,47.69,0.255,0.582,-0.16,10,8,2,SAFE,0
75,59,MALL_CONCERT_STAGE,121,0.454,1.23,0.308,57.6,0.281,0.651,-0.583,4,1,5,SAFE,0
75,60,LIVE_PERFORMANCE_ZONE,137,0.549,0.929,0.314,52.72,0.251,0.552,-0.719,8,7,5,SAFE,0
75,61,EVENT_ATRIUM,145,0.553,0.935,0.312,62.23,0.278,0.711,-0.727,6,12,6,SAFE,0
75,62,EVENT_ATRIUM,158,0.622,0.888,0.316,67.34,0.33,0.75,0.314,8,6,6,WARNING,1
75,63,MALL_CONCERT_STAGE,159,0.582,0.963,0.261,67.08,0.25,0.661,-0.895,7,3,2,SAFE,0
75,64,EVENT_ATRIUM,143,0.513,1.114,0.251,57.89,0.197,0.592,-0.229,10,13,6,SAFE,0
75,65,MALL_CONCERT_STAGE,154,0.627,1.011,0.371,67.97,0.31,0.74,-1.326,5,13,8,WARNING,1
75,66,MALL_CONCERT_STAGE,158,0.586,0.842,0.357,71.15,0.317,0.673,-0.821,4,11,5,WARNING,1
75,67,LIVE_PERFORMANCE_ZONE,150,0.577,0.992,0.351,57.37,0.281,0.636,-0.733,4,4,6,SAFE,0
75,68,EVENT_ATRIUM,133,0.502,0.906,0.282,61.65,0.228,0.511,-0.101,4,5,6,SAFE,0
75,69,MALL_CONCERT_STAGE,127,0.504,1.045,0.273,57.8,0.271,0.65,-0.558,8,11,10,SAFE,0
75,70,FESTIVAL_CORRIDOR,142,0.541,0.985,0.223,56.89,0.257,0.625,-0.912,2,4,9,SAFE,0
75,71,FESTIVAL_CORRIDOR,139,0.556,0.901,0.2,63.96,0.253,0.557,-1.157,9,10,6,SAFE,0
75,72,LIVE_PERFORMANCE_ZONE,131,0.488,1.051,0.279,52.3,0.199,0.624,-0.196,7,10,3,SAFE,0
75,73,EVENT_ATRIUM,130,0.522,1.034,0.177,60.21,0.254,0.582,-1.183,5,4,7,SAFE,0
75,74,MALL_CONCERT_STAGE,119,0.433,1.157,0.245,46.88,0.271,0.627,-0.894,12,6,11,SAFE,0
75,75,LIVE_PERFORMANCE_ZONE,113,0.416,1.357,0.299,49.58,0.312,0.553,-0.172,6,5,3,SAFE,0
75,76,MALL_CONCERT_STAGE,105,0.433,1.176,0.257,59.4,0.255,0.56,-0.417,7,4,1,SAFE,0
75,77,LIVE_PERFORMANCE_ZONE,110,0.416,1.261,0.243,54.04,0.209,0.639,-0.514,2,4,2,SAFE,0
75,78,FESTIVAL_CORRIDOR,140,0.532,0.966,0.288,63,0.193,0.595,-0.74,7,5,5,SAFE,0
75,79,FESTIVAL_CORRIDOR,119,0.452,1.024,0.217,50.43,0.251,0.611,0.189,5,2,4,SAFE,0
75,80,EVENT_ATRIUM,114,0.382,1.22,0.281,57.46,0.173,0.428,-0.823,3,9,4,SAFE,0
75,81,LIVE_PERFORMANCE_ZONE,110,0.424,1.153,0.203,62.83,0.244,0.554,-0.631,4,6,4,SAFE,0
75,82,MALL_CONCERT_STAGE,92,0.366,1.186,0.217,52.49,0.199,0.515,-0.497,6,7,3,SAFE,0
75,83,LIVE_PERFORMANCE_ZONE,91,0.367,1.22,0.221,60.16,0.23,0.519,-0.579,2,7,4,SAFE,0
75,84,FESTIVAL_CORRIDOR,106,0.444,1.221,0.17,43.29,0.253,0.625,-0.626,5,5,4,SAFE,0
75,85,LIVE_PERFORMANCE_ZONE,86,0.307,1.334,0.119,28.16,0.106,0.545,-0.291,4,3,5,SAFE,0
75,86,LIVE_PERFORMANCE_ZONE,92,0.292,1.287,0.171,44.29,0.142,0.582,-1.065,2,2,6,SAFE,0
75,87,FESTIVAL_CORRIDOR,86,0.295,1.346,0.094,34.75,0.147,0.496,-0.155,10,3,5,SAFE,0
75,88,FESTIVAL_CORRIDOR,70,0.217,1.179,0.104,34.97,0.151,0.404,-1.098,3,1,2,SAFE,0
75,89,FESTIVAL_CORRIDOR,93,0.31,1.244,0.049,48.74,0.168,0.609,-0.657,3,4,1,SAFE,0
76,0,FESTIVAL_CORRIDOR,87,0.335,1.229,0.108,61.15,0.156,0.46,-0.453,6,1,3,SAFE,0
76,1,FESTIVAL_CORRIDOR,116,0.442,0.923,0.33,56.73,0.225,0.609,-0.742,1,2,7,SAFE,0
76,2,EVENT_ATRIUM,99,0.36,1.143,0.218,50.53,0.268,0.48,-0.883,6,4,5,SAFE,0
76,3,MALL_CONCERT_STAGE,89,0.305,1.447,0.157,44.52,0.154,0.457,-0.123,1,6,5,SAFE,0
76,4,EVENT_ATRIUM,84,0.33,1.194,0.105,33.07,0.147,0.571,-0.605,7,4,3,SAFE,0
76,5,LIVE_PERFORMANCE_ZONE,77,0.281,1.171,0.144,45.96,0.196,0.474,-0.579,3,4,7,SAFE,0
76,6,LIVE_PERFORMANCE_ZONE,85,0.317,1.264,0.239,37.69,0.195,0.507,-0.015,4,2,5,SAFE,0
76,7,LIVE_PERFORMANCE_ZONE,100,0.35,1.311,0.208,54.94,0.215,0.556,-0.656,5,5,5,SAFE,0
76,8,MALL_CONCERT_STAGE,77,0.291,1.293,0.163,41.4,0.012,0.504,-0.719,5,5,2,SAFE,0
76,9,LIVE_PERFORMANCE_ZONE,72,0.309,1.161,0.048,46.07,0.186,0.453,0.076,3,7,3,SAFE,0
76,10,LIVE_PERFORMANCE_ZONE,84,0.378,1.11,0.289,50.94,0.202,0.615,-0.253,5,4,7,SAFE,0
76,11,EVENT_ATRIUM,90,0.326,1.255,0.184,51.13,0.241,0.501,-1.307,6,1,1,SAFE,0
76,12,EVENT_ATRIUM,98,0.331,1.206,0.192,39.64,0.137,0.513,-0.221,1,5,2,SAFE,0
76,13,FESTIVAL_CORRIDOR,93,0.36,1.29,0.173,38.9,0.18,0.529,-0.5,4,4,1,SAFE,0
76,14,LIVE_PERFORMANCE_ZONE,97,0.367,1.19,0.303,46.92,0.148,0.554,-0.285,3,5,4,SAFE,0
76,15,FESTIVAL_CORRIDOR,70,0.253,1.275,0.165,31.61,0.196,0.501,-0.32,4,2,9,SAFE,0
76,16,EVENT_ATRIUM,80,0.336,1.293,0.191,38.79,0.226,0.489,-0.166,4,3,5,SAFE,0
76,17,FESTIVAL_CORRIDOR,92,0.32,1.202,0.056,36.09,0.209,0.484,-0.382,1,5,2,SAFE,0
76,18,MALL_CONCERT_STAGE,94,0.41,1.243,0.234,57.39,0.199,0.533,-0.756,5,6,9,SAFE,0
76,19,EVENT_ATRIUM,76,0.313,1.259,0.169,33.15,0.126,0.498,0.021,5,2,3,SAFE,0
76,20,EVENT_ATRIUM,108,0.446,1.137,0.238,59.93,0.263,0.645,-0.756,7,5,9,SAFE,0
76,21,FESTIVAL_CORRIDOR,78,0.265,1.19,0.137,36.2,0.112,0.529,-0.512,2,3,3,SAFE,0
76,22,FESTIVAL_CORRIDOR,63,0.228,1.169,0.135,47.61,0.204,0.451,0.024,2,3,3,SAFE,0
76,23,MALL_CONCERT_STAGE,66,0.224,1.287,0.12,45.83,0.1,0.438,0.416,2,6,1,SAFE,0
76,24,FESTIVAL_CORRIDOR,110,0.389,1.243,0.209,58.3,0.102,0.517,-0.619,7,4,7,SAFE,0
76,25,LIVE_PERFORMANCE_ZONE,91,0.394,1.16,0.184,39.32,0.22,0.566,-0.893,2,3,7,SAFE,0
76,26,FESTIVAL_CORRIDOR,88,0.351,1.149,0.223,46.4,0.2,0.59,-0.077,2,2,5,SAFE,0
76,27,FESTIVAL_CORRIDOR,71,0.252,1.462,0.044,36.77,0.081,0.442,-0.179,7,5,5,SAFE,0
76,28,EVENT_ATRIUM,87,0.36,1.264,0.258,54.06,0.161,0.556,-0.207,1,5,2,SAFE,0
76,29,EVENT_ATRIUM,109,0.41,1.137,0.189,53.37,0.164,0.593,-0.374,3,4,9,SAFE,0
76,30,EVENT_ATRIUM,97,0.357,1.2,0.151,43.75,0.225,0.552,0.421,5,3,5,SAFE,0
76,31,MALL_CONCERT_STAGE,107,0.372,1.2,0.265,46.13,0.176,0.535,-0.629,4,4,7,SAFE,0
76,32,MALL_CONCERT_STAGE,97,0.407,1.159,0.241,42.84,0.197,0.61,-0.386,5,6,5,SAFE,0
76,33,MALL_CONCERT_STAGE,111,0.408,1.016,0.168,55.08,0.147,0.596,-0.676,7,7,5,SAFE,0
76,34,EVENT_ATRIUM,95,0.412,1.136,0.165,47.51,0.131,0.504,-0.92,6,5,6,SAFE,0
76,35,LIVE_PERFORMANCE_ZONE,107,0.392,1.179,0.143,42.71,0.188,0.584,-0.474,6,8,8,SAFE,0
76,36,LIVE_PERFORMANCE_ZONE,115,0.375,1.165,0.273,56.17,0.188,0.606,-0.022,5,6,5,SAFE,0
76,37,FESTIVAL_CORRIDOR,94,0.319,1.346,0.133,42.18,0.14,0.512,-0.186,6,8,4,SAFE,0
76,38,MALL_CONCERT_STAGE,113,0.431,1.092,0.249,52.09,0.193,0.628,-0.226,10,5,7,SAFE,0
76,39,LIVE_PERFORMANCE_ZONE,120,0.447,1.052,0.325,56.65,0.242,0.64,-0.335,2,9,5,SAFE,0
76,40,MALL_CONCERT_STAGE,103,0.427,1.133,0.128,52.03,0.271,0.517,-0.549,1,8,3,SAFE,0
76,41,MALL_CONCERT_STAGE,104,0.447,1.114,0.268,59.38,0.225,0.5,-1.138,2,10,3,SAFE,0
76,42,EVENT_ATRIUM,118,0.491,1.052,0.236,61.63,0.207,0.718,-0.417,4,6,10,SAFE,0
76,43,FESTIVAL_CORRIDOR,120,0.451,0.9,0.311,52.55,0.275,0.649,-0.655,7,9,5,SAFE,0
76,44,FESTIVAL_CORRIDOR,125,0.449,0.969,0.283,59.21,0.263,0.644,-0.743,4,4,3,SAFE,0
76,45,EVENT_ATRIUM,134,0.5,0.877,0.207,48.68,0.22,0.698,-0.538,6,11,7,SAFE,0
76,46,FESTIVAL_CORRIDOR,119,0.435,1.065,0.27,55.16,0.219,0.494,-0.381,5,5,4,SAFE,0
76,47,EVENT_ATRIUM,118,0.489,1.18,0.237,43.34,0.231,0.597,-0.711,2,5,5,SAFE,0
76,48,MALL_CONCERT_STAGE,140,0.558,1.069,0.273,60.9,0.28,0.673,-0.203,12,16,6,SAFE,0
76,49,FESTIVAL_CORRIDOR,152,0.538,0.959,0.256,61.9,0.184,0.571,0.018,6,8,8,SAFE,0
76,50,LIVE_PERFORMANCE_ZONE,130,0.479,1.201,0.32,67.9,0.223,0.637,-0.545,4,3,5,SAFE,0
76,51,FESTIVAL_CORRIDOR,149,0.547,0.994,0.433,66.19,0.23,0.665,-0.826,5,8,2,SAFE,0
76,52,MALL_CONCERT_STAGE,151,0.626,0.869,0.312,74.63,0.28,0.758,-0.877,7,7,7,WARNING,1
76,53,FESTIVAL_CORRIDOR,150,0.556,0.978,0.233,58.28,0.256,0.643,-0.551,6,7,7,SAFE,0
76,54,LIVE_PERFORMANCE_ZONE,167,0.699,0.752,0.444,78.23,0.398,0.693,-0.079,5,8,11,WARNING,1
76,55,EVENT_ATRIUM,164,0.676,0.962,0.397,91.06,0.313,0.697,-0.668,1,6,5,WARNING,1
76,56,EVENT_ATRIUM,159,0.579,0.898,0.333,78.11,0.233,0.731,-0.871,7,3,6,SAFE,0
76,57,LIVE_PERFORMANCE_ZONE,162,0.611,1.097,0.301,82.08,0.308,0.782,-0.107,3,11,7,WARNING,1
76,58,LIVE_PERFORMANCE_ZONE,128,0.48,1.046,0.266,55.99,0.298,0.713,-0.906,5,6,7,SAFE,0
76,59,LIVE_PERFORMANCE_ZONE,160,0.658,0.791,0.34,66.78,0.31,0.774,-0.252,9,9,10,WARNING,1
76,60,LIVE_PERFORMANCE_ZONE,157,0.589,0.889,0.304,66.94,0.263,0.746,-1.042,1,14,7,SAFE,0
76,61,MALL_CONCERT_STAGE,150,0.56,0.961,0.284,70.2,0.342,0.735,-0.654,5,5,7,SAFE,0
76,62,LIVE_PERFORMANCE_ZONE,143,0.53,1.164,0.352,66.26,0.328,0.703,-0.481,4,10,6,SAFE,0
76,63,MALL_CONCERT_STAGE,129,0.481,1.038,0.373,55.73,0.293,0.588,-0.776,7,2,9,SAFE,0
76,64,FESTIVAL_CORRIDOR,128,0.467,1.234,0.291,60,0.266,0.484,-1.331,3,9,5,SAFE,0
76,65,LIVE_PERFORMANCE_ZONE,143,0.521,1.031,0.335,48.77,0.256,0.587,-0.646,8,7,4,SAFE,0
76,66,LIVE_PERFORMANCE_ZONE,142,0.558,0.996,0.206,76.91,0.297,0.748,-1.216,5,10,5,SAFE,0
76,67,FESTIVAL_CORRIDOR,129,0.475,1.156,0.251,58.11,0.212,0.623,-0.295,5,2,5,SAFE,0
76,68,EVENT_ATRIUM,133,0.565,1.013,0.319,62.24,0.281,0.628,-1.149,5,6,6,SAFE,0
76,69,EVENT_ATRIUM,132,0.509,1.15,0.21,55.11,0.199,0.599,-0.726,5,4,6,SAFE,0
76,70,EVENT_ATRIUM,128,0.561,0.887,0.265,61.77,0.257,0.694,-0.792,8,9,6,SAFE,0
76,71,EVENT_ATRIUM,99,0.411,1.127,0.276,53,0.182,0.533,-1.105,4,9,5,SAFE,0
76,72,FESTIVAL_CORRIDOR,114,0.424,1.199,0.297,37.63,0.193,0.519,-0.59,6,11,4,SAFE,0
76,73,LIVE_PERFORMANCE_ZONE,117,0.457,1.143,0.197,47.49,0.187,0.614,-0.645,2,5,5,SAFE,0
76,74,MALL_CONCERT_STAGE,121,0.559,1.01,0.307,59.42,0.29,0.671,-0.447,5,8,3,SAFE,0
76,75,EVENT_ATRIUM,99,0.379,1.259,0.172,50.67,0.172,0.539,-0.707,5,4,5,SAFE,0
76,76,LIVE_PERFORMANCE_ZONE,94,0.367,1.345,0.223,43.3,0.164,0.515,-0.074,2,2,1,SAFE,0
76,77,FESTIVAL_CORRIDOR,121,0.422,1.05,0.221,51.92,0.254,0.563,-0.689,8,3,4,SAFE,0
76,78,EVENT_ATRIUM,121,0.445,1.033,0.22,54.78,0.259,0.659,-0.828,4,9,6,SAFE,0
76,79,EVENT_ATRIUM,116,0.438,1.05,0.198,45.37,0.179,0.652,-1.124,7,8,6,SAFE,0
76,80,FESTIVAL_CORRIDOR,73,0.305,1.287,0.163,44.14,0.159,0.578,-0.29,4,10,4,SAFE,0
76,81,MALL_CONCERT_STAGE,95,0.32,1.169,0.117,43.11,0.184,0.539,-0.99,6,2,3,SAFE,0
76,82,LIVE_PERFORMANCE_ZONE,99,0.347,1.188,0.125,41.72,0.15,0.459,-0.533,4,6,3,SAFE,0
76,83,MALL_CONCERT_STAGE,111,0.402,1.069,0.306,53.86,0.188,0.696,-0.463,3,4,8,SAFE,0
76,84,EVENT_ATRIUM,88,0.35,1.267,0.199,65.14,0.127,0.594,-1.147,1,3,2,SAFE,0
76,85,EVENT_ATRIUM,92,0.291,1.229,0.126,39.1,0.116,0.581,-0.156,6,8,3,SAFE,0
76,86,EVENT_ATRIUM,86,0.356,1.141,0.17,46.52,0.214,0.525,-0.697,4,4,4,SAFE,0
76,87,EVENT_ATRIUM,79,0.349,1.247,0.112,44.87,0.202,0.521,-0.257,7,4,2,SAFE,0
76,88,FESTIVAL_CORRIDOR,87,0.324,1.164,0.194,49.22,0.176,0.574,-0.349,5,2,7,SAFE,0
76,89,FESTIVAL_CORRIDOR,76,0.312,1.441,0.17,49.02,0.142,0.562,-0.376,1,8,4,SAFE,0
77,0,EVENT_ATRIUM,118,0.443,0.962,0.272,49.79,0.235,0.584,-0.699,2,3,6,SAFE,0
77,1,LIVE_PERFORMANCE_ZONE,144,0.54,1.066,0.262,57.9,0.289,0.526,-0.55,6,11,5,SAFE,0
77,2,FESTIVAL_CORRIDOR,127,0.505,1.017,0.26,56.68,0.206,0.676,-0.225,9,8,8,SAFE,0
77,3,LIVE_PERFORMANCE_ZONE,122,0.471,1.061,0.306,66.37,0.179,0.678,-0.97,3,4,6,SAFE,0
77,4,FESTIVAL_CORRIDOR,97,0.362,1.258,0.273,48.34,0.113,0.556,-0.144,3,6,6,SAFE,0
77,5,EVENT_ATRIUM,128,0.492,1.028,0.276,74.73,0.204,0.537,-0.18,7,4,3,SAFE,0
77,6,MALL_CONCERT_STAGE,118,0.448,1.085,0.258,51.31,0.238,0.565,-0.569,3,7,7,SAFE,0
77,7,EVENT_ATRIUM,103,0.41,1.102,0.17,58.75,0.2,0.608,-0.801,5,6,3,SAFE,0
77,8,LIVE_PERFORMANCE_ZONE,107,0.468,1.174,0.251,55.65,0.18,0.578,0.328,3,8,9,SAFE,0
77,9,MALL_CONCERT_STAGE,125,0.494,1.173,0.313,68.34,0.197,0.528,-0.261,3,4,6,SAFE,0
77,10,FESTIVAL_CORRIDOR,126,0.505,1.162,0.229,50.25,0.247,0.606,-0.908,6,9,3,SAFE,0
77,11,MALL_CONCERT_STAGE,113,0.363,1.221,0.186,42.39,0.142,0.564,-0.306,3,2,7,SAFE,0
77,12,EVENT_ATRIUM,98,0.359,1.319,0.125,42.41,0.192,0.531,-0.424,7,5,3,SAFE,0
77,13,LIVE_PERFORMANCE_ZONE,109,0.421,0.999,0.293,72.15,0.267,0.469,-0.858,3,4,3,SAFE,0
77,14,LIVE_PERFORMANCE_ZONE,114,0.476,0.947,0.355,48.6,0.311,0.615,-0.322,7,7,9,SAFE,0
77,15,MALL_CONCERT_STAGE,112,0.461,1.036,0.18,58.72,0.245,0.571,-0.192,5,5,6,SAFE,0
77,16,LIVE_PERFORMANCE_ZONE,124,0.527,0.981,0.307,69.12,0.226,0.634,-0.586,7,12,6,SAFE,0
77,17,EVENT_ATRIUM,86,0.268,1.258,0.186,42.62,0.096,0.594,0.071,8,6,3,SAFE,0
77,18,EVENT_ATRIUM,100,0.386,1.243,0.141,49.06,0.213,0.561,-0.967,3,8,3,SAFE,0
77,19,MALL_CONCERT_STAGE,108,0.392,1.173,0.283,55.96,0.127,0.571,-0.821,1,1,5,SAFE,0
77,20,FESTIVAL_CORRIDOR,99,0.386,1.15,0.257,60.02,0.199,0.597,-0.844,4,5,8,SAFE,0
77,21,FESTIVAL_CORRIDOR,122,0.513,1.06,0.333,66.3,0.263,0.527,-0.34,8,3,5,SAFE,0
77,22,MALL_CONCERT_STAGE,129,0.502,0.96,0.243,56.25,0.177,0.669,-0.639,7,6,7,SAFE,0
77,23,EVENT_ATRIUM,134,0.469,1.067,0.164,61.67,0.236,0.632,-0.449,6,8,3,SAFE,0
77,24,FESTIVAL_CORRIDOR,106,0.39,1.282,0.24,46.62,0.223,0.629,-1.08,4,6,3,SAFE,0
77,25,EVENT_ATRIUM,127,0.497,0.907,0.242,59.98,0.16,0.643,-1.261,7,7,8,SAFE,0
77,26,FESTIVAL_CORRIDOR,109,0.431,1.18,0.333,60.77,0.194,0.592,-0.924,5,4,5,SAFE,0
77,27,FESTIVAL_CORRIDOR,145,0.549,0.954,0.292,57.57,0.173,0.555,-0.04,2,3,7,SAFE,0
77,28,LIVE_PERFORMANCE_ZONE,122,0.478,1.048,0.255,61.23,0.268,0.574,-0.711,11,8,7,SAFE,0
77,29,EVENT_ATRIUM,153,0.611,0.832,0.379,65.45,0.293,0.604,-0.662,4,10,3,SAFE,0
77,30,EVENT_ATRIUM,125,0.463,1.322,0.317,64.05,0.213,0.6,-0.926,3,3,6,SAFE,0
77,31,MALL_CONCERT_STAGE,143,0.54,0.986,0.332,71.65,0.188,0.645,-0.51,5,8,5,SAFE,0
77,32,MALL_CONCERT_STAGE,157,0.576,0.799,0.265,71.67,0.254,0.663,-0.223,3,5,8,SAFE,0
77,33,EVENT_ATRIUM,126,0.491,1.089,0.267,52.23,0.205,0.579,-0.89,5,10,6,SAFE,0
77,34,EVENT_ATRIUM,137,0.529,1.071,0.311,48.68,0.235,0.625,-1.034,5,5,4,SAFE,0
77,35,EVENT_ATRIUM,177,0.671,0.813,0.396,63.62,0.413,0.711,-0.416,5,11,12,WARNING,1
77,36,LIVE_PERFORMANCE_ZONE,133,0.501,1.069,0.227,63.88,0.168,0.633,-0.577,8,8,10,SAFE,0
77,37,MALL_CONCERT_STAGE,125,0.502,1.102,0.33,67.08,0.261,0.543,-0.694,2,7,6,SAFE,0
77,38,LIVE_PERFORMANCE_ZONE,130,0.508,0.999,0.297,61.95,0.234,0.676,-1.018,6,6,5,SAFE,0
77,39,MALL_CONCERT_STAGE,149,0.547,1.083,0.343,66.46,0.312,0.723,-0.543,4,13,7,SAFE,0
77,40,FESTIVAL_CORRIDOR,145,0.611,0.91,0.384,73.87,0.238,0.784,-0.576,1,8,5,WARNING,1
77,41,MALL_CONCERT_STAGE,144,0.498,1.155,0.32,69.49,0.294,0.62,-0.745,6,6,3,SAFE,0
77,42,LIVE_PERFORMANCE_ZONE,171,0.666,0.903,0.391,74.87,0.307,0.69,-0.801,6,6,12,WARNING,1
77,43,MALL_CONCERT_STAGE,158,0.636,0.935,0.325,66.22,0.332,0.702,-0.876,7,4,11,WARNING,1
77,44,EVENT_ATRIUM,160,0.599,0.974,0.271,59.42,0.235,0.707,-1.027,10,9,9,SAFE,0
77,45,MALL_CONCERT_STAGE,166,0.729,0.787,0.508,78.35,0.355,0.809,-1.042,5,3,9,WARNING,1
77,46,EVENT_ATRIUM,168,0.63,0.897,0.306,69.33,0.281,0.655,-0.518,4,5,3,SAFE,0
77,47,LIVE_PERFORMANCE_ZONE,180,0.681,0.923,0.354,73.44,0.303,0.703,-0.524,9,8,8,WARNING,1
77,48,LIVE_PERFORMANCE_ZONE,165,0.68,0.965,0.373,70.97,0.249,0.654,-0.629,6,9,6,WARNING,1
77,49,MALL_CONCERT_STAGE,175,0.645,0.843,0.441,73.38,0.269,0.623,-0.795,9,6,14,WARNING,1
77,50,EVENT_ATRIUM,178,0.712,0.76,0.433,70.1,0.284,0.734,-0.517,6,13,6,WARNING,1
77,51,LIVE_PERFORMANCE_ZONE,153,0.614,0.898,0.362,64.5,0.26,0.69,-0.557,5,7,4,SAFE,0
77,52,LIVE_PERFORMANCE_ZONE,176,0.644,0.891,0.331,71.89,0.311,0.679,-0.876,7,12,1,WARNING,1
77,53,LIVE_PERFORMANCE_ZONE,174,0.699,0.828,0.288,60.35,0.315,0.745,-0.225,10,10,10,WARNING,1
77,54,EVENT_ATRIUM,169,0.629,0.864,0.364,68.95,0.312,0.721,-1.331,8,8,11,WARNING,1
77,55,EVENT_ATRIUM,170,0.649,0.893,0.343,78.86,0.342,0.775,-0.606,5,11,12,WARNING,1
77,56,FESTIVAL_CORRIDOR,179,0.641,0.985,0.34,75.16,0.266,0.638,-0.519,6,8,7,WARNING,1
77,57,LIVE_PERFORMANCE_ZONE,177,0.624,0.771,0.352,66.68,0.226,0.745,-0.366,12,8,11,WARNING,1
77,58,MALL_CONCERT_STAGE,174,0.692,0.912,0.275,66.73,0.336,0.795,-0.284,2,8,7,WARNING,1
77,59,LIVE_PERFORMANCE_ZONE,148,0.593,1.017,0.372,71.72,0.223,0.654,-0.613,6,12,7,SAFE,0
77,60,LIVE_PERFORMANCE_ZONE,153,0.579,0.843,0.333,70.81,0.255,0.66,-0.59,7,11,8,SAFE,0
77,61,FESTIVAL_CORRIDOR,126,0.511,1.081,0.295,55.76,0.197,0.668,-1.069,5,7,4,SAFE,0
77,62,LIVE_PERFORMANCE_ZONE,145,0.59,0.933,0.377,60.91,0.304,0.722,-0.39,8,10,7,WARNING,1
77,63,LIVE_PERFORMANCE_ZONE,147,0.603,0.981,0.249,77.94,0.285,0.691,-0.69,6,9,10,SAFE,0
77,64,LIVE_PERFORMANCE_ZONE,151,0.607,0.885,0.308,61.53,0.352,0.692,-1.008,9,8,7,SAFE,0
77,65,MALL_CONCERT_STAGE,123,0.473,1.023,0.324,61.84,0.21,0.523,-0.973,5,5,10,SAFE,0
77,66,MALL_CONCERT_STAGE,136,0.51,1.05,0.27,54.58,0.281,0.612,-0.903,7,7,4,SAFE,0
77,67,FESTIVAL_CORRIDOR,136,0.548,0.996,0.347,63.57,0.221,0.724,-0.434,6,8,10,SAFE,0
77,68,FESTIVAL_CORRIDOR,134,0.49,1.185,0.319,59.79,0.207,0.544,-0.25,7,6,4,SAFE,0
77,69,LIVE_PERFORMANCE_ZONE,118,0.436,1.181,0.307,54.16,0.206,0.599,-0.865,4,6,7,SAFE,0
77,70,MALL_CONCERT_STAGE,107,0.362,1.13,0.221,44.59,0.145,0.497,0.14,2,10,2,SAFE,0
77,71,MALL_CONCERT_STAGE,125,0.506,0.932,0.305,65.93,0.234,0.58,-0.172,3,6,3,SAFE,0
77,72,MALL_CONCERT_STAGE,116,0.465,1.162,0.134,51.14,0.268,0.618,-0.458,6,6,6,SAFE,0
77,73,FESTIVAL_CORRIDOR,133,0.487,1.004,0.325,70.8,0.235,0.607,-0.668,5,7,8,SAFE,0
77,74,MALL_CONCERT_STAGE,117,0.418,1.101,0.199,49.98,0.258,0.468,-0.705,6,6,5,SAFE,0
77,75,FESTIVAL_CORRIDOR,102,0.382,1.178,0.17,45.86,0.196,0.577,-0.331,4,1,5,SAFE,0
77,76,EVENT_ATRIUM,112,0.409,1.198,0.225,47.01,0.196,0.511,-1.15,7,6,7,SAFE,0
77,77,EVENT_ATRIUM,136,0.476,1.283,0.302,48.11,0.206,0.669,-0.226,3,5,7,SAFE,0
77,78,MALL_CONCERT_STAGE,134,0.52,1.08,0.393,60.64,0.26,0.523,-1.058,4,9,8,SAFE,0
77,79,FESTIVAL_CORRIDOR,130,0.513,0.979,0.262,45.41,0.358,0.592,-0.092,6,6,6,SAFE,0
77,80,EVENT_ATRIUM,115,0.43,1.001,0.219,54.16,0.172,0.491,-0.656,11,8,2,SAFE,0
77,81,FESTIVAL_CORRIDOR,117,0.431,1.164,0.329,34.97,0.199,0.601,-0.999,2,7,6,SAFE,0
77,82,FESTIVAL_CORRIDOR,129,0.524,0.97,0.379,50.72,0.261,0.678,-0.546,7,5,7,SAFE,0
77,83,FESTIVAL_CORRIDOR,109,0.403,1.176,0.206,45.61,0.222,0.604,-0.732,2,10,4,SAFE,0
77,84,EVENT_ATRIUM,107,0.418,1.158,0.266,58.69,0.176,0.572,-0.277,3,5,8,SAFE,0
77,85,LIVE_PERFORMANCE_ZONE,101,0.386,1.325,0.272,46.9,0.191,0.545,0.012,5,6,4,SAFE,0
77,86,EVENT_ATRIUM,94,0.348,1.326,0.213,41.05,0.143,0.607,-0.369,7,4,3,SAFE,0
77,87,EVENT_ATRIUM,100,0.416,1.176,0.261,54.7,0.245,0.503,-0.463,4,5,3,SAFE,0
77,88,EVENT_ATRIUM,121,0.457,1.055,0.226,68.1,0.249,0.567,0.001,5,9,7,SAFE,0
77,89,FESTIVAL_CORRIDOR,125,0.468,0.99,0.236,63.5,0.283,0.629,-0.409,3,4,3,SAFE,0
78,0,FESTIVAL_CORRIDOR,143,0.598,0.898,0.31,57.72,0.298,0.637,-1.085,9,5,6,SAFE,0
78,1,EVENT_ATRIUM,186,0.737,0.742,0.435,70.27,0.341,0.769,-0.656,7,5,6,WARNING,1
78,2,MALL_CONCERT_STAGE,146,0.569,0.981,0.272,49.93,0.273,0.654,-0.653,4,7,5,SAFE,0
78,3,LIVE_PERFORMANCE_ZONE,161,0.634,0.882,0.326,65.24,0.286,0.661,-0.571,6,4,8,SAFE,0
78,4,LIVE_PERFORMANCE_ZONE,167,0.665,0.918,0.462,73.53,0.228,0.649,-0.71,4,8,10,WARNING,1
78,5,FESTIVAL_CORRIDOR,147,0.516,1.069,0.352,65.84,0.212,0.687,-0.101,5,4,6,SAFE,0
78,6,MALL_CONCERT_STAGE,159,0.621,1.088,0.335,80.47,0.222,0.657,-0.465,4,8,7,SAFE,0
78,7,LIVE_PERFORMANCE_ZONE,170,0.648,0.909,0.398,77.02,0.282,0.74,-0.924,5,5,9,WARNING,1
78,8,FESTIVAL_CORRIDOR,156,0.612,0.797,0.335,62.51,0.31,0.687,0.195,6,6,4,SAFE,0
78,9,MALL_CONCERT_STAGE,169,0.618,1.023,0.361,78.2,0.24,0.64,-0.52,5,7,11,SAFE,0
78,10,MALL_CONCERT_STAGE,173,0.654,0.958,0.276,70.81,0.256,0.732,-0.349,4,9,6,WARNING,1
78,11,FESTIVAL_CORRIDOR,176,0.688,0.859,0.276,64.24,0.297,0.765,-0.837,6,8,8,WARNING,1
78,12,EVENT_ATRIUM,204,0.782,0.736,0.459,88.23,0.408,0.743,-0.61,5,16,5,WARNING,1
78,13,EVENT_ATRIUM,184,0.728,0.749,0.439,69.82,0.377,0.691,-0.299,3,12,9,WARNING,1
78,14,LIVE_PERFORMANCE_ZONE,171,0.646,1.049,0.311,66.54,0.302,0.685,-1.141,5,9,13,WARNING,1
78,15,FESTIVAL_CORRIDOR,171,0.687,0.976,0.355,61.89,0.259,0.638,-0.443,6,5,11,WARNING,1
78,16,LIVE_PERFORMANCE_ZONE,181,0.713,0.844,0.406,61.38,0.323,0.746,-0.289,6,7,11,WARNING,1
78,17,EVENT_ATRIUM,212,0.769,0.721,0.372,81.34,0.37,0.881,-0.074,4,9,10,WARNING,1
78,18,MALL_CONCERT_STAGE,211,0.78,0.858,0.452,76.68,0.383,0.759,-0.94,6,12,5,WARNING,1
78,19,EVENT_ATRIUM,202,0.778,0.725,0.436,68.06,0.348,0.845,-1.457,6,15,12,WARNING,1
78,20,FESTIVAL_CORRIDOR,183,0.694,0.869,0.474,69.21,0.313,0.745,-0.635,4,8,8,WARNING,1
78,21,FESTIVAL_CORRIDOR,202,0.787,0.825,0.36,73.48,0.473,0.773,-0.9,7,16,16,WARNING,1
78,22,LIVE_PERFORMANCE_ZONE,202,0.764,0.747,0.479,82.46,0.441,0.808,-0.41,7,10,12,WARNING,1
78,23,LIVE_PERFORMANCE_ZONE,216,0.8,0.739,0.535,86.52,0.404,0.795,-1.131,6,10,10,WARNING,1
78,24,EVENT_ATRIUM,182,0.687,0.922,0.367,75.3,0.286,0.745,-0.545,5,2,13,WARNING,1
78,25,EVENT_ATRIUM,212,0.831,0.714,0.438,83.3,0.414,0.809,-0.704,9,11,12,WARNING,1
78,26,EVENT_ATRIUM,192,0.768,0.831,0.361,70.58,0.427,0.735,-0.969,8,12,10,WARNING,1
78,27,MALL_CONCERT_STAGE,189,0.768,0.653,0.412,87.66,0.42,0.784,-0.424,5,13,6,WARNING,1
78,28,MALL_CONCERT_STAGE,212,0.785,0.817,0.413,87.2,0.363,0.744,-0.452,6,14,7,WARNING,1
78,29,FESTIVAL_CORRIDOR,216,0.827,0.707,0.46,91.67,0.347,0.752,-0.407,3,8,13,WARNING,1
78,30,EVENT_ATRIUM,188,0.698,0.992,0.39,71.09,0.331,0.768,-0.428,4,8,6,WARNING,1
78,31,FESTIVAL_CORRIDOR,181,0.682,0.825,0.359,76.82,0.328,0.71,-1.01,4,7,3,WARNING,1
78,32,EVENT_ATRIUM,177,0.629,0.826,0.434,70.94,0.319,0.68,-1.272,1,14,3,WARNING,1
78,33,MALL_CONCERT_STAGE,179,0.688,0.891,0.345,76.38,0.326,0.765,-0.29,6,5,8,WARNING,1
78,34,MALL_CONCERT_STAGE,195,0.76,0.821,0.379,92.89,0.333,0.733,-0.712,4,8,14,WARNING,1
78,35,FESTIVAL_CORRIDOR,168,0.662,0.874,0.275,77.2,0.301,0.669,-0.722,5,6,6,WARNING,1
78,36,MALL_CONCERT_STAGE,182,0.671,1.032,0.44,68.35,0.324,0.742,-0.49,8,9,10,WARNING,1
78,37,EVENT_ATRIUM,179,0.761,0.739,0.482,73.76,0.339,0.752,-0.959,7,7,10,WARNING,1
78,38,EVENT_ATRIUM,149,0.557,1.069,0.357,67.15,0.228,0.624,-0.699,2,8,8,SAFE,0
78,39,MALL_CONCERT_STAGE,173,0.646,0.909,0.279,66.73,0.273,0.663,-0.456,7,12,6,SAFE,0
78,40,FESTIVAL_CORRIDOR,162,0.586,0.81,0.167,68.16,0.248,0.667,-0.646,4,5,7,SAFE,0
78,41,FESTIVAL_CORRIDOR,156,0.619,0.92,0.272,73.32,0.298,0.743,-0.626,2,8,4,WARNING,1
78,42,FESTIVAL_CORRIDOR,157,0.613,0.894,0.33,71.93,0.188,0.694,-1.104,6,8,6,SAFE,0
78,43,LIVE_PERFORMANCE_ZONE,138,0.524,1.071,0.284,51.06,0.257,0.682,-0.518,10,5,7,SAFE,0
78,44,FESTIVAL_CORRIDOR,158,0.635,0.861,0.368,58.99,0.278,0.705,-0.445,4,3,10,WARNING,1
78,45,LIVE_PERFORMANCE_ZONE,159,0.629,1.013,0.326,55.34,0.327,0.749,-1.025,5,10,9,WARNING,1
78,46,EVENT_ATRIUM,130,0.458,1.182,0.209,55.13,0.262,0.524,-0.04,4,5,4,SAFE,0
78,47,FESTIVAL_CORRIDOR,136,0.474,0.985,0.254,47.46,0.173,0.63,-0.591,3,7,3,SAFE,0
78,48,LIVE_PERFORMANCE_ZONE,135,0.476,1.121,0.243,50.61,0.197,0.699,-0.354,2,5,6,SAFE,0
78,49,LIVE_PERFORMANCE_ZONE,147,0.605,1.008,0.415,55.36,0.271,0.626,-0.7,7,12,3,SAFE,0
78,50,FESTIVAL_CORRIDOR,146,0.615,0.992,0.346,61.42,0.358,0.708,-0.905,8,2,5,WARNING,1
78,51,LIVE_PERFORMANCE_ZONE,153,0.594,0.952,0.343,75.98,0.221,0.754,-0.177,2,5,8,SAFE,0
78,52,EVENT_ATRIUM,134,0.516,1.059,0.21,54.79,0.278,0.598,-0.8,5,2,6,SAFE,0
78,53,LIVE_PERFORMANCE_ZONE,145,0.517,1.037,0.335,51.47,0.204,0.546,-0.432,9,7,6,SAFE,0
78,54,LIVE_PERFORMANCE_ZONE,115,0.492,0.988,0.281,70.46,0.254,0.624,-0.702,6,10,9,SAFE,0
78,55,LIVE_PERFORMANCE_ZONE,148,0.562,0.996,0.254,54.45,0.326,0.666,-0.678,2,14,7,SAFE,0
78,56,EVENT_ATRIUM,143,0.521,1.141,0.229,58.98,0.306,0.629,-0.95,4,4,5,SAFE,0
78,57,LIVE_PERFORMANCE_ZONE,159,0.592,0.955,0.343,60.67,0.325,0.736,-1.638,8,10,10,WARNING,1
78,58,FESTIVAL_CORRIDOR,126,0.436,1.146,0.17,46.41,0.091,0.542,-0.724,5,8,7,SAFE,0
78,59,LIVE_PERFORMANCE_ZONE,154,0.584,0.841,0.266,79.16,0.306,0.655,-0.179,9,6,4,SAFE,0
78,60,LIVE_PERFORMANCE_ZONE,149,0.577,0.944,0.362,63.38,0.306,0.625,-0.542,6,10,9,SAFE,0
78,61,LIVE_PERFORMANCE_ZONE,141,0.514,1.055,0.282,63.51,0.221,0.688,-0.722,3,9,10,SAFE,0
78,62,LIVE_PERFORMANCE_ZONE,138,0.541,0.945,0.272,68.23,0.308,0.656,-1.268,5,9,14,SAFE,0
78,63,MALL_CONCERT_STAGE,161,0.629,0.906,0.305,70.44,0.295,0.8,-0.676,2,11,4,WARNING,1
78,64,FESTIVAL_CORRIDOR,118,0.435,1.024,0.211,53.31,0.162,0.552,-0.601,3,3,8,SAFE,0
78,65,EVENT_ATRIUM,152,0.597,1.005,0.322,78.92,0.32,0.646,-1.548,7,8,7,WARNING,1
78,66,EVENT_ATRIUM,150,0.577,0.988,0.349,62.78,0.268,0.731,-0.697,1,4,6,SAFE,0
78,67,LIVE_PERFORMANCE_ZONE,122,0.499,0.981,0.336,62.91,0.298,0.655,-0.392,5,6,7,SAFE,0
78,68,LIVE_PERFORMANCE_ZONE,144,0.551,1.105,0.37,55.48,0.222,0.517,-0.855,7,8,3,SAFE,0
78,69,MALL_CONCERT_STAGE,129,0.537,1.01,0.227,63.04,0.307,0.628,-0.629,3,6,8,SAFE,0
78,70,MALL_CONCERT_STAGE,139,0.503,0.902,0.207,57.87,0.27,0.628,-0.717,8,3,8,SAFE,0
78,71,FESTIVAL_CORRIDOR,112,0.376,1.162,0.209,61.89,0.237,0.58,-0.716,4,1,3,SAFE,0
78,72,MALL_CONCERT_STAGE,136,0.53,1.06,0.21,60.39,0.244,0.679,-0.361,5,9,5,SAFE,0
78,73,LIVE_PERFORMANCE_ZONE,147,0.534,0.895,0.325,62.38,0.209,0.705,-0.772,4,1,6,SAFE,0
78,74,MALL_CONCERT_STAGE,128,0.512,1.038,0.256,59.62,0.274,0.501,-0.734,8,4,4,SAFE,0
78,75,LIVE_PERFORMANCE_ZONE,168,0.689,0.894,0.368,83.05,0.414,0.659,-0.574,4,16,11,WARNING,1
78,76,LIVE_PERFORMANCE_ZONE,132,0.526,1.007,0.195,58.36,0.229,0.711,-0.722,7,4,3,SAFE,0
78,77,FESTIVAL_CORRIDOR,137,0.547,0.996,0.303,58.7,0.217,0.644,-0.516,3,5,6,SAFE,0
78,78,LIVE_PERFORMANCE_ZONE,135,0.53,1.041,0.308,69.7,0.23,0.647,-0.439,7,4,9,SAFE,0
78,79,EVENT_ATRIUM,160,0.631,0.831,0.355,65.82,0.283,0.794,-0.937,3,9,7,WARNING,1
78,80,EVENT_ATRIUM,148,0.557,0.961,0.387,69.12,0.235,0.583,-0.207,4,7,4,SAFE,0
78,81,FESTIVAL_CORRIDOR,125,0.496,1.118,0.36,61.21,0.207,0.568,-0.792,6,5,6,SAFE,0
78,82,FESTIVAL_CORRIDOR,143,0.62,0.776,0.38,66.5,0.3,0.655,-0.311,6,3,10,WARNING,1
78,83,LIVE_PERFORMANCE_ZONE,139,0.531,0.932,0.313,52.8,0.31,0.641,-0.166,4,5,9,SAFE,0
78,84,LIVE_PERFORMANCE_ZONE,168,0.669,0.914,0.396,78.83,0.292,0.666,-1.087,7,4,10,WARNING,1
78,85,EVENT_ATRIUM,153,0.638,0.807,0.246,79.2,0.299,0.689,-0.683,8,8,5,WARNING,1
78,86,FESTIVAL_CORRIDOR,142,0.553,0.992,0.215,54.06,0.269,0.646,0.005,10,6,6,SAFE,0
78,87,MALL_CONCERT_STAGE,128,0.49,1.199,0.249,50.02,0.243,0.618,-0.349,9,6,3,SAFE,0
78,88,LIVE_PERFORMANCE_ZONE,130,0.528,0.933,0.268,49.14,0.246,0.617,-0.977,4,5,6,SAFE,0
78,89,MALL_CONCERT_STAGE,123,0.445,0.962,0.253,47.83,0.152,0.578,0.008,2,11,2,SAFE,0
79,0,FESTIVAL_CORRIDOR,89,0.367,1.187,0.186,34.98,0.159,0.495,-0.417,1,5,4,SAFE,0
79,1,MALL_CONCERT_STAGE,83,0.311,1.235,0.236,36.51,0.105,0.468,-0.552,3,5,5,SAFE,0
79,2,MALL_CONCERT_STAGE,63,0.182,1.52,0.088,27.8,0.086,0.416,-0.906,1,3,2,SAFE,0
79,3,MALL_CONCERT_STAGE,96,0.368,1.113,0.255,46.2,0.096,0.585,-0.916,2,5,3,SAFE,0
79,4,LIVE_PERFORMANCE_ZONE,89,0.362,1.049,0.311,45.61,0.121,0.526,-0.249,7,4,2,SAFE,0
79,5,FESTIVAL_CORRIDOR,81,0.318,1.232,0.205,53.52,0.176,0.472,0.294,5,1,1,SAFE,0
79,6,EVENT_ATRIUM,101,0.392,1.074,0.269,59.91,0.115,0.5,-0.836,11,2,9,SAFE,0
79,7,MALL_CONCERT_STAGE,94,0.354,1.244,0.163,39.49,0.158,0.469,-0.832,3,3,1,SAFE,0
79,8,EVENT_ATRIUM,80,0.332,1.405,0.13,52.53,0.15,0.594,-0.49,10,2,1,SAFE,0
79,9,EVENT_ATRIUM,103,0.38,1.129,0.188,34.13,0.248,0.521,-0.652,9,7,7,SAFE,0
79,10,EVENT_ATRIUM,91,0.329,1.14,0.176,55.24,0.077,0.436,0.077,5,1,2,SAFE,0
79,11,FESTIVAL_CORRIDOR,123,0.474,1.132,0.239,69.96,0.304,0.577,-1.15,6,9,4,SAFE,0
79,12,EVENT_ATRIUM,112,0.438,0.993,0.242,47.99,0.192,0.582,-0.649,9,7,4,SAFE,0
79,13,EVENT_ATRIUM,97,0.359,1.124,0.16,48.55,0.16,0.521,-0.461,4,7,1,SAFE,0
79,14,MALL_CONCERT_STAGE,97,0.354,1.175,0.254,44.55,0.144,0.461,-0.252,3,7,2,SAFE,0
79,15,EVENT_ATRIUM,91,0.31,1.352,0.226,41.33,0.12,0.523,-0.507,4,6,4,SAFE,0
79,16,LIVE_PERFORMANCE_ZONE,102,0.419,1.002,0.23,44.69,0.174,0.643,-0.162,7,6,2,SAFE,0
79,17,EVENT_ATRIUM,104,0.438,1.11,0.349,43.29,0.201,0.602,-0.478,3,7,4,SAFE,0
79,18,EVENT_ATRIUM,96,0.365,1.203,0.146,36.52,0.203,0.483,-0.128,7,5,8,SAFE,0
79,19,LIVE_PERFORMANCE_ZONE,109,0.458,1.213,0.243,60.78,0.215,0.641,-1.4,5,8,7,SAFE,0
79,20,EVENT_ATRIUM,87,0.329,1.347,0.201,38.79,0.18,0.561,-0.398,4,6,9,SAFE,0
79,21,MALL_CONCERT_STAGE,95,0.281,1.274,0.163,36.27,0.148,0.465,-0.512,5,5,9,SAFE,0
79,22,LIVE_PERFORMANCE_ZONE,110,0.446,1.091,0.226,55.02,0.236,0.588,-0.557,4,1,5,SAFE,0
79,23,FESTIVAL_CORRIDOR,119,0.466,1.205,0.279,53.46,0.204,0.654,-0.311,4,8,4,SAFE,0
79,24,EVENT_ATRIUM,96,0.376,1.167,0.26,51.61,0.272,0.596,-0.447,3,4,4,SAFE,0
79,25,EVENT_ATRIUM,107,0.438,1.121,0.307,48.13,0.208,0.532,-0.569,4,10,7,SAFE,0
79,26,MALL_CONCERT_STAGE,109,0.416,1.164,0.21,45,0.229,0.548,-0.263,3,5,5,SAFE,0
79,27,EVENT_ATRIUM,123,0.472,1.289,0.251,65.74,0.185,0.551,-0.398,8,9,6,SAFE,0
79,28,LIVE_PERFORMANCE_ZONE,122,0.446,1.089,0.144,37.27,0.242,0.573,-0.387,10,4,4,SAFE,0
79,29,EVENT_ATRIUM,98,0.359,1.226,0.271,43.47,0.251,0.564,0.068,2,1,1,SAFE,0
79,30,LIVE_PERFORMANCE_ZONE,128,0.456,0.966,0.258,69.98,0.238,0.605,-0.11,4,9,3,SAFE,0
79,31,FESTIVAL_CORRIDOR,132,0.502,1.052,0.305,53.58,0.2,0.579,-0.279,5,6,7,SAFE,0
79,32,FESTIVAL_CORRIDOR,135,0.479,1.099,0.315,50.8,0.217,0.545,-0.372,5,5,5,SAFE,0
79,33,LIVE_PERFORMANCE_ZONE,117,0.45,1.143,0.257,50.87,0.143,0.577,-0.483,6,6,5,SAFE,0
79,34,LIVE_PERFORMANCE_ZONE,128,0.537,1.026,0.258,67.85,0.221,0.743,-0.472,6,11,3,SAFE,0
79,35,EVENT_ATRIUM,140,0.558,1.012,0.406,60.88,0.294,0.669,-0.682,8,7,12,SAFE,0
79,36,LIVE_PERFORMANCE_ZONE,159,0.621,0.903,0.341,67.65,0.248,0.639,-0.41,4,10,6,SAFE,0
79,37,FESTIVAL_CORRIDOR,125,0.454,0.97,0.294,65.71,0.202,0.618,-0.234,8,4,7,SAFE,0
79,38,MALL_CONCERT_STAGE,135,0.49,1.199,0.287,62.76,0.191,0.559,-0.523,6,9,7,SAFE,0
79,39,MALL_CONCERT_STAGE,154,0.581,0.979,0.3,59.4,0.276,0.58,-0.714,5,8,8,SAFE,0
79,40,MALL_CONCERT_STAGE,172,0.664,0.827,0.334,63.76,0.305,0.703,-0.35,8,10,5,WARNING,1
79,41,EVENT_ATRIUM,132,0.498,1.195,0.264,61.59,0.292,0.678,-0.617,6,5,4,SAFE,0
79,42,LIVE_PERFORMANCE_ZONE,159,0.584,0.958,0.307,67.7,0.246,0.562,-1.003,10,10,9,SAFE,0
79,43,LIVE_PERFORMANCE_ZONE,127,0.466,1.113,0.235,65.62,0.171,0.604,-0.947,6,2,6,SAFE,0
79,44,EVENT_ATRIUM,146,0.551,0.876,0.24,57.7,0.262,0.618,-0.498,10,4,7,SAFE,0
79,45,MALL_CONCERT_STAGE,140,0.584,1.007,0.348,62.63,0.28,0.709,-1.252,9,9,3,SAFE,0
79,46,FESTIVAL_CORRIDOR,161,0.592,0.891,0.346,58.53,0.34,0.703,-0.569,5,7,7,SAFE,0
79,47,EVENT_ATRIUM,128,0.543,0.927,0.305,56.03,0.267,0.648,-0.941,4,5,7,SAFE,0
79,48,FESTIVAL_CORRIDOR,146,0.571,1.014,0.32,61.9,0.326,0.716,-1.534,4,7,4,SAFE,0
79,49,MALL_CONCERT_STAGE,148,0.545,0.813,0.224,75.57,0.243,0.636,-0.217,8,6,4,SAFE,0
79,50,LIVE_PERFORMANCE_ZONE,120,0.526,1.094,0.365,51.81,0.257,0.652,-0.571,6,13,3,SAFE,0
79,51,LIVE_PERFORMANCE_ZONE,132,0.49,1.062,0.247,54.36,0.235,0.584,-0.676,9,8,5,SAFE,0
79,52,MALL_CONCERT_STAGE,134,0.539,0.958,0.269,45.12,0.344,0.705,-0.604,4,8,4,SAFE,0
79,53,MALL_CONCERT_STAGE,122,0.503,1.05,0.256,53.87,0.245,0.686,-0.672,4,3,8,SAFE,0
79,54,LIVE_PERFORMANCE_ZONE,126,0.502,1.139,0.312,55.43,0.233,0.648,-0.183,4,6,4,SAFE,0
79,55,MALL_CONCERT_STAGE,121,0.459,1.101,0.261,48.35,0.186,0.735,-0.507,5,7,4,SAFE,0
79,56,EVENT_ATRIUM,113,0.434,1.2,0.266,56.76,0.17,0.573,-0.184,8,7,6,SAFE,0
79,57,FESTIVAL_CORRIDOR,105,0.383,1.136,0.245,58.5,0.175,0.559,-0.272,1,5,8,SAFE,0
79,58,EVENT_ATRIUM,107,0.379,1.305,0.138,57.13,0.178,0.535,-0.692,4,4,4,SAFE,0
79,59,LIVE_PERFORMANCE_ZONE,110,0.416,1.241,0.283,56.96,0.224,0.546,0.261,8,6,7,SAFE,0
79,60,EVENT_ATRIUM,112,0.439,1.02,0.304,57.67,0.225,0.541,-0.773,6,4,4,SAFE,0
79,61,LIVE_PERFORMANCE_ZONE,73,0.268,1.088,0.009,46.06,0.137,0.517,-0.066,2,4,4,SAFE,0
79,62,FESTIVAL_CORRIDOR,108,0.434,1.131,0.292,57.28,0.208,0.562,-1.001,5,5,7,SAFE,0
79,63,EVENT_ATRIUM,107,0.405,1.063,0.269,35.81,0.207,0.452,-0.954,3,7,4,SAFE,0
79,64,FESTIVAL_CORRIDOR,85,0.322,1.277,0.116,41.27,0.183,0.467,-0.696,3,5,1,SAFE,0
79,65,FESTIVAL_CORRIDOR,97,0.341,1.287,0.226,51.34,0.195,0.604,-0.444,9,6,7,SAFE,0
79,66,LIVE_PERFORMANCE_ZONE,100,0.405,1.112,0.261,44.64,0.212,0.504,-0.894,10,6,3,SAFE,0
79,67,MALL_CONCERT_STAGE,98,0.349,1.185,0.086,44.82,0.203,0.596,-0.373,4,8,4,SAFE,0
79,68,MALL_CONCERT_STAGE,107,0.456,1.162,0.192,58.76,0.263,0.542,-0.818,6,6,4,SAFE,0
79,69,LIVE_PERFORMANCE_ZONE,86,0.341,1.178,0.184,32.81,0.165,0.554,-0.439,7,2,2,SAFE,0
79,70,FESTIVAL_CORRIDOR,78,0.266,1.253,0.124,35.42,0.189,0.608,-0.363,8,4,2,SAFE,0
79,71,LIVE_PERFORMANCE_ZONE,106,0.372,1.25,0.135,58.77,0.162,0.614,-0.363,6,2,5,SAFE,0
79,72,EVENT_ATRIUM,109,0.41,1.165,0.243,50.3,0.171,0.496,-0.618,5,10,7,SAFE,0
79,73,MALL_CONCERT_STAGE,96,0.38,1.177,0.173,55.66,0.21,0.459,-0.017,8,3,4,SAFE,0
79,74,LIVE_PERFORMANCE_ZONE,84,0.316,1.243,0.189,55.19,0.157,0.533,0.086,2,6,6,SAFE,0
79,75,MALL_CONCERT_STAGE,82,0.294,1.206,0.103,41.02,0.144,0.437,-0.466,6,8,1,SAFE,0
79,76,LIVE_PERFORMANCE_ZONE,74,0.296,1.179,0.218,47.48,0.133,0.514,-0.53,3,1,4,SAFE,0
79,77,MALL_CONCERT_STAGE,97,0.349,1.181,0.177,50.8,0.099,0.471,-0.051,7,3,4,SAFE,0
79,78,EVENT_ATRIUM,63,0.239,1.351,0.146,47.12,0.132,0.499,-0.611,2,3,4,SAFE,0
79,79,FESTIVAL_CORRIDOR,94,0.355,1.208,0.139,50.87,0.102,0.581,-0.393,5,5,3,SAFE,0
79,80,MALL_CONCERT_STAGE,96,0.361,1.195,0.148,59.19,0.124,0.66,-0.063,4,3,5,SAFE,0
79,81,EVENT_ATRIUM,75,0.279,1.361,0.189,47.68,0.121,0.597,-0.302,4,6,6,SAFE,0
79,82,FESTIVAL_CORRIDOR,96,0.371,1.215,0.151,52.87,0.195,0.562,-0.709,6,4,5,SAFE,0
79,83,LIVE_PERFORMANCE_ZONE,71,0.275,1.258,0.127,38.91,0.136,0.441,-0.373,3,6,3,SAFE,0
79,84,FESTIVAL_CORRIDOR,103,0.431,1.121,0.119,48.97,0.244,0.514,-0.441,3,5,4,SAFE,0
79,85,FESTIVAL_CORRIDOR,110,0.385,1.075,0.128,45.3,0.122,0.538,-0.619,6,3,2,SAFE,0
79,86,LIVE_PERFORMANCE_ZONE,93,0.313,1.284,0.233,33.8,0.191,0.604,-0.36,3,3,4,SAFE,0
79,87,EVENT_ATRIUM,56,0.298,1.232,0.125,38.36,0.161,0.445,-0.758,3,3,1,SAFE,0
79,88,FESTIVAL_CORRIDOR,111,0.402,1.169,0.241,57.12,0.2,0.597,-0.599,4,9,3,SAFE,0
79,89,MALL_CONCERT_STAGE,62,0.18,1.364,0.046,26.86,0.101,0.489,-0.213,8,1,1,SAFE,0
80,0,FESTIVAL_CORRIDOR,186,0.746,0.656,0.407,74.47,0.374,0.794,-0.899,5,14,7,WARNING,1
80,1,MALL_CONCERT_STAGE,154,0.612,1.003,0.235,65.46,0.265,0.677,-0.799,5,6,4,SAFE,0
80,2,LIVE_PERFORMANCE_ZONE,157,0.622,0.953,0.336,73.96,0.204,0.707,-0.073,2,6,3,SAFE,0
80,3,MALL_CONCERT_STAGE,175,0.693,0.805,0.412,74.95,0.304,0.642,-0.795,6,11,9,WARNING,1
80,4,LIVE_PERFORMANCE_ZONE,175,0.642,1.021,0.29,80.17,0.289,0.735,-0.814,5,6,9,WARNING,1
80,5,EVENT_ATRIUM,177,0.659,0.91,0.384,68.25,0.405,0.648,-0.676,5,10,8,WARNING,1
80,6,MALL_CONCERT_STAGE,184,0.709,0.78,0.292,83.8,0.308,0.654,-1.488,8,10,12,WARNING,1
80,7,MALL_CONCERT_STAGE,183,0.7,0.813,0.462,76.72,0.259,0.801,-0.209,10,8,9,WARNING,1
80,8,MALL_CONCERT_STAGE,185,0.656,0.845,0.388,72.95,0.25,0.757,-0.395,7,12,6,WARNING,1
80,9,LIVE_PERFORMANCE_ZONE,162,0.64,0.785,0.352,67.66,0.359,0.702,-0.705,6,15,6,WARNING,1
80,10,EVENT_ATRIUM,190,0.757,0.795,0.487,80.64,0.338,0.765,-0.28,2,13,7,WARNING,1
80,11,FESTIVAL_CORRIDOR,190,0.739,0.817,0.421,70,0.33,0.754,-1.072,5,8,10,WARNING,1
80,12,LIVE_PERFORMANCE_ZONE,185,0.707,0.94,0.457,72.9,0.368,0.723,-1.194,6,6,10,WARNING,1
80,13,FESTIVAL_CORRIDOR,173,0.598,1.05,0.323,67.05,0.353,0.737,-0.255,9,7,8,WARNING,1
80,14,LIVE_PERFORMANCE_ZONE,158,0.648,1.017,0.253,70.57,0.334,0.59,-1.007,11,9,3,SAFE,0
80,15,LIVE_PERFORMANCE_ZONE,159,0.614,1.011,0.268,66.43,0.25,0.782,-0.287,9,8,4,SAFE,0
80,16,EVENT_ATRIUM,176,0.713,0.861,0.367,86.28,0.408,0.714,-0.591,5,13,6,WARNING,1
80,17,FESTIVAL_CORRIDOR,183,0.769,0.772,0.506,88.98,0.32,0.846,-1.225,3,8,10,WARNING,1
80,18,FESTIVAL_CORRIDOR,167,0.585,1.025,0.269,64.1,0.366,0.748,-0.855,4,10,6,SAFE,0
80,19,EVENT_ATRIUM,198,0.716,0.883,0.287,78.47,0.296,0.799,-0.237,4,14,11,WARNING,1
80,20,FESTIVAL_CORRIDOR,176,0.669,0.93,0.367,66.53,0.305,0.763,-0.829,2,8,12,WARNING,1
80,21,LIVE_PERFORMANCE_ZONE,170,0.648,0.912,0.37,71.18,0.275,0.712,-0.776,3,8,6,WARNING,1
80,22,EVENT_ATRIUM,172,0.637,0.938,0.299,70.21,0.268,0.704,-0.519,6,5,6,WARNING,1
80,23,FESTIVAL_CORRIDOR,190,0.721,0.906,0.421,64.29,0.333,0.724,-0.62,7,7,7,WARNING,1
80,24,EVENT_ATRIUM,185,0.673,0.779,0.377,79.81,0.41,0.703,-0.979,6,11,6,WARNING,1
80,25,EVENT_ATRIUM,195,0.779,0.737,0.372,90.56,0.328,0.764,-0.554,7,11,11,WARNING,1
80,26,MALL_CONCERT_STAGE,173,0.669,0.924,0.351,71.7,0.323,0.742,-0.273,7,9,13,WARNING,1
80,27,MALL_CONCERT_STAGE,165,0.674,0.702,0.387,72.88,0.348,0.73,-0.468,4,7,7,WARNING,1
80,28,MALL_CONCERT_STAGE,190,0.729,0.766,0.37,75.52,0.266,0.759,-0.713,3,12,9,WARNING,1
80,29,LIVE_PERFORMANCE_ZONE,177,0.7,0.747,0.321,77.96,0.392,0.658,-0.564,4,10,10,WARNING,1
80,30,EVENT_ATRIUM,194,0.68,0.998,0.336,67.99,0.325,0.781,-0.722,6,13,8,WARNING,1
80,31,MALL_CONCERT_STAGE,188,0.719,0.83,0.478,70.65,0.395,0.785,-0.883,2,6,11,WARNING,1
80,32,LIVE_PERFORMANCE_ZONE,185,0.725,0.735,0.431,62.13,0.41,0.704,-0.721,6,10,7,WARNING,1
80,33,MALL_CONCERT_STAGE,175,0.669,0.89,0.293,69.68,0.341,0.736,-0.741,3,12,16,WARNING,1
80,34,FESTIVAL_CORRIDOR,189,0.703,0.902,0.375,78.05,0.326,0.759,-0.849,4,10,10,WARNING,1
80,35,EVENT_ATRIUM,203,0.746,0.847,0.366,93.76,0.374,0.792,-0.677,10,9,9,WARNING,1
80,36,LIVE_PERFORMANCE_ZONE,206,0.82,0.711,0.514,73.56,0.408,0.726,-1.587,4,7,5,WARNING,1
80,37,MALL_CONCERT_STAGE,204,0.822,0.776,0.379,86.74,0.434,0.775,-0.958,6,9,8,WARNING,1
80,38,LIVE_PERFORMANCE_ZONE,197,0.698,0.96,0.395,85.65,0.317,0.677,-1.04,2,5,15,WARNING,1
80,39,LIVE_PERFORMANCE_ZONE,230,0.917,0.641,0.457,87.65,0.387,0.857,-0.659,7,7,8,WARNING,1
80,40,EVENT_ATRIUM,238,0.874,0.614,0.482,87.59,0.428,0.854,-1.063,2,11,11,WARNING,1
80,41,MALL_CONCERT_STAGE,208,0.829,0.739,0.395,75.38,0.381,0.835,-0.839,7,13,9,WARNING,1
80,42,FESTIVAL_CORRIDOR,221,0.79,0.785,0.382,85.45,0.349,0.75,-1.042,7,12,9,WARNING,1
80,43,EVENT_ATRIUM,228,0.852,0.563,0.488,83.4,0.405,0.857,-0.836,9,14,17,WARNING,1
80,44,EVENT_ATRIUM,232,0.923,0.599,0.489,83.55,0.441,0.849,-1.134,11,11,15,WARNING,1
80,45,FESTIVAL_CORRIDOR,228,0.833,0.658,0.414,92.98,0.471,0.837,-1.091,10,18,13,WARNING,1
80,46,MALL_CONCERT_STAGE,227,0.881,0.653,0.524,95.97,0.435,0.699,-0.86,4,13,15,WARNING,1
80,47,FESTIVAL_CORRIDOR,220,0.815,0.709,0.354,91.46,0.386,0.751,-1.541,2,15,7,WARNING,1
80,48,FESTIVAL_CORRIDOR,236,0.86,0.61,0.469,75.98,0.36,0.871,-0.918,8,10,6,WARNING,1
80,49,LIVE_PERFORMANCE_ZONE,224,0.892,0.611,0.517,102.85,0.451,0.846,-1.397,4,9,13,WARNING,1
80,50,EVENT_ATRIUM,247,0.932,0.529,0.488,87.5,0.398,0.903,-0.85,3,12,15,WARNING,1
80,51,LIVE_PERFORMANCE_ZONE,256,1,0.565,0.615,116.65,0.413,1,-0.749,7,11,8,HIGH,2
80,52,MALL_CONCERT_STAGE,258,0.984,0.424,0.489,88.26,0.461,0.973,-1.031,5,7,16,HIGH,2
80,53,EVENT_ATRIUM,240,0.944,0.598,0.465,88.48,0.464,0.849,-1.323,4,13,16,WARNING,1
80,54,EVENT_ATRIUM,238,0.921,0.364,0.531,92.29,0.474,0.897,-1.809,7,12,11,HIGH,2
80,55,EVENT_ATRIUM,247,0.978,0.59,0.459,97.27,0.459,0.865,-0.841,7,13,9,HIGH,2
80,56,MALL_CONCERT_STAGE,220,0.863,0.659,0.557,78.95,0.438,0.947,-1.011,10,10,11,WARNING,1
80,57,LIVE_PERFORMANCE_ZONE,223,0.885,0.558,0.524,93.96,0.409,0.888,-0.956,9,6,10,WARNING,1
80,58,FESTIVAL_CORRIDOR,225,0.838,0.762,0.435,91.61,0.429,0.846,-0.7,10,14,7,WARNING,1
80,59,EVENT_ATRIUM,212,0.861,0.787,0.449,83.9,0.378,0.809,-0.984,5,13,17,WARNING,1
80,60,LIVE_PERFORMANCE_ZONE,197,0.73,0.9,0.367,74.06,0.473,0.639,-0.455,6,8,7,WARNING,1
80,61,FESTIVAL_CORRIDOR,217,0.869,0.643,0.553,82.56,0.451,0.937,-0.593,3,8,8,WARNING,1
80,62,EVENT_ATRIUM,203,0.774,0.674,0.327,84.37,0.436,0.806,-1.159,4,6,6,WARNING,1
80,63,EVENT_ATRIUM,220,0.791,0.666,0.395,79.88,0.362,0.88,-0.929,4,12,5,WARNING,1
80,64,FESTIVAL_CORRIDOR,221,0.889,0.69,0.456,94.48,0.423,0.885,-1.005,4,13,7,WARNING,1
80,65,LIVE_PERFORMANCE_ZONE,199,0.767,0.743,0.402,89.31,0.406,0.775,-0.619,8,16,8,WARNING,1
80,66,EVENT_ATRIUM,205,0.807,0.594,0.49,79.97,0.329,0.74,-0.741,6,11,7,WARNING,1
80,67,LIVE_PERFORMANCE_ZONE,206,0.83,0.692,0.514,83.06,0.343,0.821,0.242,5,12,9,WARNING,1
80,68,EVENT_ATRIUM,189,0.729,0.809,0.473,76.62,0.341,0.72,-0.638,4,7,3,WARNING,1
80,69,LIVE_PERFORMANCE_ZONE,192,0.699,0.828,0.322,61.47,0.354,0.669,-0.065,7,13,5,WARNING,1
80,70,LIVE_PERFORMANCE_ZONE,187,0.731,0.716,0.408,86.62,0.317,0.758,-1.15,7,9,4,WARNING,1
80,71,EVENT_ATRIUM,200,0.788,0.754,0.449,70.11,0.453,0.851,-0.326,4,9,9,WARNING,1
80,72,LIVE_PERFORMANCE_ZONE,192,0.75,0.72,0.439,79.57,0.366,0.726,-0.623,3,13,11,WARNING,1
80,73,MALL_CONCERT_STAGE,189,0.747,0.777,0.4,88.01,0.334,0.759,-1.603,6,10,8,WARNING,1
80,74,EVENT_ATRIUM,175,0.667,0.931,0.387,75.9,0.32,0.627,-1.237,4,6,2,WARNING,1
80,75,EVENT_ATRIUM,180,0.698,0.916,0.414,79.21,0.341,0.777,-0.886,5,8,9,WARNING,1
80,76,EVENT_ATRIUM,189,0.771,0.771,0.465,94.13,0.37,0.808,-0.591,8,13,8,WARNING,1
80,77,LIVE_PERFORMANCE_ZONE,188,0.749,0.78,0.394,72.13,0.309,0.823,-1.101,3,8,7,WARNING,1
80,78,MALL_CONCERT_STAGE,178,0.692,0.771,0.342,72.71,0.385,0.722,-1.091,9,7,7,WARNING,1
80,79,EVENT_ATRIUM,174,0.736,0.865,0.354,77.55,0.36,0.835,-1.151,10,9,6,WARNING,1
80,80,MALL_CONCERT_STAGE,163,0.622,0.845,0.271,68.59,0.311,0.717,-1.334,2,4,9,SAFE,0
80,81,FESTIVAL_CORRIDOR,187,0.723,0.802,0.384,72.24,0.368,0.781,-0.096,4,7,6,WARNING,1
80,82,MALL_CONCERT_STAGE,150,0.576,1.029,0.275,58,0.241,0.659,-0.207,6,11,6,SAFE,0
80,83,MALL_CONCERT_STAGE,173,0.697,0.77,0.387,71.38,0.374,0.72,-1.166,5,3,5,WARNING,1
80,84,LIVE_PERFORMANCE_ZONE,155,0.592,0.961,0.37,61.63,0.316,0.698,-0.686,3,6,9,WARNING,1
80,85,MALL_CONCERT_STAGE,197,0.747,0.905,0.443,73.29,0.422,0.728,-0.008,7,10,11,WARNING,1
80,86,FESTIVAL_CORRIDOR,189,0.737,0.819,0.434,74.83,0.363,0.716,-0.364,3,12,14,WARNING,1
80,87,MALL_CONCERT_STAGE,184,0.699,0.828,0.4,76.97,0.378,0.661,-0.334,3,11,4,WARNING,1
80,88,MALL_CONCERT_STAGE,196,0.747,0.886,0.456,90.81,0.384,0.844,-0.583,8,8,11,WARNING,1
80,89,MALL_CONCERT_STAGE,179,0.714,0.813,0.411,71.82,0.324,0.684,-0.149,5,8,9,WARNING,1
81,0,LIVE_PERFORMANCE_ZONE,175,0.698,0.952,0.337,93.46,0.351,0.689,-0.509,12,10,13,WARNING,1
81,1,LIVE_PERFORMANCE_ZONE,163,0.612,0.888,0.318,76.07,0.273,0.685,-0.852,4,5,6,SAFE,0
81,2,LIVE_PERFORMANCE_ZONE,167,0.639,0.947,0.362,67.7,0.314,0.674,-0.726,1,15,13,WARNING,1
81,3,MALL_CONCERT_STAGE,175,0.612,0.742,0.332,85.11,0.39,0.712,-0.429,5,9,13,WARNING,1
81,4,LIVE_PERFORMANCE_ZONE,174,0.619,0.911,0.331,64.23,0.291,0.71,-1.159,7,5,12,WARNING,1
81,5,EVENT_ATRIUM,167,0.682,0.861,0.312,68.45,0.232,0.672,-1.225,3,10,4,WARNING,1
81,6,EVENT_ATRIUM,167,0.618,1.088,0.337,65.62,0.353,0.691,-0.596,6,6,6,WARNING,1
81,7,EVENT_ATRIUM,185,0.698,0.873,0.382,85.81,0.318,0.744,-0.613,2,11,7,WARNING,1
81,8,FESTIVAL_CORRIDOR,173,0.685,0.754,0.356,81.06,0.382,0.746,-0.794,5,10,5,WARNING,1
81,9,LIVE_PERFORMANCE_ZONE,176,0.676,0.815,0.397,70.33,0.298,0.744,-0.535,4,11,5,WARNING,1
81,10,LIVE_PERFORMANCE_ZONE,184,0.694,0.837,0.421,81.09,0.323,0.77,-1.007,6,8,7,WARNING,1
81,11,LIVE_PERFORMANCE_ZONE,162,0.606,0.887,0.334,67.7,0.287,0.671,-0.181,7,8,4,SAFE,0
81,12,EVENT_ATRIUM,166,0.617,0.942,0.285,76.96,0.269,0.709,-0.971,6,10,12,SAFE,0
81,13,LIVE_PERFORMANCE_ZONE,174,0.672,0.892,0.356,64.76,0.31,0.683,-0.544,3,8,10,WARNING,1
81,14,FESTIVAL_CORRIDOR,148,0.512,0.93,0.272,63.12,0.24,0.568,-0.398,7,6,5,SAFE,0
81,15,MALL_CONCERT_STAGE,171,0.613,0.86,0.258,61.47,0.348,0.695,-0.546,2,10,12,SAFE,0
81,16,MALL_CONCERT_STAGE,187,0.709,0.819,0.36,78.79,0.349,0.84,-0.49,4,12,8,WARNING,1
81,17,MALL_CONCERT_STAGE,186,0.703,0.815,0.392,80.04,0.325,0.695,-0.404,5,12,4,WARNING,1
81,18,MALL_CONCERT_STAGE,180,0.667,0.797,0.416,65.24,0.364,0.719,-0.769,2,6,8,WARNING,1
81,19,LIVE_PERFORMANCE_ZONE,168,0.654,0.904,0.347,77.39,0.36,0.733,-1.097,5,7,8,WARNING,1
81,20,EVENT_ATRIUM,157,0.607,0.956,0.344,63.91,0.341,0.656,-0.704,4,12,7,WARNING,1
81,21,LIVE_PERFORMANCE_ZONE,170,0.684,0.892,0.397,76.5,0.349,0.697,-0.491,2,10,8,WARNING,1
81,22,LIVE_PERFORMANCE_ZONE,179,0.68,1.02,0.443,76.99,0.32,0.665,-0.74,8,4,7,WARNING,1
81,23,LIVE_PERFORMANCE_ZONE,187,0.751,0.764,0.29,77.56,0.369,0.734,-0.588,9,7,6,WARNING,1
81,24,FESTIVAL_CORRIDOR,166,0.653,0.931,0.322,69.5,0.232,0.709,-0.547,8,6,8,WARNING,1
81,25,MALL_CONCERT_STAGE,174,0.686,0.974,0.504,64.39,0.331,0.671,-0.716,4,4,9,WARNING,1
81,26,EVENT_ATRIUM,173,0.625,1.025,0.309,67.16,0.285,0.603,-0.558,7,5,5,SAFE,0
81,27,MALL_CONCERT_STAGE,175,0.635,0.75,0.402,52.54,0.372,0.671,-0.692,5,11,10,WARNING,1
81,28,LIVE_PERFORMANCE_ZONE,183,0.693,0.819,0.36,85.34,0.342,0.674,-1.356,3,5,6,WARNING,1
81,29,LIVE_PERFORMANCE_ZONE,176,0.672,0.877,0.406,70.65,0.36,0.784,-1.204,4,11,5,WARNING,1
81,30,LIVE_PERFORMANCE_ZONE,168,0.679,0.833,0.348,72.53,0.318,0.816,-0.494,5,12,7,WARNING,1
81,31,MALL_CONCERT_STAGE,174,0.651,0.937,0.373,75.85,0.288,0.68,-0.712,9,14,6,WARNING,1
81,32,MALL_CONCERT_STAGE,189,0.74,0.693,0.473,72.07,0.357,0.792,-0.473,7,7,9,WARNING,1
81,33,MALL_CONCERT_STAGE,189,0.77,0.698,0.386,76.05,0.416,0.794,-1.233,6,11,11,WARNING,1
81,34,LIVE_PERFORMANCE_ZONE,214,0.847,0.683,0.435,85.9,0.379,0.797,-0.702,4,10,13,WARNING,1
81,35,MALL_CONCERT_STAGE,175,0.659,0.777,0.363,67.09,0.343,0.737,-0.515,7,14,4,WARNING,1
81,36,LIVE_PERFORMANCE_ZONE,202,0.777,0.777,0.439,78.82,0.276,0.866,-0.52,3,12,8,WARNING,1
81,37,MALL_CONCERT_STAGE,205,0.718,0.614,0.489,77.27,0.369,0.802,-0.631,6,12,6,WARNING,1
81,38,EVENT_ATRIUM,205,0.747,0.838,0.355,74.5,0.395,0.68,-0.643,6,10,11,WARNING,1
81,39,EVENT_ATRIUM,197,0.786,0.739,0.425,63.57,0.436,0.915,-0.27,5,9,7,WARNING,1
81,40,MALL_CONCERT_STAGE,201,0.702,0.85,0.358,78.03,0.335,0.683,-0.592,6,6,11,WARNING,1
81,41,EVENT_ATRIUM,205,0.782,0.497,0.413,76.85,0.317,0.777,-0.995,9,7,11,WARNING,1
81,42,FESTIVAL_CORRIDOR,216,0.823,0.761,0.553,84.81,0.438,0.773,-0.695,7,13,8,WARNING,1
81,43,FESTIVAL_CORRIDOR,207,0.805,0.696,0.468,88.18,0.389,0.802,-0.594,4,8,6,WARNING,1
81,44,LIVE_PERFORMANCE_ZONE,228,0.872,0.607,0.51,88.66,0.401,0.761,-0.819,5,9,13,WARNING,1
81,45,FESTIVAL_CORRIDOR,215,0.819,0.794,0.404,73.44,0.318,0.796,-0.867,6,6,10,WARNING,1
81,46,MALL_CONCERT_STAGE,246,0.952,0.497,0.492,90.31,0.491,0.824,-1.146,10,13,9,HIGH,2
81,47,MALL_CONCERT_STAGE,240,0.9,0.61,0.472,102,0.398,0.829,-1.068,5,12,10,WARNING,1
81,48,LIVE_PERFORMANCE_ZONE,217,0.845,0.76,0.503,88.38,0.469,0.8,-0.626,10,12,8,WARNING,1
81,49,EVENT_ATRIUM,213,0.873,0.578,0.507,89.83,0.449,0.838,-0.919,3,12,15,WARNING,1
81,50,EVENT_ATRIUM,238,0.94,0.675,0.579,82.32,0.422,0.773,-0.988,6,12,7,WARNING,1
81,51,FESTIVAL_CORRIDOR,223,0.936,0.626,0.621,84.74,0.412,0.872,-0.811,1,9,16,HIGH,2
81,52,MALL_CONCERT_STAGE,239,0.906,0.503,0.479,92.03,0.434,0.896,-1.232,8,23,12,WARNING,1
81,53,EVENT_ATRIUM,213,0.893,0.595,0.518,90.17,0.483,0.742,-1.028,9,8,9,WARNING,1
81,54,EVENT_ATRIUM,229,0.955,0.567,0.582,103.12,0.517,0.913,-0.788,3,17,7,HIGH,2
81,55,MALL_CONCERT_STAGE,254,0.98,0.572,0.441,96.91,0.465,0.938,-1.114,4,17,12,HIGH,2
81,56,LIVE_PERFORMANCE_ZONE,235,0.903,0.509,0.49,90.7,0.407,0.878,-0.747,6,16,14,WARNING,1
81,57,LIVE_PERFORMANCE_ZONE,227,0.906,0.746,0.44,93.03,0.432,0.886,-1.028,5,8,14,WARNING,1
81,58,LIVE_PERFORMANCE_ZONE,228,0.884,0.627,0.561,99.14,0.463,0.859,-0.415,3,14,11,HIGH,2
81,59,MALL_CONCERT_STAGE,240,0.921,0.55,0.451,92.69,0.402,0.895,-1.021,2,11,18,WARNING,1
81,60,MALL_CONCERT_STAGE,243,0.957,0.541,0.529,84.11,0.47,0.859,-0.79,9,12,12,HIGH,2
81,61,MALL_CONCERT_STAGE,224,0.802,0.67,0.486,64.05,0.441,0.725,-1.35,6,9,14,WARNING,1
81,62,MALL_CONCERT_STAGE,217,0.879,0.699,0.634,86.5,0.374,0.826,-0.987,4,7,9,WARNING,1
81,63,FESTIVAL_CORRIDOR,233,0.875,0.736,0.519,86.47,0.368,0.825,-1.076,7,7,8,WARNING,1
81,64,LIVE_PERFORMANCE_ZONE,220,0.853,0.668,0.469,85.88,0.467,0.78,-0.646,5,8,8,WARNING,1
81,65,FESTIVAL_CORRIDOR,220,0.848,0.721,0.574,87.49,0.453,0.752,-1.103,5,12,10,WARNING,1
81,66,FESTIVAL_CORRIDOR,208,0.821,0.737,0.536,87.44,0.33,0.829,-0.855,7,7,12,WARNING,1
81,67,EVENT_ATRIUM,224,0.869,0.495,0.513,89.24,0.446,0.802,-0.842,2,10,12,WARNING,1
81,68,MALL_CONCERT_STAGE,210,0.81,0.634,0.438,83.58,0.445,0.86,-0.931,5,10,5,WARNING,1
81,69,LIVE_PERFORMANCE_ZONE,212,0.856,0.693,0.458,93.29,0.359,0.878,-0.814,2,13,5,WARNING,1
81,70,FESTIVAL_CORRIDOR,235,0.887,0.603,0.473,88.63,0.362,0.835,-0.112,9,11,7,WARNING,1
81,71,FESTIVAL_CORRIDOR,205,0.786,0.612,0.434,75.72,0.399,0.831,-1.605,6,18,9,WARNING,1
81,72,EVENT_ATRIUM,198,0.737,0.797,0.517,80.89,0.345,0.673,-0.232,4,13,3,WARNING,1
81,73,LIVE_PERFORMANCE_ZONE,199,0.754,0.843,0.352,69.16,0.354,0.78,-0.605,8,10,14,WARNING,1
81,74,LIVE_PERFORMANCE_ZONE,203,0.776,0.753,0.41,83.13,0.39,0.789,-0.155,4,15,6,WARNING,1
81,75,MALL_CONCERT_STAGE,184,0.712,0.763,0.434,70.87,0.368,0.728,-1.239,6,7,6,WARNING,1
81,76,EVENT_ATRIUM,188,0.723,0.803,0.435,88.14,0.306,0.708,-1.06,8,8,8,WARNING,1
81,77,LIVE_PERFORMANCE_ZONE,172,0.606,0.919,0.295,69,0.285,0.604,-1.473,3,9,8,SAFE,0
81,78,LIVE_PERFORMANCE_ZONE,177,0.685,0.793,0.408,74.47,0.324,0.717,-1.1,6,8,7,WARNING,1
81,79,FESTIVAL_CORRIDOR,176,0.718,0.812,0.29,73.58,0.389,0.782,-1.145,6,8,5,WARNING,1
81,80,EVENT_ATRIUM,193,0.732,0.774,0.461,78.17,0.396,0.686,-0.059,8,12,8,WARNING,1
81,81,EVENT_ATRIUM,190,0.703,0.922,0.398,78.99,0.371,0.74,-0.728,7,11,6,WARNING,1
81,82,LIVE_PERFORMANCE_ZONE,173,0.657,0.932,0.347,75.71,0.303,0.747,-1.55,9,6,9,WARNING,1
81,83,EVENT_ATRIUM,175,0.709,0.688,0.458,75.97,0.34,0.754,-1.003,7,5,7,WARNING,1
81,84,LIVE_PERFORMANCE_ZONE,185,0.676,0.913,0.388,71.81,0.325,0.787,-0.789,4,7,6,WARNING,1
81,85,LIVE_PERFORMANCE_ZONE,164,0.651,0.984,0.251,61.65,0.342,0.708,-1.482,8,6,10,WARNING,1
81,86,EVENT_ATRIUM,187,0.736,0.827,0.417,60.09,0.321,0.748,-0.672,4,6,8,WARNING,1
81,87,MALL_CONCERT_STAGE,176,0.68,0.788,0.362,76.74,0.386,0.768,-0.49,4,16,11,WARNING,1
81,88,EVENT_ATRIUM,190,0.7,0.868,0.46,79.91,0.335,0.735,-1.457,5,8,8,WARNING,1
81,89,LIVE_PERFORMANCE_ZONE,171,0.592,0.946,0.353,69.65,0.392,0.667,-0.683,2,9,6,WARNING,1
82,0,LIVE_PERFORMANCE_ZONE,195,0.752,0.677,0.425,88.59,0.373,0.719,-0.206,8,15,8,WARNING,1
82,1,MALL_CONCERT_STAGE,176,0.674,0.756,0.33,73.33,0.393,0.679,-0.743,7,15,8,WARNING,1
82,2,LIVE_PERFORMANCE_ZONE,193,0.706,0.989,0.331,87.73,0.311,0.783,-0.574,4,10,10,WARNING,1
82,3,MALL_CONCERT_STAGE,177,0.689,0.795,0.346,64.83,0.249,0.682,-0.849,9,11,10,WARNING,1
82,4,LIVE_PERFORMANCE_ZONE,208,0.782,0.785,0.392,76.73,0.429,0.793,-1.435,7,9,10,WARNING,1
82,5,FESTIVAL_CORRIDOR,206,0.832,0.752,0.436,88.18,0.461,0.795,-1.32,4,10,12,WARNING,1
82,6,FESTIVAL_CORRIDOR,206,0.783,0.808,0.409,76.86,0.303,0.811,-0.862,7,11,9,WARNING,1
82,7,EVENT_ATRIUM,212,0.793,0.77,0.403,84.05,0.417,0.767,-0.373,5,13,10,WARNING,1
82,8,FESTIVAL_CORRIDOR,198,0.761,0.736,0.417,80.27,0.396,0.767,-0.339,8,9,5,WARNING,1
82,9,FESTIVAL_CORRIDOR,218,0.841,0.705,0.358,85.35,0.347,0.877,-1.132,6,14,6,WARNING,1
82,10,LIVE_PERFORMANCE_ZONE,232,0.885,0.586,0.604,79.2,0.414,0.807,-1.311,7,19,11,WARNING,1
82,11,EVENT_ATRIUM,210,0.862,0.722,0.437,86.7,0.391,0.886,-0.08,3,9,7,WARNING,1
82,12,FESTIVAL_CORRIDOR,217,0.836,0.651,0.435,87.58,0.349,0.769,-0.741,8,9,5,WARNING,1
82,13,FESTIVAL_CORRIDOR,230,0.871,0.684,0.522,82.09,0.35,0.884,-0.622,7,10,11,WARNING,1
82,14,FESTIVAL_CORRIDOR,221,0.854,0.726,0.45,83.84,0.428,0.941,-1.105,5,18,6,WARNING,1
82,15,LIVE_PERFORMANCE_ZONE,220,0.827,0.702,0.428,94.41,0.41,0.744,-0.449,4,11,7,WARNING,1
82,16,LIVE_PERFORMANCE_ZONE,246,0.971,0.485,0.511,107.48,0.448,0.851,-0.499,8,11,18,HIGH,2
82,17,EVENT_ATRIUM,232,0.899,0.687,0.544,84.96,0.477,0.89,-0.954,6,12,9,HIGH,2
82,18,FESTIVAL_CORRIDOR,232,0.847,0.612,0.535,77.35,0.392,0.762,-0.57,7,19,13,WARNING,1
82,19,LIVE_PERFORMANCE_ZONE,249,0.949,0.66,0.445,89.03,0.5,0.852,-0.668,8,15,13,HIGH,2
82,20,FESTIVAL_CORRIDOR,235,0.932,0.574,0.484,93.87,0.442,0.883,-1.038,4,9,14,HIGH,2
82,21,EVENT_ATRIUM,237,0.897,0.806,0.572,90.97,0.398,0.833,-1.096,3,14,8,WARNING,1
82,22,LIVE_PERFORMANCE_ZONE,235,0.953,0.535,0.568,90.94,0.421,0.731,-0.848,6,14,5,WARNING,1
82,23,MALL_CONCERT_STAGE,225,0.867,0.764,0.475,83.63,0.476,0.76,-0.682,10,17,7,WARNING,1
82,24,EVENT_ATRIUM,244,0.902,0.661,0.413,78.48,0.455,0.859,-1.048,5,10,9,WARNING,1
82,25,FESTIVAL_CORRIDOR,220,0.788,0.7,0.414,86.38,0.353,0.776,-0.422,7,13,11,WARNING,1
82,26,FESTIVAL_CORRIDOR,248,0.986,0.479,0.436,105.8,0.476,0.942,-1.609,7,10,10,HIGH,2
82,27,FESTIVAL_CORRIDOR,234,0.958,0.523,0.593,95.87,0.406,0.837,-0.713,8,17,7,HIGH,2
82,28,LIVE_PERFORMANCE_ZONE,220,0.848,0.69,0.52,83.87,0.463,0.725,-1.262,9,13,15,WARNING,1
82,29,LIVE_PERFORMANCE_ZONE,221,0.868,0.648,0.502,95.34,0.452,0.854,-0.827,8,11,11,WARNING,1
82,30,MALL_CONCERT_STAGE,235,0.908,0.642,0.505,95.23,0.463,0.839,-0.629,6,14,11,WARNING,1
82,31,MALL_CONCERT_STAGE,204,0.816,0.716,0.487,80.39,0.342,0.823,-1.024,9,12,9,WARNING,1
82,32,FESTIVAL_CORRIDOR,209,0.78,0.695,0.37,79.81,0.373,0.762,-1.208,8,8,11,WARNING,1
82,33,EVENT_ATRIUM,206,0.768,0.761,0.437,82.92,0.397,0.755,-0.721,13,8,3,WARNING,1
82,34,MALL_CONCERT_STAGE,241,0.898,0.584,0.439,88.55,0.451,0.839,-0.92,4,7,16,WARNING,1
82,35,MALL_CONCERT_STAGE,227,0.9,0.543,0.525,73.91,0.405,0.893,-1.005,6,10,11,WARNING,1
82,36,MALL_CONCERT_STAGE,202,0.767,0.877,0.381,75.71,0.374,0.82,-1.412,8,8,10,WARNING,1
82,37,FESTIVAL_CORRIDOR,208,0.811,0.646,0.448,87.99,0.38,0.855,-1.593,6,15,8,WARNING,1
82,38,EVENT_ATRIUM,194,0.696,0.896,0.453,72.76,0.31,0.751,-0.795,7,16,6,WARNING,1
82,39,LIVE_PERFORMANCE_ZONE,193,0.724,0.894,0.41,71.77,0.396,0.753,-1.051,3,7,8,WARNING,1
82,40,EVENT_ATRIUM,190,0.76,0.882,0.44,74.96,0.341,0.749,-0.903,11,11,12,WARNING,1
82,41,LIVE_PERFORMANCE_ZONE,181,0.703,0.791,0.387,62.66,0.267,0.739,-0.199,6,13,5,WARNING,1
82,42,FESTIVAL_CORRIDOR,202,0.806,0.783,0.449,91.23,0.463,0.84,-0.283,8,7,10,WARNING,1
82,43,MALL_CONCERT_STAGE,179,0.689,0.966,0.368,71.03,0.338,0.704,-0.529,8,12,7,WARNING,1
82,44,LIVE_PERFORMANCE_ZONE,179,0.724,0.791,0.404,63.11,0.479,0.693,-0.26,6,5,11,WARNING,1
82,45,EVENT_ATRIUM,193,0.741,0.845,0.35,83.04,0.399,0.711,-0.76,8,11,4,WARNING,1
82,46,FESTIVAL_CORRIDOR,190,0.733,0.858,0.475,68.17,0.367,0.673,-0.108,6,8,11,WARNING,1
82,47,EVENT_ATRIUM,161,0.555,1.052,0.271,59.23,0.308,0.666,-0.76,6,3,8,SAFE,0
82,48,LIVE_PERFORMANCE_ZONE,181,0.606,0.915,0.283,53.39,0.308,0.701,-0.155,1,4,6,SAFE,0
82,49,LIVE_PERFORMANCE_ZONE,187,0.739,0.752,0.425,76.51,0.393,0.714,-0.966,5,11,6,WARNING,1
82,50,EVENT_ATRIUM,174,0.649,0.991,0.407,70.18,0.329,0.75,-0.392,2,13,6,WARNING,1
82,51,LIVE_PERFORMANCE_ZONE,177,0.629,0.873,0.334,71.74,0.371,0.605,-0.669,4,8,7,WARNING,1
82,52,EVENT_ATRIUM,182,0.693,0.771,0.347,79.21,0.347,0.722,-0.164,10,10,8,WARNING,1
82,53,LIVE_PERFORMANCE_ZONE,156,0.575,0.915,0.329,65.03,0.264,0.678,-0.439,6,15,7,SAFE,0
82,54,LIVE_PERFORMANCE_ZONE,200,0.761,0.737,0.46,75.76,0.402,0.931,-1.071,6,10,15,WARNING,1
82,55,LIVE_PERFORMANCE_ZONE,159,0.628,0.829,0.309,71.15,0.303,0.708,-0.636,3,9,8,WARNING,1
82,56,MALL_CONCERT_STAGE,179,0.672,0.915,0.45,69.31,0.225,0.693,-0.176,2,5,9,WARNING,1
82,57,LIVE_PERFORMANCE_ZONE,176,0.71,0.717,0.349,78.79,0.395,0.775,-0.899,1,10,7,WARNING,1
82,58,MALL_CONCERT_STAGE,148,0.57,1.062,0.233,67.57,0.261,0.687,-0.634,4,6,4,SAFE,0
82,59,FESTIVAL_CORRIDOR,195,0.684,0.812,0.426,93.32,0.338,0.733,-0.779,6,13,10,WARNING,1
82,60,LIVE_PERFORMANCE_ZONE,180,0.705,0.676,0.428,74.97,0.371,0.788,-1.276,7,7,11,WARNING,1
82,61,MALL_CONCERT_STAGE,200,0.767,0.768,0.408,67.79,0.43,0.76,-0.94,6,7,10,WARNING,1
82,62,LIVE_PERFORMANCE_ZONE,177,0.687,0.757,0.317,76.24,0.402,0.698,-1.508,4,8,7,WARNING,1
82,63,FESTIVAL_CORRIDOR,191,0.697,0.796,0.37,70.24,0.283,0.668,-0.581,9,13,8,WARNING,1
82,64,EVENT_ATRIUM,174,0.653,0.961,0.34,54.24,0.255,0.734,-0.538,6,18,4,WARNING,1
82,65,EVENT_ATRIUM,180,0.64,0.985,0.408,65.41,0.339,0.609,-0.88,5,6,7,WARNING,1
82,66,MALL_CONCERT_STAGE,177,0.707,0.753,0.444,77.5,0.288,0.732,-0.821,5,6,8,WARNING,1
82,67,LIVE_PERFORMANCE_ZONE,199,0.757,0.821,0.36,70.19,0.354,0.794,-0.825,3,8,10,WARNING,1
82,68,FESTIVAL_CORRIDOR,177,0.688,0.845,0.373,76.05,0.297,0.776,-0.221,4,9,10,WARNING,1
82,69,EVENT_ATRIUM,172,0.646,0.651,0.356,67.54,0.28,0.713,-0.428,4,10,7,WARNING,1
82,70,LIVE_PERFORMANCE_ZONE,172,0.651,0.907,0.332,73.68,0.292,0.818,-0.78,5,10,9,WARNING,1
82,71,MALL_CONCERT_STAGE,165,0.669,0.872,0.359,77,0.31,0.728,-0.466,4,6,10,WARNING,1
82,72,EVENT_ATRIUM,187,0.712,0.82,0.377,78.83,0.288,0.729,-0.573,10,9,9,WARNING,1
82,73,MALL_CONCERT_STAGE,166,0.619,0.953,0.3,56.81,0.338,0.732,-0.272,8,8,7,WARNING,1
82,74,MALL_CONCERT_STAGE,175,0.702,0.741,0.461,83.51,0.337,0.744,-0.774,4,11,5,WARNING,1
82,75,FESTIVAL_CORRIDOR,157,0.599,0.873,0.366,70.58,0.259,0.707,-0.388,5,7,7,SAFE,0
82,76,FESTIVAL_CORRIDOR,175,0.734,0.836,0.484,77.39,0.369,0.734,-0.433,4,4,9,WARNING,1
82,77,EVENT_ATRIUM,170,0.687,0.969,0.368,62.67,0.336,0.744,-1.156,9,6,7,WARNING,1
82,78,MALL_CONCERT_STAGE,167,0.667,0.789,0.38,80.45,0.4,0.832,-1.101,5,13,9,WARNING,1
82,79,FESTIVAL_CORRIDOR,172,0.653,0.902,0.308,74.13,0.282,0.691,-0.248,5,8,8,WARNING,1
82,80,EVENT_ATRIUM,188,0.757,0.801,0.418,84.31,0.329,0.735,-0.601,6,8,11,WARNING,1
82,81,EVENT_ATRIUM,179,0.716,0.856,0.429,78.68,0.37,0.698,-1.135,8,7,11,WARNING,1
82,82,FESTIVAL_CORRIDOR,187,0.706,0.806,0.377,76.02,0.314,0.729,-0.132,5,7,16,WARNING,1
82,83,FESTIVAL_CORRIDOR,193,0.781,0.653,0.5,81.11,0.33,0.781,-0.999,4,6,9,WARNING,1
82,84,MALL_CONCERT_STAGE,164,0.626,0.841,0.382,67.96,0.257,0.637,-0.794,5,4,7,SAFE,0
82,85,MALL_CONCERT_STAGE,178,0.68,0.94,0.372,66.33,0.344,0.678,-0.629,11,5,4,WARNING,1
82,86,FESTIVAL_CORRIDOR,165,0.591,1.069,0.347,62.37,0.322,0.705,-0.729,3,7,13,SAFE,0
82,87,EVENT_ATRIUM,179,0.671,0.882,0.418,70.21,0.304,0.682,-0.747,4,7,9,WARNING,1
82,88,FESTIVAL_CORRIDOR,175,0.678,0.882,0.366,66.95,0.279,0.665,-0.994,6,9,4,WARNING,1
82,89,LIVE_PERFORMANCE_ZONE,170,0.662,0.734,0.379,74.29,0.425,0.709,-0.261,6,8,7,WARNING,1
83,0,LIVE_PERFORMANCE_ZONE,74,0.338,1.287,0.252,34.74,0.157,0.535,-0.828,3,3,9,SAFE,0
83,1,FESTIVAL_CORRIDOR,86,0.317,1.29,0.229,31.05,0.157,0.595,-0.722,5,4,3,SAFE,0
83,2,EVENT_ATRIUM,98,0.401,1.148,0.235,47.09,0.174,0.612,-0.128,3,2,5,SAFE,0
83,3,LIVE_PERFORMANCE_ZONE,90,0.322,1.226,0.187,42.53,0.185,0.521,-0.647,4,6,12,SAFE,0
83,4,EVENT_ATRIUM,92,0.371,1.299,0.238,55.99,0.105,0.547,-0.858,2,7,8,SAFE,0
83,5,MALL_CONCERT_STAGE,88,0.34,1.047,0.161,65.41,0.235,0.624,-0.419,1,7,5,SAFE,0
83,6,MALL_CONCERT_STAGE,101,0.387,1.179,0.209,62.43,0.155,0.634,-0.332,5,4,5,SAFE,0
83,7,EVENT_ATRIUM,86,0.34,1.319,0.167,43.47,0.143,0.516,-0.025,4,4,4,SAFE,0
83,8,MALL_CONCERT_STAGE,96,0.34,1.178,0.163,41.4,0.192,0.487,-0.24,7,4,8,SAFE,0
83,9,EVENT_ATRIUM,94,0.378,1.156,0.194,64.27,0.247,0.551,-0.476,5,4,3,SAFE,0
83,10,FESTIVAL_CORRIDOR,93,0.383,1.158,0.238,38.32,0.199,0.589,-0.396,3,5,5,SAFE,0
83,11,FESTIVAL_CORRIDOR,101,0.447,1.075,0.249,49.83,0.215,0.613,-0.118,8,8,5,SAFE,0
83,12,FESTIVAL_CORRIDOR,101,0.353,1.031,0.191,25.22,0.193,0.53,-0.276,3,5,5,SAFE,0
83,13,FESTIVAL_CORRIDOR,88,0.338,1.229,0.206,50.57,0.173,0.625,-0.99,5,3,3,SAFE,0
83,14,FESTIVAL_CORRIDOR,105,0.384,1.142,0.276,62.98,0.267,0.616,-1.147,2,4,4,SAFE,0
83,15,MALL_CONCERT_STAGE,103,0.369,1.257,0.217,49.14,0.153,0.536,-0.866,1,3,6,SAFE,0
83,16,LIVE_PERFORMANCE_ZONE,81,0.31,1.413,0.111,46.79,0.175,0.55,-0.458,3,4,5,SAFE,0
83,17,FESTIVAL_CORRIDOR,72,0.292,1.368,0.147,31.71,0.125,0.466,-0.179,3,2,5,SAFE,0
83,18,FESTIVAL_CORRIDOR,100,0.378,1.196,0.248,52.58,0.201,0.599,-0.318,3,9,4,SAFE,0
83,19,FESTIVAL_CORRIDOR,95,0.338,1.241,0.165,56.86,0.066,0.552,-1.307,3,0,1,SAFE,0
83,20,FESTIVAL_CORRIDOR,84,0.299,1.299,0.225,41.81,0.132,0.56,-0.404,4,1,3,SAFE,0
83,21,FESTIVAL_CORRIDOR,83,0.351,1.191,0.183,50.52,0.203,0.515,-0.929,7,7,1,SAFE,0
83,22,FESTIVAL_CORRIDOR,108,0.405,1.105,0.186,59.18,0.142,0.59,-0.697,1,8,1,SAFE,0
83,23,MALL_CONCERT_STAGE,93,0.269,1.422,0.205,37.72,0.158,0.493,-0.677,7,8,4,SAFE,0
83,24,FESTIVAL_CORRIDOR,96,0.332,1.344,0.178,37.64,0.193,0.54,-0.884,6,5,5,SAFE,0
83,25,LIVE_PERFORMANCE_ZONE,83,0.291,1.222,0.128,46.59,0.19,0.513,-0.744,1,3,3,SAFE,0
83,26,LIVE_PERFORMANCE_ZONE,104,0.397,1.251,0.295,54.87,0.181,0.687,-0.924,4,8,6,SAFE,0
83,27,FESTIVAL_CORRIDOR,129,0.507,1.057,0.238,52.61,0.258,0.612,-0.621,4,4,8,SAFE,0
83,28,MALL_CONCERT_STAGE,106,0.411,1.252,0.311,39.67,0.135,0.577,-0.63,6,11,5,SAFE,0
83,29,EVENT_ATRIUM,106,0.427,1.085,0.353,56.77,0.22,0.625,-0.515,5,8,3,SAFE,0
83,30,FESTIVAL_CORRIDOR,119,0.46,0.971,0.273,60.74,0.29,0.576,-0.318,5,8,5,SAFE,0
83,31,FESTIVAL_CORRIDOR,113,0.43,1.145,0.204,51.31,0.253,0.627,-0.752,5,7,9,SAFE,0
83,32,LIVE_PERFORMANCE_ZONE,92,0.383,1.222,0.169,50.53,0.196,0.536,-0.468,7,3,6,SAFE,0
83,33,FESTIVAL_CORRIDOR,118,0.437,1.213,0.208,60.37,0.286,0.645,-0.1,3,4,6,SAFE,0
83,34,FESTIVAL_CORRIDOR,134,0.502,1.084,0.294,64.27,0.216,0.579,-0.895,8,9,8,SAFE,0
83,35,EVENT_ATRIUM,128,0.521,1.064,0.395,62.96,0.197,0.656,-0.367,6,5,8,SAFE,0
83,36,EVENT_ATRIUM,132,0.514,0.922,0.285,63.52,0.223,0.603,-0.516,7,6,4,SAFE,0
83,37,EVENT_ATRIUM,126,0.446,1.213,0.248,66.63,0.186,0.627,-0.577,6,4,10,SAFE,0
83,38,MALL_CONCERT_STAGE,120,0.465,1.08,0.251,58.7,0.21,0.647,-0.321,3,10,6,SAFE,0
83,39,FESTIVAL_CORRIDOR,123,0.49,1.032,0.266,62.82,0.27,0.65,-0.759,7,1,6,SAFE,0
83,40,FESTIVAL_CORRIDOR,149,0.508,1.05,0.312,63.57,0.222,0.545,-0.762,7,4,8,SAFE,0
83,41,MALL_CONCERT_STAGE,143,0.55,1.011,0.366,54.38,0.29,0.587,-0.514,3,3,5,SAFE,0
83,42,FESTIVAL_CORRIDOR,143,0.588,1.047,0.356,65.66,0.246,0.687,-1.013,7,7,8,SAFE,0
83,43,EVENT_ATRIUM,138,0.493,1.201,0.26,45.13,0.138,0.609,-0.385,7,11,5,SAFE,0
83,44,LIVE_PERFORMANCE_ZONE,148,0.556,1.015,0.357,66.62,0.305,0.644,-0.662,5,5,7,SAFE,0
83,45,EVENT_ATRIUM,139,0.528,1.015,0.265,57.25,0.218,0.591,-0.629,5,7,4,SAFE,0
83,46,EVENT_ATRIUM,160,0.573,0.908,0.246,57.49,0.215,0.714,-1.081,5,9,5,SAFE,0
83,47,LIVE_PERFORMANCE_ZONE,131,0.501,1.015,0.295,56.05,0.209,0.649,-0.739,9,6,8,SAFE,0
83,48,MALL_CONCERT_STAGE,146,0.56,0.921,0.285,63.88,0.254,0.648,-0.33,6,8,8,SAFE,0
83,49,MALL_CONCERT_STAGE,152,0.572,1.006,0.314,62.01,0.243,0.661,-1.263,11,8,11,SAFE,0
83,50,MALL_CONCERT_STAGE,152,0.625,0.962,0.4,72.26,0.332,0.752,-0.796,3,6,3,WARNING,1
83,51,MALL_CONCERT_STAGE,147,0.596,0.966,0.236,74.49,0.334,0.696,-0.597,4,10,6,SAFE,0
83,52,EVENT_ATRIUM,147,0.62,0.778,0.323,70.4,0.27,0.647,-0.618,6,8,6,SAFE,0
83,53,LIVE_PERFORMANCE_ZONE,149,0.535,0.93,0.305,64.92,0.227,0.652,-1.13,5,6,9,SAFE,0
83,54,FESTIVAL_CORRIDOR,153,0.587,0.953,0.329,73.04,0.302,0.769,-0.287,1,3,5,WARNING,1
83,55,FESTIVAL_CORRIDOR,139,0.526,0.962,0.335,54.91,0.303,0.583,-0.313,2,12,7,SAFE,0
83,56,MALL_CONCERT_STAGE,127,0.498,1.03,0.303,61.27,0.267,0.608,-0.454,8,9,8,SAFE,0
83,57,FESTIVAL_CORRIDOR,115,0.464,1.033,0.182,44.83,0.247,0.557,-0.657,3,4,5,SAFE,0
83,58,EVENT_ATRIUM,135,0.547,0.991,0.325,61.28,0.309,0.655,-1.118,6,7,8,SAFE,0
83,59,MALL_CONCERT_STAGE,158,0.535,1.027,0.294,57.5,0.203,0.626,-0.418,2,9,9,SAFE,0
83,60,LIVE_PERFORMANCE_ZONE,120,0.444,1.243,0.166,56.92,0.217,0.632,-0.641,3,5,7,SAFE,0
83,61,MALL_CONCERT_STAGE,127,0.516,1.098,0.316,61.09,0.235,0.607,-0.56,4,6,6,SAFE,0
83,62,LIVE_PERFORMANCE_ZONE,102,0.427,1.227,0.148,53.65,0.247,0.632,-0.167,3,1,7,SAFE,0
83,63,EVENT_ATRIUM,123,0.442,1.173,0.248,54.77,0.213,0.54,-1.378,7,7,9,SAFE,0
83,64,MALL_CONCERT_STAGE,100,0.326,1.203,0.196,55.32,0.157,0.446,-0.188,6,7,6,SAFE,0
83,65,EVENT_ATRIUM,107,0.42,1.069,0.304,49.53,0.199,0.516,-0.411,6,8,6,SAFE,0
83,66,FESTIVAL_CORRIDOR,105,0.464,1.098,0.303,53.89,0.211,0.681,-0.877,4,9,5,SAFE,0
83,67,MALL_CONCERT_STAGE,117,0.435,1.031,0.262,50.25,0.183,0.64,-0.491,4,4,6,SAFE,0
83,68,LIVE_PERFORMANCE_ZONE,96,0.334,1.248,0.216,44.9,0.202,0.536,-0.356,8,6,3,SAFE,0
83,69,MALL_CONCERT_STAGE,115,0.391,1.322,0.212,43.69,0.189,0.56,-0.239,3,10,0,SAFE,0
83,70,FESTIVAL_CORRIDOR,100,0.413,1.14,0.247,51.9,0.19,0.522,-0.869,1,5,5,SAFE,0
83,71,MALL_CONCERT_STAGE,96,0.382,1.051,0.188,59.98,0.216,0.595,-1.056,4,3,7,SAFE,0
83,72,MALL_CONCERT_STAGE,105,0.415,1.118,0.156,50.71,0.188,0.466,-0.214,1,5,1,SAFE,0
83,73,MALL_CONCERT_STAGE,83,0.288,1.308,0.191,46.42,0.154,0.549,-0.83,8,2,4,SAFE,0
83,74,MALL_CONCERT_STAGE,85,0.284,1.294,0.213,43.62,0.146,0.553,-0.6,2,3,9,SAFE,0
83,75,FESTIVAL_CORRIDOR,70,0.28,1.425,0.111,30.59,0.072,0.544,-0.647,3,3,6,SAFE,0
83,76,LIVE_PERFORMANCE_ZONE,95,0.393,1.354,0.113,49.56,0.174,0.63,-1.033,4,5,6,SAFE,0
83,77,MALL_CONCERT_STAGE,74,0.269,1.377,0.128,41.48,0.089,0.603,-0.132,2,5,4,SAFE,0
83,78,MALL_CONCERT_STAGE,93,0.358,1.331,0.214,38.68,0.184,0.561,-0.581,7,6,3,SAFE,0
83,79,FESTIVAL_CORRIDOR,90,0.329,1.077,0.135,50.65,0.148,0.562,-0.197,6,5,6,SAFE,0
83,80,MALL_CONCERT_STAGE,92,0.41,1.188,0.252,66.75,0.162,0.557,-0.384,7,6,6,SAFE,0
83,81,EVENT_ATRIUM,87,0.323,1.252,0.17,53.55,0.163,0.555,-0.846,4,6,2,SAFE,0
83,82,MALL_CONCERT_STAGE,99,0.376,1.246,0.183,48.46,0.232,0.606,0.271,4,8,3,SAFE,0
83,83,MALL_CONCERT_STAGE,91,0.342,1.204,0.193,46.45,0.118,0.524,-0.291,3,3,6,SAFE,0
83,84,EVENT_ATRIUM,93,0.391,1.182,0.253,53.58,0.179,0.55,-1.18,2,5,6,SAFE,0
83,85,MALL_CONCERT_STAGE,82,0.287,1.3,0.171,39.3,0.122,0.475,0.072,4,1,3,SAFE,0
83,86,EVENT_ATRIUM,86,0.307,1.317,0.193,41.96,0.17,0.435,-0.182,4,3,2,SAFE,0
83,87,LIVE_PERFORMANCE_ZONE,106,0.415,1.074,0.237,47.73,0.21,0.56,-0.015,1,6,5,SAFE,0
83,88,LIVE_PERFORMANCE_ZONE,109,0.415,1.289,0.273,57.84,0.156,0.468,-0.168,2,6,4,SAFE,0
83,89,FESTIVAL_CORRIDOR,85,0.34,1.188,0.063,37.72,0.14,0.477,-0.162,1,3,2,SAFE,0
84,0,FESTIVAL_CORRIDOR,195,0.765,0.638,0.457,82.69,0.328,0.776,-0.3,1,14,5,WARNING,1
84,1,FESTIVAL_CORRIDOR,190,0.724,0.745,0.348,69.48,0.332,0.779,-0.907,4,6,9,WARNING,1
84,2,MALL_CONCERT_STAGE,190,0.743,0.698,0.42,88.85,0.379,0.661,-1.046,9,10,8,WARNING,1
84,3,MALL_CONCERT_STAGE,203,0.791,0.854,0.501,81.2,0.361,0.873,-1.205,4,9,11,WARNING,1
84,4,LIVE_PERFORMANCE_ZONE,202,0.771,0.779,0.431,77.11,0.377,0.795,-1.704,4,11,8,WARNING,1
84,5,MALL_CONCERT_STAGE,212,0.799,0.857,0.465,89.92,0.353,0.766,-0.952,1,13,8,WARNING,1
84,6,EVENT_ATRIUM,176,0.682,0.697,0.372,71.03,0.324,0.709,-1.802,3,18,7,WARNING,1
84,7,EVENT_ATRIUM,183,0.728,0.557,0.459,92.23,0.32,0.783,0.1,10,11,7,WARNING,1
84,8,EVENT_ATRIUM,210,0.827,0.707,0.383,83.42,0.411,0.847,-1.013,11,13,11,WARNING,1
84,9,LIVE_PERFORMANCE_ZONE,173,0.668,0.91,0.416,67.92,0.33,0.732,-0.629,4,8,9,WARNING,1
84,10,LIVE_PERFORMANCE_ZONE,193,0.776,0.826,0.392,85.82,0.368,0.857,-0.814,3,11,11,WARNING,1
84,11,MALL_CONCERT_STAGE,200,0.742,0.868,0.377,77.36,0.335,0.737,-0.768,4,15,8,WARNING,1
84,12,EVENT_ATRIUM,198,0.743,0.849,0.435,69.71,0.345,0.698,-0.68,4,10,9,WARNING,1
84,13,LIVE_PERFORMANCE_ZONE,200,0.701,0.769,0.394,72.01,0.298,0.804,-1.123,7,4,11,WARNING,1
84,14,MALL_CONCERT_STAGE,193,0.73,0.948,0.385,75.56,0.301,0.939,-0.743,7,8,7,WARNING,1
84,15,FESTIVAL_CORRIDOR,216,0.836,0.831,0.451,90.93,0.434,0.738,-0.32,8,12,10,WARNING,1
84,16,FESTIVAL_CORRIDOR,205,0.765,0.697,0.348,86.25,0.329,0.82,-1.05,5,10,11,WARNING,1
84,17,EVENT_ATRIUM,182,0.694,0.704,0.439,73.4,0.296,0.761,-1.075,4,8,6,WARNING,1
84,18,EVENT_ATRIUM,201,0.771,0.805,0.47,79.71,0.332,0.825,-0.274,9,11,14,WARNING,1
84,19,EVENT_ATRIUM,201,0.757,0.777,0.397,78.99,0.369,0.718,-0.957,6,9,13,WARNING,1
84,20,MALL_CONCERT_STAGE,185,0.748,0.686,0.412,77.19,0.339,0.777,-0.599,10,8,10,WARNING,1
84,21,FESTIVAL_CORRIDOR,192,0.705,0.79,0.414,66.13,0.245,0.682,-0.815,8,7,12,WARNING,1
84,22,FESTIVAL_CORRIDOR,197,0.741,0.853,0.424,82.75,0.321,0.72,-0.927,4,9,12,WARNING,1
84,23,LIVE_PERFORMANCE_ZONE,176,0.677,0.88,0.365,83.21,0.18,0.734,-0.63,4,9,8,WARNING,1
84,24,EVENT_ATRIUM,200,0.782,0.786,0.451,92.03,0.331,0.773,-0.544,3,9,9,WARNING,1
84,25,EVENT_ATRIUM,213,0.811,0.846,0.499,96.08,0.359,0.773,-0.974,10,10,10,WARNING,1
84,26,EVENT_ATRIUM,202,0.727,0.766,0.368,81.42,0.364,0.808,-0.835,6,11,9,WARNING,1
84,27,EVENT_ATRIUM,197,0.797,0.789,0.369,92.35,0.353,0.8,-0.984,6,17,9,WARNING,1
84,28,LIVE_PERFORMANCE_ZONE,212,0.787,0.839,0.416,82.48,0.369,0.789,-0.708,8,9,15,WARNING,1
84,29,LIVE_PERFORMANCE_ZONE,198,0.742,0.812,0.39,72.6,0.341,0.653,0.12,5,13,10,WARNING,1
84,30,LIVE_PERFORMANCE_ZONE,195,0.769,0.621,0.375,67.62,0.333,0.778,-1.447,6,8,8,WARNING,1
84,31,EVENT_ATRIUM,189,0.741,0.9,0.349,74.86,0.437,0.754,-0.802,8,8,9,WARNING,1
84,32,MALL_CONCERT_STAGE,198,0.752,0.765,0.355,76.89,0.264,0.791,-1.298,9,8,9,WARNING,1
84,33,EVENT_ATRIUM,176,0.767,0.674,0.391,84.65,0.398,0.694,-1.337,2,8,6,WARNING,1
84,34,EVENT_ATRIUM,225,0.917,0.602,0.497,97.54,0.404,0.726,-0.651,10,11,13,WARNING,1
84,35,MALL_CONCERT_STAGE,213,0.887,0.583,0.446,93.88,0.393,0.808,-1.092,11,15,8,WARNING,1
84,36,FESTIVAL_CORRIDOR,201,0.817,0.617,0.496,88.65,0.416,0.804,-0.727,11,10,10,WARNING,1
84,37,MALL_CONCERT_STAGE,193,0.718,0.749,0.342,79.51,0.338,0.726,-0.509,10,14,12,WARNING,1
84,38,LIVE_PERFORMANCE_ZONE,192,0.751,0.827,0.493,77.08,0.383,0.695,-1.123,9,15,7,WARNING,1
84,39,MALL_CONCERT_STAGE,204,0.773,0.668,0.415,76.93,0.394,0.874,-1.001,2,8,11,WARNING,1
84,40,FESTIVAL_CORRIDOR,202,0.813,0.729,0.518,86.29,0.436,0.842,-0.99,6,9,3,WARNING,1
84,41,EVENT_ATRIUM,209,0.786,0.769,0.427,91.29,0.454,0.802,-0.829,11,7,7,WARNING,1
84,42,EVENT_ATRIUM,203,0.768,0.745,0.466,67.98,0.354,0.823,-0.605,4,7,10,WARNING,1
84,43,EVENT_ATRIUM,221,0.846,0.709,0.454,80.01,0.41,0.736,-1.729,7,9,14,WARNING,1
84,44,EVENT_ATRIUM,195,0.745,0.87,0.517,77.9,0.321,0.81,-0.905,3,7,5,WARNING,1
84,45,LIVE_PERFORMANCE_ZONE,216,0.816,0.691,0.533,80.52,0.439,0.833,-0.335,8,6,7,WARNING,1
84,46,MALL_CONCERT_STAGE,221,0.842,0.562,0.531,90.57,0.432,0.924,-1.377,7,5,10,WARNING,1
84,47,EVENT_ATRIUM,206,0.801,0.675,0.459,88.13,0.363,0.857,-0.398,8,11,15,WARNING,1
84,48,MALL_CONCERT_STAGE,207,0.847,0.606,0.495,70.57,0.433,0.847,-0.742,7,8,12,WARNING,1
84,49,EVENT_ATRIUM,224,0.8,0.8,0.451,85.37,0.382,0.74,-0.681,5,4,8,WARNING,1
84,50,FESTIVAL_CORRIDOR,220,0.798,0.704,0.427,84.42,0.385,0.846,-0.493,5,13,10,WARNING,1
84,51,EVENT_ATRIUM,218,0.833,0.661,0.535,90.58,0.394,0.825,-0.587,4,6,5,WARNING,1
84,52,EVENT_ATRIUM,232,0.929,0.387,0.5,89.07,0.376,0.918,-1.519,7,20,11,WARNING,1
84,53,MALL_CONCERT_STAGE,222,0.885,0.52,0.524,86.61,0.35,0.804,-1.065,7,7,9,WARNING,1
84,54,FESTIVAL_CORRIDOR,241,0.969,0.595,0.482,90.91,0.448,0.927,-0.885,7,15,8,HIGH,2
84,55,FESTIVAL_CORRIDOR,237,0.916,0.667,0.553,91.74,0.522,0.884,-0.906,4,12,9,HIGH,2
84,56,MALL_CONCERT_STAGE,241,0.985,0.423,0.4,115.21,0.474,0.841,-0.722,4,20,10,HIGH,2
84,57,MALL_CONCERT_STAGE,244,0.971,0.548,0.551,89.47,0.431,0.859,-0.886,3,17,11,HIGH,2
84,58,LIVE_PERFORMANCE_ZONE,246,0.957,0.563,0.542,96.74,0.426,0.892,-1.087,11,9,15,HIGH,2
84,59,FESTIVAL_CORRIDOR,251,0.993,0.514,0.506,91.1,0.452,0.901,-0.41,9,8,10,HIGH,2
84,60,EVENT_ATRIUM,263,1,0.559,0.513,104.61,0.553,0.949,-1.155,3,11,11,HIGH,2
84,61,MALL_CONCERT_STAGE,264,0.999,0.363,0.472,89.21,0.481,0.892,-0.607,5,18,10,HIGH,2
84,62,MALL_CONCERT_STAGE,223,0.871,0.584,0.411,87.02,0.363,0.785,-1.307,7,15,10,WARNING,1
84,63,MALL_CONCERT_STAGE,261,0.984,0.527,0.61,98.1,0.445,0.968,-0.582,6,16,11,HIGH,2
84,64,LIVE_PERFORMANCE_ZONE,267,0.971,0.537,0.438,100.57,0.45,0.888,-1.225,3,16,13,HIGH,2
84,65,MALL_CONCERT_STAGE,259,0.934,0.674,0.522,94.47,0.435,0.842,-0.715,5,18,12,HIGH,2
84,66,EVENT_ATRIUM,270,1,0.492,0.521,98.88,0.466,0.897,-1.039,8,14,14,HIGH,2
84,67,LIVE_PERFORMANCE_ZONE,252,0.956,0.436,0.511,93.47,0.421,0.814,-1.171,5,10,7,HIGH,2
84,68,LIVE_PERFORMANCE_ZONE,247,0.931,0.562,0.598,80.56,0.43,0.879,-1.237,5,8,18,HIGH,2
84,69,LIVE_PERFORMANCE_ZONE,245,0.955,0.504,0.515,93.53,0.435,0.889,-0.29,5,11,12,HIGH,2
84,70,FESTIVAL_CORRIDOR,238,0.892,0.586,0.577,86.69,0.461,0.842,-0.798,13,14,12,WARNING,1
84,71,FESTIVAL_CORRIDOR,240,0.942,0.571,0.535,94.92,0.523,0.924,-1.332,4,11,5,HIGH,2
84,72,FESTIVAL_CORRIDOR,236,0.866,0.782,0.489,92.16,0.355,0.785,-0.676,4,8,16,WARNING,1
84,73,EVENT_ATRIUM,247,0.952,0.656,0.531,93.59,0.499,0.797,-0.55,7,20,9,HIGH,2
84,74,MALL_CONCERT_STAGE,245,0.964,0.441,0.574,92.16,0.449,0.79,-0.413,2,18,9,HIGH,2
84,75,FESTIVAL_CORRIDOR,231,0.855,0.63,0.48,75.54,0.487,0.877,-1.326,8,13,15,WARNING,1
84,76,MALL_CONCERT_STAGE,236,0.91,0.597,0.504,93.83,0.436,0.885,-0.741,10,9,13,WARNING,1
84,77,EVENT_ATRIUM,207,0.804,0.678,0.438,95.92,0.413,0.8,-0.668,5,5,9,WARNING,1
84,78,EVENT_ATRIUM,234,0.92,0.518,0.407,94.82,0.464,0.883,-1.519,5,15,12,WARNING,1
84,79,FESTIVAL_CORRIDOR,210,0.808,0.76,0.406,91.25,0.319,0.873,-0.962,5,10,6,WARNING,1
84,80,FESTIVAL_CORRIDOR,214,0.813,0.738,0.417,87,0.34,0.799,-1.3,10,7,10,WARNING,1
84,81,MALL_CONCERT_STAGE,196,0.738,0.687,0.402,76.99,0.306,0.719,-0.952,6,7,13,WARNING,1
84,82,FESTIVAL_CORRIDOR,212,0.809,0.85,0.495,84.69,0.41,0.792,-0.211,8,9,12,WARNING,1
84,83,MALL_CONCERT_STAGE,222,0.824,0.656,0.436,79.8,0.395,0.84,-1.258,8,11,10,WARNING,1
84,84,LIVE_PERFORMANCE_ZONE,198,0.775,0.782,0.373,77.88,0.343,0.832,-1.782,5,8,6,WARNING,1
84,85,MALL_CONCERT_STAGE,192,0.774,0.708,0.377,94.06,0.442,0.761,-0.589,9,12,8,WARNING,1
84,86,LIVE_PERFORMANCE_ZONE,198,0.786,0.85,0.483,82.82,0.383,0.738,-0.98,7,10,6,WARNING,1
84,87,MALL_CONCERT_STAGE,186,0.664,0.947,0.349,65.76,0.355,0.789,-1.026,5,7,7,WARNING,1
84,88,MALL_CONCERT_STAGE,199,0.726,0.906,0.354,86.94,0.349,0.776,-1.13,8,9,10,WARNING,1
84,89,LIVE_PERFORMANCE_ZONE,217,0.808,0.813,0.431,84.22,0.367,0.856,-0.684,5,6,12,WARNING,1
85,0,FESTIVAL_CORRIDOR,206,0.855,0.715,0.423,76.26,0.438,0.801,-0.679,11,17,6,WARNING,1
85,1,MALL_CONCERT_STAGE,202,0.778,0.64,0.348,71.42,0.405,0.779,-0.593,4,11,9,WARNING,1
85,2,LIVE_PERFORMANCE_ZONE,216,0.852,0.744,0.382,81.08,0.343,0.81,-0.52,8,12,8,WARNING,1
85,3,LIVE_PERFORMANCE_ZONE,199,0.8,0.673,0.459,79.2,0.371,0.769,-0.45,7,6,6,WARNING,1
85,4,EVENT_ATRIUM,221,0.874,0.789,0.487,86.17,0.424,0.748,-0.669,3,12,7,WARNING,1
85,5,MALL_CONCERT_STAGE,232,0.848,0.654,0.504,89.29,0.405,0.843,-0.608,13,12,14,WARNING,1
85,6,FESTIVAL_CORRIDOR,225,0.86,0.805,0.408,91.51,0.437,0.816,-0.863,9,24,2,WARNING,1
85,7,MALL_CONCERT_STAGE,239,0.928,0.706,0.542,87.9,0.439,0.881,-1.33,6,10,8,HIGH,2
85,8,MALL_CONCERT_STAGE,227,0.861,0.743,0.485,89.16,0.326,0.844,-0.836,5,8,10,WARNING,1
85,9,MALL_CONCERT_STAGE,216,0.885,0.619,0.516,87.73,0.362,0.899,-0.954,6,13,10,WARNING,1
85,10,EVENT_ATRIUM,223,0.852,0.605,0.489,90.69,0.389,0.806,-1.225,8,8,10,WARNING,1
85,11,FESTIVAL_CORRIDOR,223,0.849,0.527,0.444,84.62,0.496,0.837,-0.796,7,9,8,WARNING,1
85,12,EVENT_ATRIUM,204,0.801,0.708,0.528,86.78,0.368,0.848,-0.661,4,9,8,WARNING,1
85,13,EVENT_ATRIUM,205,0.782,0.81,0.397,74.31,0.464,0.76,-0.286,6,12,13,WARNING,1
85,14,FESTIVAL_CORRIDOR,228,0.914,0.649,0.56,93.34,0.36,0.858,-1.073,5,11,11,WARNING,1
85,15,FESTIVAL_CORRIDOR,227,0.858,0.476,0.575,86.84,0.446,0.838,-1.439,9,8,6,WARNING,1
85,16,FESTIVAL_CORRIDOR,193,0.771,0.797,0.542,95.33,0.359,0.768,-1.072,6,7,6,WARNING,1
85,17,EVENT_ATRIUM,256,0.96,0.512,0.536,86.78,0.439,0.949,-1.012,7,14,11,HIGH,2
85,18,MALL_CONCERT_STAGE,238,1,0.459,0.587,112.2,0.429,0.84,-0.782,2,8,10,HIGH,2
85,19,EVENT_ATRIUM,218,0.869,0.666,0.437,91.63,0.428,0.897,-1.281,2,10,13,WARNING,1
85,20,MALL_CONCERT_STAGE,246,0.939,0.55,0.495,110.28,0.489,0.821,-1.054,11,16,15,HIGH,2
85,21,LIVE_PERFORMANCE_ZONE,243,0.933,0.559,0.602,102.34,0.475,0.807,-1.515,5,15,16,HIGH,2
85,22,FESTIVAL_CORRIDOR,249,0.972,0.483,0.501,94.26,0.5,0.878,-1.219,9,13,14,HIGH,2
85,23,LIVE_PERFORMANCE_ZONE,236,0.883,0.613,0.591,87.27,0.423,0.792,-0.594,8,15,9,WARNING,1
85,24,EVENT_ATRIUM,266,1,0.48,0.504,93.61,0.457,0.899,-0.917,8,9,9,HIGH,2
85,25,MALL_CONCERT_STAGE,254,0.988,0.424,0.542,109.63,0.451,0.869,-0.705,4,13,8,HIGH,2
85,26,EVENT_ATRIUM,264,1,0.587,0.526,101.6,0.508,0.841,-0.882,10,12,7,HIGH,2
85,27,MALL_CONCERT_STAGE,250,0.964,0.519,0.468,98.28,0.476,0.825,-0.602,7,10,11,HIGH,2
85,28,LIVE_PERFORMANCE_ZONE,261,1,0.498,0.581,118.3,0.518,0.927,-0.745,12,16,12,HIGH,2
85,29,LIVE_PERFORMANCE_ZONE,257,1,0.367,0.563,92.31,0.515,0.946,-1.327,7,18,11,HIGH,2
85,30,FESTIVAL_CORRIDOR,265,1,0.519,0.532,97.89,0.495,0.837,-0.77,6,11,22,HIGH,2
85,31,MALL_CONCERT_STAGE,273,1,0.497,0.594,98.67,0.562,0.893,-1.343,7,17,16,HIGH,2
85,32,EVENT_ATRIUM,271,1,0.534,0.493,109.69,0.417,0.884,-0.888,5,19,10,HIGH,2
85,33,MALL_CONCERT_STAGE,268,0.995,0.418,0.517,84.63,0.497,0.935,-0.554,13,13,13,HIGH,2
85,34,EVENT_ATRIUM,264,1,0.514,0.519,98.21,0.48,0.95,-1.786,5,5,13,HIGH,2
85,35,MALL_CONCERT_STAGE,275,1,0.493,0.537,95.49,0.477,0.912,-1.116,4,7,13,HIGH,2
85,36,FESTIVAL_CORRIDOR,278,1,0.512,0.445,105.37,0.499,0.895,-0.819,6,13,12,HIGH,2
85,37,LIVE_PERFORMANCE_ZONE,267,1,0.459,0.523,86.3,0.516,0.924,-0.664,5,14,19,HIGH,2
85,38,LIVE_PERFORMANCE_ZONE,281,1,0.385,0.476,98.75,0.444,0.945,-1.029,10,20,9,HIGH,2
85,39,LIVE_PERFORMANCE_ZONE,263,1,0.491,0.597,101.52,0.525,0.96,-1.34,8,15,14,HIGH,2
85,40,EVENT_ATRIUM,269,1,0.511,0.452,88.51,0.475,0.911,-0.84,5,11,9,HIGH,2
85,41,LIVE_PERFORMANCE_ZONE,266,1,0.464,0.547,95.65,0.422,0.919,-0.595,5,15,13,HIGH,2
85,42,MALL_CONCERT_STAGE,257,1,0.53,0.503,96.8,0.483,0.795,-0.602,11,7,16,HIGH,2
85,43,MALL_CONCERT_STAGE,275,1,0.337,0.515,99.64,0.478,0.871,-1.537,7,9,11,HIGH,2
85,44,LIVE_PERFORMANCE_ZONE,258,1,0.573,0.547,95.35,0.452,0.928,-1.252,6,15,12,HIGH,2
85,45,EVENT_ATRIUM,258,0.967,0.491,0.531,91.47,0.434,0.875,-1.069,7,20,12,HIGH,2
85,46,LIVE_PERFORMANCE_ZONE,252,0.948,0.674,0.473,108.29,0.424,0.889,-0.912,10,10,13,HIGH,2
85,47,MALL_CONCERT_STAGE,263,1,0.459,0.516,107.82,0.425,0.895,-0.926,10,17,8,HIGH,2
85,48,LIVE_PERFORMANCE_ZONE,245,0.905,0.667,0.484,104.77,0.397,0.815,-0.41,9,12,13,WARNING,1
85,49,MALL_CONCERT_STAGE,246,0.99,0.506,0.549,108.32,0.49,0.878,-1.799,3,14,10,HIGH,2
85,50,MALL_CONCERT_STAGE,232,0.897,0.735,0.523,91.34,0.426,0.778,-1.651,8,11,10,WARNING,1
85,51,LIVE_PERFORMANCE_ZONE,238,0.973,0.646,0.524,94.09,0.407,0.954,-1.044,4,14,13,HIGH,2
85,52,LIVE_PERFORMANCE_ZONE,247,0.985,0.415,0.518,94.73,0.466,0.849,-0.42,6,19,11,HIGH,2
85,53,LIVE_PERFORMANCE_ZONE,233,0.865,0.623,0.464,75.05,0.422,0.843,-0.763,7,8,15,WARNING,1
85,54,MALL_CONCERT_STAGE,245,0.92,0.731,0.51,84.96,0.433,0.961,-0.475,9,17,11,HIGH,2
85,55,LIVE_PERFORMANCE_ZONE,230,0.937,0.469,0.55,83.49,0.433,0.914,-1.239,8,17,10,HIGH,2
85,56,FESTIVAL_CORRIDOR,210,0.821,0.626,0.444,82.72,0.422,0.782,-0.817,4,12,10,WARNING,1
85,57,FESTIVAL_CORRIDOR,233,0.876,0.586,0.437,84.74,0.413,0.922,-0.958,4,8,11,WARNING,1
85,58,EVENT_ATRIUM,211,0.79,0.732,0.325,88.27,0.312,0.735,-1.419,4,9,6,WARNING,1
85,59,FESTIVAL_CORRIDOR,213,0.817,0.749,0.499,79.87,0.373,0.814,-0.872,8,4,8,WARNING,1
85,60,FESTIVAL_CORRIDOR,211,0.792,0.804,0.416,76.96,0.451,0.758,-1.035,5,9,7,WARNING,1
85,61,LIVE_PERFORMANCE_ZONE,218,0.832,0.657,0.386,101.6,0.375,0.904,-0.838,7,19,1,WARNING,1
85,62,LIVE_PERFORMANCE_ZONE,227,0.917,0.564,0.653,88.95,0.407,0.855,-1.216,8,8,8,HIGH,2
85,63,EVENT_ATRIUM,215,0.83,0.78,0.471,76.23,0.415,0.763,-1.609,7,10,11,WARNING,1
85,64,EVENT_ATRIUM,229,0.87,0.609,0.51,82.95,0.407,0.838,-0.442,7,9,7,WARNING,1
85,65,FESTIVAL_CORRIDOR,215,0.856,0.846,0.464,82.1,0.414,0.838,-0.86,4,12,8,WARNING,1
85,66,EVENT_ATRIUM,207,0.816,0.75,0.453,81.87,0.391,0.848,-0.217,7,10,5,WARNING,1
85,67,MALL_CONCERT_STAGE,214,0.816,0.773,0.414,84.76,0.429,0.812,-1.398,5,8,10,WARNING,1
85,68,EVENT_ATRIUM,229,0.884,0.658,0.363,95.32,0.489,0.887,-1.142,12,11,12,WARNING,1
85,69,FESTIVAL_CORRIDOR,216,0.837,0.625,0.459,88.83,0.471,0.752,-0.683,6,6,13,WARNING,1
85,70,FESTIVAL_CORRIDOR,216,0.877,0.551,0.408,91.05,0.425,0.843,-1.01,10,15,12,WARNING,1
85,71,LIVE_PERFORMANCE_ZONE,208,0.838,0.661,0.492,74.06,0.382,0.81,-0.383,6,13,9,WARNING,1
85,72,MALL_CONCERT_STAGE,211,0.807,0.733,0.364,77.28,0.375,0.761,-0.915,3,12,11,WARNING,1
85,73,LIVE_PERFORMANCE_ZONE,210,0.79,0.679,0.331,70.25,0.424,0.817,-0.547,12,14,7,WARNING,1
85,74,FESTIVAL_CORRIDOR,193,0.755,0.762,0.377,94.75,0.392,0.777,-0.728,8,9,6,WARNING,1
85,75,MALL_CONCERT_STAGE,221,0.835,0.736,0.529,86.14,0.43,0.798,-0.737,8,12,9,WARNING,1
85,76,MALL_CONCERT_STAGE,186,0.764,0.722,0.353,72.09,0.392,0.872,-0.712,6,8,11,WARNING,1
85,77,EVENT_ATRIUM,208,0.809,0.627,0.466,87.49,0.378,0.805,-0.898,6,7,6,WARNING,1
85,78,MALL_CONCERT_STAGE,215,0.826,0.681,0.513,86.58,0.446,0.802,-0.937,3,7,9,WARNING,1
85,79,FESTIVAL_CORRIDOR,208,0.8,0.626,0.478,82.89,0.338,0.774,-0.657,2,9,11,WARNING,1
85,80,LIVE_PERFORMANCE_ZONE,204,0.751,0.917,0.435,80.56,0.24,0.784,-0.679,5,13,12,WARNING,1
85,81,EVENT_ATRIUM,222,0.841,0.737,0.402,86.62,0.371,0.689,-0.744,6,13,11,WARNING,1
85,82,LIVE_PERFORMANCE_ZONE,222,0.868,0.604,0.382,96.55,0.501,0.759,-0.573,9,6,10,WARNING,1
85,83,FESTIVAL_CORRIDOR,218,0.847,0.622,0.384,76.22,0.361,0.894,-1.439,7,15,14,WARNING,1
85,84,FESTIVAL_CORRIDOR,222,0.911,0.667,0.615,97.92,0.353,0.88,-1,8,12,7,HIGH,2
85,85,LIVE_PERFORMANCE_ZONE,216,0.814,0.571,0.441,78.56,0.36,0.75,-1.481,8,10,3,WARNING,1
85,86,EVENT_ATRIUM,213,0.806,0.763,0.403,79.97,0.432,0.806,-0.801,6,14,8,WARNING,1
85,87,MALL_CONCERT_STAGE,208,0.741,0.917,0.418,82.6,0.369,0.817,-0.927,7,8,8,WARNING,1
85,88,EVENT_ATRIUM,201,0.797,0.792,0.419,91,0.403,0.854,-1.176,6,8,13,WARNING,1
85,89,FESTIVAL_CORRIDOR,221,0.839,0.722,0.42,77.77,0.461,0.798,-0.648,8,9,15,WARNING,1
86,0,MALL_CONCERT_STAGE,193,0.782,0.756,0.472,66.56,0.355,0.823,-0.659,5,10,12,WARNING,1
86,1,MALL_CONCERT_STAGE,200,0.751,0.653,0.409,78.36,0.318,0.704,-0.943,7,7,8,WARNING,1
86,2,EVENT_ATRIUM,198,0.78,0.639,0.435,85.15,0.412,0.733,-1.108,8,4,4,WARNING,1
86,3,MALL_CONCERT_STAGE,175,0.652,0.808,0.336,71.68,0.275,0.718,-0.699,7,10,13,WARNING,1
86,4,FESTIVAL_CORRIDOR,201,0.783,0.818,0.378,79.05,0.404,0.801,-0.875,2,3,11,WARNING,1
86,5,EVENT_ATRIUM,195,0.773,0.76,0.445,77.96,0.408,0.722,-0.619,4,12,13,WARNING,1
86,6,EVENT_ATRIUM,194,0.748,0.774,0.41,76.54,0.33,0.78,-0.471,5,9,7,WARNING,1
86,7,EVENT_ATRIUM,190,0.774,0.667,0.451,73.73,0.409,0.756,-0.623,11,12,10,WARNING,1
86,8,MALL_CONCERT_STAGE,194,0.694,0.806,0.32,74.95,0.373,0.788,-0.799,8,10,11,WARNING,1
86,9,FESTIVAL_CORRIDOR,192,0.738,0.91,0.387,76.55,0.323,0.765,-0.737,5,12,5,WARNING,1
86,10,FESTIVAL_CORRIDOR,193,0.726,0.767,0.442,70.25,0.376,0.629,-0.783,3,10,7,WARNING,1
86,11,LIVE_PERFORMANCE_ZONE,180,0.705,0.846,0.365,81.98,0.36,0.801,-0.409,3,8,11,WARNING,1
86,12,LIVE_PERFORMANCE_ZONE,187,0.706,0.746,0.378,92.3,0.347,0.783,-0.752,5,6,10,WARNING,1
86,13,EVENT_ATRIUM,206,0.779,0.684,0.481,73.15,0.419,0.803,-0.641,8,15,9,WARNING,1
86,14,FESTIVAL_CORRIDOR,195,0.78,0.859,0.418,83.28,0.386,0.814,-0.442,3,6,7,WARNING,1
86,15,LIVE_PERFORMANCE_ZONE,226,0.845,0.805,0.477,72.69,0.496,0.781,-0.313,9,15,3,WARNING,1
86,16,LIVE_PERFORMANCE_ZONE,190,0.796,0.641,0.423,76.36,0.348,0.761,-1.057,12,16,6,WARNING,1
86,17,EVENT_ATRIUM,214,0.804,0.663,0.419,73.06,0.409,0.791,-0.739,8,20,14,WARNING,1
86,18,LIVE_PERFORMANCE_ZONE,205,0.83,0.682,0.488,85.87,0.436,0.809,-0.536,4,13,8,WARNING,1
86,19,LIVE_PERFORMANCE_ZONE,209,0.779,0.776,0.398,70.45,0.344,0.838,-0.448,2,10,7,WARNING,1
86,20,MALL_CONCERT_STAGE,182,0.729,0.65,0.402,78.38,0.408,0.727,-0.617,5,8,10,WARNING,1
86,21,MALL_CONCERT_STAGE,242,0.969,0.471,0.581,100.57,0.405,0.91,-1.05,4,8,7,HIGH,2
86,22,EVENT_ATRIUM,200,0.746,0.829,0.443,72.65,0.394,0.726,-0.686,6,11,7,WARNING,1
86,23,EVENT_ATRIUM,231,0.825,0.562,0.443,76.95,0.451,0.802,-0.978,4,19,12,WARNING,1
86,24,MALL_CONCERT_STAGE,233,0.933,0.63,0.485,85.06,0.414,0.836,-1.01,11,15,16,WARNING,1
86,25,MALL_CONCERT_STAGE,207,0.831,0.557,0.47,72.91,0.383,0.785,-0.738,5,14,9,WARNING,1
86,26,EVENT_ATRIUM,225,0.859,0.727,0.539,89.29,0.392,0.936,-0.588,5,17,9,WARNING,1
86,27,LIVE_PERFORMANCE_ZONE,222,0.824,0.723,0.556,78.9,0.399,0.769,-1.203,5,12,15,WARNING,1
86,28,FESTIVAL_CORRIDOR,241,0.912,0.586,0.58,96.75,0.437,0.945,-1.522,6,12,13,HIGH,2
86,29,EVENT_ATRIUM,218,0.785,0.798,0.398,80.13,0.359,0.783,-0.812,8,13,9,WARNING,1
86,30,MALL_CONCERT_STAGE,238,0.878,0.633,0.47,96.8,0.387,0.833,-0.634,9,11,10,WARNING,1
86,31,FESTIVAL_CORRIDOR,212,0.835,0.637,0.559,79.28,0.457,0.867,-1.101,2,2,13,WARNING,1
86,32,MALL_CONCERT_STAGE,238,0.862,0.678,0.478,75.17,0.409,0.842,-0.575,4,10,5,WARNING,1
86,33,FESTIVAL_CORRIDOR,224,0.872,0.62,0.438,83.47,0.451,0.829,-0.733,4,12,5,WARNING,1
86,34,FESTIVAL_CORRIDOR,244,0.965,0.61,0.567,91.98,0.447,0.875,-1.34,9,14,9,HIGH,2
86,35,LIVE_PERFORMANCE_ZONE,237,0.903,0.623,0.566,87.73,0.448,0.758,-0.919,3,9,3,WARNING,1
86,36,EVENT_ATRIUM,239,0.935,0.551,0.436,92.83,0.467,0.845,-1.095,7,7,6,WARNING,1
86,37,MALL_CONCERT_STAGE,250,0.941,0.67,0.445,104.1,0.44,0.864,-0.976,6,17,16,HIGH,2
86,38,MALL_CONCERT_STAGE,281,1,0.424,0.549,94.39,0.429,0.883,-1.253,2,9,12,HIGH,2
86,39,EVENT_ATRIUM,264,1,0.596,0.579,105.54,0.438,0.919,-0.774,6,15,11,HIGH,2
86,40,EVENT_ATRIUM,238,0.898,0.673,0.492,92.88,0.414,0.903,-0.939,7,21,10,WARNING,1
86,41,EVENT_ATRIUM,258,0.978,0.469,0.513,97,0.46,0.953,-1.309,5,10,9,HIGH,2
86,42,LIVE_PERFORMANCE_ZONE,246,0.902,0.544,0.423,86.89,0.522,0.848,-0.896,5,13,13,WARNING,1
86,43,MALL_CONCERT_STAGE,233,0.916,0.442,0.452,75.19,0.507,0.869,-1.216,4,13,13,WARNING,1
86,44,FESTIVAL_CORRIDOR,243,0.911,0.546,0.434,89.42,0.438,0.917,-1.044,4,13,19,WARNING,1
86,45,FESTIVAL_CORRIDOR,254,0.994,0.481,0.502,101.19,0.445,0.885,-1.559,5,20,19,HIGH,2
86,46,MALL_CONCERT_STAGE,225,0.893,0.624,0.486,85.8,0.469,0.818,-1.006,4,10,7,WARNING,1
86,47,FESTIVAL_CORRIDOR,238,0.934,0.731,0.482,102.69,0.495,0.852,-0.829,5,19,11,HIGH,2
86,48,MALL_CONCERT_STAGE,236,0.9,0.467,0.484,96.83,0.388,0.783,-0.645,2,13,12,WARNING,1
86,49,EVENT_ATRIUM,231,0.932,0.459,0.513,90.2,0.46,0.883,-0.592,5,10,16,HIGH,2
86,50,EVENT_ATRIUM,239,0.877,0.614,0.543,86.17,0.488,0.847,-1.501,8,17,11,WARNING,1
86,51,LIVE_PERFORMANCE_ZONE,227,0.855,0.716,0.438,100.66,0.378,0.826,-0.98,3,10,9,WARNING,1
86,52,FESTIVAL_CORRIDOR,237,0.894,0.632,0.557,89.25,0.435,0.857,-0.655,7,15,15,WARNING,1
86,53,EVENT_ATRIUM,237,0.855,0.575,0.5,98.76,0.334,0.812,-0.864,7,12,11,WARNING,1
86,54,FESTIVAL_CORRIDOR,233,0.878,0.593,0.472,97.22,0.519,0.848,-1.049,10,10,14,WARNING,1
86,55,LIVE_PERFORMANCE_ZONE,218,0.85,0.738,0.41,70.76,0.382,0.87,-0.962,7,13,7,WARNING,1
86,56,FESTIVAL_CORRIDOR,204,0.774,0.683,0.381,87.08,0.409,0.811,-0.681,3,11,11,WARNING,1
86,57,MALL_CONCERT_STAGE,215,0.832,0.546,0.508,85.28,0.485,0.891,-0.641,4,10,11,WARNING,1
86,58,MALL_CONCERT_STAGE,220,0.88,0.701,0.487,85.88,0.449,0.791,-1.132,9,8,3,WARNING,1
86,59,LIVE_PERFORMANCE_ZONE,233,0.947,0.435,0.543,93.04,0.429,0.931,-0.768,7,5,6,HIGH,2
86,60,MALL_CONCERT_STAGE,199,0.784,0.84,0.467,89.43,0.355,0.825,-0.551,11,14,8,WARNING,1
86,61,FESTIVAL_CORRIDOR,215,0.833,0.746,0.47,83.58,0.359,0.809,-0.536,5,10,5,WARNING,1
86,62,FESTIVAL_CORRIDOR,202,0.761,0.794,0.387,87.4,0.303,0.847,-0.26,9,12,5,WARNING,1
86,63,EVENT_ATRIUM,206,0.821,0.672,0.421,92.18,0.367,0.873,-1.197,7,12,13,WARNING,1
86,64,MALL_CONCERT_STAGE,209,0.796,0.614,0.403,76.91,0.398,0.888,-1.225,4,8,12,WARNING,1
86,65,MALL_CONCERT_STAGE,182,0.705,0.863,0.286,68.03,0.37,0.814,-0.297,6,6,11,WARNING,1
86,66,MALL_CONCERT_STAGE,198,0.809,0.531,0.471,84.62,0.332,0.865,-1.793,5,13,10,WARNING,1
86,67,EVENT_ATRIUM,223,0.827,0.762,0.422,87.9,0.379,0.808,-0.289,6,10,9,WARNING,1
86,68,FESTIVAL_CORRIDOR,218,0.837,0.696,0.557,81.32,0.343,0.868,-0.787,5,15,11,WARNING,1
86,69,EVENT_ATRIUM,189,0.733,0.781,0.409,77.68,0.335,0.79,-0.267,6,7,6,WARNING,1
86,70,FESTIVAL_CORRIDOR,205,0.862,0.578,0.454,86.9,0.386,0.783,-1.108,8,13,10,WARNING,1
86,71,FESTIVAL_CORRIDOR,181,0.639,0.854,0.339,65.32,0.247,0.715,-1.021,7,9,11,WARNING,1
86,72,EVENT_ATRIUM,195,0.775,0.783,0.363,75.99,0.419,0.679,0.019,3,9,5,WARNING,1
86,73,MALL_CONCERT_STAGE,189,0.748,0.693,0.393,83.33,0.342,0.821,-1.014,6,7,11,WARNING,1
86,74,FESTIVAL_CORRIDOR,207,0.81,0.837,0.474,86.31,0.402,0.764,-0.537,4,10,8,WARNING,1
86,75,MALL_CONCERT_STAGE,213,0.774,0.742,0.397,76.99,0.343,0.858,0.316,7,11,9,WARNING,1
86,76,EVENT_ATRIUM,179,0.767,0.736,0.416,77.1,0.372,0.751,-0.884,3,7,13,WARNING,1
86,77,EVENT_ATRIUM,193,0.721,0.795,0.457,83.88,0.3,0.851,-0.277,6,10,5,WARNING,1
86,78,LIVE_PERFORMANCE_ZONE,187,0.723,0.814,0.437,80.07,0.388,0.747,-0.757,6,11,13,WARNING,1
86,79,MALL_CONCERT_STAGE,199,0.791,0.569,0.399,84.69,0.359,0.813,-0.826,2,12,10,WARNING,1
86,80,LIVE_PERFORMANCE_ZONE,195,0.77,0.75,0.449,84.26,0.408,0.804,-0.571,4,6,6,WARNING,1
86,81,MALL_CONCERT_STAGE,181,0.723,0.854,0.446,99.03,0.324,0.741,-1.03,8,7,6,WARNING,1
86,82,LIVE_PERFORMANCE_ZONE,204,0.79,0.728,0.426,90.9,0.411,0.793,-0.925,8,15,6,WARNING,1
86,83,FESTIVAL_CORRIDOR,215,0.8,0.758,0.358,86.93,0.365,0.734,-0.852,5,4,6,WARNING,1
86,84,MALL_CONCERT_STAGE,173,0.711,0.748,0.411,71.57,0.374,0.651,-0.175,8,8,8,WARNING,1
86,85,LIVE_PERFORMANCE_ZONE,187,0.781,0.634,0.405,91.25,0.374,0.775,-0.834,8,11,11,WARNING,1
86,86,FESTIVAL_CORRIDOR,189,0.765,0.791,0.363,84,0.384,0.759,-1.191,5,12,7,WARNING,1
86,87,LIVE_PERFORMANCE_ZONE,194,0.748,1.006,0.417,72.51,0.402,0.789,-0.6,3,14,5,WARNING,1
86,88,LIVE_PERFORMANCE_ZONE,210,0.828,0.708,0.469,90.19,0.418,0.809,-0.815,8,8,7,WARNING,1
86,89,FESTIVAL_CORRIDOR,188,0.694,0.862,0.361,78.92,0.27,0.741,-0.559,4,13,13,WARNING,1
87,0,LIVE_PERFORMANCE_ZONE,164,0.649,0.908,0.388,70.84,0.299,0.732,-0.598,3,11,5,WARNING,1
87,1,EVENT_ATRIUM,166,0.587,0.983,0.264,67.03,0.258,0.705,-0.483,5,9,7,SAFE,0
87,2,EVENT_ATRIUM,188,0.733,0.804,0.411,69.78,0.363,0.726,-0.877,8,9,10,WARNING,1
87,3,FESTIVAL_CORRIDOR,202,0.787,0.763,0.507,88.49,0.423,0.789,-0.951,6,8,11,WARNING,1
87,4,EVENT_ATRIUM,161,0.672,0.947,0.371,76.35,0.253,0.715,-0.652,9,11,7,WARNING,1
87,5,FESTIVAL_CORRIDOR,175,0.693,0.809,0.358,78.01,0.349,0.694,-0.736,5,13,11,WARNING,1
87,6,LIVE_PERFORMANCE_ZONE,174,0.671,0.758,0.33,73.66,0.316,0.714,-0.798,6,13,8,WARNING,1
87,7,MALL_CONCERT_STAGE,203,0.752,0.874,0.399,69.46,0.395,0.721,-1.323,7,15,7,WARNING,1
87,8,EVENT_ATRIUM,191,0.752,0.777,0.343,73.3,0.355,0.799,-0.156,7,9,6,WARNING,1
87,9,LIVE_PERFORMANCE_ZONE,187,0.77,0.65,0.413,68.47,0.388,0.717,-1.537,4,10,6,WARNING,1
87,10,MALL_CONCERT_STAGE,192,0.737,0.69,0.391,71.15,0.387,0.743,-1.067,9,4,10,WARNING,1
87,11,MALL_CONCERT_STAGE,195,0.732,0.798,0.405,79.19,0.328,0.729,-0.265,4,9,8,WARNING,1
87,12,MALL_CONCERT_STAGE,204,0.785,0.813,0.391,79.36,0.359,0.877,-0.758,7,12,13,WARNING,1
87,13,MALL_CONCERT_STAGE,211,0.792,0.684,0.48,81.17,0.369,0.842,-1.87,11,9,12,WARNING,1
87,14,EVENT_ATRIUM,196,0.744,0.882,0.471,67.47,0.361,0.795,-0.645,3,11,7,WARNING,1
87,15,MALL_CONCERT_STAGE,202,0.777,0.778,0.362,80.97,0.354,0.806,-0.738,5,9,9,WARNING,1
87,16,MALL_CONCERT_STAGE,216,0.86,0.641,0.502,99.57,0.312,0.867,-1.586,5,10,11,WARNING,1
87,17,EVENT_ATRIUM,196,0.773,0.658,0.338,69.52,0.273,0.819,-0.843,5,9,7,WARNING,1
87,18,EVENT_ATRIUM,215,0.836,0.72,0.443,87.76,0.439,0.795,-0.475,7,12,12,WARNING,1
87,19,FESTIVAL_CORRIDOR,202,0.742,0.78,0.478,81.49,0.414,0.817,-1.045,2,11,7,WARNING,1
87,20,MALL_CONCERT_STAGE,227,0.868,0.747,0.466,85.6,0.461,0.88,-0.774,7,9,14,WARNING,1
87,21,MALL_CONCERT_STAGE,217,0.815,0.665,0.415,82.54,0.405,0.882,-0.773,10,3,10,WARNING,1
87,22,MALL_CONCERT_STAGE,214,0.859,0.677,0.484,83.81,0.421,0.788,-0.771,5,8,10,WARNING,1
87,23,MALL_CONCERT_STAGE,218,0.816,0.808,0.484,86.67,0.425,0.808,-0.622,3,14,13,WARNING,1
87,24,LIVE_PERFORMANCE_ZONE,212,0.857,0.745,0.46,88.99,0.454,0.872,-1.164,5,17,10,WARNING,1
87,25,LIVE_PERFORMANCE_ZONE,216,0.8,0.769,0.529,97.01,0.414,0.815,-0.896,6,8,9,WARNING,1
87,26,MALL_CONCERT_STAGE,221,0.812,0.715,0.392,85.18,0.355,0.789,-1.214,7,9,8,WARNING,1
87,27,MALL_CONCERT_STAGE,218,0.876,0.531,0.455,90.42,0.383,0.728,-0.683,4,13,9,WARNING,1
87,28,FESTIVAL_CORRIDOR,193,0.787,0.732,0.454,84.25,0.401,0.771,-0.104,5,6,11,WARNING,1
87,29,FESTIVAL_CORRIDOR,221,0.888,0.644,0.413,85.84,0.411,0.905,-0.735,5,16,7,WARNING,1
87,30,MALL_CONCERT_STAGE,209,0.798,0.838,0.407,88.52,0.472,0.779,-1.356,7,10,10,WARNING,1
87,31,LIVE_PERFORMANCE_ZONE,205,0.738,0.886,0.322,82.76,0.254,0.75,-0.695,4,8,11,WARNING,1
87,32,EVENT_ATRIUM,182,0.697,0.973,0.41,67.94,0.397,0.826,-1.575,7,13,11,WARNING,1
87,33,EVENT_ATRIUM,195,0.761,0.576,0.421,89.77,0.381,0.828,-0.95,7,11,8,WARNING,1
87,34,EVENT_ATRIUM,200,0.736,0.918,0.414,81.8,0.343,0.695,-1.184,8,7,7,WARNING,1
87,35,EVENT_ATRIUM,208,0.796,0.756,0.513,74.56,0.39,0.805,-1.056,12,9,5,WARNING,1
87,36,FESTIVAL_CORRIDOR,188,0.735,0.885,0.354,69.23,0.315,0.79,-0.577,1,8,13,WARNING,1
87,37,FESTIVAL_CORRIDOR,185,0.74,0.933,0.361,67.52,0.371,0.811,-0.809,6,12,9,WARNING,1
87,38,FESTIVAL_CORRIDOR,200,0.735,0.851,0.395,65.31,0.397,0.645,-0.315,8,13,10,WARNING,1
87,39,FESTIVAL_CORRIDOR,189,0.717,0.793,0.341,81.77,0.398,0.724,-0.411,8,9,10,WARNING,1
87,40,FESTIVAL_CORRIDOR,182,0.689,0.776,0.425,73.43,0.323,0.774,-0.858,5,6,11,WARNING,1
87,41,EVENT_ATRIUM,177,0.723,0.614,0.432,74.44,0.321,0.723,-0.98,6,9,6,WARNING,1
87,42,MALL_CONCERT_STAGE,162,0.607,0.78,0.345,54.42,0.283,0.712,-0.784,5,7,7,SAFE,0
87,43,FESTIVAL_CORRIDOR,162,0.659,1.004,0.431,72.18,0.288,0.741,-0.846,6,9,8,WARNING,1
87,44,FESTIVAL_CORRIDOR,169,0.64,0.817,0.405,86.22,0.327,0.682,-0.15,9,7,4,WARNING,1
87,45,FESTIVAL_CORRIDOR,156,0.664,1.071,0.35,76.2,0.377,0.751,-1.295,4,3,7,WARNING,1
87,46,MALL_CONCERT_STAGE,174,0.677,0.866,0.318,73.78,0.297,0.858,-1.087,2,7,12,WARNING,1
87,47,EVENT_ATRIUM,165,0.643,0.877,0.424,74.66,0.333,0.681,-1.118,4,7,11,WARNING,1
87,48,LIVE_PERFORMANCE_ZONE,184,0.745,0.841,0.364,79.55,0.321,0.789,-0.927,3,10,11,WARNING,1
87,49,MALL_CONCERT_STAGE,158,0.59,0.911,0.248,67.7,0.227,0.72,-0.567,6,13,9,SAFE,0
87,50,FESTIVAL_CORRIDOR,162,0.6,0.893,0.357,74.3,0.312,0.607,-0.547,5,4,9,SAFE,0
87,51,EVENT_ATRIUM,142,0.562,1.009,0.274,59.55,0.239,0.696,-1.202,1,5,5,SAFE,0
87,52,FESTIVAL_CORRIDOR,162,0.632,0.878,0.283,74.75,0.284,0.703,-0.354,7,17,8,WARNING,1
87,53,MALL_CONCERT_STAGE,180,0.756,0.759,0.383,69.95,0.407,0.758,-1.047,5,14,5,WARNING,1
87,54,LIVE_PERFORMANCE_ZONE,153,0.572,0.919,0.429,62.57,0.244,0.653,-0.246,5,4,10,SAFE,0
87,55,LIVE_PERFORMANCE_ZONE,140,0.544,0.789,0.266,51.76,0.217,0.635,-0.803,2,7,5,SAFE,0
87,56,LIVE_PERFORMANCE_ZONE,153,0.585,1.077,0.366,67.06,0.28,0.756,-0.645,8,10,5,WARNING,1
87,57,EVENT_ATRIUM,153,0.567,0.914,0.266,53.4,0.286,0.634,-0.82,6,5,8,SAFE,0
87,58,MALL_CONCERT_STAGE,163,0.58,0.879,0.361,57.84,0.289,0.679,-0.599,6,6,1,SAFE,0
87,59,LIVE_PERFORMANCE_ZONE,165,0.589,0.997,0.365,77.6,0.296,0.626,-0.183,9,5,9,SAFE,0
87,60,EVENT_ATRIUM,150,0.614,0.88,0.321,72.76,0.317,0.742,-0.761,7,5,9,WARNING,1
87,61,LIVE_PERFORMANCE_ZONE,162,0.621,0.965,0.306,66.72,0.326,0.729,-0.706,9,5,3,WARNING,1
87,62,EVENT_ATRIUM,146,0.56,0.966,0.254,67.85,0.273,0.636,-0.998,8,8,4,SAFE,0
87,63,EVENT_ATRIUM,161,0.596,0.949,0.344,54.3,0.297,0.694,-0.288,2,13,7,SAFE,0
87,64,LIVE_PERFORMANCE_ZONE,166,0.592,0.941,0.274,66.47,0.297,0.576,-0.322,3,4,9,SAFE,0
87,65,FESTIVAL_CORRIDOR,145,0.526,0.948,0.293,61.01,0.313,0.639,-1.446,6,5,6,SAFE,0
87,66,EVENT_ATRIUM,157,0.643,0.928,0.399,77.13,0.38,0.58,-0.3,7,9,9,WARNING,1
87,67,MALL_CONCERT_STAGE,152,0.589,0.842,0.326,60.49,0.272,0.613,-1.068,3,6,8,SAFE,0
87,68,MALL_CONCERT_STAGE,152,0.555,0.964,0.368,53.41,0.257,0.629,-0.779,3,10,6,SAFE,0
87,69,LIVE_PERFORMANCE_ZONE,176,0.69,0.837,0.523,77.17,0.266,0.728,-0.653,4,12,9,WARNING,1
87,70,EVENT_ATRIUM,150,0.52,1.172,0.306,55.08,0.263,0.61,-0.629,3,9,7,SAFE,0
87,71,EVENT_ATRIUM,160,0.647,0.812,0.36,72.17,0.304,0.728,-0.842,6,7,11,WARNING,1
87,72,MALL_CONCERT_STAGE,178,0.704,0.876,0.399,79.66,0.412,0.774,-1.009,8,11,5,WARNING,1
87,73,MALL_CONCERT_STAGE,165,0.587,1.018,0.396,58.4,0.304,0.623,-0.367,7,5,8,SAFE,0
87,74,FESTIVAL_CORRIDOR,148,0.598,0.862,0.327,59.52,0.238,0.666,-0.406,6,8,4,SAFE,0
87,75,MALL_CONCERT_STAGE,167,0.622,0.937,0.38,71,0.357,0.79,-0.473,5,5,4,WARNING,1
87,76,MALL_CONCERT_STAGE,146,0.56,0.855,0.29,66.95,0.272,0.588,-0.506,5,9,9,SAFE,0
87,77,LIVE_PERFORMANCE_ZONE,168,0.661,0.972,0.411,65.42,0.328,0.674,-0.713,3,13,16,WARNING,1
87,78,FESTIVAL_CORRIDOR,137,0.54,1.028,0.232,66.93,0.254,0.565,-0.64,4,6,5,SAFE,0
87,79,FESTIVAL_CORRIDOR,138,0.562,1.068,0.332,54.05,0.175,0.588,-0.582,10,6,6,SAFE,0
87,80,MALL_CONCERT_STAGE,149,0.574,0.947,0.438,55.43,0.32,0.676,-0.26,5,7,4,WARNING,1
87,81,FESTIVAL_CORRIDOR,160,0.6,0.783,0.334,58.85,0.249,0.6,-0.722,7,8,10,SAFE,0
87,82,FESTIVAL_CORRIDOR,183,0.708,0.823,0.354,72.48,0.342,0.805,-0.559,3,13,5,WARNING,1
87,83,MALL_CONCERT_STAGE,150,0.592,0.999,0.229,70.46,0.33,0.571,0.313,3,4,9,SAFE,0
87,84,MALL_CONCERT_STAGE,160,0.616,0.785,0.326,74.93,0.336,0.641,-0.5,5,6,3,WARNING,1
87,85,MALL_CONCERT_STAGE,174,0.672,0.932,0.371,68.23,0.298,0.762,-0.645,3,7,6,WARNING,1
87,86,FESTIVAL_CORRIDOR,177,0.694,0.809,0.322,63.22,0.399,0.708,-0.824,6,7,4,WARNING,1
87,87,FESTIVAL_CORRIDOR,164,0.66,0.949,0.454,60.64,0.266,0.737,-0.636,10,4,12,WARNING,1
87,88,EVENT_ATRIUM,136,0.495,1.041,0.279,66.86,0.209,0.695,-0.937,3,7,6,SAFE,0
87,89,FESTIVAL_CORRIDOR,154,0.589,0.98,0.319,57.16,0.281,0.751,-0.515,6,7,6,SAFE,0
88,0,FESTIVAL_CORRIDOR,226,0.893,0.637,0.434,83.52,0.449,0.881,-0.724,8,7,9,WARNING,1
88,1,LIVE_PERFORMANCE_ZONE,223,0.849,0.59,0.528,87.16,0.348,0.846,-0.457,3,8,10,WARNING,1
88,2,LIVE_PERFORMANCE_ZONE,179,0.693,1.038,0.388,62.74,0.367,0.753,-1.02,5,17,11,WARNING,1
88,3,MALL_CONCERT_STAGE,220,0.85,0.801,0.513,83.57,0.431,0.762,-1.044,6,9,8,WARNING,1
88,4,MALL_CONCERT_STAGE,206,0.829,0.674,0.446,92.63,0.396,0.752,-0.694,8,10,6,WARNING,1
88,5,MALL_CONCERT_STAGE,220,0.868,0.555,0.536,80.69,0.431,0.811,-0.775,6,5,8,WARNING,1
88,6,LIVE_PERFORMANCE_ZONE,230,0.856,0.776,0.411,88.77,0.413,0.838,-1.228,9,13,8,WARNING,1
88,7,LIVE_PERFORMANCE_ZONE,219,0.896,0.685,0.462,94.69,0.432,0.821,-0.682,6,17,10,WARNING,1
88,8,LIVE_PERFORMANCE_ZONE,211,0.793,0.817,0.37,83.62,0.32,0.776,-0.795,4,4,10,WARNING,1
88,9,FESTIVAL_CORRIDOR,219,0.853,0.55,0.418,80.65,0.433,0.85,-1.15,7,13,11,WARNING,1
88,10,LIVE_PERFORMANCE_ZONE,216,0.868,0.687,0.471,97.59,0.406,0.804,-0.778,4,12,8,WARNING,1
88,11,MALL_CONCERT_STAGE,221,0.916,0.504,0.448,92.31,0.41,0.834,-1.122,3,13,10,WARNING,1
88,12,FESTIVAL_CORRIDOR,224,0.871,0.532,0.455,95.95,0.409,0.862,-0.487,3,17,9,WARNING,1
88,13,EVENT_ATRIUM,218,0.79,0.692,0.455,83.45,0.404,0.754,-0.666,6,9,7,WARNING,1
88,14,FESTIVAL_CORRIDOR,183,0.662,0.96,0.326,63.15,0.356,0.742,-0.51,5,10,9,WARNING,1
88,15,FESTIVAL_CORRIDOR,205,0.842,0.772,0.484,85.66,0.42,0.866,-1.529,7,12,11,WARNING,1
88,16,EVENT_ATRIUM,228,0.844,0.678,0.433,90.8,0.372,0.737,-0.695,6,9,13,WARNING,1
88,17,MALL_CONCERT_STAGE,231,0.947,0.514,0.637,77.51,0.488,0.813,-0.732,8,6,17,HIGH,2
88,18,FESTIVAL_CORRIDOR,215,0.8,0.553,0.441,88.66,0.371,0.807,-0.288,6,14,11,WARNING,1
88,19,LIVE_PERFORMANCE_ZONE,225,0.886,0.595,0.545,76.73,0.398,0.846,-1.001,6,17,7,WARNING,1
88,20,MALL_CONCERT_STAGE,186,0.767,0.657,0.425,93.95,0.341,0.794,-0.928,5,8,9,WARNING,1
88,21,LIVE_PERFORMANCE_ZONE,206,0.804,0.661,0.419,92.93,0.372,0.716,-1.187,6,7,12,WARNING,1
88,22,EVENT_ATRIUM,220,0.837,0.721,0.465,87.38,0.401,0.814,-1.001,6,17,11,WARNING,1
88,23,EVENT_ATRIUM,226,0.872,0.669,0.474,98.1,0.468,0.944,-1.014,4,8,12,WARNING,1
88,24,FESTIVAL_CORRIDOR,210,0.794,0.872,0.497,79.64,0.39,0.844,0.032,4,4,10,WARNING,1
88,25,EVENT_ATRIUM,214,0.816,0.722,0.418,60.62,0.322,0.777,-1.029,6,16,2,WARNING,1
88,26,EVENT_ATRIUM,205,0.818,0.602,0.351,80.94,0.38,0.853,-0.438,2,10,8,WARNING,1
88,27,EVENT_ATRIUM,236,0.893,0.651,0.43,80.5,0.414,0.875,-0.985,10,6,12,WARNING,1
88,28,FESTIVAL_CORRIDOR,217,0.822,0.656,0.452,83.41,0.346,0.678,-0.339,9,13,13,WARNING,1
88,29,FESTIVAL_CORRIDOR,230,0.907,0.566,0.518,95.8,0.433,0.91,-0.683,6,10,13,HIGH,2
88,30,EVENT_ATRIUM,217,0.86,0.671,0.367,88.01,0.356,0.838,-1.111,4,8,7,WARNING,1
88,31,EVENT_ATRIUM,212,0.784,0.649,0.458,84.37,0.411,0.888,-0.821,4,8,10,WARNING,1
88,32,EVENT_ATRIUM,219,0.832,0.725,0.375,80.62,0.373,0.778,-1.01,7,7,7,WARNING,1
88,33,MALL_CONCERT_STAGE,239,0.945,0.669,0.558,104.67,0.471,0.866,-1.075,7,14,8,HIGH,2
88,34,EVENT_ATRIUM,195,0.734,0.727,0.37,87.66,0.292,0.651,-1.155,8,6,3,WARNING,1
88,35,EVENT_ATRIUM,239,0.926,0.636,0.513,101.69,0.515,0.868,-1.512,9,10,12,HIGH,2
88,36,LIVE_PERFORMANCE_ZONE,227,0.859,0.641,0.509,86.02,0.353,0.801,-0.734,12,12,14,WARNING,1
88,37,MALL_CONCERT_STAGE,215,0.852,0.669,0.495,70.69,0.436,0.837,-0.852,7,13,12,WARNING,1
88,38,MALL_CONCERT_STAGE,248,0.932,0.614,0.564,81.61,0.381,0.873,-0.862,4,11,10,WARNING,1
88,39,FESTIVAL_CORRIDOR,229,0.887,0.692,0.497,93.97,0.371,0.933,-1.038,8,17,12,WARNING,1
88,40,MALL_CONCERT_STAGE,218,0.782,0.827,0.455,64.97,0.389,0.739,-0.719,6,13,5,WARNING,1
88,41,MALL_CONCERT_STAGE,229,0.925,0.637,0.531,97.77,0.434,0.865,-1.154,6,11,6,HIGH,2
88,42,MALL_CONCERT_STAGE,232,0.919,0.579,0.559,87.52,0.382,0.856,-0.815,3,9,16,WARNING,1
88,43,LIVE_PERFORMANCE_ZONE,259,1,0.475,0.542,89.62,0.487,0.91,-1.169,10,7,7,HIGH,2
88,44,LIVE_PERFORMANCE_ZONE,270,1,0.465,0.497,97.39,0.508,0.836,-0.372,6,15,9,HIGH,2
88,45,LIVE_PERFORMANCE_ZONE,268,1,0.502,0.576,95.11,0.464,0.927,-0.925,7,17,8,HIGH,2
88,46,FESTIVAL_CORRIDOR,247,0.956,0.417,0.501,102.84,0.467,0.884,-1.057,3,12,9,HIGH,2
88,47,EVENT_ATRIUM,257,0.943,0.555,0.533,103.26,0.451,0.809,-0.496,5,9,8,HIGH,2
88,48,FESTIVAL_CORRIDOR,252,0.978,0.525,0.58,92.66,0.486,0.868,-0.543,7,19,11,HIGH,2
88,49,LIVE_PERFORMANCE_ZONE,249,0.996,0.521,0.62,95.34,0.395,0.892,-1.1,2,15,11,HIGH,2
88,50,FESTIVAL_CORRIDOR,261,0.988,0.464,0.507,105.64,0.468,0.834,-0.965,10,15,13,HIGH,2
88,51,FESTIVAL_CORRIDOR,292,1,0.577,0.578,84.44,0.49,0.888,-0.867,10,16,14,HIGH,2
88,52,LIVE_PERFORMANCE_ZONE,287,1,0.402,0.532,99.3,0.483,0.897,-0.855,9,9,8,HIGH,2
88,53,MALL_CONCERT_STAGE,254,1,0.622,0.567,101.07,0.428,0.955,-1.143,1,16,16,HIGH,2
88,54,EVENT_ATRIUM,275,1,0.56,0.598,109.47,0.485,0.954,-1.471,8,17,9,HIGH,2
88,55,EVENT_ATRIUM,265,1,0.443,0.577,103.71,0.447,0.896,-0.78,7,11,12,HIGH,2
88,56,LIVE_PERFORMANCE_ZONE,282,1,0.608,0.646,106.99,0.491,0.829,-1.165,6,12,10,HIGH,2
88,57,FESTIVAL_CORRIDOR,293,1,0.471,0.547,101.38,0.498,0.852,-1.367,7,17,15,HIGH,2
88,58,EVENT_ATRIUM,270,1,0.464,0.586,91.57,0.47,0.928,-0.755,5,14,9,HIGH,2
88,59,MALL_CONCERT_STAGE,275,0.964,0.59,0.469,92.51,0.412,0.9,-1.27,6,10,16,HIGH,2
88,60,MALL_CONCERT_STAGE,264,1,0.509,0.49,104.54,0.521,0.89,-1.273,10,20,11,HIGH,2
88,61,FESTIVAL_CORRIDOR,266,0.976,0.476,0.421,104.31,0.496,0.896,-0.413,4,14,12,HIGH,2
88,62,FESTIVAL_CORRIDOR,263,1,0.562,0.589,95.96,0.473,0.927,-0.71,6,14,13,HIGH,2
88,63,EVENT_ATRIUM,262,1,0.502,0.63,95.32,0.471,0.888,-1.366,6,13,12,HIGH,2
88,64,MALL_CONCERT_STAGE,255,1,0.572,0.496,94.27,0.458,0.86,-1.13,5,11,7,HIGH,2
88,65,FESTIVAL_CORRIDOR,252,0.947,0.621,0.446,97.24,0.42,0.908,-1.076,5,14,6,HIGH,2
88,66,FESTIVAL_CORRIDOR,247,0.984,0.518,0.536,86.01,0.456,0.925,-0.702,8,9,5,HIGH,2
88,67,FESTIVAL_CORRIDOR,242,0.924,0.483,0.605,91.44,0.391,0.764,-1.525,3,10,11,WARNING,1
88,68,EVENT_ATRIUM,275,1,0.51,0.608,94.17,0.436,0.861,-1.271,7,16,8,HIGH,2
88,69,FESTIVAL_CORRIDOR,226,0.838,0.816,0.436,81.71,0.399,0.871,-1.108,5,16,15,WARNING,1
88,70,LIVE_PERFORMANCE_ZONE,243,0.915,0.576,0.403,82.89,0.407,0.875,-0.723,11,13,14,WARNING,1
88,71,MALL_CONCERT_STAGE,219,0.873,0.596,0.415,85.96,0.44,0.917,-1.366,6,15,6,WARNING,1
88,72,EVENT_ATRIUM,234,0.901,0.698,0.543,99.72,0.456,0.864,-0.577,6,14,6,HIGH,2
88,73,EVENT_ATRIUM,247,0.978,0.385,0.578,89.7,0.492,0.817,-0.971,4,19,13,HIGH,2
88,74,EVENT_ATRIUM,212,0.766,0.712,0.421,95.87,0.285,0.731,-1.144,9,13,13,WARNING,1
88,75,LIVE_PERFORMANCE_ZONE,234,0.965,0.521,0.529,99.02,0.487,0.905,-0.929,8,10,14,HIGH,2
88,76,MALL_CONCERT_STAGE,229,0.837,0.671,0.37,82.4,0.395,0.775,-0.887,7,14,7,WARNING,1
88,77,FESTIVAL_CORRIDOR,228,0.872,0.628,0.509,72.8,0.384,0.827,-0.316,6,12,10,WARNING,1
88,78,FESTIVAL_CORRIDOR,226,0.881,0.573,0.477,97.98,0.378,0.741,-0.22,16,8,8,WARNING,1
88,79,LIVE_PERFORMANCE_ZONE,234,0.893,0.649,0.541,97.22,0.51,0.827,-1.375,9,14,16,HIGH,2
88,80,MALL_CONCERT_STAGE,215,0.842,0.709,0.509,73.32,0.437,0.793,-1.105,2,7,14,WARNING,1
88,81,EVENT_ATRIUM,220,0.827,0.684,0.393,86.32,0.382,0.776,-1.01,8,9,12,WARNING,1
88,82,LIVE_PERFORMANCE_ZONE,229,0.89,0.573,0.461,91.92,0.406,0.809,-1.051,4,5,4,WARNING,1
88,83,EVENT_ATRIUM,225,0.905,0.582,0.488,92.04,0.417,0.822,-0.711,6,11,9,WARNING,1
88,84,EVENT_ATRIUM,212,0.767,0.71,0.514,67.48,0.398,0.816,-0.536,5,10,10,WARNING,1
88,85,EVENT_ATRIUM,224,0.82,0.553,0.384,80.4,0.45,0.836,-0.916,6,16,4,WARNING,1
88,86,EVENT_ATRIUM,230,0.864,0.734,0.48,80.69,0.408,0.832,-1.139,5,10,9,WARNING,1
88,87,LIVE_PERFORMANCE_ZONE,203,0.786,0.665,0.403,78.07,0.375,0.797,-0.54,5,10,8,WARNING,1
88,88,MALL_CONCERT_STAGE,216,0.818,0.905,0.403,90.13,0.425,0.801,-0.907,5,16,15,WARNING,1
88,89,FESTIVAL_CORRIDOR,211,0.828,0.73,0.425,70.51,0.429,0.75,-0.842,5,11,15,WARNING,1
89,0,MALL_CONCERT_STAGE,209,0.814,0.626,0.355,98.25,0.422,0.844,-0.612,5,10,11,WARNING,1
89,1,LIVE_PERFORMANCE_ZONE,207,0.81,0.845,0.507,81.02,0.4,0.761,-0.671,10,10,9,WARNING,1
89,2,MALL_CONCERT_STAGE,205,0.813,0.852,0.536,92.89,0.459,0.763,-0.756,5,9,13,WARNING,1
89,3,FESTIVAL_CORRIDOR,224,0.826,0.708,0.44,77.1,0.392,0.82,-0.22,4,12,9,WARNING,1
89,4,EVENT_ATRIUM,196,0.766,0.863,0.41,70.09,0.378,0.793,-1.015,5,8,7,WARNING,1
89,5,EVENT_ATRIUM,224,0.841,0.734,0.495,93.09,0.43,0.876,-0.704,5,12,9,WARNING,1
89,6,LIVE_PERFORMANCE_ZONE,205,0.767,0.864,0.482,62.35,0.387,0.81,-0.985,6,3,7,WARNING,1
89,7,LIVE_PERFORMANCE_ZONE,200,0.79,0.694,0.512,88.44,0.376,0.798,-1.291,10,10,10,WARNING,1
89,8,FESTIVAL_CORRIDOR,220,0.787,0.712,0.443,88.63,0.355,0.805,-0.687,4,10,9,WARNING,1
89,9,FESTIVAL_CORRIDOR,238,0.893,0.616,0.449,79.55,0.414,0.762,-0.5,5,15,16,WARNING,1
89,10,MALL_CONCERT_STAGE,219,0.874,0.619,0.54,77.42,0.424,0.744,-0.595,8,9,15,WARNING,1
89,11,EVENT_ATRIUM,221,0.853,0.72,0.38,96.64,0.356,0.792,-0.502,7,19,7,WARNING,1
89,12,LIVE_PERFORMANCE_ZONE,246,0.934,0.565,0.492,99.16,0.459,0.845,-0.343,13,12,14,HIGH,2
89,13,MALL_CONCERT_STAGE,229,0.87,0.576,0.487,89.79,0.433,0.837,-0.788,7,13,8,WARNING,1
89,14,FESTIVAL_CORRIDOR,226,0.881,0.608,0.44,90.61,0.41,0.868,-0.355,11,20,12,WARNING,1
89,15,MALL_CONCERT_STAGE,217,0.864,0.647,0.501,81.07,0.487,0.818,-0.177,4,14,10,WARNING,1
89,16,MALL_CONCERT_STAGE,205,0.755,0.704,0.438,78.36,0.301,0.647,-1.727,1,8,8,WARNING,1
89,17,LIVE_PERFORMANCE_ZONE,232,0.893,0.708,0.469,94,0.459,0.883,-0.885,3,7,9,WARNING,1
89,18,EVENT_ATRIUM,232,0.911,0.628,0.481,79.18,0.421,0.854,-0.73,9,9,8,WARNING,1
89,19,FESTIVAL_CORRIDOR,231,0.883,0.672,0.455,79.2,0.416,0.813,-0.67,10,16,8,WARNING,1
89,20,MALL_CONCERT_STAGE,253,0.968,0.494,0.506,81.68,0.414,0.81,-0.849,9,14,13,WARNING,1
89,21,MALL_CONCERT_STAGE,261,0.952,0.533,0.505,83.29,0.423,0.781,-0.981,6,13,7,WARNING,1
89,22,EVENT_ATRIUM,265,1,0.653,0.575,97.58,0.535,0.959,-1.554,8,18,9,HIGH,2
89,23,LIVE_PERFORMANCE_ZONE,243,0.933,0.544,0.485,86.76,0.54,0.866,-0.611,8,11,7,HIGH,2
89,24,EVENT_ATRIUM,256,1,0.458,0.648,104.94,0.478,0.843,-1.288,9,10,9,HIGH,2
89,25,LIVE_PERFORMANCE_ZONE,278,1,0.397,0.53,98.33,0.488,0.896,-0.489,9,15,14,HIGH,2
89,26,LIVE_PERFORMANCE_ZONE,243,0.884,0.534,0.468,97.29,0.448,0.918,-1.047,3,13,13,WARNING,1
89,27,LIVE_PERFORMANCE_ZONE,269,1,0.502,0.594,105.27,0.474,0.858,-1.114,9,15,7,HIGH,2
89,28,EVENT_ATRIUM,277,1,0.489,0.544,96.14,0.522,0.843,-1.666,11,20,10,HIGH,2
89,29,FESTIVAL_CORRIDOR,246,1,0.618,0.57,94.12,0.48,0.831,-1.182,8,10,16,HIGH,2
89,30,MALL_CONCERT_STAGE,242,0.963,0.51,0.59,103.05,0.48,0.89,-1.288,8,13,14,HIGH,2
89,31,FESTIVAL_CORRIDOR,269,1,0.556,0.47,102.24,0.432,0.913,-0.141,3,17,15,HIGH,2
89,32,MALL_CONCERT_STAGE,285,1,0.516,0.537,89.66,0.514,0.897,-1.075,10,13,18,HIGH,2
89,33,FESTIVAL_CORRIDOR,277,1,0.552,0.561,107.28,0.521,0.859,-0.478,8,9,8,HIGH,2
89,34,MALL_CONCERT_STAGE,279,1,0.393,0.529,102.48,0.426,0.908,-0.963,12,17,17,HIGH,2
89,35,MALL_CONCERT_STAGE,294,1,0.602,0.555,107.27,0.463,0.983,-0.973,9,9,13,HIGH,2
89,36,EVENT_ATRIUM,264,1,0.319,0.616,89.84,0.501,0.851,-1.003,7,13,12,HIGH,2
89,37,MALL_CONCERT_STAGE,270,1,0.548,0.502,88.18,0.454,0.907,-0.692,10,16,13,HIGH,2
89,38,MALL_CONCERT_STAGE,275,1,0.439,0.489,105.03,0.463,0.88,-0.618,3,19,14,HIGH,2
89,39,LIVE_PERFORMANCE_ZONE,282,1,0.519,0.635,103.77,0.513,0.885,-1.01,8,22,14,HIGH,2
89,40,EVENT_ATRIUM,258,1,0.503,0.489,95.02,0.465,0.815,-1.278,8,5,11,HIGH,2
89,41,EVENT_ATRIUM,278,1,0.45,0.483,105.64,0.515,0.922,-1.025,8,15,17,HIGH,2
89,42,FESTIVAL_CORRIDOR,265,0.98,0.437,0.604,98.95,0.48,0.913,-1.01,8,12,8,HIGH,2
89,43,FESTIVAL_CORRIDOR,262,1,0.481,0.578,97.78,0.379,0.89,-0.455,6,16,11,HIGH,2
89,44,LIVE_PERFORMANCE_ZONE,261,0.945,0.682,0.504,98.98,0.4,0.926,-1.301,5,8,9,HIGH,2
89,45,EVENT_ATRIUM,242,0.932,0.513,0.536,95.49,0.446,0.847,-1.283,4,14,8,HIGH,2
89,46,MALL_CONCERT_STAGE,238,0.97,0.508,0.566,100.71,0.522,0.91,-0.706,5,7,8,HIGH,2
89,47,MALL_CONCERT_STAGE,238,0.893,0.478,0.556,97.32,0.367,0.83,-1.157,7,11,6,WARNING,1
89,48,LIVE_PERFORMANCE_ZONE,240,0.947,0.587,0.487,96.1,0.416,0.85,-0.972,7,9,7,WARNING,1
89,49,MALL_CONCERT_STAGE,255,1,0.393,0.433,104.48,0.437,0.862,-1.034,8,15,15,HIGH,2
89,50,LIVE_PERFORMANCE_ZONE,237,0.945,0.491,0.509,81.08,0.396,0.952,-1.319,7,12,13,HIGH,2
89,51,FESTIVAL_CORRIDOR,222,0.842,0.668,0.443,82.71,0.373,0.74,-0.69,7,6,11,WARNING,1
89,52,MALL_CONCERT_STAGE,218,0.881,0.575,0.452,91.58,0.404,0.87,-1.106,8,12,17,WARNING,1
89,53,EVENT_ATRIUM,253,0.917,0.525,0.53,101.69,0.544,0.815,-1.077,6,14,18,HIGH,2
89,54,FESTIVAL_CORRIDOR,232,0.899,0.574,0.535,99.26,0.434,0.95,-0.672,11,7,12,HIGH,2
89,55,LIVE_PERFORMANCE_ZONE,213,0.806,0.71,0.455,83.13,0.401,0.8,-1.177,3,14,15,WARNING,1
89,56,EVENT_ATRIUM,208,0.766,0.897,0.416,84.42,0.398,0.745,-0.788,8,6,4,WARNING,1
89,57,FESTIVAL_CORRIDOR,231,0.889,0.603,0.464,85.42,0.449,0.814,-1.005,4,19,10,WARNING,1
89,58,FESTIVAL_CORRIDOR,211,0.8,0.921,0.433,81.06,0.428,0.759,-1.366,3,7,11,WARNING,1
89,59,LIVE_PERFORMANCE_ZONE,224,0.861,0.732,0.419,75.04,0.391,0.753,-1.161,7,9,8,WARNING,1
89,60,FESTIVAL_CORRIDOR,224,0.899,0.708,0.494,80.51,0.472,0.782,0.079,5,16,7,WARNING,1
89,61,LIVE_PERFORMANCE_ZONE,226,0.861,0.701,0.485,72.63,0.4,0.848,-0.582,4,9,16,WARNING,1
89,62,EVENT_ATRIUM,215,0.857,0.73,0.531,72.43,0.408,0.761,-1.047,7,17,8,WARNING,1
89,63,LIVE_PERFORMANCE_ZONE,202,0.815,0.748,0.479,82.69,0.381,0.828,-0.932,7,14,8,WARNING,1
89,64,EVENT_ATRIUM,219,0.779,0.784,0.412,76.33,0.338,0.733,-1.457,6,7,7,WARNING,1
89,65,MALL_CONCERT_STAGE,191,0.746,0.875,0.356,63.14,0.26,0.761,-0.137,6,11,18,WARNING,1
89,66,MALL_CONCERT_STAGE,223,0.852,0.647,0.532,68.54,0.411,0.73,-0.265,7,10,9,WARNING,1
89,67,FESTIVAL_CORRIDOR,225,0.847,0.636,0.486,81.02,0.424,0.757,-1.156,9,14,8,WARNING,1
89,68,FESTIVAL_CORRIDOR,224,0.852,0.755,0.474,89.54,0.452,0.893,-0.838,9,7,6,WARNING,1
89,69,MALL_CONCERT_STAGE,198,0.749,0.817,0.449,80.08,0.362,0.719,-1.061,9,7,10,WARNING,1
89,70,FESTIVAL_CORRIDOR,239,0.93,0.447,0.492,101.36,0.431,0.879,-1.244,5,9,6,HIGH,2
89,71,MALL_CONCERT_STAGE,208,0.854,0.536,0.486,84.79,0.41,0.812,-1.437,5,7,13,WARNING,1
89,72,EVENT_ATRIUM,222,0.796,0.575,0.449,78.04,0.392,0.784,-1.02,6,8,8,WARNING,1
89,73,EVENT_ATRIUM,209,0.805,0.694,0.446,84.91,0.374,0.82,0.2,4,7,11,WARNING,1
89,74,LIVE_PERFORMANCE_ZONE,222,0.839,0.693,0.454,89.79,0.423,0.863,-0.824,10,4,8,WARNING,1
89,75,MALL_CONCERT_STAGE,191,0.739,0.985,0.357,72.75,0.364,0.7,-1.59,5,7,10,WARNING,1
89,76,MALL_CONCERT_STAGE,203,0.811,0.724,0.413,78.56,0.394,0.878,-0.806,5,10,9,WARNING,1
89,77,LIVE_PERFORMANCE_ZONE,211,0.779,0.748,0.457,94.6,0.345,0.802,-0.734,3,9,8,WARNING,1
89,78,EVENT_ATRIUM,222,0.838,0.773,0.516,78.71,0.386,0.807,-0.976,6,4,10,WARNING,1
89,79,EVENT_ATRIUM,205,0.789,0.671,0.457,93.39,0.377,0.816,-0.751,4,8,9,WARNING,1
89,80,LIVE_PERFORMANCE_ZONE,188,0.728,0.691,0.509,94.49,0.301,0.756,-0.629,4,8,8,WARNING,1
89,81,FESTIVAL_CORRIDOR,200,0.803,0.744,0.424,80.83,0.428,0.827,-0.601,5,7,11,WARNING,1
89,82,LIVE_PERFORMANCE_ZONE,227,0.832,0.539,0.465,86.34,0.387,0.666,-1.167,5,13,14,WARNING,1
89,83,FESTIVAL_CORRIDOR,206,0.769,0.753,0.461,76.56,0.352,0.726,-1.398,5,17,7,WARNING,1
89,84,LIVE_PERFORMANCE_ZONE,202,0.769,0.807,0.507,74.52,0.382,0.748,-0.107,6,9,15,WARNING,1
89,85,MALL_CONCERT_STAGE,218,0.822,0.653,0.504,92.18,0.432,0.839,-0.968,6,6,11,WARNING,1
89,86,LIVE_PERFORMANCE_ZONE,220,0.834,0.832,0.382,81.35,0.362,0.838,-0.608,3,14,11,WARNING,1
89,87,MALL_CONCERT_STAGE,210,0.85,0.484,0.447,86.43,0.408,0.761,-1.229,9,12,6,WARNING,1
89,88,FESTIVAL_CORRIDOR,216,0.814,0.975,0.383,85.27,0.512,0.836,-0.824,6,12,7,WARNING,1
89,89,LIVE_PERFORMANCE_ZONE,201,0.724,0.89,0.434,74.89,0.314,0.802,-0.045,7,8,10,WARNING,1
90,0,MALL_CONCERT_STAGE,107,0.398,1.127,0.324,43.27,0.279,0.512,-0.52,7,8,2,SAFE,0
90,1,EVENT_ATRIUM,94,0.346,1.259,0.182,42.4,0.135,0.5,-0.369,9,7,8,SAFE,0
90,2,FESTIVAL_CORRIDOR,67,0.187,1.452,0.058,46.23,0.008,0.481,-0.156,5,6,1,SAFE,0
90,3,LIVE_PERFORMANCE_ZONE,113,0.467,0.994,0.286,54.27,0.256,0.61,-0.626,2,9,4,SAFE,0
90,4,LIVE_PERFORMANCE_ZONE,89,0.36,1.23,0.17,57.96,0.215,0.507,-0.021,4,4,4,SAFE,0
90,5,MALL_CONCERT_STAGE,75,0.293,1.253,0.162,39.75,0.171,0.493,-0.6,8,3,1,SAFE,0
90,6,LIVE_PERFORMANCE_ZONE,97,0.389,0.978,0.222,45.13,0.272,0.537,-0.405,2,3,4,SAFE,0
90,7,FESTIVAL_CORRIDOR,96,0.36,1.313,0.242,47.03,0.151,0.509,-0.313,5,6,5,SAFE,0
90,8,EVENT_ATRIUM,84,0.385,1.261,0.21,41.9,0.124,0.621,-0.281,6,6,1,SAFE,0
90,9,EVENT_ATRIUM,88,0.332,1.302,0.168,35.87,0.16,0.463,-0.385,5,3,5,SAFE,0
90,10,MALL_CONCERT_STAGE,70,0.288,1.326,0.065,46.14,0.206,0.57,-0.424,7,2,4,SAFE,0
90,11,MALL_CONCERT_STAGE,107,0.431,1.12,0.233,52.3,0.175,0.575,-0.286,4,6,5,SAFE,0
90,12,LIVE_PERFORMANCE_ZONE,99,0.369,1.181,0.134,61.85,0.157,0.459,-0.925,1,4,1,SAFE,0
90,13,EVENT_ATRIUM,93,0.328,1.279,0.171,45.17,0.135,0.525,-0.318,7,4,7,SAFE,0
90,14,EVENT_ATRIUM,103,0.372,1.393,0.195,36.64,0.171,0.622,-0.894,9,7,7,SAFE,0
90,15,MALL_CONCERT_STAGE,104,0.365,1.225,0.138,52.84,0.259,0.528,-0.629,3,7,2,SAFE,0
90,16,EVENT_ATRIUM,71,0.296,1.18,0.103,42.29,0.156,0.531,-0.457,5,5,0,SAFE,0
90,17,EVENT_ATRIUM,81,0.291,1.397,0.167,50.52,0.077,0.568,-0.614,5,3,4,SAFE,0
90,18,MALL_CONCERT_STAGE,69,0.288,1.381,0.162,45.21,0.121,0.546,-0.465,4,5,2,SAFE,0
90,19,EVENT_ATRIUM,76,0.273,1.606,0.168,42.16,0.116,0.506,-0.316,2,5,3,SAFE,0
90,20,EVENT_ATRIUM,100,0.384,1.295,0.145,52.69,0.155,0.547,-0.362,3,1,3,SAFE,0
90,21,EVENT_ATRIUM,100,0.386,1.146,0.238,49.44,0.14,0.602,-0.631,5,1,3,SAFE,0
90,22,MALL_CONCERT_STAGE,82,0.303,1.36,0.19,47.12,0.143,0.505,-0.025,9,4,5,SAFE,0
90,23,EVENT_ATRIUM,93,0.33,1.143,0.153,49.83,0.145,0.632,-0.719,1,5,3,SAFE,0
90,24,LIVE_PERFORMANCE_ZONE,93,0.311,1.326,0.145,28.2,0.162,0.539,-0.819,8,5,6,SAFE,0
90,25,FESTIVAL_CORRIDOR,94,0.394,1.238,0.263,60.67,0.206,0.511,-0.396,2,5,4,SAFE,0
90,26,MALL_CONCERT_STAGE,89,0.317,1.181,0.149,31.14,0.136,0.467,-0.443,1,5,1,SAFE,0
90,27,EVENT_ATRIUM,93,0.326,1.219,0.167,42.42,0.209,0.501,-0.717,4,4,4,SAFE,0
90,28,MALL_CONCERT_STAGE,110,0.42,1.039,0.193,50.04,0.198,0.567,-1.244,2,5,5,SAFE,0
90,29,LIVE_PERFORMANCE_ZONE,116,0.38,1.096,0.233,47.95,0.07,0.644,-0.572,3,9,6,SAFE,0
90,30,LIVE_PERFORMANCE_ZONE,82,0.358,1.124,0.284,53.62,0.079,0.505,-1.21,4,4,2,SAFE,0
90,31,FESTIVAL_CORRIDOR,103,0.45,1.033,0.312,51.22,0.204,0.546,-0.951,2,4,5,SAFE,0
90,32,LIVE_PERFORMANCE_ZONE,94,0.366,1.218,0.193,49.82,0.161,0.566,-0.913,6,2,4,SAFE,0
90,33,FESTIVAL_CORRIDOR,93,0.345,1.312,0.176,43.56,0.135,0.516,-0.659,5,2,5,SAFE,0
90,34,MALL_CONCERT_STAGE,88,0.347,1.215,0.228,46.26,0.137,0.613,-0.872,6,2,4,SAFE,0
90,35,LIVE_PERFORMANCE_ZONE,91,0.328,1.267,0.156,54.54,0.126,0.437,0.264,8,3,4,SAFE,0
90,36,EVENT_ATRIUM,91,0.379,1.368,0.162,42.14,0.227,0.586,-0.364,7,6,3,SAFE,0
90,37,MALL_CONCERT_STAGE,99,0.408,1.103,0.256,62.01,0.224,0.548,-0.119,6,1,6,SAFE,0
90,38,LIVE_PERFORMANCE_ZONE,105,0.406,1.033,0.231,47.89,0.217,0.573,0.124,2,4,6,SAFE,0
90,39,LIVE_PERFORMANCE_ZONE,89,0.312,1.169,0.129,40.98,0.198,0.597,-0.731,9,2,1,SAFE,0
90,40,MALL_CONCERT_STAGE,104,0.41,1.102,0.246,46.64,0.156,0.555,-0.906,3,3,4,SAFE,0
90,41,MALL_CONCERT_STAGE,104,0.398,1.206,0.3,53.18,0.212,0.51,-0.273,4,8,4,SAFE,0
90,42,MALL_CONCERT_STAGE,82,0.317,1.388,0.15,49.4,0.074,0.523,-0.362,4,4,1,SAFE,0
90,43,MALL_CONCERT_STAGE,96,0.402,1.162,0.221,52.58,0.187,0.586,-0.246,6,3,8,SAFE,0
90,44,EVENT_ATRIUM,118,0.434,1.283,0.22,46.5,0.215,0.605,-0.635,6,10,5,SAFE,0
90,45,EVENT_ATRIUM,125,0.451,1.073,0.141,53.83,0.246,0.572,-0.565,10,6,2,SAFE,0
90,46,LIVE_PERFORMANCE_ZONE,106,0.41,1.144,0.207,46.6,0.24,0.641,-0.505,5,3,2,SAFE,0
90,47,EVENT_ATRIUM,120,0.476,1.091,0.295,53.57,0.241,0.603,-0.656,4,5,6,SAFE,0
90,48,LIVE_PERFORMANCE_ZONE,84,0.351,1.114,0.291,40.38,0.229,0.553,-0.107,7,3,4,SAFE,0
90,49,LIVE_PERFORMANCE_ZONE,117,0.413,1.197,0.213,42.68,0.204,0.588,-0.186,3,3,6,SAFE,0
90,50,LIVE_PERFORMANCE_ZONE,97,0.316,1.232,0.21,47.99,0.191,0.535,-0.445,3,1,6,SAFE,0
90,51,FESTIVAL_CORRIDOR,111,0.443,1.202,0.261,72.72,0.17,0.572,-1.105,7,4,7,SAFE,0
90,52,MALL_CONCERT_STAGE,120,0.444,1.087,0.278,46.12,0.238,0.571,-0.516,7,4,4,SAFE,0
90,53,FESTIVAL_CORRIDOR,114,0.46,1.02,0.295,52.39,0.26,0.567,-0.359,3,5,1,SAFE,0
90,54,LIVE_PERFORMANCE_ZONE,127,0.433,1.233,0.268,49.52,0.273,0.59,-0.933,3,9,7,SAFE,0
90,55,MALL_CONCERT_STAGE,123,0.498,1.068,0.352,58.18,0.275,0.585,-0.72,6,8,4,SAFE,0
90,56,FESTIVAL_CORRIDOR,129,0.482,0.995,0.322,63.67,0.295,0.584,-0.049,7,3,8,SAFE,0
90,57,EVENT_ATRIUM,121,0.498,1.152,0.274,53.78,0.326,0.57,-0.673,3,6,5,SAFE,0
90,58,EVENT_ATRIUM,141,0.502,1.066,0.273,59.68,0.24,0.692,-1.083,5,4,7,SAFE,0
90,59,MALL_CONCERT_STAGE,141,0.553,0.947,0.296,56.08,0.325,0.686,-0.359,6,5,6,SAFE,0
90,60,FESTIVAL_CORRIDOR,141,0.558,0.939,0.307,57.54,0.296,0.709,-0.827,6,1,11,SAFE,0
90,61,LIVE_PERFORMANCE_ZONE,140,0.558,1.082,0.287,68.87,0.266,0.584,-1.112,3,4,5,SAFE,0
90,62,EVENT_ATRIUM,132,0.533,1.021,0.405,59.54,0.23,0.676,-0.727,10,9,5,SAFE,0
90,63,EVENT_ATRIUM,160,0.614,0.724,0.266,72.96,0.28,0.633,-1.007,10,12,5,SAFE,0
90,64,EVENT_ATRIUM,148,0.534,0.986,0.358,63.08,0.269,0.655,0.11,6,10,3,SAFE,0
90,65,FESTIVAL_CORRIDOR,147,0.608,0.953,0.316,62.08,0.339,0.663,-1.023,8,9,8,SAFE,0
90,66,LIVE_PERFORMANCE_ZONE,165,0.658,0.894,0.305,65.15,0.281,0.767,-0.003,4,10,8,WARNING,1
90,67,MALL_CONCERT_STAGE,140,0.554,0.974,0.229,70.98,0.271,0.749,-0.639,6,4,8,SAFE,0
90,68,LIVE_PERFORMANCE_ZONE,137,0.529,1.024,0.326,64.35,0.272,0.599,-0.628,5,3,6,SAFE,0
90,69,EVENT_ATRIUM,158,0.606,0.734,0.341,53.17,0.244,0.656,-0.633,6,14,10,SAFE,0
90,70,LIVE_PERFORMANCE_ZONE,164,0.577,0.93,0.269,61.95,0.346,0.566,-0.429,4,11,8,SAFE,0
90,71,MALL_CONCERT_STAGE,156,0.52,1.004,0.317,65.89,0.311,0.662,-0.86,3,7,6,SAFE,0
90,72,FESTIVAL_CORRIDOR,146,0.569,0.91,0.328,73.8,0.288,0.697,-0.862,6,4,7,SAFE,0
90,73,EVENT_ATRIUM,154,0.56,0.903,0.298,66.24,0.244,0.66,-0.598,4,10,16,SAFE,0
90,74,MALL_CONCERT_STAGE,152,0.597,0.967,0.419,58.69,0.309,0.667,-0.061,5,5,6,WARNING,1
90,75,LIVE_PERFORMANCE_ZONE,157,0.567,1.058,0.333,64.74,0.267,0.606,-1.463,9,5,3,SAFE,0
90,76,MALL_CONCERT_STAGE,138,0.482,1.012,0.308,62.95,0.172,0.494,-0.901,4,8,13,SAFE,0
90,77,MALL_CONCERT_STAGE,141,0.534,1.264,0.382,56.69,0.244,0.655,-0.334,3,10,11,SAFE,0
90,78,LIVE_PERFORMANCE_ZONE,129,0.522,1.033,0.294,44.38,0.218,0.627,0.005,8,3,3,SAFE,0
90,79,MALL_CONCERT_STAGE,104,0.441,1.159,0.256,56.34,0.235,0.541,-1.093,5,5,7,SAFE,0
90,80,FESTIVAL_CORRIDOR,123,0.463,0.944,0.261,59.73,0.184,0.651,-1.46,3,2,2,SAFE,0
90,81,FESTIVAL_CORRIDOR,130,0.457,1.177,0.275,43.46,0.196,0.611,-0.229,8,5,7,SAFE,0
90,82,MALL_CONCERT_STAGE,134,0.475,1.063,0.275,56.02,0.241,0.653,-1.084,1,9,4,SAFE,0
90,83,LIVE_PERFORMANCE_ZONE,129,0.482,1.204,0.283,57.29,0.269,0.577,-0.405,3,5,5,SAFE,0
90,84,LIVE_PERFORMANCE_ZONE,118,0.444,1.176,0.297,44.95,0.239,0.54,-0.943,7,7,4,SAFE,0
90,85,EVENT_ATRIUM,137,0.583,0.874,0.225,67.98,0.246,0.617,-0.103,4,8,11,SAFE,0
90,86,FESTIVAL_CORRIDOR,95,0.305,1.311,0.187,40.16,0.118,0.542,0.418,5,6,4,SAFE,0
90,87,LIVE_PERFORMANCE_ZONE,113,0.474,1.045,0.244,64.94,0.252,0.664,-0.474,4,5,4,SAFE,0
90,88,MALL_CONCERT_STAGE,116,0.487,1,0.276,50.39,0.321,0.686,-0.433,2,2,8,SAFE,0
90,89,LIVE_PERFORMANCE_ZONE,105,0.417,1.037,0.28,55.23,0.181,0.612,-0.907,3,1,7,SAFE,0
